{"player":2,"street":0,"children":3,"sequence":[{"player":0,"type":"F","amount":0,"street":0},{"player":1,"type":"F","amount":0,"street":0}],"actions":[{"type":"F","amount":0,"node":3},{"type":"R","amount":200000},{"type":"R","amount":1205000,"node":11}],"hands":{"22":{"weight":1.0,"played":[0.0,0.0022,0.9978],"evs":[0.0,0.61027,0.63005]},"32o":{"weight":1.0,"played":[1.0,0.0,0.0],"evs":[0.0,-0.48542,-1.72499]},"42o":{"weight":1.0,"played":[1.0,0.0,0.0],"evs":[0.0,-0.46705,-1.61512]},"52o":{"weight":1.0,"played":[1.0,0.0,0.0],"evs":[0.0,-0.45294,-1.50619]},"62o":{"weight":1.0,"played":[1.0,0.0,0.0],"evs":[0.0,-0.47121,-1.68847]},"72o":{"weight":1.0,"played":[1.0,0.0,0.0],"evs":[0.0,-0.45949,-1.80976]},"82o":{"weight":1.0,"played":[1.0,0.0,0.0],"evs":[0.0,-0.43198,-1.682]},"92o":{"weight":1.0,"played":[1.0,0.0,0.0],"evs":[0.0,-0.40429,-1.60526]},"T2o":{"weight":1.0,"played":[1.0,0.0,0.0],"evs":[0.0,-0.35979,-1.42346]},"J2o":{"weight":1.0,"played":[1.0,0.0,0.0],"evs":[0.0,-0.334,-1.3062]},"Q2o":{"weight":1.0,"played":[1.0,0.0,0.0],"evs":[0.0,-0.29628,-1.09432]},"K2o":{"weight":1.0,"played":[1.0,0.0,0.0],"evs":[0.0,-0.23381,-0.78339]},"A2o":{"weight":1.0,"played":[0.0,0.0,1.0],"evs":[0.0,0.31222,0.33414]},"32s":{"weight":1.0,"played":[1.0,0.0,0.0],"evs":[0.0,-0.42622,-1.02867]},"33":{"weight":1.0,"played":[0.0,1.0E-4,0.9999],"evs":[0.0,0.84737,0.86501]},"43o":{"weight":1.0,"played":[1.0,0.0,0.0],"evs":[0.0,-0.43676,-1.3497]},"53o":{"weight":1.0,"played":[1.0,0.0,0.0],"evs":[0.0,-0.41748,-1.23506]},"63o":{"weight":1.0,"played":[1.0,0.0,0.0],"evs":[0.0,-0.43818,-1.4009]},"73o":{"weight":1.0,"played":[1.0,0.0,0.0],"evs":[0.0,-0.43137,-1.54882]},"83o":{"weight":1.0,"played":[1.0,0.0,0.0],"evs":[0.0,-0.41414,-1.64546]},"93o":{"weight":1.0,"played":[1.0,0.0,0.0],"evs":[0.0,-0.38419,-1.51961]},"T3o":{"weight":1.0,"played":[1.0,0.0,0.0],"evs":[0.0,-0.34453,-1.34359]},"J3o":{"weight":1.0,"played":[1.0,0.0,0.0],"evs":[0.0,-0.31732,-1.22165]},"Q3o":{"weight":1.0,"played":[1.0,0.0,0.0],"evs":[0.0,-0.27821,-1.00931]},"K3o":{"weight":1.0,"played":[1.0,0.0,0.0],"evs":[0.0,-0.21593,-0.7086]},"A3o":{"weight":1.0,"played":[0.0,0.0,1.0],"evs":[0.0,0.38828,0.41597]},"42s":{"weight":1.0,"played":[1.0,0.0,0.0],"evs":[0.0,-0.4014,-0.9402]},"43s":{"weight":1.0,"played":[1.0,0.0,0.0],"evs":[0.0,-0.32838,-0.6828]},"44":{"weight":1.0,"played":[0.0,0.0023,0.9977],"evs":[0.0,1.11281,1.11461]},"54o":{"weight":1.0,"played":[1.0,0.0,0.0],"evs":[0.0,-0.38353,-0.9602]},"64o":{"weight":1.0,"played":[1.0,0.0,0.0],"evs":[0.0,-0.40165,-1.12904]},"74o":{"weight":1.0,"played":[1.0,0.0,0.0],"evs":[0.0,-0.39382,-1.25964]},"84o":{"weight":1.0,"played":[1.0,0.0,0.0],"evs":[0.0,-0.38889,-1.36322]},"94o":{"weight":1.0,"played":[1.0,0.0,0.0],"evs":[0.0,-0.36902,-1.4797]},"T4o":{"weight":1.0,"played":[1.0,0.0,0.0],"evs":[0.0,-0.31689,-1.24832]},"J4o":{"weight":1.0,"played":[1.0,0.0,0.0],"evs":[0.0,-0.29402,-1.12834]},"Q4o":{"weight":1.0,"played":[1.0,0.0,0.0],"evs":[0.0,-0.25627,-0.92396]},"K4o":{"weight":1.0,"played":[1.0,0.0,0.0],"evs":[0.0,-0.18694,-0.60734]},"A4o":{"weight":1.0,"played":[0.0,0.0,1.0],"evs":[0.0,0.46028,0.50589]},"52s":{"weight":1.0,"played":[1.0,0.0,0.0],"evs":[0.0,-0.37775,-0.84061]},"53s":{"weight":1.0,"played":[1.0,0.0,0.0],"evs":[0.0,-0.29397,-0.57451]},"54s":{"weight":1.0,"played":[1.0,0.0,0.0],"evs":[0.0,-0.17405,-0.31976]},"55":{"weight":1.0,"played":[0.0,0.0017,0.9983],"evs":[0.0,1.41024,1.43965]},"65o":{"weight":1.0,"played":[1.0,0.0,0.0],"evs":[0.0,-0.36792,-0.85564]},"75o":{"weight":1.0,"played":[1.0,0.0,0.0],"evs":[0.0,-0.35757,-0.96714]},"85o":{"weight":1.0,"played":[1.0,0.0,0.0],"evs":[0.0,-0.35172,-1.07455]},"95o":{"weight":1.0,"played":[1.0,0.0,0.0],"evs":[0.0,-0.33466,-1.1919]},"T5o":{"weight":1.0,"played":[1.0,0.0,0.0],"evs":[0.0,-0.30414,-1.20146]},"J5o":{"weight":1.0,"played":[1.0,0.0,0.0],"evs":[0.0,-0.27911,-1.03223]},"Q5o":{"weight":1.0,"played":[1.0,0.0,0.0],"evs":[0.0,-0.23173,-0.81529]},"K5o":{"weight":1.0,"played":[1.0,0.0,0.0],"evs":[0.0,-0.16273,-0.51163]},"A5o":{"weight":1.0,"played":[0.0,0.0,1.0],"evs":[0.0,0.59661,0.64632]},"62s":{"weight":1.0,"played":[1.0,0.0,0.0],"evs":[0.0,-0.40268,-1.0091]},"63s":{"weight":1.0,"played":[1.0,0.0,0.0],"evs":[0.0,-0.34741,-0.73471]},"64s":{"weight":1.0,"played":[1.0,0.0,0.0],"evs":[0.0,-0.2556,-0.48188]},"65s":{"weight":1.0,"played":[1.0,0.0,0.0],"evs":[0.0,-0.10166,-0.20807]},"66":{"weight":1.0,"played":[0.0,1.0E-4,0.9999],"evs":[0.0,1.67906,1.76391]},"76o":{"weight":1.0,"played":[1.0,0.0,0.0],"evs":[0.0,-0.33157,-0.71405]},"86o":{"weight":1.0,"played":[1.0,0.0,0.0],"evs":[0.0,-0.32639,-0.80353]},"96o":{"weight":1.0,"played":[1.0,0.0,0.0],"evs":[0.0,-0.30767,-0.90928]},"T6o":{"weight":1.0,"played":[1.0,0.0,0.0],"evs":[0.0,-0.28026,-0.92968]},"J6o":{"weight":1.0,"played":[1.0,0.0,0.0],"evs":[0.0,-0.26954,-0.98154]},"Q6o":{"weight":1.0,"played":[1.0,0.0,0.0],"evs":[0.0,-0.2206,-0.73573]},"K6o":{"weight":1.0,"played":[1.0,0.0,0.0],"evs":[0.0,-0.15109,-0.41033]},"A6o":{"weight":1.0,"played":[0.0,2.0E-4,0.9998],"evs":[0.0,0.57977,0.5965]},"72s":{"weight":1.0,"played":[1.0,0.0,0.0],"evs":[0.0,-0.39683,-1.11105]},"73s":{"weight":1.0,"played":[1.0,0.0,0.0],"evs":[0.0,-0.36977,-0.86381]},"74s":{"weight":1.0,"played":[1.0,0.0,0.0],"evs":[0.0,-0.30015,-0.59709]},"75s":{"weight":1.0,"played":[1.0,0.0,0.0],"evs":[0.0,-0.19535,-0.34044]},"76s":{"weight":1.0,"played":[0.9999,1.0E-4,0.0],"evs":[0.0,-0.04825,-0.10992]},"77":{"weight":1.0,"played":[0.0,0.0,1.0],"evs":[0.0,2.01099,2.11979]},"87o":{"weight":1.0,"played":[1.0,0.0,0.0],"evs":[0.0,-0.29402,-0.58095]},"97o":{"weight":1.0,"played":[1.0,0.0,0.0],"evs":[0.0,-0.2726,-0.66097]},"T7o":{"weight":1.0,"played":[1.0,0.0,0.0],"evs":[0.0,-0.24564,-0.68697]},"J7o":{"weight":1.0,"played":[1.0,0.0,0.0],"evs":[0.0,-0.23589,-0.74309]},"Q7o":{"weight":1.0,"played":[1.0,0.0,0.0],"evs":[0.0,-0.19863,-0.7119]},"K7o":{"weight":1.0,"played":[1.0,0.0,0.0],"evs":[0.0,-0.11336,-0.33676]},"A7o":{"weight":1.0,"played":[0.0,0.0,1.0],"evs":[0.0,0.79369,0.83371]},"82s":{"weight":1.0,"played":[1.0,0.0,0.0],"evs":[0.0,-0.36909,-0.98925]},"83s":{"weight":1.0,"played":[1.0,0.0,0.0],"evs":[0.0,-0.3538,-0.95984]},"84s":{"weight":1.0,"played":[1.0,0.0,0.0],"evs":[0.0,-0.31529,-0.71152]},"85s":{"weight":1.0,"played":[1.0,0.0,0.0],"evs":[0.0,-0.23649,-0.43282]},"86s":{"weight":1.0,"played":[1.0,0.0,0.0],"evs":[0.0,-0.10956,-0.18082]},"87s":{"weight":1.0,"played":[1.0E-4,0.0212,0.9787],"evs":[0.0,0.01735,0.03513]},"88":{"weight":1.0,"played":[0.0,0.0,1.0],"evs":[0.0,2.47868,2.56375]},"98o":{"weight":1.0,"played":[1.0,0.0,0.0],"evs":[0.0,-0.21152,-0.43309]},"T8o":{"weight":1.0,"played":[1.0,0.0,0.0],"evs":[0.0,-0.17022,-0.41446]},"J8o":{"weight":1.0,"played":[1.0,0.0,0.0],"evs":[0.0,-0.17321,-0.46716]},"Q8o":{"weight":1.0,"played":[1.0,0.0,0.0],"evs":[0.0,-0.13518,-0.44241]},"K8o":{"weight":1.0,"played":[1.0,0.0,0.0],"evs":[0.0,-0.05436,-0.23625]},"A8o":{"weight":1.0,"played":[0.0,0.0,1.0],"evs":[0.0,1.09291,1.16433]},"92s":{"weight":1.0,"played":[1.0,0.0,0.0],"evs":[0.0,-0.34013,-0.91397]},"93s":{"weight":1.0,"played":[1.0,0.0,0.0],"evs":[0.0,-0.3184,-0.83269]},"94s":{"weight":1.0,"played":[1.0,0.0,0.0],"evs":[0.0,-0.29685,-0.79417]},"95s":{"weight":1.0,"played":[1.0,0.0,0.0],"evs":[0.0,-0.2446,-0.53896]},"96s":{"weight":1.0,"played":[1.0,0.0,0.0],"evs":[0.0,-0.13297,-0.28199]},"97s":{"weight":1.0,"played":[0.9836,0.0085,0.0079],"evs":[0.0,-0.00982,-0.04599]},"98s":{"weight":1.0,"played":[0.0,8.0E-4,0.9992],"evs":[0.0,0.13317,0.15239]},"99":{"weight":1.0,"played":[0.0,0.0,1.0],"evs":[0.0,2.98894,3.07489]},"T9o":{"weight":1.0,"played":[1.0,0.0,0.0],"evs":[0.0,-0.01487,-0.14015]},"J9o":{"weight":1.0,"played":[1.0,0.0,0.0],"evs":[0.0,-0.03987,-0.19044]},"Q9o":{"weight":1.0,"played":[1.0,0.0,0.0],"evs":[0.0,-0.03114,-0.15116]},"K9o":{"weight":1.0,"played":[0.0,0.0013,0.9987],"evs":[0.0,0.08126,0.09852]},"A9o":{"weight":1.0,"played":[0.0,0.0,1.0],"evs":[0.0,1.49862,1.56845]},"T2s":{"weight":1.0,