{"player":2,"street":0,"children":3,"sequence":[{"player":0,"type":"R","amount":200000,"street":0},{"player":1,"type":"F","amount":0,"street":0}],"actions":[{"type":"F","amount":0,"node":35},{"type":"C","amount":200000,"node":75},{"type":"R","amount":1205000,"node":147}],"hands":{"22":{"weight":1.0,"played":[1.0,0.0,0.0],"evs":[0.0,-0.49169,-0.9886]},"32o":{"weight":1.0,"played":[1.0,0.0,0.0],"evs":[0.0,-1.16122,-4.26865]},"42o":{"weight":1.0,"played":[1.0,0.0,0.0],"evs":[0.0,-1.12157,-4.11605]},"52o":{"weight":1.0,"played":[1.0,0.0,0.0],"evs":[0.0,-1.06981,-3.93873]},"62o":{"weight":1.0,"played":[1.0,0.0,0.0],"evs":[0.0,-1.13894,-4.20104]},"72o":{"weight":1.0,"played":[1.0,0.0,0.0],"evs":[0.0,-1.21315,-4.49598]},"82o":{"weight":1.0,"played":[1.0,0.0,0.0],"evs":[0.0,-1.20092,-4.39828]},"92o":{"weight":1.0,"played":[1.0,0.0,0.0],"evs":[0.0,-1.17038,-4.20025]},"T2o":{"weight":1.0,"played":[1.0,0.0,0.0],"evs":[0.0,-1.18466,-4.14578]},"J2o":{"weight":1.0,"played":[1.0,0.0,0.0],"evs":[0.0,-1.12677,-3.80388]},"Q2o":{"weight":1.0,"played":[1.0,0.0,0.0],"evs":[0.0,-1.03931,-3.4367]},"K2o":{"weight":1.0,"played":[1.0,0.0,0.0],"evs":[0.0,-0.93698,-2.78296]},"A2o":{"weight":1.0,"played":[1.0,0.0,0.0],"evs":[0.0,-0.62166,-1.46457]},"32s":{"weight":1.0,"played":[1.0,0.0,0.0],"evs":[0.0,-0.90127,-3.26966]},"33":{"weight":1.0,"played":[1.0,0.0,0.0],"evs":[0.0,-0.27623,-0.53774]},"43o":{"weight":1.0,"played":[1.0,0.0,0.0],"evs":[0.0,-1.00892,-3.6666]},"53o":{"weight":1.0,"played":[1.0,0.0,0.0],"evs":[0.0,-0.95061,-3.47377]},"63o":{"weight":1.0,"played":[1.0,0.0,0.0],"evs":[0.0,-1.00878,-3.74252]},"73o":{"weight":1.0,"played":[1.0,0.0,0.0],"evs":[0.0,-1.0936,-4.01763]},"83o":{"weight":1.0,"played":[1.0,0.0,0.0],"evs":[0.0,-1.17224,-4.29373]},"93o":{"weight":1.0,"played":[1.0,0.0,0.0],"evs":[0.0,-1.13657,-4.03397]},"T3o":{"weight":1.0,"played":[1.0,0.0,0.0],"evs":[0.0,-1.15987,-3.96816]},"J3o":{"weight":1.0,"played":[1.0,0.0,0.0],"evs":[0.0,-1.09782,-3.65575]},"Q3o":{"weight":1.0,"played":[1.0,0.0,0.0],"evs":[0.0,-1.00745,-3.24933]},"K3o":{"weight":1.0,"played":[1.0,0.0,0.0],"evs":[0.0,-0.89501,-2.62123]},"A3o":{"weight":1.0,"played":[1.0,0.0,0.0],"evs":[0.0,-0.56197,-1.31067]},"42s":{"weight":1.0,"played":[1.0,0.0,0.0],"evs":[0.0,-0.87735,-3.12862]},"43s":{"weight":1.0,"played":[1.0,0.0,0.0],"evs":[0.0,-0.73908,-2.71507]},"44":{"weight":1.0,"played":[0.8422,0.1577,1.0E-4],"evs":[0.0,-0.01205,-0.11188]},"54o":{"weight":1.0,"played":[1.0,0.0,0.0],"evs":[0.0,-0.83132,-3.05724]},"64o":{"weight":1.0,"played":[1.0,0.0,0.0],"evs":[0.0,-0.88872,-3.31]},"74o":{"weight":1.0,"played":[1.0,0.0,0.0],"evs":[0.0,-0.97101,-3.56837]},"84o":{"weight":1.0,"played":[1.0,0.0,0.0],"evs":[0.0,-1.0531,-3.85539]},"94o":{"weight":1.0,"played":[1.0,0.0,0.0],"evs":[0.0,-1.10292,-3.94012]},"T4o":{"weight":1.0,"played":[1.0,0.0,0.0],"evs":[0.0,-1.12385,-3.80514]},"J4o":{"weight":1.0,"played":[1.0,0.0,0.0],"evs":[0.0,-1.06567,-3.47933]},"Q4o":{"weight":1.0,"played":[1.0,0.0,0.0],"evs":[0.0,-0.98111,-3.12415]},"K4o":{"weight":1.0,"played":[1.0,0.0,0.0],"evs":[0.0,-0.86807,-2.47951]},"A4o":{"weight":1.0,"played":[1.0,0.0,0.0],"evs":[0.0,-0.52833,-1.16662]},"52s":{"weight":1.0,"played":[1.0,0.0,0.0],"evs":[0.0,-0.81964,-2.95481]},"53s":{"weight":1.0,"played":[1.0,0.0,0.0],"evs":[0.0,-0.64974,-2.51052]},"54s":{"weight":1.0,"played":[1.0,0.0,0.0],"evs":[0.0,-0.4535,-2.14042]},"55":{"weight":1.0,"played":[0.0,0.3042,0.6958],"evs":[0.0,0.38224,0.38277]},"65o":{"weight":1.0,"played":[1.0,0.0,0.0],"evs":[0.0,-0.75081,-2.88467]},"75o":{"weight":1.0,"played":[1.0,0.0,0.0],"evs":[0.0,-0.82342,-3.13335]},"85o":{"weight":1.0,"played":[1.0,0.0,0.0],"evs":[0.0,-0.92571,-3.41508]},"95o":{"weight":1.0,"played":[1.0,0.0,0.0],"evs":[0.0,-0.98372,-3.49862]},"T5o":{"weight":1.0,"played":[1.0,0.0,0.0],"evs":[0.0,-1.08408,-3.71468]},"J5o":{"weight":1.0,"played":[1.0,0.0,0.0],"evs":[0.0,-1.02851,-3.31449]},"Q5o":{"weight":1.0,"played":[1.0,0.0,0.0],"evs":[0.0,-0.94234,-2.94442]},"K5o":{"weight":1.0,"played":[1.0,0.0,0.0],"evs":[0.0,-0.82754,-2.3011]},"A5o":{"weight":1.0,"played":[1.0,0.0,0.0],"evs":[0.0,-0.44863,-0.96557]},"62s":{"weight":1.0,"played":[1.0,0.0,0.0],"evs":[0.0,-0.88123,-3.22023]},"63s":{"weight":1.0,"played":[1.0,0.0,0.0],"evs":[0.0,-0.73705,-2.76932]},"64s":{"weight":1.0,"played":[1.0,0.0,0.0],"evs":[0.0,-0.56303,-2.36225]},"65s":{"weight":1.0,"played":[1.0,0.0,0.0],"evs":[0.0,-0.3143,-1.98313]},"66":{"weight":1.0,"played":[0.0,8.0E-4,0.9992],"evs":[0.0,0.74553,0.7893]},"76o":{"weight":1.0,"played":[1.0,0.0,0.0],"evs":[0.0,-0.71939,-2.78869]},"86o":{"weight":1.0,"played":[1.0,0.0,0.0],"evs":[0.0,-0.78381,-3.01246]},"96o":{"weight":1.0,"played":[1.0,0.0,0.0],"evs":[0.0,-0.84104,-3.11518]},"T6o":{"weight":1.0,"played":[1.0,0.0,0.0],"evs":[0.0,-0.97273,-3.31453]},"J6o":{"weight":1.0,"played":[1.0,0.0,0.0],"evs":[0.0,-0.99636,-3.27565]},"Q6o":{"weight":1.0,"played":[1.0,0.0,0.0],"evs":[0.0,-0.89357,-2.81192]},"K6o":{"weight":1.0,"played":[1.0,0.0,0.0],"evs":[0.0,-0.77368,-2.16105]},"A6o":{"weight":1.0,"played":[1.0,0.0,0.0],"evs":[0.0,-0.50037,-1.11]},"72s":{"weight":1.0,"played":[1.0,0.0,0.0],"evs":[0.0,-0.96164,-3.46161]},"73s":{"weight":1.0,"played":[1.0,0.0,0.0],"evs":[0.0,-0.83775,-3.04849]},"74s":{"weight":1.0,"played":[1.0,0.0,0.0],"evs":[0.0,-0.69542,-2.61517]},"75s":{"weight":1.0,"played":[1.0,0.0,0.0],"evs":[0.0,-0.48463,-2.19716]},"76s":{"weight":1.0,"played":[1.0,0.0,0.0],"evs":[0.0,-0.28605,-1.89344]},"77":{"weight":1.0,"played":[0.0,5.0E-4,0.9995],"evs":[0.0,1.13094,1.27763]},"87o":{"weight":1.0,"played":[1.0,0.0,0.0],"evs":[0.0,-0.71566,-2.72345]},"97o":{"weight":1.0,"played":[1.0,0.0,0.0],"evs":[0.0,-0.75599,-2.80399]},"T7o":{"weight":1.0,"played":[1.0,0.0,0.0],"evs":[0.0,-0.86891,-2.98051]},"J7o":{"weight":1.0,"played":[1.0,0.0,0.0],"evs":[0.0,-0.91293,-2.94882]},"Q7o":{"weight":1.0,"played":[1.0,0.0,0.0],"evs":[0.0,-0.89156,-2.8282]},"K7o":{"weight":1.0,"played":[1.0,0.0,0.0],"evs":[0.0,-0.75643,-2.04582]},"A7o":{"weight":1.0,"played":[1.0,0.0,0.0],"evs":[0.0,-0.41327,-0.82284]},"82s":{"weight":1.0,"played":[1.0,0.0,0.0],"evs":[0.0,-0.94279,-3.36983]},"83s":{"weight":1.0,"played":[1.0,0.0,0.0],"evs":[0.0,-0.91493,-3.29714]},"84s":{"weight":1.0,"played":[1.0,0.0,0.0],"evs":[0.0,-0.79827,-2.86656]},"85s":{"weight":1.0,"played":[1.0,0.0,0.0],"evs":[0.0,-0.62761,-2.42736]},"86s":{"weight":1.0,"played":[1.0,0.0,0.0],"evs":[0.0,-0.40474,-2.07952]},"87s":{"weight":1.0,"played":[1.0,0.0,0.0],"evs":[0.0,-0.24948,-1.77696]},"88":{"weight":1.0,"played":[0.0,0.0,1.0],"evs":[0.0,1.64707,1.89939]},"98o":{"weight":1.0,"played":[1.0,0.0,0.0],"evs":[0.0,-0.68976,-2.54057]},"T8o":{"weight":1.0,"played":[1.0,0.0,0.0],"evs":[0.0,-0.78257,-2.63541]},"J8o":{"weight":1.0,"played":[1.0,0.0,0.0],"evs":[0.0,-0.82472,-2.58587]},"Q8o":{"weight":1.0,"played":[1.0,0.0,0.0],"evs":[0.0,-0.80433,-2.4241]},"K8o":{"weight":1.0,"played":[1.0,0.0,0.0],"evs":[0.0,-0.72428,-1.89812]},"A8o":{"weight":1.0,"played":[1.0,0.0,0.0],"evs":[0.0,-0.29797,-0.5196]},"92s":{"weight":1.0,"played":[1.0,0.0,0.0],"evs":[0.0,-0.89764,-3.16685]},"93s":{"weight":1.0,"played":[1.0,0.0,0.0],"evs":[0.0,-0.8726,-3.03468]},"94s":{"weight":1.0,"played":[1.0,0.0,0.0],"evs":[0.0,-0.8418,-2.95118]},"95s":{"weight":1.0,"played":[1.0,0.0,0.0],"evs":[0.0,-0.71672,-2.56793]},"96s":{"weight":1.0,"played":[1.0,0.0,0.0],"evs":[0.0,-0.51505,-2.17254]},"97s":{"weight":1.0,"played":[1.0,0.0,0.0],"evs":[0.0,-0.36428,-1.89607]},"98s":{"weight":1.0,"played":[1.0,0.0,0.0],"evs":[0.0,-0.24482,-1.62608]},"99":{"weight":1.0,"played":[0.0,0.0,1.0],"evs":[0.0,2.32822,2.84457]},"T9o":{"weight":1.0,"played":[1.0,0.0,0.0],"evs":[0.0,-0.65823,-2.16981]},"J9o":{"weight":1.0,"played":[1.0,0.0,0.0],"evs":[0.0,-0.69031,-2.11731]},"Q9o":{"weight":1.0,"played":[1.0,0.0,0.0],"evs":[0.0,-0.67713,-1.95779]},"K9o":{"weight":1.0,"played":[1.0,0.0,0.0],"evs":[0.0,-0.61118,-1.43892]},"A9o":{"weight":1.0,"played":[0.9993,7.0E-4,0.0],"evs":[0.0,-0.08922,-0.07313]},"T2s":{"weight":1.0,