{"player":2,"street":0,"children":3,"sequence":[{"player":0,"type":"F","amount":0,"street":0},{"player":1,"type":"F","amount":0,"street":0}],"actions":[{"type":"F","amount":0},{"type":"C","amount":2500000},{"type":"R","amount":13750000,"node":3}],"hands":{"22":{"weight":1.0,"played":[0.0,0.0205,0.9795],"evs":[0.0,0.42231,0.42429]},"32o":{"weight":1.0,"played":[1.0,0.0,0.0],"evs":[0.0,-0.61729,-1.51984]},"42o":{"weight":1.0,"played":[1.0,0.0,0.0],"evs":[0.0,-0.59631,-1.4201]},"52o":{"weight":1.0,"played":[1.0,0.0,0.0],"evs":[0.0,-0.57706,-1.31248]},"62o":{"weight":1.0,"played":[1.0,0.0,0.0],"evs":[0.0,-0.57677,-1.33803]},"72o":{"weight":1.0,"played":[1.0,0.0,0.0],"evs":[0.0,-0.56324,-1.27578]},"82o":{"weight":1.0,"played":[1.0,0.0,0.0],"evs":[0.0,-0.49737,-1.03384]},"92o":{"weight":1.0,"played":[1.0,0.0,0.0],"evs":[0.0,-0.42786,-0.77785]},"T2o":{"weight":1.0,"played":[1.0,0.0,0.0],"evs":[0.0,-0.39778,-0.48405]},"J2o":{"weight":1.0,"played":[1.0,0.0,0.0],"evs":[0.0,-0.20125,-0.19398]},"Q2o":{"weight":1.0,"played":[0.0,2.0E-4,0.9998],"evs":[0.0,0.10674,0.12475]},"K2o":{"weight":1.0,"played":[0.0,0.0,1.0],"evs":[0.0,0.46054,0.48392]},"A2o":{"weight":1.0,"played":[0.0,0.0,1.0],"evs":[0.0,0.97216,1.00691]},"32s":{"weight":1.0,"played":[1.0,0.0,0.0],"evs":[0.0,-0.57899,-1.11799]},"33":{"weight":1.0,"played":[0.0,0.0,1.0],"evs":[0.0,0.74461,0.77128]},"43o":{"weight":1.0,"played":[1.0,0.0,0.0],"evs":[0.0,-0.53554,-1.22184]},"53o":{"weight":1.0,"played":[1.0,0.0,0.0],"evs":[0.0,-0.51221,-1.10437]},"63o":{"weight":1.0,"played":[1.0,0.0,0.0],"evs":[0.0,-0.51369,-1.13264]},"73o":{"weight":1.0,"played":[1.0,0.0,0.0],"evs":[0.0,-0.49683,-1.06564]},"83o":{"weight":1.0,"played":[1.0,0.0,0.0],"evs":[0.0,-0.45052,-0.97066]},"93o":{"weight":1.0,"played":[1.0,0.0,0.0],"evs":[0.0,-0.3748,-0.67937]},"T3o":{"weight":1.0,"played":[1.0,0.0,0.0],"evs":[0.0,-0.35543,-0.39074]},"J3o":{"weight":1.0,"played":[1.0,0.0,0.0],"evs":[0.0,-0.11721,-0.10428]},"Q3o":{"weight":1.0,"played":[0.0,0.0,1.0],"evs":[0.0,0.19567,0.21697]},"K3o":{"weight":1.0,"played":[0.0,0.0,1.0],"evs":[0.0,0.54885,0.57724]},"A3o":{"weight":1.0,"played":[0.0,0.0,1.0],"evs":[0.0,1.05981,1.09715]},"42s":{"weight":1.0,"played":[1.0,0.0,0.0],"evs":[0.0,-0.55529,-1.02813]},"43s":{"weight":1.0,"played":[1.0,0.0,0.0],"evs":[0.0,-0.4967,-0.84408]},"44":{"weight":1.0,"played":[0.0,0.0,1.0],"evs":[0.0,1.06417,1.11487]},"54o":{"weight":1.0,"played":[1.0,0.0,0.0],"evs":[0.0,-0.47537,-0.9064]},"64o":{"weight":1.0,"played":[1.0,0.0,0.0],"evs":[0.0,-0.47989,-0.92763]},"74o":{"weight":1.0,"played":[1.0,0.0,0.0],"evs":[0.0,-0.45986,-0.86367]},"84o":{"weight":1.0,"played":[1.0,0.0,0.0],"evs":[0.0,-0.4093,-0.76345]},"94o":{"weight":1.0,"played":[1.0,0.0,0.0],"evs":[0.0,-0.35792,-0.61496]},"T4o":{"weight":1.0,"played":[1.0,0.0,0.0],"evs":[0.0,-0.30068,-0.29483]},"J4o":{"weight":1.0,"played":[0.9976,0.0,0.0024],"evs":[0.0,-0.02783,-0.00647]},"Q4o":{"weight":1.0,"played":[0.0,0.0,1.0],"evs":[0.0,0.28308,0.31266]},"K4o":{"weight":1.0,"played":[0.0,0.0,1.0],"evs":[0.0,0.63386,0.6675]},"A4o":{"weight":1.0,"played":[0.0,0.0,1.0],"evs":[0.0,1.1489,1.18941]},"52s":{"weight":1.0,"played":[1.0,0.0,0.0],"evs":[0.0,-0.53466,-0.92521]},"53s":{"weight":1.0,"played":[1.0,0.0,0.0],"evs":[0.0,-0.46974,-0.72922]},"54s":{"weight":1.0,"played":[1.0,0.0,0.0],"evs":[0.0,-0.3392,-0.54874]},"55":{"weight":1.0,"played":[0.0,0.0,1.0],"evs":[0.0,1.38733,1.46292]},"65o":{"weight":1.0,"played":[1.0,0.0,0.0],"evs":[0.0,-0.44388,-0.72171]},"75o":{"weight":1.0,"played":[1.0,0.0,0.0],"evs":[0.0,-0.41129,-0.65337]},"85o":{"weight":1.0,"played":[1.0,0.0,0.0],"evs":[0.0,-0.36274,-0.55527]},"95o":{"weight":1.0,"played":[1.0,0.0,0.0],"evs":[0.0,-0.31458,-0.40558]},"T5o":{"weight":1.0,"played":[1.0,0.0,0.0],"evs":[0.0,-0.23536,-0.22366]},"J5o":{"weight":1.0,"played":[0.0,0.0,1.0],"evs":[0.0,0.06659,0.09268]},"Q5o":{"weight":1.0,"played":[0.0,0.0,1.0],"evs":[0.0,0.38474,0.41929]},"K5o":{"weight":1.0,"played":[0.0,0.0,1.0],"evs":[0.0,0.73761,0.77472]},"A5o":{"weight":1.0,"played":[0.0,0.0,1.0],"evs":[0.0,1.25044,1.2947]},"62s":{"weight":1.0,"played":[1.0,0.0,0.0],"evs":[0.0,-0.53586,-0.94642]},"63s":{"weight":1.0,"played":[1.0,0.0,0.0],"evs":[0.0,-0.47225,-0.75155]},"64s":{"weight":1.0,"played":[1.0,0.0,0.0],"evs":[0.0,-0.39586,-0.5681]},"65s":{"weight":1.0,"played":[1.0,0.0,0.0],"evs":[0.0,-0.22407,-0.37469]},"66":{"weight":1.0,"played":[0.0,0.0,1.0],"evs":[0.0,1.68172,1.77176]},"76o":{"weight":1.0,"played":[1.0,0.0,0.0],"evs":[0.0,-0.37857,-0.46268]},"86o":{"weight":1.0,"played":[1.0,0.0,0.0],"evs":[0.0,-0.32625,-0.36463]},"96o":{"weight":1.0,"played":[1.0,0.0,0.0],"evs":[0.0,-0.22135,-0.21024]},"T6o":{"weight":1.0,"played":[1.0,0.0,0.0],"evs":[0.0,-0.04148,-0.02084]},"J6o":{"weight":1.0,"played":[0.0,0.0,1.0],"evs":[0.0,0.13793,0.16625]},"Q6o":{"weight":1.0,"played":[0.0,0.0,1.0],"evs":[0.0,0.47592,0.51377]},"K6o":{"weight":1.0,"played":[0.0,0.0,1.0],"evs":[0.0,0.82714,0.86879]},"A6o":{"weight":1.0,"played":[0.0,0.0,1.0],"evs":[0.0,1.24874,1.2895]},"72s":{"weight":1.0,"played":[1.0,0.0,0.0],"evs":[0.0,-0.51907,-0.88378]},"73s":{"weight":1.0,"played":[1.0,0.0,0.0],"evs":[0.0,-0.45101,-0.69626]},"74s":{"weight":1.0,"played":[1.0,0.0,0.0],"evs":[0.0,-0.40727,-0.50402]},"75s":{"weight":1.0,"played":[1.0,0.0,0.0],"evs":[0.0,-0.2163,-0.30054]},"76s":{"weight":1.0,"played":[1.0,0.0,0.0],"evs":[0.0,-0.06204,-0.12443]},"77":{"weight":1.0,"played":[0.0,0.0,1.0],"evs":[0.0,1.97918,2.08681]},"87o":{"weight":1.0,"played":[1.0,0.0,0.0],"evs":[0.0,-0.16466,-0.15759]},"97o":{"weight":1.0,"played":[1.0,0.0,0.0],"evs":[0.0,-0.02722,-0.01058]},"T7o":{"weight":1.0,"played":[0.0,0.0,1.0],"evs":[0.0,0.14658,0.17198]},"J7o":{"weight":1.0,"played":[0.0,0.0,1.0],"evs":[0.0,0.3321,0.36341]},"Q7o":{"weight":1.0,"played":[0.0,0.0,1.0],"evs":[0.0,0.55198,0.58982]},"K7o":{"weight":1.0,"played":[0.0,0.0,1.0],"evs":[0.0,0.93001,0.97318]},"A7o":{"weight":1.0,"played":[0.0,0.0,1.0],"evs":[0.0,1.36381,1.41067]},"82s":{"weight":1.0,"played":[1.0,0.0,0.0],"evs":[0.0,-0.44971,-0.66064]},"83s":{"weight":1.0,"played":[1.0,0.0,0.0],"evs":[0.0,-0.40728,-0.60077]},"84s":{"weight":1.0,"played":[1.0,0.0,0.0],"evs":[0.0,-0.36534,-0.40622]},"85s":{"weight":1.0,"played":[1.0,0.0,0.0],"evs":[0.0,-0.19834,-0.21349]},"86s":{"weight":1.0,"played":[1.0,0.0,0.0],"evs":[0.0,-0.03038,-0.0283]},"87s":{"weight":1.0,"played":[0.0,0.0029,0.9971],"evs":[0.0,0.1342,0.15041]},"88":{"weight":1.0,"played":[0.0,0.0,1.0],"evs":[0.0,2.27685,2.4033]},"98o":{"weight":1.0,"played":[0.0,0.0,1.0],"evs":[0.0,0.16522,0.18506]},"T8o":{"weight":1.0,"played":[0.0,0.0,1.0],"evs":[0.0,0.34165,0.36949]},"J8o":{"weight":1.0,"played":[0.0,0.0,1.0],"evs":[0.0,0.52629,0.5626]},"Q8o":{"weight":1.0,"played":[0.0,0.0,1.0],"evs":[0.0,0.75032,0.79082]},"K8o":{"weight":1.0,"played":[0.0,0.0,1.0],"evs":[0.0,1.01967,1.06309]},"A8o":{"weight":1.0,"played":[0.0,0.0,1.0],"evs":[0.0,1.48004,1.52823]},"92s":{"weight":1.0,"played":[1.0,0.0,0.0],"evs":[0.0,-0.37719,-0.42398]},"93s":{"weight":1.0,"played":[1.0,0.0,0.0],"evs":[0.0,-0.32831,-0.33101]},"94s":{"weight":1.0,"played":[1.0,0.0,0.0],"evs":[0.0,-0.27286,-0.27147]},"95s":{"weight":1.0,"played":[1.0,0.0,0.0],"evs":[0.0,-0.08596,-0.07209]},"96s":{"weight":1.0,"played":[0.0,0.0,1.0],"evs":[0.0,0.08678,0.11014]},"97s":{"weight":1.0,"played":[0.0,0.0,1.0],"evs":[0.0,0.26758,0.29515]},"98s":{"weight":1.0,"played":[0.0,0.0,1.0],"evs":[0.0,0.44753,0.47827]},"99":{"weight":1.0,"played":[0.0,0.0,1.0],"evs":[0.0,2.58814,2.73037]},"T9o":{"weight":1.0,"played":[0.0,0.0,1.0],"evs":[0.0,0.54629,0.57733]},"J9o":{"weight":1.0,"played":[0.0,0.0,1.0],"evs":[0.0,0.72862,0.76551]},"Q9o":{"weight":1.0,"played":[0.0,0.0,1.0],"evs":[0.0,0.94669,0.98799]},"K9o":{"weight":1.0,"played":[0.0,0.0,1.0],"evs":[0.0,1.22358,1.26662]},"A9o":{"weight":1.0,"played":[0.0,0.0,1.0],"evs":[0.0,1.58793,1.63276]},"T2s":{"weight":1.0,"played":[1.0,0.0,0.0],"evs":[0.0,-0.14438,-0.14043]},"T3s":{"weight":1.0,"played":[1.0,0.0,0.0],