{"player":0,"street":0,"children":2,"sequence":[],"actions":[{"type":"F","amount":0,"node":1},{"type":"R","amount":25120000,"node":33}],"hands":{"22":{"weight":1.0,"played":[0.0,1.0],"evs":[0.0,1.27279]},"32o":{"weight":1.0,"played":[1.0,0.0],"evs":[0.0,-0.34609]},"42o":{"weight":1.0,"played":[1.0,0.0],"evs":[0.0,-0.27251]},"52o":{"weight":1.0,"played":[1.0,0.0],"evs":[0.0,-0.2103]},"62o":{"weight":1.0,"played":[1.0,0.0],"evs":[0.0,-0.31927]},"72o":{"weight":1.0,"played":[1.0,0.0],"evs":[0.0,-0.37891]},"82o":{"weight":1.0,"played":[1.0,0.0],"evs":[0.0,-0.28629]},"92o":{"weight":1.0,"played":[1.0,0.0],"evs":[0.0,-0.19586]},"T2o":{"weight":1.0,"played":[1.0,0.0],"evs":[0.0,-0.07218]},"J2o":{"weight":1.0,"played":[0.0,1.0],"evs":[0.0,0.07063]},"Q2o":{"weight":1.0,"played":[0.0,1.0],"evs":[0.0,0.30163]},"K2o":{"weight":1.0,"played":[0.0,1.0],"evs":[0.0,0.62061]},"A2o":{"weight":1.0,"played":[0.0,1.0],"evs":[0.0,1.29979]},"32s":{"weight":1.0,"played":[0.0,1.0],"evs":[0.0,0.08172]},"33":{"weight":1.0,"played":[0.0,1.0],"evs":[0.0,1.44227]},"43o":{"weight":1.0,"played":[1.0,0.0],"evs":[0.0,-0.095]},"53o":{"weight":1.0,"played":[0.9989,0.0011],"evs":[0.0,-0.0262]},"63o":{"weight":1.0,"played":[1.0,0.0],"evs":[0.0,-0.1414]},"73o":{"weight":1.0,"played":[1.0,0.0],"evs":[0.0,-0.206]},"83o":{"weight":1.0,"played":[1.0,0.0],"evs":[0.0,-0.25087]},"93o":{"weight":1.0,"played":[1.0,0.0],"evs":[0.0,-0.13401]},"T3o":{"weight":1.0,"played":[0.9945,0.0055],"evs":[0.0,-0.01201]},"J3o":{"weight":1.0,"played":[0.0,1.0],"evs":[0.0,0.13379]},"Q3o":{"weight":1.0,"played":[0.0,1.0],"evs":[0.0,0.36722]},"K3o":{"weight":1.0,"played":[0.0,1.0],"evs":[0.0,0.68638]},"A3o":{"weight":1.0,"played":[0.0,1.0],"evs":[0.0,1.36151]},"42s":{"weight":1.0,"played":[0.0,1.0],"evs":[0.0,0.14902]},"43s":{"weight":1.0,"played":[0.0,1.0],"evs":[0.0,0.32796]},"44":{"weight":1.0,"played":[0.0,1.0],"evs":[0.0,1.64661]},"54o":{"weight":1.0,"played":[0.0,1.0],"evs":[0.0,0.14642]},"64o":{"weight":1.0,"played":[0.0,1.0],"evs":[0.0,0.04764]},"74o":{"weight":1.0,"played":[0.9944,0.0056],"evs":[0.0,-0.01771]},"84o":{"weight":1.0,"played":[1.0,0.0],"evs":[0.0,-0.06659]},"94o":{"weight":1.0,"played":[1.0,0.0],"evs":[0.0,-0.09256]},"T4o":{"weight":1.0,"played":[0.0,1.0],"evs":[0.0,0.06351]},"J4o":{"weight":1.0,"played":[0.0,1.0],"evs":[0.0,0.21547]},"Q4o":{"weight":1.0,"played":[0.0,1.0],"evs":[0.0,0.4431]},"K4o":{"weight":1.0,"played":[0.0,1.0],"evs":[0.0,0.77325]},"A4o":{"weight":1.0,"played":[0.0,1.0],"evs":[0.0,1.4441]},"52s":{"weight":1.0,"played":[0.0,1.0],"evs":[0.0,0.21158]},"53s":{"weight":1.0,"played":[0.0,1.0],"evs":[0.0,0.37366]},"54s":{"weight":1.0,"played":[0.0,1.0],"evs":[0.0,0.54025]},"55":{"weight":1.0,"played":[0.0,1.0],"evs":[0.0,1.85006]},"65o":{"weight":1.0,"played":[0.0,1.0],"evs":[0.0,0.21918]},"75o":{"weight":1.0,"played":[0.0,1.0],"evs":[0.0,0.16723]},"85o":{"weight":1.0,"played":[0.0,1.0],"evs":[0.0,0.12169]},"95o":{"weight":1.0,"played":[0.0,1.0],"evs":[0.0,0.08573]},"T5o":{"weight":1.0,"played":[0.0,1.0],"evs":[0.0,0.09001]},"J5o":{"weight":1.0,"played":[0.0,1.0],"evs":[0.0,0.26963]},"Q5o":{"weight":1.0,"played":[0.0,1.0],"evs":[0.0,0.51076]},"K5o":{"weight":1.0,"played":[0.0,1.0],"evs":[0.0,0.8387]},"A5o":{"weight":1.0,"played":[0.0,1.0],"evs":[0.0,1.51564]},"62s":{"weight":1.0,"played":[0.0,1.0],"evs":[0.0,0.12104]},"63s":{"weight":1.0,"played":[0.0,1.0],"evs":[0.0,0.27911]},"64s":{"weight":1.0,"played":[0.0,1.0],"evs":[0.0,0.46872]},"65s":{"weight":1.0,"played":[0.0,1.0],"evs":[0.0,0.6144]},"66":{"weight":1.0,"played":[0.0,1.0],"evs":[0.0,2.0935]},"76o":{"weight":1.0,"played":[0.0,1.0],"evs":[0.0,0.33457]},"86o":{"weight":1.0,"played":[0.0,1.0],"evs":[0.0,0.29561]},"96o":{"weight":1.0,"played":[0.0,1.0],"evs":[0.0,0.27099]},"T6o":{"weight":1.0,"played":[0.0,1.0],"evs":[0.0,0.27829]},"J6o":{"weight":1.0,"played":[0.0,1.0],"evs":[0.0,0.31499]},"Q6o":{"weight":1.0,"played":[0.0,1.0],"evs":[0.0,0.59243]},"K6o":{"weight":1.0,"played":[0.0,1.0],"evs":[0.0,0.93132]},"A6o":{"weight":1.0,"played":[0.0,1.0],"evs":[0.0,1.50413]},"72s":{"weight":1.0,"played":[0.0,1.0],"evs":[0.0,0.05745]},"73s":{"weight":1.0,"played":[0.0,1.0],"evs":[0.0,0.2195]},"74s":{"weight":1.0,"played":[0.0,1.0],"evs":[0.0,0.4066]},"75s":{"weight":1.0,"played":[0.0,1.0],"evs":[0.0,0.57037]},"76s":{"weight":1.0,"played":[0.0,1.0],"evs":[0.0,0.72871]},"77":{"weight":1.0,"played":[0.0,1.0],"evs":[0.0,2.37434]},"87o":{"weight":1.0,"played":[0.0,1.0],"evs":[0.0,0.45555]},"97o":{"weight":1.0,"played":[0.0,1.0],"evs":[0.0,0.44336]},"T7o":{"weight":1.0,"played":[0.0,1.0],"evs":[0.0,0.46091]},"J7o":{"weight":1.0,"played":[0.0,1.0],"evs":[0.0,0.49621]},"Q7o":{"weight":1.0,"played":[0.0,1.0],"evs":[0.0,0.65211]},"K7o":{"weight":1.0,"played":[0.0,1.0],"evs":[0.0,1.03621]},"A7o":{"weight":1.0,"played":[0.0,1.0],"evs":[0.0,1.64836]},"82s":{"weight":1.0,"played":[0.0,1.0],"evs":[0.0,0.14948]},"83s":{"weight":1.0,"played":[0.0,1.0],"evs":[0.0,0.16948]},"84s":{"weight":1.0,"played":[0.0,1.0],"evs":[0.0,0.35154]},"85s":{"weight":1.0,"played":[0.0,1.0],"evs":[0.0,0.52428]},"86s":{"weight":1.0,"played":[0.0,1.0],"evs":[0.0,0.69255]},"87s":{"weight":1.0,"played":[0.0,1.0],"evs":[0.0,0.82897]},"88":{"weight":1.0,"played":[0.0,1.0],"evs":[0.0,2.685]},"98o":{"weight":1.0,"played":[0.0,1.0],"evs":[0.0,0.6116]},"T8o":{"weight":1.0,"played":[0.0,1.0],"evs":[0.0,0.64936]},"J8o":{"weight":1.0,"played":[0.0,1.0],"evs":[0.0,0.70442]},"Q8o":{"weight":1.0,"played":[0.0,1.0],"evs":[0.0,0.86377]},"K8o":{"weight":1.0,"played":[0.0,1.0],"evs":[0.0,1.11294]},"A8o":{"weight":1.0,"played":[0.0,1.0],"evs":[0.0,1.83056]},"92s":{"weight":1.0,"played":[0.0,1.0],"evs":[0.0,0.2276]},"93s":{"weight":1.0,"played":[0.0,1.0],"evs":[0.0,0.28869]},"94s":{"weight":1.0,"played":[0.0,1.0],"evs":[0.0,0.3222]},"95s":{"weight":1.0,"played":[0.0,1.0],"evs":[0.0,0.48972]},"96s":{"weight":1.0,"played":[0.0,1.0],"evs":[0.0,0.68075]},"97s":{"weight":1.0,"played":[0.0,1.0],"evs":[0.0,0.80689]},"98s":{"weight":1.0,"played":[0.0,1.0],"evs":[0.0,0.99092]},"99":{"weight":1.0,"played":[0.0,1.0],"evs":[0.0,3.04894]},"T9o":{"weight":1.0,"played":[0.0,1.0],"evs":[0.0,0.86895]},"J9o":{"weight":1.0,"played":[0.0,1.0],"evs":[0.0,0.92313]},"Q9o":{"weight":1.0,"played":[0.0,1.0],"evs":[0.0,1.0777]},"K9o":{"weight":1.0,"played":[0.0,1.0],"evs":[0.0,1.34621]},"A9o":{"weight":1.0,"played":[0.0,1.0],"evs":[0.0,2.03185]},"T2s":{"weight":1.0,"played":[0.0,1.0],"evs":[0.0,0.35747]},"T3s":{"weight":1.0,"played":[0.0,1.0],"evs":[0.0,0.39816]},"T4s":{"weight":1.0,"played":[0.0,1.0],"evs":[0.0,0.47401]},"T5s":{"weight":1.0,"played":[0.0,1.0],"evs":[0.0,0.50585]},"T6s":{"weight":1.0,"played":[0.0,1.0],"evs":[0.0,0.67776]},"T7s":{"weight":1.0,"played":[0.0,1.0],"evs":[0.0,0.84179]},"T8s":{"weight":1.0,"played":[0.0,1.0],"evs":[0.0,1.01971]},"T9s":{"weight":1.0,"played":[0.0,1.0],"evs":[0.0,1.21744]},"TT":{"weight":1.0,"played":[0.0,1.0],"evs":[0.0,3.45897]},"JTo":{"weight":1.0,"played":[0.0,1.0],"evs":[0.0,1.19134]},"QTo":{"weight":1.0,"played":[0.0,1.0],"evs":[0.0,1.36207]},"KTo":{"weight":1.0,"played":[0.0,1.0],"evs":[0.0,1.63841]},"ATo":{"weight":1.0,"played":[0.0,1.0],"evs":[0.0,2.41085]},"J2s":{"weight":1.0,"played":[0.0,1.0],"evs":[0.0,0.50072]},"J3s":{"weight":1.0,"played":[0.0,1.0],"evs":[0.0,0.54545]},"J4s":{"weight":1.0,"played":[0.0,1.0],"evs":[0.0,0.597]},"J5s":{"weight":1.0,"played":[0.0,1.0],"evs":[0.0,0.67197]},"J6s":{"weight":1.0,"played":[0.0,1.0],"evs":[0.0,0.70339]},"J7s":{"weight":1.0,"played":[0.0,1.0],"evs":[0.0,0.89014]},"J8s":{"weight":1.0,"played":[0.0,1.0],"evs":[0.0,1.0784]},"J9s":{"weight":1.0,"played":[0.0,1.0],"evs":[0.0,1.26688]},"JTs":{"weight":1.0,"played":[0.0,1.0],"evs":[0.0,1.51778]},"JJ":{"weight":1.0,"played":[0.0,1.0],"evs":[0.0,3.86336]},"QJo":{"weight":1.0,"played":[0.0,1.0],"evs":[0.0,1.48232]},"KJo":{"weight":1.0,"played":[0.0,1.0],"evs":[0.0,1.82671]},"AJo":{"weight":1.0,"played":[0.0,1.0],"evs":[0.0,2.68205]},"Q2s":{"weight":1.0,"played":[0.0,1.0],