{"player":0,"street":0,"children":3,"sequence":[],"actions":[{"type":"F","amount":0,"node":1},{"type":"R","amount":200000},{"type":"R","amount":935000,"node":25}],"hands":{"22":{"weight":1.0,"played":[2.0E-4,2.0E-4,0.9996],"evs":[0.0,0.08418,0.11331]},"32o":{"weight":1.0,"played":[1.0,0.0,0.0],"evs":[0.0,-1.06768,-2.79755]},"42o":{"weight":1.0,"played":[1.0,0.0,0.0],"evs":[0.0,-1.01861,-2.6491]},"52o":{"weight":1.0,"played":[1.0,0.0,0.0],"evs":[0.0,-0.99093,-2.50634]},"62o":{"weight":1.0,"played":[1.0,0.0,0.0],"evs":[0.0,-0.99692,-2.70044]},"72o":{"weight":1.0,"played":[1.0,0.0,0.0],"evs":[0.0,-0.9787,-2.86491]},"82o":{"weight":1.0,"played":[1.0,0.0,0.0],"evs":[0.0,-0.97913,-2.69213]},"92o":{"weight":1.0,"played":[1.0,0.0,0.0],"evs":[0.0,-0.96263,-2.57486]},"T2o":{"weight":1.0,"played":[1.0,0.0,0.0],"evs":[0.0,-0.91249,-2.3632]},"J2o":{"weight":1.0,"played":[1.0,0.0,0.0],"evs":[0.0,-0.87907,-2.14477]},"Q2o":{"weight":1.0,"played":[1.0,0.0,0.0],"evs":[0.0,-0.83655,-1.86159]},"K2o":{"weight":1.0,"played":[1.0,0.0,0.0],"evs":[0.0,-0.76066,-1.4391]},"A2o":{"weight":1.0,"played":[1.0,0.0,0.0],"evs":[0.0,-0.08379,-0.10523]},"32s":{"weight":1.0,"played":[1.0,0.0,0.0],"evs":[0.0,-0.97928,-1.98066]},"33":{"weight":1.0,"played":[0.0,0.0,1.0],"evs":[0.0,0.33852,0.48929]},"43o":{"weight":1.0,"played":[1.0,0.0,0.0],"evs":[0.0,-0.97166,-2.30823]},"53o":{"weight":1.0,"played":[1.0,0.0,0.0],"evs":[0.0,-0.94197,-2.15019]},"63o":{"weight":1.0,"played":[1.0,0.0,0.0],"evs":[0.0,-0.94601,-2.36082]},"73o":{"weight":1.0,"played":[1.0,0.0,0.0],"evs":[0.0,-0.93734,-2.52376]},"83o":{"weight":1.0,"played":[1.0,0.0,0.0],"evs":[0.0,-0.96167,-2.6379]},"93o":{"weight":1.0,"played":[1.0,0.0,0.0],"evs":[0.0,-0.93611,-2.4449]},"T3o":{"weight":1.0,"played":[1.0,0.0,0.0],"evs":[0.0,-0.89207,-2.23715]},"J3o":{"weight":1.0,"played":[1.0,0.0,0.0],"evs":[0.0,-0.85479,-2.01226]},"Q3o":{"weight":1.0,"played":[1.0,0.0,0.0],"evs":[0.0,-0.80403,-1.73728]},"K3o":{"weight":1.0,"played":[1.0,0.0,0.0],"evs":[0.0,-0.7387,-1.30797]},"A3o":{"weight":1.0,"played":[9.0E-4,0.0016,0.9975],"evs":[0.0,-0.00332,0.01636]},"42s":{"weight":1.0,"played":[1.0,0.0,0.0],"evs":[0.0,-0.9353,-1.86606]},"43s":{"weight":1.0,"played":[1.0,0.0,0.0],"evs":[0.0,-0.89385,-1.53126]},"44":{"weight":1.0,"played":[0.0,0.0,1.0],"evs":[0.0,0.71507,0.90595]},"54o":{"weight":1.0,"played":[1.0,0.0,0.0],"evs":[0.0,-0.87734,-1.8099]},"64o":{"weight":1.0,"played":[1.0,0.0,0.0],"evs":[0.0,-0.87321,-2.00319]},"74o":{"weight":1.0,"played":[1.0,0.0,0.0],"evs":[0.0,-0.8659,-2.15896]},"84o":{"weight":1.0,"played":[1.0,0.0,0.0],"evs":[0.0,-0.88723,-2.28675]},"94o":{"weight":1.0,"played":[1.0,0.0,0.0],"evs":[0.0,-0.88974,-2.37822]},"T4o":{"weight":1.0,"played":[1.0,0.0,0.0],"evs":[0.0,-0.83804,-2.11203]},"J4o":{"weight":1.0,"played":[1.0,0.0,0.0],"evs":[0.0,-0.80508,-1.8919]},"Q4o":{"weight":1.0,"played":[1.0,0.0,0.0],"evs":[0.0,-0.75586,-1.60508]},"K4o":{"weight":1.0,"played":[1.0,0.0,0.0],"evs":[0.0,-0.67593,-1.18618]},"A4o":{"weight":1.0,"played":[0.0,0.0,1.0],"evs":[0.0,0.13525,0.16135]},"52s":{"weight":1.0,"played":[1.0,0.0,0.0],"evs":[0.0,-0.90866,-1.72034]},"53s":{"weight":1.0,"played":[1.0,0.0,0.0],"evs":[0.0,-0.85904,-1.39561]},"54s":{"weight":1.0,"played":[1.0,0.0,0.0],"evs":[0.0,-0.78081,-1.06246]},"55":{"weight":1.0,"played":[0.0,0.0,1.0],"evs":[0.0,1.15842,1.33678]},"65o":{"weight":1.0,"played":[1.0,0.0,0.0],"evs":[0.0,-0.81939,-1.65537]},"75o":{"weight":1.0,"played":[1.0,0.0,0.0],"evs":[0.0,-0.80748,-1.79686]},"85o":{"weight":1.0,"played":[1.0,0.0,0.0],"evs":[0.0,-0.83136,-1.90031]},"95o":{"weight":1.0,"played":[1.0,0.0,0.0],"evs":[0.0,-0.83256,-1.99736]},"T5o":{"weight":1.0,"played":[1.0,0.0,0.0],"evs":[0.0,-0.81509,-2.01303]},"J5o":{"weight":1.0,"played":[1.0,0.0,0.0],"evs":[0.0,-0.77467,-1.74359]},"Q5o":{"weight":1.0,"played":[1.0,0.0,0.0],"evs":[0.0,-0.72009,-1.45421]},"K5o":{"weight":1.0,"played":[1.0,0.0,0.0],"evs":[0.0,-0.6321,-1.03666]},"A5o":{"weight":1.0,"played":[0.0,0.0,1.0],"evs":[0.0,0.30351,0.35965]},"62s":{"weight":1.0,"played":[1.0,0.0,0.0],"evs":[0.0,-0.91512,-1.90091]},"63s":{"weight":1.0,"played":[1.0,0.0,0.0],"evs":[0.0,-0.86571,-1.56928]},"64s":{"weight":1.0,"played":[1.0,0.0,0.0],"evs":[0.0,-0.78141,-1.23194]},"65s":{"weight":1.0,"played":[1.0,0.0,0.0],"evs":[0.0,-0.69962,-0.92116]},"66":{"weight":1.0,"played":[0.0,0.0,1.0],"evs":[0.0,1.61197,1.78112]},"76o":{"weight":1.0,"played":[1.0,0.0,0.0],"evs":[0.0,-0.75649,-1.47888]},"86o":{"weight":1.0,"played":[1.0,0.0,0.0],"evs":[0.0,-0.78443,-1.57996]},"96o":{"weight":1.0,"played":[1.0,0.0,0.0],"evs":[0.0,-0.77572,-1.66681]},"T6o":{"weight":1.0,"played":[1.0,0.0,0.0],"evs":[0.0,-0.75722,-1.68405]},"J6o":{"weight":1.0,"played":[1.0,0.0,0.0],"evs":[0.0,-0.73927,-1.68007]},"Q6o":{"weight":1.0,"played":[1.0,0.0,0.0],"evs":[0.0,-0.68154,-1.3304]},"K6o":{"weight":1.0,"played":[1.0,0.0,0.0],"evs":[0.0,-0.59156,-0.8797]},"A6o":{"weight":1.0,"played":[0.0,0.0015,0.9985],"evs":[0.0,0.29571,0.33673]},"72s":{"weight":1.0,"played":[1.0,0.0,0.0],"evs":[0.0,-0.89918,-2.06126]},"73s":{"weight":1.0,"played":[1.0,0.0,0.0],"evs":[0.0,-0.8655,-1.74206]},"74s":{"weight":1.0,"played":[1.0,0.0,0.0],"evs":[0.0,-0.78324,-1.39391]},"75s":{"weight":1.0,"played":[1.0,0.0,0.0],"evs":[0.0,-0.72359,-1.04753]},"76s":{"weight":1.0,"played":[1.0,0.0,0.0],"evs":[0.0,-0.56474,-0.77076]},"77":{"weight":1.0,"played":[0.0,0.0,1.0],"evs":[0.0,2.12137,2.23861]},"87o":{"weight":1.0,"played":[1.0,0.0,0.0],"evs":[0.0,-0.72533,-1.31521]},"97o":{"weight":1.0,"played":[1.0,0.0,0.0],"evs":[0.0,-0.71682,-1.38568]},"T7o":{"weight":1.0,"played":[1.0,0.0,0.0],"evs":[0.0,-0.68581,-1.38283]},"J7o":{"weight":1.0,"played":[1.0,0.0,0.0],"evs":[0.0,-0.67122,-1.38247]},"Q7o":{"weight":1.0,"played":[1.0,0.0,0.0],"evs":[0.0,-0.63277,-1.28995]},"K7o":{"weight":1.0,"played":[1.0,0.0,0.0],"evs":[0.0,-0.5323,-0.77396]},"A7o":{"weight":1.0,"played":[0.0,0.0,1.0],"evs":[0.0,0.6321,0.66693]},"82s":{"weight":1.0,"played":[1.0,0.0,0.0],"evs":[0.0,-0.88949,-1.89466]},"83s":{"weight":1.0,"played":[1.0,0.0,0.0],"evs":[0.0,-0.87676,-1.83574]},"84s":{"weight":1.0,"played":[1.0,0.0,0.0],"evs":[0.0,-0.8106,-1.50583]},"85s":{"weight":1.0,"played":[1.0,0.0,0.0],"evs":[0.0,-0.75176,-1.14989]},"86s":{"weight":1.0,"played":[1.0,0.0,0.0],"evs":[0.0,-0.66385,-0.86111]},"87s":{"weight":1.0,"played":[1.0,0.0,0.0],"evs":[0.0,-0.4294,-0.59271]},"88":{"weight":1.0,"played":[0.0,0.0034,0.9966],"evs":[0.0,2.69755,2.78918]},"98o":{"weight":1.0,"played":[1.0,0.0,0.0],"evs":[0.0,-0.68757,-1.06022]},"T8o":{"weight":1.0,"played":[1.0,0.0,0.0],"evs":[0.0,-0.65771,-1.04949]},"J8o":{"weight":1.0,"played":[1.0,0.0,0.0],"evs":[0.0,-0.62253,-1.04168]},"Q8o":{"weight":1.0,"played":[1.0,0.0,0.0],"evs":[0.0,-0.59145,-0.94593]},"K8o":{"weight":1.0,"played":[1.0,0.0,0.0],"evs":[0.0,-0.50212,-0.65556]},"A8o":{"weight":1.0,"played":[0.0,0.0,1.0],"evs":[0.0,0.9448,1.05599]},"92s":{"weight":1.0,"played":[1.0,0.0,0.0],"evs":[0.0,-0.87702,-1.75063]},"93s":{"weight":1.0,"played":[1.0,0.0,0.0],"evs":[0.0,-0.84796,-1.65128]},"94s":{"weight":1.0,"played":[1.0,0.0,0.0],"evs":[0.0,-0.80637,-1.59644]},"95s":{"weight":1.0,"played":[1.0,0.0,0.0],"evs":[0.0,-0.7482,-1.25031]},"96s":{"weight":1.0,"played":[1.0,0.0,0.0],"evs":[0.0,-0.68831,-0.94487]},"97s":{"weight":1.0,"played":[1.0,0.0,0.0],"evs":[0.0,-0.56244,-0.68025]},"98s":{"weight":1.0,"played":[1.0,0.0,0.0],"evs":[0.0,-0.29009,-0.36998]},"99":{"weight":1.0,"played":[0.0,0.0,1.0],"evs":[0.0,3.2671,3.42335]},"T9o":{"weight":1.0,"played":[1.0,0.0,0.0],"evs":[0.0,-0.59054,-0.6944]},"J9o":{"weight":1.0,"played":[1.0,0.0,0.0],"evs":[0.0,-0.54435,-0.68012]},"Q9o":{"weight":1.0,"played":[1.0,0.0,0.0],"evs":[0.0,-0.50958,-0.54797]},"K9o":{"weight":1.0,"played":[1.0,0.0,0.0],"evs":[0.0,-0.22811,-0.19715]},"A9o":{"weight":1.0,"played":[0.0,0.0,1.0],"evs":[0.0,1.35068,1.55494]},"T2s":{"weight":1.0,"played":[1.0,0.0,0.0],"evs":[0.0,-0.82052,-1.59247]},"T3s":{"weight":1.0,"played":[1.0,0.0,0.0],"evs":[0.0,-0.79964,-1.46092]},