{"player":1,"street":0,"children":3,"sequence":[{"player":0,"type":"R","amount":935000,"street":0}],"actions":[{"type":"F","amount":0,"node":26},{"type":"C","amount":935000,"node":31},{"type":"R","amount":1335000,"node":40}],"hands":{"22":{"weight":1.0,"played":[0.0,0.0963,0.9037],"evs":[0.0,0.06623,0.08545]},"32o":{"weight":1.0,"played":[1.0,0.0,0.0],"evs":[0.0,-5.15513,-5.2533]},"42o":{"weight":1.0,"played":[1.0,0.0,0.0],"evs":[0.0,-4.8359,-4.92389]},"52o":{"weight":1.0,"played":[1.0,0.0,0.0],"evs":[0.0,-4.5351,-4.62009]},"62o":{"weight":1.0,"played":[1.0,0.0,0.0],"evs":[0.0,-4.88262,-4.9788]},"72o":{"weight":1.0,"played":[1.0,0.0,0.0],"evs":[0.0,-5.29385,-5.3705]},"82o":{"weight":1.0,"played":[1.0,0.0,0.0],"evs":[0.0,-5.01154,-5.06627]},"92o":{"weight":1.0,"played":[1.0,0.0,0.0],"evs":[0.0,-4.89611,-4.92884]},"T2o":{"weight":1.0,"played":[1.0,0.0,0.0],"evs":[0.0,-4.7607,-4.7666]},"J2o":{"weight":1.0,"played":[1.0,0.0,0.0],"evs":[0.0,-4.55479,-4.54567]},"Q2o":{"weight":1.0,"played":[1.0,0.0,0.0],"evs":[0.0,-4.10933,-4.109]},"K2o":{"weight":1.0,"played":[1.0,0.0,0.0],"evs":[0.0,-3.42734,-3.42575]},"A2o":{"weight":1.0,"played":[1.0,0.0,0.0],"evs":[0.0,-1.73785,-1.73692]},"32s":{"weight":1.0,"played":[1.0,0.0,0.0],"evs":[0.0,-3.4604,-3.5244]},"33":{"weight":1.0,"played":[0.0,0.0021,0.9979],"evs":[0.0,0.85403,0.8712]},"43o":{"weight":1.0,"played":[1.0,0.0,0.0],"evs":[0.0,-4.21418,-4.29348]},"53o":{"weight":1.0,"played":[1.0,0.0,0.0],"evs":[0.0,-3.88361,-3.96261]},"63o":{"weight":1.0,"played":[1.0,0.0,0.0],"evs":[0.0,-4.24944,-4.32858]},"73o":{"weight":1.0,"played":[1.0,0.0,0.0],"evs":[0.0,-4.61562,-4.68323]},"83o":{"weight":1.0,"played":[1.0,0.0,0.0],"evs":[0.0,-4.97734,-5.0396]},"93o":{"weight":1.0,"played":[1.0,0.0,0.0],"evs":[0.0,-4.77946,-4.81789]},"T3o":{"weight":1.0,"played":[1.0,0.0,0.0],"evs":[0.0,-4.59932,-4.60189]},"J3o":{"weight":1.0,"played":[1.0,0.0,0.0],"evs":[0.0,-4.37147,-4.37057]},"Q3o":{"weight":1.0,"played":[1.0,0.0,0.0],"evs":[0.0,-3.9603,-3.95715]},"K3o":{"weight":1.0,"played":[1.0,0.0,0.0],"evs":[0.0,-3.28941,-3.29071]},"A3o":{"weight":1.0,"played":[1.0,0.0,0.0],"evs":[0.0,-1.46734,-1.4614]},"42s":{"weight":1.0,"played":[1.0,0.0,0.0],"evs":[0.0,-3.13677,-3.20977]},"43s":{"weight":1.0,"played":[1.0,0.0,0.0],"evs":[0.0,-2.58896,-2.66511]},"44":{"weight":1.0,"played":[0.0,0.0057,0.9943],"evs":[0.0,1.76281,1.76829]},"54o":{"weight":1.0,"played":[1.0,0.0,0.0],"evs":[0.0,-3.06133,-3.12553]},"64o":{"weight":1.0,"played":[1.0,0.0,0.0],"evs":[0.0,-3.45297,-3.52543]},"74o":{"weight":1.0,"played":[1.0,0.0,0.0],"evs":[0.0,-3.82088,-3.88014]},"84o":{"weight":1.0,"played":[1.0,0.0,0.0],"evs":[0.0,-4.15147,-4.20624]},"94o":{"weight":1.0,"played":[1.0,0.0,0.0],"evs":[0.0,-4.55487,-4.59123]},"T4o":{"weight":1.0,"played":[1.0,0.0,0.0],"evs":[0.0,-4.28601,-4.29757]},"J4o":{"weight":1.0,"played":[1.0,0.0,0.0],"evs":[0.0,-4.04297,-4.03502]},"Q4o":{"weight":1.0,"played":[1.0,0.0,0.0],"evs":[0.0,-3.61735,-3.62764]},"K4o":{"weight":1.0,"played":[1.0,0.0,0.0],"evs":[0.0,-2.94268,-2.9454]},"A4o":{"weight":1.0,"played":[1.0,0.0,0.0],"evs":[0.0,-1.11177,-1.11755]},"52s":{"weight":1.0,"played":[1.0,0.0,0.0],"evs":[0.0,-2.91093,-2.96829]},"53s":{"weight":1.0,"played":[1.0,0.0,0.0],"evs":[0.0,-2.27179,-2.3343]},"54s":{"weight":1.0,"played":[1.0,0.0,0.0],"evs":[0.0,-1.53701,-1.59197]},"55":{"weight":1.0,"played":[0.0,0.0097,0.9903],"evs":[0.0,2.75573,2.76817]},"65o":{"weight":1.0,"played":[1.0,0.0,0.0],"evs":[0.0,-2.71334,-2.77476]},"75o":{"weight":1.0,"played":[1.0,0.0,0.0],"evs":[0.0,-3.04684,-3.09296]},"85o":{"weight":1.0,"played":[1.0,0.0,0.0],"evs":[0.0,-3.38092,-3.41994]},"95o":{"weight":1.0,"played":[1.0,0.0,0.0],"evs":[0.0,-3.75236,-3.78433]},"T5o":{"weight":1.0,"played":[1.0,0.0,0.0],"evs":[0.0,-4.08861,-4.09027]},"J5o":{"weight":1.0,"played":[1.0,0.0,0.0],"evs":[0.0,-3.77766,-3.77172]},"Q5o":{"weight":1.0,"played":[1.0,0.0,0.0],"evs":[0.0,-3.30379,-3.30665]},"K5o":{"weight":1.0,"played":[1.0,0.0,0.0],"evs":[0.0,-2.66902,-2.66809]},"A5o":{"weight":1.0,"played":[1.0,0.0,0.0],"evs":[0.0,-0.6302,-0.62797]},"62s":{"weight":1.0,"played":[1.0,0.0,0.0],"evs":[0.0,-3.24693,-3.31334]},"63s":{"weight":1.0,"played":[1.0,0.0,0.0],"evs":[0.0,-2.57067,-2.63695]},"64s":{"weight":1.0,"played":[1.0,0.0,0.0],"evs":[0.0,-1.86329,-1.91508]},"65s":{"weight":1.0,"played":[1.0,0.0,0.0],"evs":[0.0,-1.20425,-1.24512]},"66":{"weight":1.0,"played":[0.0,0.192,0.808],"evs":[0.0,3.67549,3.69028]},"76o":{"weight":1.0,"played":[1.0,0.0,0.0],"evs":[0.0,-2.36561,-2.40911]},"86o":{"weight":1.0,"played":[1.0,0.0,0.0],"evs":[0.0,-2.6602,-2.70945]},"96o":{"weight":1.0,"played":[1.0,0.0,0.0],"evs":[0.0,-3.01219,-3.03844]},"T6o":{"weight":1.0,"played":[1.0,0.0,0.0],"evs":[0.0,-3.35303,-3.35924]},"J6o":{"weight":1.0,"played":[1.0,0.0,0.0],"evs":[0.0,-3.56122,-3.55494]},"Q6o":{"weight":1.0,"played":[1.0,0.0,0.0],"evs":[0.0,-3.04837,-3.05292]},"K6o":{"weight":1.0,"played":[1.0,0.0,0.0],"evs":[0.0,-2.33396,-2.33402]},"A6o":{"weight":1.0,"played":[1.0,0.0,0.0],"evs":[0.0,-0.65734,-0.65169]},"72s":{"weight":1.0,"played":[1.0,0.0,0.0],"evs":[0.0,-3.57829,-3.6429]},"73s":{"weight":1.0,"played":[1.0,0.0,0.0],"evs":[0.0,-3.00381,-3.05761]},"74s":{"weight":1.0,"played":[1.0,0.0,0.0],"evs":[0.0,-2.21143,-2.26615]},"75s":{"weight":1.0,"played":[1.0,0.0,0.0],"evs":[0.0,-1.46311,-1.50409]},"76s":{"weight":1.0,"played":[1.0,0.0,0.0],"evs":[0.0,-0.84524,-0.886]},"77":{"weight":1.0,"played":[0.0,1.0E-4,0.9999],"evs":[0.0,4.56804,4.59584]},"87o":{"weight":1.0,"played":[1.0,0.0,0.0],"evs":[0.0,-2.09394,-2.12106]},"97o":{"weight":1.0,"played":[1.0,0.0,0.0],"evs":[0.0,-2.38548,-2.39017]},"T7o":{"weight":1.0,"played":[1.0,0.0,0.0],"evs":[0.0,-2.68669,-2.67932]},"J7o":{"weight":1.0,"played":[1.0,0.0,0.0],"evs":[0.0,-2.92724,-2.90814]},"Q7o":{"weight":1.0,"played":[1.0,0.0,0.0],"evs":[0.0,-2.9253,-2.91891]},"K7o":{"weight":1.0,"played":[1.0,0.0,0.0],"evs":[0.0,-2.12061,-2.10257]},"A7o":{"weight":1.0,"played":[0.0013,0.0978,0.9009],"evs":[0.0,0.06306,0.08025]},"82s":{"weight":1.0,"played":[1.0,0.0,0.0],"evs":[0.0,-3.28628,-3.3308]},"83s":{"weight":1.0,"played":[1.0,0.0,0.0],"evs":[0.0,-3.26756,-3.31481]},"84s":{"weight":1.0,"played":[1.0,0.0,0.0],"evs":[0.0,-2.44578,-2.48684]},"85s":{"weight":1.0,"played":[1.0,0.0,0.0],"evs":[0.0,-1.79534,-1.83162]},"86s":{"weight":1.0,"played":[1.0,0.0,0.0],"evs":[0.0,-1.07071,-1.10398]},"87s":{"weight":1.0,"played":[1.0,0.0,0.0],"evs":[0.0,-0.59044,-0.61212]},"88":{"weight":1.0,"played":[0.0,0.0253,0.9747],"evs":[0.0,5.69667,5.73182]},"98o":{"weight":1.0,"played":[1.0,0.0,0.0],"evs":[0.0,-1.81801,-1.82242]},"T8o":{"weight":1.0,"played":[1.0,0.0,0.0],"evs":[0.0,-2.07781,-2.07071]},"J8o":{"weight":1.0,"played":[1.0,0.0,0.0],"evs":[0.0,-2.32083,-2.28866]},"Q8o":{"weight":1.0,"played":[1.0,0.0,0.0],"evs":[0.0,-2.33643,-2.32875]},"K8o":{"weight":1.0,"played":[1.0,0.0,0.0],"evs":[0.0,-1.98785,-1.97346]},"A8o":{"weight":1.0,"played":[0.0,0.0257,0.9743],"evs":[0.0,0.95011,0.96604]},"92s":{"weight":1.0,"played":[1.0,0.0,0.0],"evs":[0.0,-3.16548,-3.19622]},"93s":{"weight":1.0,"played":[1.0,0.0,0.0],"evs":[0.0,-3.08786,-3.12156]},"94s":{"weight":1.0,"played":[1.0,0.0,0.0],"evs":[0.0,-2.85679,-2.87942]},"95s":{"weight":1.0,"played":[1.0,0.0,0.0],"evs":[0.0,-2.1387,-2.16196]},"96s":{"weight":1.0,"played":[1.0,0.0,0.0],"evs":[0.0,-1.40465,-1.43136]},"97s":{"weight":1.0,"played":[1.0,0.0,0.0],"evs":[0.0,-0.86284,-0.86923]},"98s":{"weight":1.0,"played":[1.0,0.0,0.0],"evs":[0.0,-0.21732,-0.22132]},"99":{"weight":1.0,"played":[0.0,2.0E-4,0.9998],"evs":[0.0,6.90882,6.95662]},"T9o":{"weight":1.0,"played":[1.0,0.0,0.0],"evs":[0.0,-1.40722,-1.39127]},"J9o":{"weight":1.0,"played":[1.0,0.0,0.0],"evs":[0.0,-1.62039,-1.59034]},"Q9o":{"weight":1.0,"played":[1.0,0.0,0.0],"evs":[0.0,-1.59799,-1.59429]},"K9o":{"weight":1.0,"played":[1.0,0.0,0.0],"evs":[0.0,-1.19536,-1.17989]},"A9o":{"weight":1.0,"played":[0.0,0.0209,0.9791],"evs":[0.0,1.89676,1.91739]},"T2s":{"weight":1.0,"played":[1.0,0.0,0.0],