{"player":3,"street":0,"children":2,"sequence":[{"player":0,"type":"R","amount":935000,"street":0},{"player":1,"type":"R","amount":1335000,"street":0},{"player":2,"type":"R","amount":2295000,"street":0}],"actions":[{"type":"F","amount":0},{"type":"C","amount":2195000}],"hands":{"22":{"weight":1.0,"played":[0.9999,1.0E-4],"evs":[0.0,-3.05061]},"32o":{"weight":1.0,"played":[1.0,0.0],"evs":[0.0,-11.20066]},"42o":{"weight":1.0,"played":[1.0,0.0],"evs":[0.0,-10.88961]},"52o":{"weight":1.0,"played":[1.0,0.0],"evs":[0.0,-10.19669]},"62o":{"weight":1.0,"played":[1.0,0.0],"evs":[0.0,-10.89216]},"72o":{"weight":1.0,"played":[1.0,0.0],"evs":[0.0,-11.75267]},"82o":{"weight":1.0,"played":[1.0,0.0],"evs":[0.0,-11.33504]},"92o":{"weight":1.0,"played":[1.0,0.0],"evs":[0.0,-11.53481]},"T2o":{"weight":1.0,"played":[1.0,0.0],"evs":[0.0,-10.94659]},"J2o":{"weight":1.0,"played":[1.0,0.0],"evs":[0.0,-10.80041]},"Q2o":{"weight":1.0,"played":[1.0,0.0],"evs":[0.0,-9.59371]},"K2o":{"weight":1.0,"played":[1.0,0.0],"evs":[0.0,-8.92705]},"A2o":{"weight":1.0,"played":[1.0,0.0],"evs":[0.0,-8.31218]},"32s":{"weight":1.0,"played":[1.0,0.0],"evs":[0.0,-7.40809]},"33":{"weight":1.0,"played":[0.973,0.027],"evs":[0.0,-1.66942]},"43o":{"weight":1.0,"played":[1.0,0.0],"evs":[0.0,-8.79202]},"53o":{"weight":1.0,"played":[1.0,0.0],"evs":[0.0,-8.09167]},"63o":{"weight":1.0,"played":[1.0,0.0],"evs":[0.0,-9.16231]},"73o":{"weight":1.0,"played":[1.0,0.0],"evs":[0.0,-10.25411]},"83o":{"weight":1.0,"played":[1.0,0.0],"evs":[0.0,-10.81848]},"93o":{"weight":1.0,"played":[1.0,0.0],"evs":[0.0,-10.89608]},"T3o":{"weight":1.0,"played":[1.0,0.0],"evs":[0.0,-10.50091]},"J3o":{"weight":1.0,"played":[1.0,0.0],"evs":[0.0,-10.36455]},"Q3o":{"weight":1.0,"played":[1.0,0.0],"evs":[0.0,-8.98463]},"K3o":{"weight":1.0,"played":[1.0,0.0],"evs":[0.0,-8.25988]},"A3o":{"weight":1.0,"played":[1.0,0.0],"evs":[0.0,-7.18882]},"42s":{"weight":1.0,"played":[1.0,0.0],"evs":[0.0,-7.25189]},"43s":{"weight":1.0,"played":[0.9999,1.0E-4],"evs":[0.0,-5.6182]},"44":{"weight":1.0,"played":[0.0082,0.9918],"evs":[0.0,0.88932]},"54o":{"weight":1.0,"played":[1.0,0.0],"evs":[0.0,-6.64985]},"64o":{"weight":1.0,"played":[1.0,0.0],"evs":[0.0,-7.30819]},"74o":{"weight":1.0,"played":[1.0,0.0],"evs":[0.0,-8.57532]},"84o":{"weight":1.0,"played":[1.0,0.0],"evs":[0.0,-9.62976]},"94o":{"weight":1.0,"played":[1.0,0.0],"evs":[0.0,-10.27012]},"T4o":{"weight":1.0,"played":[1.0,0.0],"evs":[0.0,-9.79631]},"J4o":{"weight":1.0,"played":[1.0,0.0],"evs":[0.0,-9.70787]},"Q4o":{"weight":1.0,"played":[1.0,0.0],"evs":[0.0,-8.57263]},"K4o":{"weight":1.0,"played":[1.0,0.0],"evs":[0.0,-7.68513]},"A4o":{"weight":1.0,"played":[1.0,0.0],"evs":[0.0,-6.83371]},"52s":{"weight":1.0,"played":[1.0,0.0],"evs":[0.0,-6.16105]},"53s":{"weight":1.0,"played":[1.0,0.0],"evs":[0.0,-3.84842]},"54s":{"weight":1.0,"played":[0.9998,2.0E-4],"evs":[0.0,-2.98458]},"55":{"weight":1.0,"played":[0.0,1.0],"evs":[0.0,1.91639]},"65o":{"weight":1.0,"played":[1.0,0.0],"evs":[0.0,-5.7572]},"75o":{"weight":1.0,"played":[1.0,0.0],"evs":[0.0,-7.04087]},"85o":{"weight":1.0,"played":[1.0,0.0],"evs":[0.0,-7.46807]},"95o":{"weight":1.0,"played":[1.0,0.0],"evs":[0.0,-8.60277]},"T5o":{"weight":1.0,"played":[1.0,0.0],"evs":[0.0,-9.55684]},"J5o":{"weight":1.0,"played":[1.0,0.0],"evs":[0.0,-8.91438]},"Q5o":{"weight":1.0,"played":[1.0,0.0],"evs":[0.0,-7.74565]},"K5o":{"weight":1.0,"played":[1.0,0.0],"evs":[0.0,-6.94551]},"A5o":{"weight":1.0,"played":[1.0,0.0],"evs":[0.0,-6.18655]},"62s":{"weight":1.0,"played":[1.0,0.0],"evs":[0.0,-6.97068]},"63s":{"weight":1.0,"played":[1.0,0.0],"evs":[0.0,-5.53508]},"64s":{"weight":1.0,"played":[1.0,0.0],"evs":[0.0,-4.22061]},"65s":{"weight":1.0,"played":[0.9999,1.0E-4],"evs":[0.0,-2.3488]},"66":{"weight":1.0,"played":[1.0E-4,0.9999],"evs":[0.0,4.09724]},"76o":{"weight":1.0,"played":[1.0,0.0],"evs":[0.0,-5.49659]},"86o":{"weight":1.0,"played":[1.0,0.0],"evs":[0.0,-6.35164]},"96o":{"weight":1.0,"played":[1.0,0.0],"evs":[0.0,-7.04195]},"T6o":{"weight":1.0,"played":[1.0,0.0],"evs":[0.0,-7.99226]},"J6o":{"weight":1.0,"played":[1.0,0.0],"evs":[0.0,-8.81486]},"Q6o":{"weight":1.0,"played":[1.0,0.0],"evs":[0.0,-7.22286]},"K6o":{"weight":1.0,"played":[1.0,0.0],"evs":[0.0,-6.53352]},"A6o":{"weight":1.0,"played":[1.0,0.0],"evs":[0.0,-6.93379]},"72s":{"weight":1.0,"played":[1.0,0.0],"evs":[0.0,-7.95791]},"73s":{"weight":1.0,"played":[1.0,0.0],"evs":[0.0,-6.49065]},"74s":{"weight":1.0,"played":[1.0,0.0],"evs":[0.0,-4.98971]},"75s":{"weight":1.0,"played":[1.0,0.0],"evs":[0.0,-3.49756]},"76s":{"weight":1.0,"played":[0.9987,0.0013],"evs":[0.0,-2.49328]},"77":{"weight":1.0,"played":[0.0,1.0],"evs":[0.0,5.19131]},"87o":{"weight":1.0,"played":[1.0,0.0],"evs":[0.0,-5.0409]},"97o":{"weight":1.0,"played":[1.0,0.0],"evs":[0.0,-6.22465]},"T7o":{"weight":1.0,"played":[1.0,0.0],"evs":[0.0,-6.74496]},"J7o":{"weight":1.0,"played":[1.0,0.0],"evs":[0.0,-7.45721]},"Q7o":{"weight":1.0,"played":[1.0,0.0],"evs":[0.0,-7.64116]},"K7o":{"weight":1.0,"played":[1.0,0.0],"evs":[0.0,-6.20724]},"A7o":{"weight":1.0,"played":[0.9999,1.0E-4],"evs":[0.0,-5.69978]},"82s":{"weight":1.0,"played":[1.0,0.0],"evs":[0.0,-7.9838]},"83s":{"weight":1.0,"played":[1.0,0.0],"evs":[0.0,-7.44762]},"84s":{"weight":1.0,"played":[1.0,0.0],"evs":[0.0,-5.96687]},"85s":{"weight":1.0,"played":[1.0,0.0],"evs":[0.0,-4.19372]},"86s":{"weight":1.0,"played":[1.0,0.0],"evs":[0.0,-3.01028]},"87s":{"weight":1.0,"played":[0.9986,0.0014],"evs":[0.0,-1.64801]},"88":{"weight":1.0,"played":[0.0,1.0],"evs":[0.0,8.17043]},"98o":{"weight":1.0,"played":[1.0,0.0],"evs":[0.0,-4.89506]},"T8o":{"weight":1.0,"played":[1.0,0.0],"evs":[0.0,-5.68602]},"J8o":{"weight":1.0,"played":[1.0,0.0],"evs":[0.0,-6.5759]},"Q8o":{"weight":1.0,"played":[1.0,0.0],"evs":[0.0,-5.88022]},"K8o":{"weight":1.0,"played":[1.0,0.0],"evs":[0.0,-5.7131]},"A8o":{"weight":1.0,"played":[1.0,0.0],"evs":[0.0,-4.30126]},"92s":{"weight":1.0,"played":[1.0,0.0],"evs":[0.0,-7.313]},"93s":{"weight":1.0,"played":[1.0,0.0],"evs":[0.0,-7.4665]},"94s":{"weight":1.0,"played":[1.0,0.0],"evs":[0.0,-6.84659]},"95s":{"weight":1.0,"played":[1.0,0.0],"evs":[0.0,-4.48862]},"96s":{"weight":1.0,"played":[1.0,0.0],"evs":[0.0,-3.75424]},"97s":{"weight":1.0,"played":[0.9997,3.0E-4],"evs":[0.0,-2.54807]},"98s":{"weight":1.0,"played":[0.985,0.015],"evs":[0.0,-0.96151]},"99":{"weight":1.0,"played":[0.0,1.0],"evs":[0.0,10.73624]},"T9o":{"weight":1.0,"played":[1.0,0.0],"evs":[0.0,-4.24974]},"J9o":{"weight":1.0,"played":[1.0,0.0],"evs":[0.0,-4.76163]},"Q9o":{"weight":1.0,"played":[1.0,0.0],"evs":[0.0,-4.70621]},"K9o":{"weight":1.0,"played":[1.0,0.0],"evs":[0.0,-4.52846]},"A9o":{"weight":1.0,"played":[0.9999,1.0E-4],"evs":[0.0,-3.37929]},"T2s":{"weight":1.0,"played":[1.0,0.0],"evs":[0.0,-7.17723]},"T3s":{"weight":1.0,"played":[1.0,0.0],"evs":[0.0,-6.6704]},"T4s":{"weight":1.0,"played":[1.0,0.0],"evs":[0.0,-5.88428]},"T5s":{"weight":1.0,"played":[1.0,0.0],"evs":[0.0,-5.58889]},"T6s":{"weight":1.0,"played":[1.0,0.0],"evs":[0.0,-4.1849]},"T7s":{"weight":1.0,"played":[0.9999,1.0E-4],"evs":[0.0,-2.7662]},"T8s":{"weight":1.0,"played":[1.0,0.0],"evs":[0.0,-2.11467]},"T9s":{"weight":1.0,"played":[0.9479,0.0521],"evs":[0.0,-0.31619]},"TT":{"weight":1.0,"played":[0.0,1.0],"evs":[0.0,14.44909]},"JTo":{"weight":1.0,"played":[1.0,0.0],"evs":[0.0,-3.35933]},"QTo":{"weight":1.0,"played":[0.9998,2.0E-4],"evs":[0.0,-2.63555]},"KTo":{"weight":1.0,"played":[0.9997,3.0E-4],"evs":[0.0,-2.82671]},"ATo":{"weight":1.0,"played":[0.9056,0.0944],"evs":[0.0,-0.28958]},"J2s":{"weight":1.0,"played":[1.0,0.0],"evs":[0.0,-6.79976]},"J3s":{"weight":1.0,"played":[1.0,0.0],"evs":[0.0,-6.33249]},"J4s":{"weight":1.0,"played":[1.0,0.0],"evs":[0.0,-5.75989]},"J5s":{"weight":1.0,"played":[1.0,0.0],"evs":[0.0,-5.25517]},"J6s":{"weight":1.0,"played":[0.9997,3.0E-4],"evs":[0.0,-4.90146]},"J7s":{"weight":1.0,"played":[1.0,0.0],"evs":[0.0,-4.05996]},"J8s":{"weight":1.0,"played":[0.9996,4.0E-4],"evs":[0.0,-2.443]},"J9s":{"weight":1.0,"played":[0.9665,0.0335],