{"player":2,"street":0,"children":3,"sequence":[{"player":0,"type":"R","amount":26350000,"street":0},{"player":1,"type":"F","amount":0,"street":0}],"actions":[{"type":"F","amount":0,"node":105},{"type":"C","amount":26350000,"node":130},{"type":"R","amount":34350000,"node":157}],"hands":{"22":{"weight":1.0,"played":[1.0,0.0,0.0],"evs":[0.0,-0.99834,-0.9995]},"32o":{"weight":1.0,"played":[1.0,0.0,0.0],"evs":[0.0,-3.02179,-3.0383]},"42o":{"weight":1.0,"played":[1.0,0.0,0.0],"evs":[0.0,-2.97556,-2.99224]},"52o":{"weight":1.0,"played":[1.0,0.0,0.0],"evs":[0.0,-2.8891,-2.90493]},"62o":{"weight":1.0,"played":[1.0,0.0,0.0],"evs":[0.0,-3.03303,-3.04921]},"72o":{"weight":1.0,"played":[1.0,0.0,0.0],"evs":[0.0,-3.1628,-3.18648]},"82o":{"weight":1.0,"played":[1.0,0.0,0.0],"evs":[0.0,-3.09622,-3.11937]},"92o":{"weight":1.0,"played":[1.0,0.0,0.0],"evs":[0.0,-3.01113,-3.02832]},"T2o":{"weight":1.0,"played":[1.0,0.0,0.0],"evs":[0.0,-2.92861,-2.94442]},"J2o":{"weight":1.0,"played":[1.0,0.0,0.0],"evs":[0.0,-2.84869,-2.86512]},"Q2o":{"weight":1.0,"played":[1.0,0.0,0.0],"evs":[0.0,-2.74983,-2.76437]},"K2o":{"weight":1.0,"played":[1.0,0.0,0.0],"evs":[0.0,-2.53476,-2.54544]},"A2o":{"weight":1.0,"played":[1.0,0.0,0.0],"evs":[0.0,-1.84924,-1.85262]},"32s":{"weight":1.0,"played":[1.0,0.0,0.0],"evs":[0.0,-2.42405,-2.43741]},"33":{"weight":1.0,"played":[1.0,0.0,0.0],"evs":[0.0,-0.90662,-0.90735]},"43o":{"weight":1.0,"played":[1.0,0.0,0.0],"evs":[0.0,-2.75823,-2.77237]},"53o":{"weight":1.0,"played":[1.0,0.0,0.0],"evs":[0.0,-2.66114,-2.67486]},"63o":{"weight":1.0,"played":[1.0,0.0,0.0],"evs":[0.0,-2.80048,-2.81532]},"73o":{"weight":1.0,"played":[1.0,0.0,0.0],"evs":[0.0,-2.93902,-2.95469]},"83o":{"weight":1.0,"played":[1.0,0.0,0.0],"evs":[0.0,-3.09264,-3.11294]},"93o":{"weight":1.0,"played":[1.0,0.0,0.0],"evs":[0.0,-2.95993,-2.97661]},"T3o":{"weight":1.0,"played":[1.0,0.0,0.0],"evs":[0.0,-2.86758,-2.88303]},"J3o":{"weight":1.0,"played":[1.0,0.0,0.0],"evs":[0.0,-2.79013,-2.80587]},"Q3o":{"weight":1.0,"played":[1.0,0.0,0.0],"evs":[0.0,-2.69338,-2.7075]},"K3o":{"weight":1.0,"played":[1.0,0.0,0.0],"evs":[0.0,-2.48212,-2.49245]},"A3o":{"weight":1.0,"played":[1.0,0.0,0.0],"evs":[0.0,-1.7947,-1.79798]},"42s":{"weight":1.0,"played":[1.0,0.0,0.0],"evs":[0.0,-2.3824,-2.39547]},"43s":{"weight":1.0,"played":[1.0,0.0,0.0],"evs":[0.0,-2.17681,-2.18779]},"44":{"weight":1.0,"played":[1.0,0.0,0.0],"evs":[0.0,-0.81211,-0.81385]},"54o":{"weight":1.0,"played":[1.0,0.0,0.0],"evs":[0.0,-2.46106,-2.47318]},"64o":{"weight":1.0,"played":[1.0,0.0,0.0],"evs":[0.0,-2.59923,-2.61181]},"74o":{"weight":1.0,"played":[1.0,0.0,0.0],"evs":[0.0,-2.729,-2.74254]},"84o":{"weight":1.0,"played":[1.0,0.0,0.0],"evs":[0.0,-2.89495,-2.91002]},"94o":{"weight":1.0,"played":[1.0,0.0,0.0],"evs":[0.0,-2.97046,-2.98689]},"T4o":{"weight":1.0,"played":[1.0,0.0,0.0],"evs":[0.0,-2.83584,-2.85116]},"J4o":{"weight":1.0,"played":[1.0,0.0,0.0],"evs":[0.0,-2.75879,-2.77352]},"Q4o":{"weight":1.0,"played":[1.0,0.0,0.0],"evs":[0.0,-2.66039,-2.67368]},"K4o":{"weight":1.0,"played":[1.0,0.0,0.0],"evs":[0.0,-2.44423,-2.45421]},"A4o":{"weight":1.0,"played":[1.0,0.0,0.0],"evs":[0.0,-1.7427,-1.7457]},"52s":{"weight":1.0,"played":[1.0,0.0,0.0],"evs":[0.0,-2.30166,-2.31374]},"53s":{"weight":1.0,"played":[1.0,0.0,0.0],"evs":[0.0,-2.07816,-2.08874]},"54s":{"weight":1.0,"played":[1.0,0.0,0.0],"evs":[0.0,-1.8978,-1.90695]},"55":{"weight":1.0,"played":[1.0,0.0,0.0],"evs":[0.0,-0.57949,-0.58161]},"65o":{"weight":1.0,"played":[1.0,0.0,0.0],"evs":[0.0,-2.36189,-2.37256]},"75o":{"weight":1.0,"played":[1.0,0.0,0.0],"evs":[0.0,-2.4906,-2.50279]},"85o":{"weight":1.0,"played":[1.0,0.0,0.0],"evs":[0.0,-2.65504,-2.66825]},"95o":{"weight":1.0,"played":[1.0,0.0,0.0],"evs":[0.0,-2.74,-2.75429]},"T5o":{"weight":1.0,"played":[1.0,0.0,0.0],"evs":[0.0,-2.82305,-2.83799]},"J5o":{"weight":1.0,"played":[1.0,0.0,0.0],"evs":[0.0,-2.69689,-2.71121]},"Q5o":{"weight":1.0,"played":[1.0,0.0,0.0],"evs":[0.0,-2.59613,-2.60869]},"K5o":{"weight":1.0,"played":[1.0,0.0,0.0],"evs":[0.0,-2.38255,-2.39152]},"A5o":{"weight":1.0,"played":[1.0,0.0,0.0],"evs":[0.0,-1.6536,-1.65646]},"62s":{"weight":1.0,"played":[1.0,0.0,0.0],"evs":[0.0,-2.42841,-2.44087]},"63s":{"weight":1.0,"played":[1.0,0.0,0.0],"evs":[0.0,-2.21446,-2.22601]},"64s":{"weight":1.0,"played":[1.0,0.0,0.0],"evs":[0.0,-2.01696,-2.02607]},"65s":{"weight":1.0,"played":[1.0,0.0,0.0],"evs":[0.0,-1.80293,-1.81171]},"66":{"weight":1.0,"played":[1.0,0.0,0.0],"evs":[0.0,-0.24363,-0.24391]},"76o":{"weight":1.0,"played":[1.0,0.0,0.0],"evs":[0.0,-2.24757,-2.25868]},"86o":{"weight":1.0,"played":[1.0,0.0,0.0],"evs":[0.0,-2.39563,-2.4074]},"96o":{"weight":1.0,"played":[1.0,0.0,0.0],"evs":[0.0,-2.47764,-2.49101]},"T6o":{"weight":1.0,"played":[1.0,0.0,0.0],"evs":[0.0,-2.56253,-2.57566]},"J6o":{"weight":1.0,"played":[1.0,0.0,0.0],"evs":[0.0,-2.65855,-2.67309]},"Q6o":{"weight":1.0,"played":[1.0,0.0,0.0],"evs":[0.0,-2.51119,-2.52301]},"K6o":{"weight":1.0,"played":[1.0,0.0,0.0],"evs":[0.0,-2.28978,-2.29803]},"A6o":{"weight":1.0,"played":[1.0,0.0,0.0],"evs":[0.0,-1.74738,-1.75016]},"72s":{"weight":1.0,"played":[1.0,0.0,0.0],"evs":[0.0,-2.54696,-2.56156]},"73s":{"weight":1.0,"played":[1.0,0.0,0.0],"evs":[0.0,-2.33529,-2.34759]},"74s":{"weight":1.0,"played":[1.0,0.0,0.0],"evs":[0.0,-2.14554,-2.15682]},"75s":{"weight":1.0,"played":[1.0,0.0,0.0],"evs":[0.0,-1.91081,-1.92027]},"76s":{"weight":1.0,"played":[1.0,0.0,0.0],"evs":[0.0,-1.68573,-1.69445]},"77":{"weight":1.0,"played":[0.0,0.422,0.578],"evs":[0.0,0.09727,0.09742]},"87o":{"weight":1.0,"played":[1.0,0.0,0.0],"evs":[0.0,-2.1851,-2.19544]},"97o":{"weight":1.0,"played":[1.0,0.0,0.0],"evs":[0.0,-2.25394,-2.26547]},"T7o":{"weight":1.0,"played":[1.0,0.0,0.0],"evs":[0.0,-2.33234,-2.34459]},"J7o":{"weight":1.0,"played":[1.0,0.0,0.0],"evs":[0.0,-2.42244,-2.43543]},"Q7o":{"weight":1.0,"played":[1.0,0.0,0.0],"evs":[0.0,-2.48984,-2.50177]},"K7o":{"weight":1.0,"played":[1.0,0.0,0.0],"evs":[0.0,-2.23332,-2.24122]},"A7o":{"weight":1.0,"played":[1.0,0.0,0.0],"evs":[0.0,-1.572,-1.57514]},"82s":{"weight":1.0,"played":[1.0,0.0,0.0],"evs":[0.0,-2.49184,-2.50552]},"83s":{"weight":1.0,"played":[1.0,0.0,0.0],"evs":[0.0,-2.47847,-2.49256]},"84s":{"weight":1.0,"played":[1.0,0.0,0.0],"evs":[0.0,-2.29362,-2.30466]},"85s":{"weight":1.0,"played":[1.0,0.0,0.0],"evs":[0.0,-2.06956,-2.08008]},"86s":{"weight":1.0,"played":[1.0,0.0,0.0],"evs":[0.0,-1.82293,-1.83126]},"87s":{"weight":1.0,"played":[1.0,0.0,0.0],"evs":[0.0,-1.62966,-1.6385]},"88":{"weight":1.0,"played":[0.0,0.4026,0.5974],"evs":[0.0,0.50278,0.50344]},"98o":{"weight":1.0,"played":[1.0,0.0,0.0],"evs":[0.0,-2.11335,-2.12457]},"T8o":{"weight":1.0,"played":[1.0,0.0,0.0],"evs":[0.0,-2.16512,-2.177]},"J8o":{"weight":1.0,"played":[1.0,0.0,0.0],"evs":[0.0,-2.26161,-2.27334]},"Q8o":{"weight":1.0,"played":[1.0,0.0,0.0],"evs":[0.0,-2.34641,-2.35741]},"K8o":{"weight":1.0,"played":[1.0,0.0,0.0],"evs":[0.0,-2.27751,-2.28561]},"A8o":{"weight":1.0,"played":[1.0,0.0,0.0],"evs":[0.0,-1.29513,-1.29673]},"92s":{"weight":1.0,"played":[1.0,0.0,0.0],"evs":[0.0,-2.40461,-2.41862]},"93s":{"weight":1.0,"played":[1.0,0.0,0.0],"evs":[0.0,-2.35449,-2.36701]},"94s":{"weight":1.0,"played":[1.0,0.0,0.0],"evs":[0.0,-2.36542,-2.3779]},"95s":{"weight":1.0,"played":[1.0,0.0,0.0],"evs":[0.0,-2.14513,-2.15673]},"96s":{"weight":1.0,"played":[1.0,0.0,0.0],"evs":[0.0,-1.90599,-1.91599]},"97s":{"weight":1.0,"played":[1.0,0.0,0.0],"evs":[0.0,-1.68968,-1.69852]},"98s":{"weight":1.0,"played":[1.0,0.0,0.0],"evs":[0.0,-1.55998,-1.56861]},"99":{"weight":1.0,"played":[0.0,0.2366,0.7634],"evs":[0.0,1.03472,1.03559]},"T9o":{"weight":1.0,"played":[1.0,0.0,0.0],"evs":[0.0,-1.90156,-1.91174]},"J9o":{"weight":1.0,"played":[1.0,0.0,0.0],"evs":[0.0,-1.99334,-2.00433]},"Q9o":{"weight":1.0,"played":[1.0,0.0,0.0],"evs":[0.0,-2.07617,-2.08563]},"K9o":{"weight":1.0,"played":[1.0,0.0,0.0],"evs":[0.0,-2.01339,-2.0197]},"A9o":{"weight":1.0,"played":[1.0,0.0,0.0],"evs":[0.0,-0.83513,-0.83624]},"T2s":{"weight":1.0,