{"player":2,"street":0,"children":3,"sequence":[{"player":0,"type":"R","amount":26350000,"street":0},{"player":1,"type":"C","amount":26350000,"street":0}],"actions":[{"type":"F","amount":0,"node":173},{"type":"C","amount":26350000},{"type":"R","amount":34350000,"node":200}],"hands":{"22":{"weight":1.0,"played":[1.0,0.0,0.0],"evs":[0.0,-3.45871,-3.38614]},"32o":{"weight":1.0,"played":[1.0,0.0,0.0],"evs":[0.0,-4.42647,-5.34411]},"42o":{"weight":1.0,"played":[1.0,0.0,0.0],"evs":[0.0,-4.34254,-5.22984]},"52o":{"weight":1.0,"played":[1.0,0.0,0.0],"evs":[0.0,-4.32335,-5.1464]},"62o":{"weight":1.0,"played":[1.0,0.0,0.0],"evs":[0.0,-4.44213,-5.41116]},"72o":{"weight":1.0,"played":[1.0,0.0,0.0],"evs":[0.0,-4.61425,-5.7164]},"82o":{"weight":1.0,"played":[1.0,0.0,0.0],"evs":[0.0,-4.57232,-5.59145]},"92o":{"weight":1.0,"played":[1.0,0.0,0.0],"evs":[0.0,-4.48265,-5.4429]},"T2o":{"weight":1.0,"played":[1.0,0.0,0.0],"evs":[0.0,-4.60858,-5.59517]},"J2o":{"weight":1.0,"played":[1.0,0.0,0.0],"evs":[0.0,-4.44392,-5.34873]},"Q2o":{"weight":1.0,"played":[1.0,0.0,0.0],"evs":[0.0,-4.33623,-5.20286]},"K2o":{"weight":1.0,"played":[1.0,0.0,0.0],"evs":[0.0,-4.15154,-4.924]},"A2o":{"weight":1.0,"played":[1.0,0.0,0.0],"evs":[0.0,-4.5798,-5.45638]},"32s":{"weight":1.0,"played":[1.0,0.0,0.0],"evs":[0.0,-3.86525,-4.47371]},"33":{"weight":1.0,"played":[1.0,0.0,0.0],"evs":[0.0,-3.31823,-3.26715]},"43o":{"weight":1.0,"played":[1.0,0.0,0.0],"evs":[0.0,-4.13849,-4.87071]},"53o":{"weight":1.0,"played":[1.0,0.0,0.0],"evs":[0.0,-4.08483,-4.78706]},"63o":{"weight":1.0,"played":[1.0,0.0,0.0],"evs":[0.0,-4.21708,-5.03562]},"73o":{"weight":1.0,"played":[1.0,0.0,0.0],"evs":[0.0,-4.4328,-5.36569]},"83o":{"weight":1.0,"played":[1.0,0.0,0.0],"evs":[0.0,-4.5597,-5.56791]},"93o":{"weight":1.0,"played":[1.0,0.0,0.0],"evs":[0.0,-4.4572,-5.35501]},"T3o":{"weight":1.0,"played":[1.0,0.0,0.0],"evs":[0.0,-4.56352,-5.48643]},"J3o":{"weight":1.0,"played":[1.0,0.0,0.0],"evs":[0.0,-4.3986,-5.24432]},"Q3o":{"weight":1.0,"played":[1.0,0.0,0.0],"evs":[0.0,-4.30876,-5.10553]},"K3o":{"weight":1.0,"played":[1.0,0.0,0.0],"evs":[0.0,-4.09002,-4.79692]},"A3o":{"weight":1.0,"played":[1.0,0.0,0.0],"evs":[0.0,-4.48391,-5.3335]},"42s":{"weight":1.0,"played":[1.0,0.0,0.0],"evs":[0.0,-3.75721,-4.35912]},"43s":{"weight":1.0,"played":[1.0,0.0,0.0],"evs":[0.0,-3.48543,-4.04888]},"44":{"weight":1.0,"played":[1.0,0.0,0.0],"evs":[0.0,-3.12964,-3.12258]},"54o":{"weight":1.0,"played":[1.0,0.0,0.0],"evs":[0.0,-3.86085,-4.49488]},"64o":{"weight":1.0,"played":[1.0,0.0,0.0],"evs":[0.0,-3.96023,-4.69244]},"74o":{"weight":1.0,"played":[1.0,0.0,0.0],"evs":[0.0,-4.23822,-5.02772]},"84o":{"weight":1.0,"played":[1.0,0.0,0.0],"evs":[0.0,-4.38117,-5.25578]},"94o":{"weight":1.0,"played":[1.0,0.0,0.0],"evs":[0.0,-4.45008,-5.36233]},"T4o":{"weight":1.0,"played":[1.0,0.0,0.0],"evs":[0.0,-4.53316,-5.43268]},"J4o":{"weight":1.0,"played":[1.0,0.0,0.0],"evs":[0.0,-4.35524,-5.16675]},"Q4o":{"weight":1.0,"played":[1.0,0.0,0.0],"evs":[0.0,-4.24541,-5.00265]},"K4o":{"weight":1.0,"played":[1.0,0.0,0.0],"evs":[0.0,-4.05105,-4.74055]},"A4o":{"weight":1.0,"played":[1.0,0.0,0.0],"evs":[0.0,-4.45209,-5.24285]},"52s":{"weight":1.0,"played":[1.0,0.0,0.0],"evs":[0.0,-3.72617,-4.30719]},"53s":{"weight":1.0,"played":[1.0,0.0,0.0],"evs":[0.0,-3.42174,-3.95744]},"54s":{"weight":1.0,"played":[1.0,0.0,0.0],"evs":[0.0,-3.16211,-3.63866]},"55":{"weight":1.0,"played":[1.0,0.0,0.0],"evs":[0.0,-2.96902,-2.99689]},"65o":{"weight":1.0,"played":[1.0,0.0,0.0],"evs":[0.0,-3.73438,-4.38421]},"75o":{"weight":1.0,"played":[1.0,0.0,0.0],"evs":[0.0,-3.98611,-4.67187]},"85o":{"weight":1.0,"played":[1.0,0.0,0.0],"evs":[0.0,-4.18804,-4.91517]},"95o":{"weight":1.0,"played":[1.0,0.0,0.0],"evs":[0.0,-4.2863,-5.03278]},"T5o":{"weight":1.0,"played":[1.0,0.0,0.0],"evs":[0.0,-4.53556,-5.40269]},"J5o":{"weight":1.0,"played":[1.0,0.0,0.0],"evs":[0.0,-4.33356,-5.08867]},"Q5o":{"weight":1.0,"played":[1.0,0.0,0.0],"evs":[0.0,-4.24708,-4.9611]},"K5o":{"weight":1.0,"played":[1.0,0.0,0.0],"evs":[0.0,-4.03388,-4.65042]},"A5o":{"weight":1.0,"played":[1.0,0.0,0.0],"evs":[0.0,-4.41603,-5.15956]},"62s":{"weight":1.0,"played":[1.0,0.0,0.0],"evs":[0.0,-3.85479,-4.51545]},"63s":{"weight":1.0,"played":[1.0,0.0,0.0],"evs":[0.0,-3.5624,-4.16908]},"64s":{"weight":1.0,"played":[1.0,0.0,0.0],"evs":[0.0,-3.3245,-3.86909]},"65s":{"weight":1.0,"played":[1.0,0.0,0.0],"evs":[0.0,-3.09344,-3.5945]},"66":{"weight":1.0,"played":[1.0,0.0,0.0],"evs":[0.0,-2.77238,-2.83455]},"76o":{"weight":1.0,"played":[1.0,0.0,0.0],"evs":[0.0,-3.7723,-4.4261]},"86o":{"weight":1.0,"played":[1.0,0.0,0.0],"evs":[0.0,-3.92901,-4.5979]},"96o":{"weight":1.0,"played":[1.0,0.0,0.0],"evs":[0.0,-4.06417,-4.74432]},"T6o":{"weight":1.0,"played":[1.0,0.0,0.0],"evs":[0.0,-4.30758,-5.07393]},"J6o":{"weight":1.0,"played":[1.0,0.0,0.0],"evs":[0.0,-4.28858,-5.09833]},"Q6o":{"weight":1.0,"played":[1.0,0.0,0.0],"evs":[0.0,-4.17531,-4.8843]},"K6o":{"weight":1.0,"played":[1.0,0.0,0.0],"evs":[0.0,-3.97333,-4.60896]},"A6o":{"weight":1.0,"played":[1.0,0.0,0.0],"evs":[0.0,-4.59172,-5.50871]},"72s":{"weight":1.0,"played":[1.0,0.0,0.0],"evs":[0.0,-4.10476,-4.81524]},"73s":{"weight":1.0,"played":[1.0,0.0,0.0],"evs":[0.0,-3.87244,-4.50982]},"74s":{"weight":1.0,"played":[1.0,0.0,0.0],"evs":[0.0,-3.53287,-4.13891]},"75s":{"weight":1.0,"played":[1.0,0.0,0.0],"evs":[0.0,-3.32098,-3.84954]},"76s":{"weight":1.0,"played":[1.0,0.0,0.0],"evs":[0.0,-3.09059,-3.59487]},"77":{"weight":1.0,"played":[1.0,0.0,0.0],"evs":[0.0,-2.53186,-2.56497]},"87o":{"weight":1.0,"played":[1.0,0.0,0.0],"evs":[0.0,-3.77244,-4.38832]},"97o":{"weight":1.0,"played":[1.0,0.0,0.0],"evs":[0.0,-3.88615,-4.52334]},"T7o":{"weight":1.0,"played":[1.0,0.0,0.0],"evs":[0.0,-4.17334,-4.86088]},"J7o":{"weight":1.0,"played":[1.0,0.0,0.0],"evs":[0.0,-4.17682,-4.88785]},"Q7o":{"weight":1.0,"played":[1.0,0.0,0.0],"evs":[0.0,-4.20425,-4.95712]},"K7o":{"weight":1.0,"played":[1.0,0.0,0.0],"evs":[0.0,-3.95249,-4.60744]},"A7o":{"weight":1.0,"played":[1.0,0.0,0.0],"evs":[0.0,-4.55231,-5.41577]},"82s":{"weight":1.0,"played":[1.0,0.0,0.0],"evs":[0.0,-4.0525,-4.69222]},"83s":{"weight":1.0,"played":[1.0,0.0,0.0],"evs":[0.0,-4.01671,-4.67218]},"84s":{"weight":1.0,"played":[1.0,0.0,0.0],"evs":[0.0,-3.76636,-4.35347]},"85s":{"weight":1.0,"played":[1.0,0.0,0.0],"evs":[0.0,-3.4745,-4.00984]},"86s":{"weight":1.0,"played":[1.0,0.0,0.0],"evs":[0.0,-3.20452,-3.7223]},"87s":{"weight":1.0,"played":[1.0,0.0,0.0],"evs":[0.0,-3.05428,-3.5284]},"88":{"weight":1.0,"played":[1.0,0.0,0.0],"evs":[0.0,-1.96447,-1.93292]},"98o":{"weight":1.0,"played":[1.0,0.0,0.0],"evs":[0.0,-3.73055,-4.30738]},"T8o":{"weight":1.0,"played":[1.0,0.0,0.0],"evs":[0.0,-3.9378,-4.55462]},"J8o":{"weight":1.0,"played":[1.0,0.0,0.0],"evs":[0.0,-3.97513,-4.58675]},"Q8o":{"weight":1.0,"played":[1.0,0.0,0.0],"evs":[0.0,-4.04205,-4.69133]},"K8o":{"weight":1.0,"played":[1.0,0.0,0.0],"evs":[0.0,-3.94992,-4.61916]},"A8o":{"weight":1.0,"played":[1.0,0.0,0.0],"evs":[0.0,-4.48436,-5.29133]},"92s":{"weight":1.0,"played":[1.0,0.0,0.0],"evs":[0.0,-3.93217,-4.51775]},"93s":{"weight":1.0,"played":[1.0,0.0,0.0],"evs":[0.0,-3.90671,-4.49423]},"94s":{"weight":1.0,"played":[1.0,0.0,0.0],"evs":[0.0,-3.83375,-4.45976]},"95s":{"weight":1.0,"played":[1.0,0.0,0.0],"evs":[0.0,-3.62523,-4.18046]},"96s":{"weight":1.0,"played":[1.0,0.0,0.0],"evs":[0.0,-3.37154,-3.8809]},"97s":{"weight":1.0,"played":[1.0,0.0,0.0],"evs":[0.0,-3.17064,-3.65366]},"98s":{"weight":1.0,"played":[1.0,0.0,0.0],"evs":[0.0,-3.01484,-3.46111]},"99":{"weight":1.0,"played":[1.0,0.0,0.0],"evs":[0.0,-1.23956,-1.18127]},"T9o":{"weight":1.0,"played":[1.0,0.0,0.0],"evs":[0.0,-3.71786,-4.21861]},"J9o":{"weight":1.0,"played":[1.0,0.0,0.0],"evs":[0.0,-3.70871,-4.21742]},"Q9o":{"weight":1.0,"played":[1.0,0.0,0.0],"evs":[0.0,-3.79667,-4.32431]},"K9o":{"weight":1.0,"played":[1.0,0.0,0.0],"evs":[0.0,-3.71408,-4.23542]},"A9o":{"weight":1.0,"played":[1.0,0.0,0.0],"evs":[0.0,-4.3565,-5.04339]},"T2s":{"weight":1.0,"played":[1.0,0.0,0.0],