{"player":0,"street":0,"children":4,"sequence":[],"actions":[{"type":"F","amount":0,"node":1},{"type":"C","amount":3200000,"node":43},{"type":"R","amount":6400000,"node":174},{"type":"R","amount":39200000,"node":231}],"hands":{"22":{"weight":1.0,"played":[1.0,0.0,0.0,0.0],"evs":[0.0,-0.09587,-0.14223,-0.15735]},"32o":{"weight":1.0,"played":[1.0,0.0,0.0,0.0],"evs":[0.0,-0.60967,-0.82222,-1.73236]},"42o":{"weight":1.0,"played":[1.0,0.0,0.0,0.0],"evs":[0.0,-0.58099,-0.78103,-1.66478]},"52o":{"weight":1.0,"played":[1.0,0.0,0.0,0.0],"evs":[0.0,-0.5528,-0.73478,-1.57656]},"62o":{"weight":1.0,"played":[1.0,0.0,0.0,0.0],"evs":[0.0,-0.5945,-0.78676,-1.68438]},"72o":{"weight":1.0,"played":[1.0,0.0,0.0,0.0],"evs":[0.0,-0.61097,-0.81131,-1.73281]},"82o":{"weight":1.0,"played":[1.0,0.0,0.0,0.0],"evs":[0.0,-0.5844,-0.76707,-1.57913]},"92o":{"weight":1.0,"played":[1.0,0.0,0.0,0.0],"evs":[0.0,-0.55926,-0.7322,-1.45451]},"T2o":{"weight":1.0,"played":[1.0,0.0,0.0,0.0],"evs":[0.0,-0.51744,-0.66244,-1.3218]},"J2o":{"weight":1.0,"played":[1.0,0.0,0.0,0.0],"evs":[0.0,-0.46935,-0.59185,-1.17147]},"Q2o":{"weight":1.0,"played":[1.0,0.0,0.0,0.0],"evs":[0.0,-0.41097,-0.50185,-0.98917]},"K2o":{"weight":1.0,"played":[1.0,0.0,0.0,0.0],"evs":[0.0,-0.34892,-0.40929,-0.77844]},"A2o":{"weight":1.0,"played":[1.0,0.0,0.0,0.0],"evs":[0.0,-0.15055,-0.1824,-0.33654]},"32s":{"weight":1.0,"played":[1.0,0.0,0.0,0.0],"evs":[0.0,-0.47597,-0.62615,-1.25041]},"33":{"weight":1.0,"played":[0.9455,0.0492,0.0052,0.0],"evs":[0.0,-0.00249,-0.01852,-0.01858]},"43o":{"weight":1.0,"played":[1.0,0.0,0.0,0.0],"evs":[0.0,-0.5236,-0.68927,-1.48015]},"53o":{"weight":1.0,"played":[1.0,0.0,0.0,0.0],"evs":[0.0,-0.49024,-0.63502,-1.37794]},"63o":{"weight":1.0,"played":[1.0,0.0,0.0,0.0],"evs":[0.0,-0.52881,-0.67834,-1.48672]},"73o":{"weight":1.0,"played":[1.0,0.0,0.0,0.0],"evs":[0.0,-0.55192,-0.70767,-1.53611]},"83o":{"weight":1.0,"played":[1.0,0.0,0.0,0.0],"evs":[0.0,-0.56998,-0.73811,-1.55495]},"93o":{"weight":1.0,"played":[1.0,0.0,0.0,0.0],"evs":[0.0,-0.53645,-0.6838,-1.39121]},"T3o":{"weight":1.0,"played":[1.0,0.0,0.0,0.0],"evs":[0.0,-0.49544,-0.61183,-1.25805]},"J3o":{"weight":1.0,"played":[1.0,0.0,0.0,0.0],"evs":[0.0,-0.44465,-0.54493,-1.11291]},"Q3o":{"weight":1.0,"played":[1.0,0.0,0.0,0.0],"evs":[0.0,-0.38371,-0.45299,-0.92405]},"K3o":{"weight":1.0,"played":[1.0,0.0,0.0,0.0],"evs":[0.0,-0.31568,-0.3587,-0.71955]},"A3o":{"weight":1.0,"played":[1.0,0.0,0.0,0.0],"evs":[0.0,-0.10191,-0.11997,-0.26907]},"42s":{"weight":1.0,"played":[1.0,0.0,0.0,0.0],"evs":[0.0,-0.44112,-0.58282,-1.19066]},"43s":{"weight":1.0,"played":[1.0,0.0,0.0,0.0],"evs":[0.0,-0.36871,-0.49977,-1.01761]},"44":{"weight":1.0,"played":[0.0,0.0231,0.0141,0.9628],"evs":[0.0,0.1217,0.11566,0.1256]},"54o":{"weight":1.0,"played":[1.0,0.0,0.0,0.0],"evs":[0.0,-0.41866,-0.55574,-1.19762]},"64o":{"weight":1.0,"played":[1.0,0.0,0.0,0.0],"evs":[0.0,-0.45882,-0.5812,-1.29717]},"74o":{"weight":1.0,"played":[1.0,0.0,0.0,0.0],"evs":[0.0,-0.48269,-0.61161,-1.34249]},"84o":{"weight":1.0,"played":[1.0,0.0,0.0,0.0],"evs":[0.0,-0.5036,-0.64096,-1.36074]},"94o":{"weight":1.0,"played":[1.0,0.0,0.0,0.0],"evs":[0.0,-0.51504,-0.65009,-1.36997]},"T4o":{"weight":1.0,"played":[1.0,0.0,0.0,0.0],"evs":[0.0,-0.46516,-0.5672,-1.20306]},"J4o":{"weight":1.0,"played":[1.0,0.0,0.0,0.0],"evs":[0.0,-0.41633,-0.50286,-1.05348]},"Q4o":{"weight":1.0,"played":[1.0,0.0,0.0,0.0],"evs":[0.0,-0.35188,-0.40709,-0.86841]},"K4o":{"weight":1.0,"played":[1.0,0.0,0.0,0.0],"evs":[0.0,-0.27218,-0.30927,-0.65939]},"A4o":{"weight":1.0,"played":[1.0,0.0,0.0,0.0],"evs":[0.0,-0.06178,-0.06791,-0.21286]},"52s":{"weight":1.0,"played":[1.0,0.0,0.0,0.0],"evs":[0.0,-0.4061,-0.54105,-1.11482]},"53s":{"weight":1.0,"played":[1.0,0.0,0.0,0.0],"evs":[0.0,-0.32289,-0.44386,-0.92854]},"54s":{"weight":1.0,"played":[1.0,0.0,0.0,0.0],"evs":[0.0,-0.24988,-0.3532,-0.75946]},"55":{"weight":1.0,"played":[0.0,0.0077,0.0,0.9923],"evs":[0.0,0.29987,0.29157,0.31733]},"65o":{"weight":1.0,"played":[1.0,0.0,0.0,0.0],"evs":[0.0,-0.36863,-0.48144,-1.09324]},"75o":{"weight":1.0,"played":[1.0,0.0,0.0,0.0],"evs":[0.0,-0.39257,-0.49888,-1.13706]},"85o":{"weight":1.0,"played":[1.0,0.0,0.0,0.0],"evs":[0.0,-0.42404,-0.52583,-1.14803]},"95o":{"weight":1.0,"played":[1.0,0.0,0.0,0.0],"evs":[0.0,-0.44715,-0.53894,-1.16076]},"T5o":{"weight":1.0,"played":[1.0,0.0,0.0,0.0],"evs":[0.0,-0.4384,-0.51856,-1.15335]},"J5o":{"weight":1.0,"played":[1.0,0.0,0.0,0.0],"evs":[0.0,-0.38073,-0.4432,-0.97158]},"Q5o":{"weight":1.0,"played":[1.0,0.0,0.0,0.0],"evs":[0.0,-0.30664,-0.34263,-0.78499]},"K5o":{"weight":1.0,"played":[1.0,0.0,0.0,0.0],"evs":[0.0,-0.22555,-0.24339,-0.58219]},"A5o":{"weight":1.0,"played":[0.9383,0.0013,0.0603,0.0],"evs":[0.0,-0.01112,-0.00176,-0.13575]},"62s":{"weight":1.0,"played":[1.0,0.0,0.0,0.0],"evs":[0.0,-0.44734,-0.57855,-1.20828]},"63s":{"weight":1.0,"played":[1.0,0.0,0.0,0.0],"evs":[0.0,-0.36864,-0.48071,-1.02226]},"64s":{"weight":1.0,"played":[1.0,0.0,0.0,0.0],"evs":[0.0,-0.28574,-0.39415,-0.84959]},"65s":{"weight":1.0,"played":[1.0,0.0,0.0,0.0],"evs":[0.0,-0.19862,-0.28499,-0.66678]},"66":{"weight":1.0,"played":[0.0,0.0039,0.0015,0.9946],"evs":[0.0,0.52447,0.51627,0.53759]},"76o":{"weight":1.0,"played":[1.0,0.0,0.0,0.0],"evs":[0.0,-0.31824,-0.42847,-0.95086]},"86o":{"weight":1.0,"played":[1.0,0.0,0.0,0.0],"evs":[0.0,-0.34672,-0.45664,-0.96163]},"96o":{"weight":1.0,"played":[1.0,0.0,0.0,0.0],"evs":[0.0,-0.37422,-0.46445,-0.97641]},"T6o":{"weight":1.0,"played":[1.0,0.0,0.0,0.0],"evs":[0.0,-0.37695,-0.45231,-0.96449]},"J6o":{"weight":1.0,"played":[1.0,0.0,0.0,0.0],"evs":[0.0,-0.36619,-0.43939,-0.94209]},"Q6o":{"weight":1.0,"played":[1.0,0.0,0.0,0.0],"evs":[0.0,-0.28483,-0.32857,-0.726]},"K6o":{"weight":1.0,"played":[1.0,0.0,0.0,0.0],"evs":[0.0,-0.20316,-0.22971,-0.51349]},"A6o":{"weight":1.0,"played":[1.0,0.0,0.0,0.0],"evs":[0.0,-0.04327,-0.04475,-0.2193]},"72s":{"weight":1.0,"played":[1.0,0.0,0.0,0.0],"evs":[0.0,-0.47334,-0.60262,-1.25579]},"73s":{"weight":1.0,"played":[1.0,0.0,0.0,0.0],"evs":[0.0,-0.39978,-0.51269,-1.06972]},"74s":{"weight":1.0,"played":[1.0,0.0,0.0,0.0],"evs":[0.0,-0.31234,-0.42036,-0.88766]},"75s":{"weight":1.0,"played":[1.0,0.0,0.0,0.0],"evs":[0.0,-0.21756,-0.31093,-0.69416]},"76s":{"weight":1.0,"played":[1.0,0.0,0.0,0.0],"evs":[0.0,-0.15175,-0.23721,-0.53082]},"77":{"weight":1.0,"played":[0.0,0.0074,0.1789,0.8137],"evs":[0.0,0.8316,0.83218,0.83786]},"87o":{"weight":1.0,"played":[1.0,0.0,0.0,0.0],"evs":[0.0,-0.27084,-0.37949,-0.78012]},"97o":{"weight":1.0,"played":[1.0,0.0,0.0,0.0],"evs":[0.0,-0.29203,-0.37793,-0.78044]},"T7o":{"weight":1.0,"played":[1.0,0.0,0.0,0.0],"evs":[0.0,-0.29272,-0.36468,-0.76531]},"J7o":{"weight":1.0,"played":[1.0,0.0,0.0,0.0],"evs":[0.0,-0.28798,-0.35478,-0.74141]},"Q7o":{"weight":1.0,"played":[1.0,0.0,0.0,0.0],"evs":[0.0,-0.25901,-0.29585,-0.67513]},"K7o":{"weight":1.0,"played":[1.0,0.0,0.0,0.0],"evs":[0.0,-0.17844,-0.19666,-0.44074]},"A7o":{"weight":1.0,"played":[0.8517,0.0216,0.1267,0.0],"evs":[0.0,-0.00501,-0.00168,-0.116]},"82s":{"weight":1.0,"played":[1.0,0.0,0.0,0.0],"evs":[0.0,-0.43813,-0.56323,-1.11251]},"83s":{"weight":1.0,"played":[1.0,0.0,0.0,0.0],"evs":[0.0,-0.42489,-0.53882,-1.08709]},"84s":{"weight":1.0,"played":[1.0,0.0,0.0,0.0],"evs":[0.0,-0.34221,-0.4456,-0.9066]},"85s":{"weight":1.0,"played":[1.0,0.0,0.0,0.0],"evs":[0.0,-0.25182,-0.34011,-0.72749]},"86s":{"weight":1.0,"played":[1.0,0.0,0.0,0.0],"evs":[0.0,-0.17296,-0.26745,-0.53873]},"87s":{"weight":1.0,"played":[1.0,0.0,0.0,0.0],"evs":[0.0,-0.10175,-0.17832,-0.36135]},"88":{"weight":1.0,"played":[0.0,0.0049,0.0,0.9951],"evs":[0.0,1.20749,1.20187,1.22567]},"98o":{"weight":1.0,"played":[1.0,0.0,0.0,0.0],"evs":[0.0,-0.22189,-0.30458,-0.59092]},"T8o":{"weight":1.0,"played":[1.0,0.0,0.0,0.0],"evs":[0.0,-0.21951,-0.2877,-0.55362]},"J8o":{"weight":1.0,"played":[1.0,0.0,0.0,0.0],"evs":[0.0,-0.21699,-0.27626,-0.53037]},"Q8o":{"weight":1.0,"played":[1.0,0.0,0.0,0.0],"evs":[0.0,-0.19888,-0.22461,-0.47417]},