{"player":1,"street":0,"children":2,"sequence":[{"player":0,"type":"R","amount":6400000,"street":0}],"actions":[{"type":"F","amount":0,"node":175},{"type":"C","amount":2080000,"node":207}],"hands":{"22":{"weight":1.0,"played":[0.0,1.0],"evs":[0.0,0.60938]},"32o":{"weight":1.0,"played":[1.0,0.0],"evs":[0.0,-0.04397]},"42o":{"weight":1.0,"played":[1.0,0.0],"evs":[0.0,-0.01404]},"52o":{"weight":1.0,"played":[1.0E-4,0.9999],"evs":[0.0,0.01842]},"62o":{"weight":1.0,"played":[1.0,0.0],"evs":[0.0,-0.04862]},"72o":{"weight":1.0,"played":[1.0,0.0],"evs":[0.0,-0.11388]},"82o":{"weight":1.0,"played":[1.0,0.0],"evs":[0.0,-0.10557]},"92o":{"weight":1.0,"played":[1.0,0.0],"evs":[0.0,-0.07884]},"T2o":{"weight":1.0,"played":[1.0,0.0],"evs":[0.0,-0.06077]},"J2o":{"weight":1.0,"played":[0.9976,0.0024],"evs":[0.0,-0.03809]},"Q2o":{"weight":1.0,"played":[0.0,1.0],"evs":[0.0,0.04479]},"K2o":{"weight":1.0,"played":[0.0,1.0],"evs":[0.0,0.16255]},"A2o":{"weight":1.0,"played":[0.0,1.0],"evs":[0.0,0.47842]},"32s":{"weight":1.0,"played":[0.0,1.0],"evs":[0.0,0.17971]},"33":{"weight":1.0,"played":[0.0,1.0],"evs":[0.0,0.66693]},"43o":{"weight":1.0,"played":[0.0,1.0],"evs":[0.0,0.07476]},"53o":{"weight":1.0,"played":[0.0,1.0],"evs":[0.0,0.11079]},"63o":{"weight":1.0,"played":[0.0,1.0],"evs":[0.0,0.03863]},"73o":{"weight":1.0,"played":[1.0,0.0],"evs":[0.0,-0.02332]},"83o":{"weight":1.0,"played":[1.0,0.0],"evs":[0.0,-0.10448]},"93o":{"weight":1.0,"played":[1.0,0.0],"evs":[0.0,-0.06049]},"T3o":{"weight":1.0,"played":[0.9999,1.0E-4],"evs":[0.0,-0.04011]},"J3o":{"weight":1.0,"played":[0.999,0.001],"evs":[0.0,-0.01977]},"Q3o":{"weight":1.0,"played":[0.0,1.0],"evs":[0.0,0.06719]},"K3o":{"weight":1.0,"played":[0.0,1.0],"evs":[0.0,0.18959]},"A3o":{"weight":1.0,"played":[0.0,1.0],"evs":[0.0,0.50927]},"42s":{"weight":1.0,"played":[0.0,1.0],"evs":[0.0,0.21047]},"43s":{"weight":1.0,"played":[0.0,1.0],"evs":[0.0,0.29409]},"44":{"weight":1.0,"played":[0.0,1.0],"evs":[0.0,0.72801]},"54o":{"weight":1.0,"played":[0.0,1.0],"evs":[0.0,0.19019]},"64o":{"weight":1.0,"played":[0.0,1.0],"evs":[0.0,0.12734]},"74o":{"weight":1.0,"played":[0.0,1.0],"evs":[0.0,0.05998]},"84o":{"weight":1.0,"played":[1.0,0.0],"evs":[0.0,-0.01462]},"94o":{"weight":1.0,"played":[1.0,0.0],"evs":[0.0,-0.05789]},"T4o":{"weight":1.0,"played":[0.9989,0.0011],"evs":[0.0,-0.01467]},"J4o":{"weight":1.0,"played":[0.0,1.0],"evs":[0.0,0.01221]},"Q4o":{"weight":1.0,"played":[0.0,1.0],"evs":[0.0,0.09017]},"K4o":{"weight":1.0,"played":[0.0,1.0],"evs":[0.0,0.2048]},"A4o":{"weight":1.0,"played":[0.0,1.0],"evs":[0.0,0.53871]},"52s":{"weight":1.0,"played":[0.0,1.0],"evs":[0.0,0.2346]},"53s":{"weight":1.0,"played":[0.0,1.0],"evs":[0.0,0.32469]},"54s":{"weight":1.0,"played":[0.0,1.0],"evs":[0.0,0.38512]},"55":{"weight":1.0,"played":[0.0,1.0],"evs":[0.0,0.80196]},"65o":{"weight":1.0,"played":[0.0,1.0],"evs":[0.0,0.22879]},"75o":{"weight":1.0,"played":[0.0,1.0],"evs":[0.0,0.16325]},"85o":{"weight":1.0,"played":[0.0,1.0],"evs":[0.0,0.08743]},"95o":{"weight":1.0,"played":[0.0,1.0],"evs":[0.0,0.04381]},"T5o":{"weight":1.0,"played":[0.0206,0.9794],"evs":[0.0,0.00446]},"J5o":{"weight":1.0,"played":[0.0,1.0],"evs":[0.0,0.04653]},"Q5o":{"weight":1.0,"played":[0.0,1.0],"evs":[0.0,0.13103]},"K5o":{"weight":1.0,"played":[0.0,1.0],"evs":[0.0,0.24844]},"A5o":{"weight":1.0,"played":[0.0,1.0],"evs":[0.0,0.58757]},"62s":{"weight":1.0,"played":[0.0,1.0],"evs":[0.0,0.16674]},"63s":{"weight":1.0,"played":[0.0,1.0],"evs":[0.0,0.25626]},"64s":{"weight":1.0,"played":[0.0,1.0],"evs":[0.0,0.33671]},"65s":{"weight":1.0,"played":[0.0,1.0],"evs":[0.0,0.42314]},"66":{"weight":1.0,"played":[0.0,1.0],"evs":[0.0,0.85906]},"76o":{"weight":1.0,"played":[0.0,1.0],"evs":[0.0,0.23309]},"86o":{"weight":1.0,"played":[0.0,1.0],"evs":[0.0,0.15975]},"96o":{"weight":1.0,"played":[0.0,1.0],"evs":[0.0,0.12173]},"T6o":{"weight":1.0,"played":[0.0,1.0],"evs":[0.0,0.07881]},"J6o":{"weight":1.0,"played":[0.0,1.0],"evs":[0.0,0.03974]},"Q6o":{"weight":1.0,"played":[0.0,1.0],"evs":[0.0,0.13954]},"K6o":{"weight":1.0,"played":[0.0,1.0],"evs":[0.0,0.26031]},"A6o":{"weight":1.0,"played":[0.0,1.0],"evs":[0.0,0.54041]},"72s":{"weight":1.0,"played":[0.0,1.0],"evs":[0.0,0.11133]},"73s":{"weight":1.0,"played":[0.0,1.0],"evs":[0.0,0.1968]},"74s":{"weight":1.0,"played":[0.0,1.0],"evs":[0.0,0.28874]},"75s":{"weight":1.0,"played":[0.0,1.0],"evs":[0.0,0.37334]},"76s":{"weight":1.0,"played":[0.0,1.0],"evs":[0.0,0.44411]},"77":{"weight":1.0,"played":[0.0,1.0],"evs":[0.0,0.94085]},"87o":{"weight":1.0,"played":[0.0,1.0],"evs":[0.0,0.22925]},"97o":{"weight":1.0,"played":[0.0,1.0],"evs":[0.0,0.18761]},"T7o":{"weight":1.0,"played":[0.0,1.0],"evs":[0.0,0.14884]},"J7o":{"weight":1.0,"played":[0.0,1.0],"evs":[0.0,0.10232]},"Q7o":{"weight":1.0,"played":[0.0,1.0],"evs":[0.0,0.13396]},"K7o":{"weight":1.0,"played":[0.0,1.0],"evs":[0.0,0.29353]},"A7o":{"weight":1.0,"played":[0.0,1.0],"evs":[0.0,0.60395]},"82s":{"weight":1.0,"played":[0.0,1.0],"evs":[0.0,0.11733]},"83s":{"weight":1.0,"played":[0.0,1.0],"evs":[0.0,0.11917]},"84s":{"weight":1.0,"played":[0.0,1.0],"evs":[0.0,0.20399]},"85s":{"weight":1.0,"played":[0.0,1.0],"evs":[0.0,0.30686]},"86s":{"weight":1.0,"played":[0.0,1.0],"evs":[0.0,0.36665]},"87s":{"weight":1.0,"played":[0.0,1.0],"evs":[0.0,0.43301]},"88":{"weight":1.0,"played":[0.0,1.0],"evs":[0.0,1.03337]},"98o":{"weight":1.0,"played":[0.0,1.0],"evs":[0.0,0.22642]},"T8o":{"weight":1.0,"played":[0.0,1.0],"evs":[0.0,0.19329]},"J8o":{"weight":1.0,"played":[0.0,1.0],"evs":[0.0,0.15364]},"Q8o":{"weight":1.0,"played":[0.0,1.0],"evs":[0.0,0.1782]},"K8o":{"weight":1.0,"played":[0.0,1.0],"evs":[0.0,0.29352]},"A8o":{"weight":1.0,"played":[0.0,1.0],"evs":[0.0,0.68899]},"92s":{"weight":1.0,"played":[0.0,1.0],"evs":[0.0,0.13933]},"93s":{"weight":1.0,"played":[0.0,1.0],"evs":[0.0,0.15605]},"94s":{"weight":1.0,"played":[0.0,1.0],"evs":[0.0,0.1717]},"95s":{"weight":1.0,"played":[0.0,1.0],"evs":[0.0,0.25861]},"96s":{"weight":1.0,"played":[0.0,1.0],"evs":[0.0,0.32713]},"97s":{"weight":1.0,"played":[0.0,1.0],"evs":[0.0,0.39313]},"98s":{"weight":1.0,"played":[0.0,1.0],"evs":[0.0,0.43154]},"99":{"weight":1.0,"played":[0.0,1.0],"evs":[0.0,1.17119]},"T9o":{"weight":1.0,"played":[0.0,1.0],"evs":[0.0,0.2799]},"J9o":{"weight":1.0,"played":[0.0,1.0],"evs":[0.0,0.2487]},"Q9o":{"weight":1.0,"played":[0.0,1.0],"evs":[0.0,0.27801]},"K9o":{"weight":1.0,"played":[0.0,1.0],"evs":[0.0,0.39636]},"A9o":{"weight":1.0,"played":[0.0,1.0],"evs":[0.0,0.82532]},"T2s":{"weight":1.0,"played":[0.0,1.0],"evs":[0.0,0.16126]},"T3s":{"weight":1.0,"played":[0.0,1.0],"evs":[0.0,0.18776]},"T4s":{"weight":1.0,"played":[0.0,1.0],"evs":[0.0,0.20022]},"T5s":{"weight":1.0,"played":[0.0,1.0],"evs":[0.0,0.21863]},"T6s":{"weight":1.0,"played":[0.0,1.0],"evs":[0.0,0.29317]},"T7s":{"weight":1.0,"played":[0.0,1.0],"evs":[0.0,0.35928]},"T8s":{"weight":1.0,"played":[0.0,1.0],"evs":[0.0,0.40013]},"T9s":{"weight":1.0,"played":[0.0,1.0],"evs":[0.0,0.4826]},"TT":{"weight":1.0,"played":[0.0,1.0],"evs":[0.0,1.32929]},"JTo":{"weight":1.0,"played":[0.0,1.0],"evs":[0.0,0.34695]},"QTo":{"weight":1.0,"played":[0.0,1.0],"evs":[0.0,0.39095]},"KTo":{"weight":1.0,"played":[0.0,1.0],"evs":[0.0,0.5743]},"ATo":{"weight":1.0,"played":[0.0,1.0],"evs":[0.0,1.03359]},"J2s":{"weight":1.0,"played":[0.0,1.0],"evs":[0.0,0.19323]},"J3s":{"weight":1.0,"played":[0.0,1.0],"evs":[0.0,0.20363]},"J4s":{"weight":1.0,"played":[0.0,1.0],"evs":[0.0,0.23603]},"J5s":{"weight":1.0,"played":[0.0,1.0],"evs":[0.0,0.26799]},"J6s":{"weight":1.0,"played":[0.0,1.0],"evs":[0.0,0.25876]},"J7s":{"weight":1.0,"played":[0.0,1.0],"evs":[0.0,0.32015]},"J8s":{"weight":1.0,"played":[0.0,1.0],"evs":[0.0,0.36452]},"J9s":{"weight":1.0,"played":[0.0,1.0],"evs":[0.0,0.44833]},"JTs":{"weight":1.0,"played":[0.0,1.0],"evs":[0.0,0.55594]},"JJ":{"weight":1.0,"played":[0.0,1.0],"evs":[0.0,1.59332]},"QJo":{"weight":1.0,"played":[0.0,1.0],"evs":[0.0,0.49553]},"KJo":{"weight":1.0,"played":[0.0,1.0],"evs":[0.0,0.72331]},"AJo":{"weight":1.0,