{"player":2,"street":0,"children":3,"sequence":[{"player":0,"type":"R","amount":400000,"street":0},{"player":1,"type":"F","amount":0,"street":0}],"actions":[{"type":"F","amount":0,"node":104},{"type":"C","amount":400000,"node":142},{"type":"R","amount":3970000,"node":204}],"hands":{"22":{"weight":1.0,"played":[1.0,0.0,0.0],"evs":[0.0,-0.1462,-0.13839]},"32o":{"weight":1.0,"played":[1.0,0.0,0.0],"evs":[0.0,-0.55125,-1.6241]},"42o":{"weight":1.0,"played":[1.0,0.0,0.0],"evs":[0.0,-0.52545,-1.57473]},"52o":{"weight":1.0,"played":[1.0,0.0,0.0],"evs":[0.0,-0.50326,-1.52957]},"62o":{"weight":1.0,"played":[1.0,0.0,0.0],"evs":[0.0,-0.57646,-1.65786]},"72o":{"weight":1.0,"played":[1.0,0.0,0.0],"evs":[0.0,-0.64446,-1.80002]},"82o":{"weight":1.0,"played":[1.0,0.0,0.0],"evs":[0.0,-0.61936,-1.67774]},"92o":{"weight":1.0,"played":[1.0,0.0,0.0],"evs":[0.0,-0.61664,-1.58063]},"T2o":{"weight":1.0,"played":[1.0,0.0,0.0],"evs":[0.0,-0.61816,-1.53458]},"J2o":{"weight":1.0,"played":[1.0,0.0,0.0],"evs":[0.0,-0.57249,-1.40938]},"Q2o":{"weight":1.0,"played":[1.0,0.0,0.0],"evs":[0.0,-0.52125,-1.24044]},"K2o":{"weight":1.0,"played":[1.0,0.0,0.0],"evs":[0.0,-0.45503,-1.0524]},"A2o":{"weight":1.0,"played":[1.0,0.0,0.0],"evs":[0.0,-0.40497,-0.62969]},"32s":{"weight":1.0,"played":[1.0,0.0,0.0],"evs":[0.0,-0.33342,-1.10137]},"33":{"weight":1.0,"played":[1.0,0.0,0.0],"evs":[0.0,-0.07219,-0.0668]},"43o":{"weight":1.0,"played":[1.0,0.0,0.0],"evs":[0.0,-0.43813,-1.36631]},"53o":{"weight":1.0,"played":[1.0,0.0,0.0],"evs":[0.0,-0.39708,-1.31336]},"63o":{"weight":1.0,"played":[1.0,0.0,0.0],"evs":[0.0,-0.48183,-1.44132]},"73o":{"weight":1.0,"played":[1.0,0.0,0.0],"evs":[0.0,-0.55425,-1.5797]},"83o":{"weight":1.0,"played":[1.0,0.0,0.0],"evs":[0.0,-0.60194,-1.66451]},"93o":{"weight":1.0,"played":[1.0,0.0,0.0],"evs":[0.0,-0.58314,-1.51414]},"T3o":{"weight":1.0,"played":[1.0,0.0,0.0],"evs":[0.0,-0.58538,-1.48319]},"J3o":{"weight":1.0,"played":[1.0,0.0,0.0],"evs":[0.0,-0.54256,-1.35208]},"Q3o":{"weight":1.0,"played":[1.0,0.0,0.0],"evs":[0.0,-0.48866,-1.18781]},"K3o":{"weight":1.0,"played":[1.0,0.0,0.0],"evs":[0.0,-0.42347,-0.98873]},"A3o":{"weight":1.0,"played":[1.0,0.0,0.0],"evs":[0.0,-0.35826,-0.57422]},"42s":{"weight":1.0,"played":[1.0,0.0,0.0],"evs":[0.0,-0.29573,-1.04141]},"43s":{"weight":1.0,"played":[1.0,0.0,0.0],"evs":[0.0,-0.20948,-0.85396]},"44":{"weight":1.0,"played":[0.6429,2.0E-4,0.3569],"evs":[0.0,-0.00885,-0.00505]},"54o":{"weight":1.0,"played":[1.0,0.0,0.0],"evs":[0.0,-0.32076,-1.12404]},"64o":{"weight":1.0,"played":[1.0,0.0,0.0],"evs":[0.0,-0.36908,-1.24155]},"74o":{"weight":1.0,"played":[1.0,0.0,0.0],"evs":[0.0,-0.46315,-1.38289]},"84o":{"weight":1.0,"played":[1.0,0.0,0.0],"evs":[0.0,-0.52473,-1.45555]},"94o":{"weight":1.0,"played":[1.0,0.0,0.0],"evs":[0.0,-0.56733,-1.51247]},"T4o":{"weight":1.0,"played":[1.0,0.0,0.0],"evs":[0.0,-0.55538,-1.43507]},"J4o":{"weight":1.0,"played":[1.0,0.0,0.0],"evs":[0.0,-0.51175,-1.30019]},"Q4o":{"weight":1.0,"played":[1.0,0.0,0.0],"evs":[0.0,-0.46293,-1.12639]},"K4o":{"weight":1.0,"played":[1.0,0.0,0.0],"evs":[0.0,-0.40038,-0.9414]},"A4o":{"weight":1.0,"played":[1.0,0.0,0.0],"evs":[0.0,-0.32041,-0.52903]},"52s":{"weight":1.0,"played":[1.0,0.0,0.0],"evs":[0.0,-0.27207,-0.98536]},"53s":{"weight":1.0,"played":[1.0,0.0,0.0],"evs":[0.0,-0.1711,-0.79785]},"54s":{"weight":1.0,"played":[1.0,0.0,0.0],"evs":[0.0,-0.08555,-0.60453]},"55":{"weight":1.0,"played":[0.0,0.915,0.0849],"evs":[0.0,0.07952,0.05596]},"65o":{"weight":1.0,"played":[1.0,0.0,0.0],"evs":[0.0,-0.27173,-1.05806]},"75o":{"weight":1.0,"played":[1.0,0.0,0.0],"evs":[0.0,-0.33985,-1.18407]},"85o":{"weight":1.0,"played":[1.0,0.0,0.0],"evs":[0.0,-0.40796,-1.26896]},"95o":{"weight":1.0,"played":[1.0,0.0,0.0],"evs":[0.0,-0.47876,-1.31377]},"T5o":{"weight":1.0,"played":[1.0,0.0,0.0],"evs":[0.0,-0.5421,-1.42634]},"J5o":{"weight":1.0,"played":[1.0,0.0,0.0],"evs":[0.0,-0.49005,-1.24695]},"Q5o":{"weight":1.0,"played":[1.0,0.0,0.0],"evs":[0.0,-0.44183,-1.07423]},"K5o":{"weight":1.0,"played":[1.0,0.0,0.0],"evs":[0.0,-0.36927,-0.89327]},"A5o":{"weight":1.0,"played":[1.0,0.0,0.0],"evs":[0.0,-0.27658,-0.47606]},"62s":{"weight":1.0,"played":[1.0,0.0,0.0],"evs":[0.0,-0.3441,-1.11384]},"63s":{"weight":1.0,"played":[1.0,0.0,0.0],"evs":[0.0,-0.24641,-0.93367]},"64s":{"weight":1.0,"played":[1.0,0.0,0.0],"evs":[0.0,-0.13461,-0.72333]},"65s":{"weight":1.0,"played":[0.9999,1.0E-4,0.0],"evs":[0.0,-0.02941,-0.5532]},"66":{"weight":1.0,"played":[0.0,0.6741,0.3259],"evs":[0.0,0.21924,0.21923]},"76o":{"weight":1.0,"played":[1.0,0.0,0.0],"evs":[0.0,-0.25085,-0.98821]},"86o":{"weight":1.0,"played":[1.0,0.0,0.0],"evs":[0.0,-0.31243,-1.05842]},"96o":{"weight":1.0,"played":[1.0,0.0,0.0],"evs":[0.0,-0.37806,-1.11282]},"T6o":{"weight":1.0,"played":[1.0,0.0,0.0],"evs":[0.0,-0.4629,-1.23126]},"J6o":{"weight":1.0,"played":[1.0,0.0,0.0],"evs":[0.0,-0.47927,-1.24298]},"Q6o":{"weight":1.0,"played":[1.0,0.0,0.0],"evs":[0.0,-0.42683,-1.01813]},"K6o":{"weight":1.0,"played":[1.0,0.0,0.0],"evs":[0.0,-0.34387,-0.82884]},"A6o":{"weight":1.0,"played":[1.0,0.0,0.0],"evs":[0.0,-0.33542,-0.61506]},"72s":{"weight":1.0,"played":[1.0,0.0,0.0],"evs":[0.0,-0.40247,-1.25481]},"73s":{"weight":1.0,"played":[1.0,0.0,0.0],"evs":[0.0,-0.31279,-1.04986]},"74s":{"weight":1.0,"played":[1.0,0.0,0.0],"evs":[0.0,-0.21057,-0.8417]},"75s":{"weight":1.0,"played":[1.0,0.0,0.0],"evs":[0.0,-0.11305,-0.67162]},"76s":{"weight":1.0,"played":[0.9968,0.0032,0.0],"evs":[0.0,-0.02071,-0.49508]},"77":{"weight":1.0,"played":[0.0,0.132,0.868],"evs":[0.0,0.48141,0.48218]},"87o":{"weight":1.0,"played":[1.0,0.0,0.0],"evs":[0.0,-0.26526,-0.89826]},"97o":{"weight":1.0,"played":[1.0,0.0,0.0],"evs":[0.0,-0.2882,-0.93958]},"T7o":{"weight":1.0,"played":[1.0,0.0,0.0],"evs":[0.0,-0.36929,-1.03081]},"J7o":{"weight":1.0,"played":[1.0,0.0,0.0],"evs":[0.0,-0.40224,-1.05024]},"Q7o":{"weight":1.0,"played":[1.0,0.0,0.0],"evs":[0.0,-0.41609,-1.00818]},"K7o":{"weight":1.0,"played":[1.0,0.0,0.0],"evs":[0.0,-0.33474,-0.79318]},"A7o":{"weight":1.0,"played":[1.0,0.0,0.0],"evs":[0.0,-0.30849,-0.52891]},"82s":{"weight":1.0,"played":[1.0,0.0,0.0],"evs":[0.0,-0.37447,-1.11654]},"83s":{"weight":1.0,"played":[1.0,0.0,0.0],"evs":[0.0,-0.35917,-1.12343]},"84s":{"weight":1.0,"played":[1.0,0.0,0.0],"evs":[0.0,-0.26949,-0.92866]},"85s":{"weight":1.0,"played":[1.0,0.0,0.0],"evs":[0.0,-0.16238,-0.73345]},"86s":{"weight":1.0,"played":[1.0,0.0,0.0],"evs":[0.0,-0.07064,-0.55865]},"87s":{"weight":1.0,"played":[0.9974,0.0026,0.0],"evs":[0.0,-0.01641,-0.38605]},"88":{"weight":1.0,"played":[0.0,0.0,1.0],"evs":[0.0,0.86619,0.89342]},"98o":{"weight":1.0,"played":[1.0,0.0,0.0],"evs":[0.0,-0.24992,-0.76599]},"T8o":{"weight":1.0,"played":[1.0,0.0,0.0],"evs":[0.0,-0.30283,-0.81997]},"J8o":{"weight":1.0,"played":[1.0,0.0,0.0],"evs":[0.0,-0.32269,-0.83592]},"Q8o":{"weight":1.0,"played":[1.0,0.0,0.0],"evs":[0.0,-0.34674,-0.81335]},"K8o":{"weight":1.0,"played":[1.0,0.0,0.0],"evs":[0.0,-0.3287,-0.762]},"A8o":{"weight":1.0,"played":[1.0,0.0,0.0],"evs":[0.0,-0.26084,-0.45307]},"92s":{"weight":1.0,"played":[1.0,0.0,0.0],"evs":[0.0,-0.36931,-1.03232]},"93s":{"weight":1.0,"played":[1.0,0.0,0.0],"evs":[0.0,-0.34199,-0.98215]},"94s":{"weight":1.0,"played":[1.0,0.0,0.0],"evs":[0.0,-0.32486,-0.97697]},"95s":{"weight":1.0,"played":[1.0,0.0,0.0],"evs":[0.0,-0.24006,-0.79349]},"96s":{"weight":1.0,"played":[1.0,0.0,0.0],"evs":[0.0,-0.12786,-0.59142]},"97s":{"weight":1.0,"played":[1.0,0.0,0.0],"evs":[0.0,-0.04904,-0.44337]},"98s":{"weight":1.0,"played":[0.7498,0.2502,0.0],"evs":[0.0,8.0E-5,-0.26947]},"99":{"weight":1.0,"played":[0.0,0.0,1.0],"evs":[0.0,1.25011,1.44002]},"T9o":{"weight":1.0,"played":[1.0,0.0,0.0],"evs":[0.0,-0.25029,-0.57647]},"J9o":{"weight":1.0,"played":[1.0,0.0,0.0],"evs":[0.0,-0.24399,-0.61274]},"Q9o":{"weight":1.0,"played":[1.0,0.0,0.0],"evs":[0.0,-0.26727,-0.58951]},"K9o":{"weight":1.0,"played":[1.0,0.0,0.0],"evs":[0.0,-0.27884,-0.53912]},"A9o":{"weight":1.0,"played":[1.0,0.0,0.0],"evs":[0.0,-0.19645,-0.35423]},