{"player":2,"street":0,"children":3,"sequence":[{"player":0,"type":"F","amount":0,"street":0},{"player":1,"type":"R","amount":1810000,"street":0}],"actions":[{"type":"F","amount":0,"node":67},{"type":"C","amount":1810000,"node":78},{"type":"R","amount":3970000,"node":95}],"hands":{"22":{"weight":1.0,"played":[0.0,0.0605,0.9394],"evs":[0.0,0.07869,0.08585]},"32o":{"weight":1.0,"played":[1.0,0.0,0.0],"evs":[0.0,-2.94048,-3.02639]},"42o":{"weight":1.0,"played":[1.0,0.0,0.0],"evs":[0.0,-2.8095,-2.84051]},"52o":{"weight":1.0,"played":[1.0,0.0,0.0],"evs":[0.0,-2.68946,-2.7206]},"62o":{"weight":1.0,"played":[1.0,0.0,0.0],"evs":[0.0,-2.90519,-2.94146]},"72o":{"weight":1.0,"played":[1.0,0.0,0.0],"evs":[0.0,-3.01589,-3.11045]},"82o":{"weight":1.0,"played":[1.0,0.0,0.0],"evs":[0.0,-2.88243,-2.92459]},"92o":{"weight":1.0,"played":[1.0,0.0,0.0],"evs":[0.0,-2.8075,-2.84177]},"T2o":{"weight":1.0,"played":[1.0,0.0,0.0],"evs":[0.0,-2.72231,-2.75999]},"J2o":{"weight":1.0,"played":[1.0,0.0,0.0],"evs":[0.0,-2.60914,-2.64283]},"Q2o":{"weight":1.0,"played":[1.0,0.0,0.0],"evs":[0.0,-2.41469,-2.42942]},"K2o":{"weight":1.0,"played":[1.0,0.0,0.0],"evs":[0.0,-2.02466,-2.02963]},"A2o":{"weight":1.0,"played":[1.0,0.0,0.0],"evs":[0.0,-0.9793,-0.98171]},"32s":{"weight":1.0,"played":[1.0,0.0,0.0],"evs":[0.0,-2.04188,-2.0609]},"33":{"weight":1.0,"played":[0.0,2.0E-4,0.9998],"evs":[0.0,0.39496,0.40994]},"43o":{"weight":1.0,"played":[1.0,0.0,0.0],"evs":[0.0,-2.42911,-2.45207]},"53o":{"weight":1.0,"played":[1.0,0.0,0.0],"evs":[0.0,-2.29322,-2.31235]},"63o":{"weight":1.0,"played":[1.0,0.0,0.0],"evs":[0.0,-2.50619,-2.53214]},"73o":{"weight":1.0,"played":[1.0,0.0,0.0],"evs":[0.0,-2.69486,-2.7238]},"83o":{"weight":1.0,"played":[1.0,0.0,0.0],"evs":[0.0,-2.85491,-2.88871]},"93o":{"weight":1.0,"played":[1.0,0.0,0.0],"evs":[0.0,-2.71838,-2.74762]},"T3o":{"weight":1.0,"played":[1.0,0.0,0.0],"evs":[0.0,-2.61478,-2.64402]},"J3o":{"weight":1.0,"played":[1.0,0.0,0.0],"evs":[0.0,-2.49836,-2.52751]},"Q3o":{"weight":1.0,"played":[1.0,0.0,0.0],"evs":[0.0,-2.29899,-2.30646]},"K3o":{"weight":1.0,"played":[1.0,0.0,0.0],"evs":[0.0,-1.90866,-1.905]},"A3o":{"weight":1.0,"played":[1.0,0.0,0.0],"evs":[0.0,-0.83889,-0.83532]},"42s":{"weight":1.0,"played":[1.0,0.0,0.0],"evs":[0.0,-1.85607,-1.87557]},"43s":{"weight":1.0,"played":[1.0,0.0,0.0],"evs":[0.0,-1.49382,-1.50753]},"44":{"weight":1.0,"played":[0.0,0.0279,0.9721],"evs":[0.0,0.86509,0.88224]},"54o":{"weight":1.0,"played":[1.0,0.0,0.0],"evs":[0.0,-1.85531,-1.86922]},"64o":{"weight":1.0,"played":[1.0,0.0,0.0],"evs":[0.0,-2.07971,-2.09499]},"74o":{"weight":1.0,"played":[1.0,0.0,0.0],"evs":[0.0,-2.27059,-2.29192]},"84o":{"weight":1.0,"played":[1.0,0.0,0.0],"evs":[0.0,-2.42136,-2.44562]},"94o":{"weight":1.0,"played":[1.0,0.0,0.0],"evs":[0.0,-2.61294,-2.64042]},"T4o":{"weight":1.0,"played":[1.0,0.0,0.0],"evs":[0.0,-2.4529,-2.48122]},"J4o":{"weight":1.0,"played":[1.0,0.0,0.0],"evs":[0.0,-2.33792,-2.36199]},"Q4o":{"weight":1.0,"played":[1.0,0.0,0.0],"evs":[0.0,-2.13881,-2.1432]},"K4o":{"weight":1.0,"played":[1.0,0.0,0.0],"evs":[0.0,-1.74888,-1.74533]},"A4o":{"weight":1.0,"played":[1.0,0.0,0.0],"evs":[0.0,-0.67549,-0.66666]},"52s":{"weight":1.0,"played":[1.0,0.0,0.0],"evs":[0.0,-1.74647,-1.76476]},"53s":{"weight":1.0,"played":[1.0,0.0,0.0],"evs":[0.0,-1.35861,-1.37334]},"54s":{"weight":1.0,"played":[1.0,0.0,0.0],"evs":[0.0,-0.96108,-0.9706]},"55":{"weight":1.0,"played":[0.0,0.0,1.0],"evs":[0.0,1.36121,1.37273]},"65o":{"weight":1.0,"played":[1.0,0.0,0.0],"evs":[0.0,-1.70038,-1.71375]},"75o":{"weight":1.0,"played":[1.0,0.0,0.0],"evs":[0.0,-1.89456,-1.91008]},"85o":{"weight":1.0,"played":[1.0,0.0,0.0],"evs":[0.0,-2.04085,-2.06117]},"95o":{"weight":1.0,"played":[1.0,0.0,0.0],"evs":[0.0,-2.23886,-2.25942]},"T5o":{"weight":1.0,"played":[1.0,0.0,0.0],"evs":[0.0,-2.42289,-2.4504]},"J5o":{"weight":1.0,"played":[1.0,0.0,0.0],"evs":[0.0,-2.25305,-2.27362]},"Q5o":{"weight":1.0,"played":[1.0,0.0,0.0],"evs":[0.0,-2.04951,-2.05371]},"K5o":{"weight":1.0,"played":[1.0,0.0,0.0],"evs":[0.0,-1.64201,-1.63552]},"A5o":{"weight":1.0,"played":[1.0,0.0,0.0],"evs":[0.0,-0.49353,-0.48814]},"62s":{"weight":1.0,"played":[1.0,0.0,0.0],"evs":[0.0,-1.93149,-1.95572]},"63s":{"weight":1.0,"played":[1.0,0.0,0.0],"evs":[0.0,-1.57536,-1.59021]},"64s":{"weight":1.0,"played":[1.0,0.0,0.0],"evs":[0.0,-1.14635,-1.16022]},"65s":{"weight":1.0,"played":[1.0,0.0,0.0],"evs":[0.0,-0.81071,-0.82225]},"66":{"weight":1.0,"played":[0.0,0.0,1.0],"evs":[0.0,1.90692,1.9241]},"76o":{"weight":1.0,"played":[1.0,0.0,0.0],"evs":[0.0,-1.50307,-1.51822]},"86o":{"weight":1.0,"played":[1.0,0.0,0.0],"evs":[0.0,-1.64697,-1.66172]},"96o":{"weight":1.0,"played":[1.0,0.0,0.0],"evs":[0.0,-1.83003,-1.84426]},"T6o":{"weight":1.0,"played":[1.0,0.0,0.0],"evs":[0.0,-2.01691,-2.03508]},"J6o":{"weight":1.0,"played":[1.0,0.0,0.0],"evs":[0.0,-2.16289,-2.18533]},"Q6o":{"weight":1.0,"played":[1.0,0.0,0.0],"evs":[0.0,-1.90661,-1.90771]},"K6o":{"weight":1.0,"played":[1.0,0.0,0.0],"evs":[0.0,-1.49366,-1.48613]},"A6o":{"weight":1.0,"played":[1.0,0.0,0.0],"evs":[0.0,-0.5373,-0.53506]},"72s":{"weight":1.0,"played":[1.0,0.0,0.0],"evs":[0.0,-2.08745,-2.11334]},"73s":{"weight":1.0,"played":[1.0,0.0,0.0],"evs":[0.0,-1.74291,-1.75676]},"74s":{"weight":1.0,"played":[1.0,0.0,0.0],"evs":[0.0,-1.33799,-1.35047]},"75s":{"weight":1.0,"played":[1.0,0.0,0.0],"evs":[0.0,-0.96501,-0.97315]},"76s":{"weight":1.0,"played":[1.0,0.0,0.0],"evs":[0.0,-0.64281,-0.65284]},"77":{"weight":1.0,"played":[0.0,0.0,1.0],"evs":[0.0,2.45616,2.47771]},"87o":{"weight":1.0,"played":[1.0,0.0,0.0],"evs":[0.0,-1.31234,-1.32484]},"97o":{"weight":1.0,"played":[1.0,0.0,0.0],"evs":[0.0,-1.45606,-1.46645]},"T7o":{"weight":1.0,"played":[1.0,0.0,0.0],"evs":[0.0,-1.63739,-1.65358]},"J7o":{"weight":1.0,"played":[1.0,0.0,0.0],"evs":[0.0,-1.80126,-1.81444]},"Q7o":{"weight":1.0,"played":[1.0,0.0,0.0],"evs":[0.0,-1.84777,-1.84814]},"K7o":{"weight":1.0,"played":[1.0,0.0,0.0],"evs":[0.0,-1.3846,-1.3755]},"A7o":{"weight":1.0,"played":[1.0,0.0,0.0],"evs":[0.0,-0.14922,-0.14327]},"82s":{"weight":1.0,"played":[1.0,0.0,0.0],"evs":[0.0,-1.91753,-1.93914]},"83s":{"weight":1.0,"played":[1.0,0.0,0.0],"evs":[0.0,-1.89415,-1.91556]},"84s":{"weight":1.0,"played":[1.0,0.0,0.0],"evs":[0.0,-1.49894,-1.5153]},"85s":{"weight":1.0,"played":[1.0,0.0,0.0],"evs":[0.0,-1.13734,-1.14991]},"86s":{"weight":1.0,"played":[1.0,0.0,0.0],"evs":[0.0,-0.76997,-0.78088]},"87s":{"weight":1.0,"played":[1.0,0.0,0.0],"evs":[0.0,-0.42872,-0.43697]},"88":{"weight":1.0,"played":[0.0,2.0E-4,0.9998],"evs":[0.0,3.0728,3.09101]},"98o":{"weight":1.0,"played":[1.0,0.0,0.0],"evs":[0.0,-1.13853,-1.15353]},"T8o":{"weight":1.0,"played":[1.0,0.0,0.0],"evs":[0.0,-1.25905,-1.27383]},"J8o":{"weight":1.0,"played":[1.0,0.0,0.0],"evs":[0.0,-1.42184,-1.43986]},"Q8o":{"weight":1.0,"played":[1.0,0.0,0.0],"evs":[0.0,-1.50107,-1.50153]},"K8o":{"weight":1.0,"played":[1.0,0.0,0.0],"evs":[0.0,-1.29077,-1.28661]},"A8o":{"weight":1.0,"played":[0.0,0.0018,0.9982],"evs":[0.0,0.31528,0.32506]},"92s":{"weight":1.0,"played":[1.0,0.0,0.0],"evs":[0.0,-1.86281,-1.8818]},"93s":{"weight":1.0,"played":[1.0,0.0,0.0],"evs":[0.0,-1.74843,-1.76466]},"94s":{"weight":1.0,"played":[1.0,0.0,0.0],"evs":[0.0,-1.65562,-1.67145]},"95s":{"weight":1.0,"played":[1.0,0.0,0.0],"evs":[0.0,-1.31926,-1.33233]},"96s":{"weight":1.0,"played":[1.0,0.0,0.0],"evs":[0.0,-0.92852,-0.93665]},"97s":{"weight":1.0,"played":[1.0,0.0,0.0],"evs":[0.0,-0.58336,-0.58733]},"98s":{"weight":1.0,"played":[1.0,0.0,0.0],"evs":[0.0,-0.24667,-0.25476]},"99":{"weight":1.0,"played":[0.0,0.0175,0.9825],"evs":[0.0,3.77638,3.77984]},"T9o":{"weight":1.0,"played":[1.0,0.0,0.0],"evs":[0.0,-0.90808,-0.91667]},"J9o":{"weight":1.0,"played":[1.0,0.0,0.0],"evs":[0.0,-1.05268,-1.05914]},"Q9o":{"weight":1.0,"played":[1.0,0.0,0.0],"evs":[0.0,-1.09233,-1.08759]},"K9o":{"weight":1.0,"played":[1.0,0.0,0.0],"evs":[0.0,-0.8626,-0.8511]},"A9o":{"weight":1.0,"played":[0.0,0.0022,0.9978],"evs":[0.0,0.8443,0.85215]},"T2s":{"weight":1.0,