{"player":0,"street":0,"children":4,"sequence":[],"actions":[{"type":"F","amount":0,"node":1},{"type":"C","amount":100000,"node":115},{"type":"R","amount":200000},{"type":"R","amount":1675000,"node":732}],"hands":{"22":{"weight":1.0,"played":[1.0E-4,0.9999,0.0,0.0],"evs":[0.0,0.21061,0.11062,-0.01002]},"32o":{"weight":1.0,"played":[1.0,0.0,0.0,0.0],"evs":[0.0,-0.60741,-0.93527,-3.10561]},"42o":{"weight":1.0,"played":[1.0,0.0,0.0,0.0],"evs":[0.0,-0.57678,-0.89336,-2.92211]},"52o":{"weight":1.0,"played":[1.0,0.0,0.0,0.0],"evs":[0.0,-0.54918,-0.85944,-2.75385]},"62o":{"weight":1.0,"played":[1.0,0.0,0.0,0.0],"evs":[0.0,-0.61168,-0.91003,-2.99587]},"72o":{"weight":1.0,"played":[1.0,0.0,0.0,0.0],"evs":[0.0,-0.64813,-0.95169,-3.18815]},"82o":{"weight":1.0,"played":[1.0,0.0,0.0,0.0],"evs":[0.0,-0.62338,-0.91241,-2.97901]},"92o":{"weight":1.0,"played":[1.0,0.0,0.0,0.0],"evs":[0.0,-0.59936,-0.87528,-2.82336]},"T2o":{"weight":1.0,"played":[1.0,0.0,0.0,0.0],"evs":[0.0,-0.55779,-0.82671,-2.59998]},"J2o":{"weight":1.0,"played":[1.0,0.0,0.0,0.0],"evs":[0.0,-0.50803,-0.77066,-2.32228]},"Q2o":{"weight":1.0,"played":[1.0,0.0,0.0,0.0],"evs":[0.0,-0.44394,-0.67505,-1.95949]},"K2o":{"weight":1.0,"played":[1.0,0.0,0.0,0.0],"evs":[0.0,-0.34561,-0.55547,-1.50623]},"A2o":{"weight":1.0,"played":[0.9997,3.0E-4,0.0,0.0],"evs":[0.0,-0.02901,-0.08215,-0.40896]},"32s":{"weight":1.0,"played":[1.0,0.0,0.0,0.0],"evs":[0.0,-0.43203,-0.70335,-2.10933]},"33":{"weight":1.0,"played":[0.0,1.0,0.0,0.0],"evs":[0.0,0.47433,0.35363,0.39279]},"43o":{"weight":1.0,"played":[1.0,0.0,0.0,0.0],"evs":[0.0,-0.50672,-0.81159,-2.51059]},"53o":{"weight":1.0,"played":[1.0,0.0,0.0,0.0],"evs":[0.0,-0.47087,-0.76219,-2.32392]},"63o":{"weight":1.0,"played":[1.0,0.0,0.0,0.0],"evs":[0.0,-0.5301,-0.81914,-2.56551]},"73o":{"weight":1.0,"played":[1.0,0.0,0.0,0.0],"evs":[0.0,-0.57672,-0.86292,-2.75944]},"83o":{"weight":1.0,"played":[1.0,0.0,0.0,0.0],"evs":[0.0,-0.61128,-0.89229,-2.89838]},"93o":{"weight":1.0,"played":[1.0,0.0,0.0,0.0],"evs":[0.0,-0.57958,-0.84411,-2.67119]},"T3o":{"weight":1.0,"played":[1.0,0.0,0.0,0.0],"evs":[0.0,-0.53726,-0.79497,-2.44928]},"J3o":{"weight":1.0,"played":[1.0,0.0,0.0,0.0],"evs":[0.0,-0.48747,-0.73361,-2.17771]},"Q3o":{"weight":1.0,"played":[1.0,0.0,0.0,0.0],"evs":[0.0,-0.42149,-0.63918,-1.81624]},"K3o":{"weight":1.0,"played":[1.0,0.0,0.0,0.0],"evs":[0.0,-0.31669,-0.51038,-1.35976]},"A3o":{"weight":1.0,"played":[0.0,1.0,0.0,0.0],"evs":[0.0,0.03378,0.00243,-0.26494]},"42s":{"weight":1.0,"played":[1.0,0.0,0.0,0.0],"evs":[0.0,-0.3955,-0.65485,-1.94731]},"43s":{"weight":1.0,"played":[1.0,0.0,0.0,0.0],"evs":[0.0,-0.31337,-0.52807,-1.56229]},"44":{"weight":1.0,"played":[0.0,0.3548,0.0,0.6452],"evs":[0.0,0.83965,0.76557,0.84106]},"54o":{"weight":1.0,"played":[1.0,0.0,0.0,0.0],"evs":[0.0,-0.39226,-0.64397,-1.91667]},"64o":{"weight":1.0,"played":[1.0,0.0,0.0,0.0],"evs":[0.0,-0.44536,-0.70225,-2.13599]},"74o":{"weight":1.0,"played":[1.0,0.0,0.0,0.0],"evs":[0.0,-0.49388,-0.75496,-2.32817]},"84o":{"weight":1.0,"played":[1.0,0.0,0.0,0.0],"evs":[0.0,-0.53298,-0.79345,-2.47667]},"94o":{"weight":1.0,"played":[1.0,0.0,0.0,0.0],"evs":[0.0,-0.5556,-0.81296,-2.58956]},"T4o":{"weight":1.0,"played":[1.0,0.0,0.0,0.0],"evs":[0.0,-0.50775,-0.74339,-2.29945]},"J4o":{"weight":1.0,"played":[1.0,0.0,0.0,0.0],"evs":[0.0,-0.45538,-0.68217,-2.02218]},"Q4o":{"weight":1.0,"played":[1.0,0.0,0.0,0.0],"evs":[0.0,-0.38939,-0.5835,-1.6583]},"K4o":{"weight":1.0,"played":[1.0,0.0,0.0,0.0],"evs":[0.0,-0.2792,-0.45639,-1.19868]},"A4o":{"weight":1.0,"played":[0.0,1.0,0.0,0.0],"evs":[0.0,0.10698,0.09284,-0.10219]},"52s":{"weight":1.0,"played":[1.0,0.0,0.0,0.0],"evs":[0.0,-0.36426,-0.60646,-1.79491]},"53s":{"weight":1.0,"played":[1.0,0.0,0.0,0.0],"evs":[0.0,-0.25643,-0.45225,-1.38018]},"54s":{"weight":1.0,"played":[1.0,0.0,0.0,0.0],"evs":[0.0,-0.12932,-0.27343,-1.00614]},"55":{"weight":1.0,"played":[0.0,0.6371,0.0012,0.3617],"evs":[0.0,1.34715,1.27766,1.34509]},"65o":{"weight":1.0,"played":[1.0,0.0,0.0,0.0],"evs":[0.0,-0.35885,-0.58663,-1.73537]},"75o":{"weight":1.0,"played":[1.0,0.0,0.0,0.0],"evs":[0.0,-0.39635,-0.63274,-1.90043]},"85o":{"weight":1.0,"played":[1.0,0.0,0.0,0.0],"evs":[0.0,-0.44019,-0.67279,-2.03868]},"95o":{"weight":1.0,"played":[1.0,0.0,0.0,0.0],"evs":[0.0,-0.47286,-0.70392,-2.15692]},"T5o":{"weight":1.0,"played":[1.0,0.0,0.0,0.0],"evs":[0.0,-0.47914,-0.7087,-2.19285]},"J5o":{"weight":1.0,"played":[1.0,0.0,0.0,0.0],"evs":[0.0,-0.42012,-0.63674,-1.86235]},"Q5o":{"weight":1.0,"played":[1.0,0.0,0.0,0.0],"evs":[0.0,-0.34727,-0.53514,-1.49025]},"K5o":{"weight":1.0,"played":[1.0,0.0,0.0,0.0],"evs":[0.0,-0.23535,-0.40379,-1.03733]},"A5o":{"weight":1.0,"played":[0.0,0.9995,5.0E-4,0.0],"evs":[0.0,0.21931,0.21735,0.08732]},"62s":{"weight":1.0,"played":[1.0,0.0,0.0,0.0],"evs":[0.0,-0.42472,-0.67915,-2.02101]},"63s":{"weight":1.0,"played":[1.0,0.0,0.0,0.0],"evs":[0.0,-0.33575,-0.54711,-1.60751]},"64s":{"weight":1.0,"played":[1.0,0.0,0.0,0.0],"evs":[0.0,-0.21061,-0.37816,-1.21574]},"65s":{"weight":1.0,"played":[1.0,0.0,0.0,0.0],"evs":[0.0,-0.06526,-0.1643,-0.83276]},"66":{"weight":1.0,"played":[0.0,0.0206,3.0E-4,0.9791],"evs":[0.0,1.86083,1.78859,1.86612]},"76o":{"weight":1.0,"played":[1.0,0.0,0.0,0.0],"evs":[0.0,-0.33011,-0.523,-1.53214]},"86o":{"weight":1.0,"played":[1.0,0.0,0.0,0.0],"evs":[0.0,-0.37054,-0.56192,-1.65198]},"96o":{"weight":1.0,"played":[1.0,0.0,0.0,0.0],"evs":[0.0,-0.39938,-0.59285,-1.75897]},"T6o":{"weight":1.0,"played":[1.0,0.0,0.0,0.0],"evs":[0.0,-0.41707,-0.60282,-1.8013]},"J6o":{"weight":1.0,"played":[1.0,0.0,0.0,0.0],"evs":[0.0,-0.40944,-0.60692,-1.77932]},"Q6o":{"weight":1.0,"played":[1.0,0.0,0.0,0.0],"evs":[0.0,-0.32881,-0.49405,-1.35273]},"K6o":{"weight":1.0,"played":[1.0,0.0,0.0,0.0],"evs":[0.0,-0.20815,-0.35299,-0.88536]},"A6o":{"weight":1.0,"played":[0.0,0.9993,7.0E-4,0.0],"evs":[0.0,0.175,0.16558,-0.01162]},"72s":{"weight":1.0,"played":[1.0,0.0,0.0,0.0],"evs":[0.0,-0.4619,-0.73076,-2.1964]},"73s":{"weight":1.0,"played":[1.0,0.0,0.0,0.0],"evs":[0.0,-0.38442,-0.62457,-1.80245]},"74s":{"weight":1.0,"played":[1.0,0.0,0.0,0.0],"evs":[0.0,-0.28605,-0.46916,-1.40303]},"75s":{"weight":1.0,"played":[1.0,0.0,0.0,0.0],"evs":[0.0,-0.15364,-0.27657,-0.99514]},"76s":{"weight":1.0,"played":[1.0,0.0,0.0,0.0],"evs":[0.0,-0.01768,-0.09329,-0.6528]},"77":{"weight":1.0,"played":[0.0,0.5865,1.0E-4,0.4134],"evs":[0.0,2.42022,2.3595,2.42214]},"87o":{"weight":1.0,"played":[1.0,0.0,0.0,0.0],"evs":[0.0,-0.28687,-0.44626,-1.3205]},"97o":{"weight":1.0,"played":[1.0,0.0,0.0,0.0],"evs":[0.0,-0.31436,-0.46807,-1.40175]},"T7o":{"weight":1.0,"played":[1.0,0.0,0.0,0.0],"evs":[0.0,-0.32986,-0.47361,-1.42965]},"J7o":{"weight":1.0,"played":[1.0,0.0,0.0,0.0],"evs":[0.0,-0.32908,-0.48879,-1.41177]},"Q7o":{"weight":1.0,"played":[1.0,0.0,0.0,0.0],"evs":[0.0,-0.2942,-0.45697,-1.28474]},"K7o":{"weight":1.0,"played":[1.0,0.0,0.0,0.0],"evs":[0.0,-0.16102,-0.29573,-0.74876]},"A7o":{"weight":1.0,"played":[0.0,0.9996,4.0E-4,0.0],"evs":[0.0,0.35953,0.34151,0.28564]},"82s":{"weight":1.0,"played":[1.0,0.0,0.0,0.0],"evs":[0.0,-0.4314,-0.67805,-1.99723]},"83s":{"weight":1.0,"played":[1.0,0.0,0.0,0.0],"evs":[0.0,-0.41791,-0.65932,-1.92798]},"84s":{"weight":1.0,"played":[1.0,0.0,0.0,0.0],"evs":[0.0,-0.33533,-0.5343,-1.53169]},"85s":{"weight":1.0,"played":[1.0,0.0,0.0,0.0],"evs":[0.0,-0.21004,-0.36565,-1.12354]},"86s":{"weight":1.0,"played":[1.0,0.0,0.0,0.0],"evs":[0.0,-0.07959,-0.18562,-0.75783]},"87s":{"weight":1.0,"played":[0.0019,0.9981,0.0,0.0],"evs":[0.0,0.06306,0.00694,-0.45302]},"88":{"weight":1.0,"played":[0.0,0.089,0.0,0.911],"evs":[0.0,3.10457,3.03291,3.10632]},"98o":{"weight":1.0,"played":[1.0,0.0,0.0,0.0],"evs":[0.0,-0.21642,-0.33592,-1.04745]},"T8o":{"weight":1.0,"played":[1.0,0.0,0.0,0.0],"evs":[0.0,-0.2164,-0.32683,-1.02527]},"J8o":{"weight":1.0,"played":[1.0,0.0,0.0,0.0],"evs":[0.0,-0.21608,-0.33987,-1.01178]},"Q8o":{"weight":1.0,"played":[1.0,0.0,0.0,0.0],"evs":[0.0,-0.18272,-0.29998,-0.89372]},"K8o":{"weight":1.0,