{"player":2,"street":0,"children":3,"sequence":[{"player":0,"type":"F","amount":0,"street":0},{"player":1,"type":"R","amount":165000,"street":0}],"actions":[{"type":"F","amount":0,"node":69},{"type":"C","amount":165000,"node":76},{"type":"R","amount":2172000,"node":108}],"hands":{"22":{"weight":1.0,"played":[0.0,0.8979,0.1021],"evs":[0.0,1.19642,1.18712]},"32o":{"weight":1.0,"played":[1.0,0.0,0.0],"evs":[0.0,-0.95918,-2.46141]},"42o":{"weight":1.0,"played":[1.0,0.0,0.0],"evs":[0.0,-0.93522,-2.26904]},"52o":{"weight":1.0,"played":[1.0,0.0,0.0],"evs":[0.0,-0.90809,-2.08575]},"62o":{"weight":1.0,"played":[1.0,0.0,0.0],"evs":[0.0,-0.97737,-2.40742]},"72o":{"weight":1.0,"played":[1.0,0.0,0.0],"evs":[0.0,-1.01598,-2.6733]},"82o":{"weight":1.0,"played":[1.0,0.0,0.0],"evs":[0.0,-0.97994,-2.44442]},"92o":{"weight":1.0,"played":[1.0,0.0,0.0],"evs":[0.0,-0.9353,-2.27177]},"T2o":{"weight":1.0,"played":[1.0,0.0,0.0],"evs":[0.0,-0.87247,-2.05766]},"J2o":{"weight":1.0,"played":[1.0,0.0,0.0],"evs":[0.0,-0.81026,-1.76859]},"Q2o":{"weight":1.0,"played":[1.0,0.0,0.0],"evs":[0.0,-0.72825,-1.46627]},"K2o":{"weight":1.0,"played":[1.0,0.0,0.0],"evs":[0.0,-0.47468,-0.9576]},"A2o":{"weight":1.0,"played":[0.0,1.0,0.0],"evs":[0.0,0.61343,0.58105]},"32s":{"weight":1.0,"played":[1.0,0.0,0.0],"evs":[0.0,-0.62181,-1.35479]},"33":{"weight":1.0,"played":[0.0,0.3823,0.6177],"evs":[0.0,1.65686,1.65796]},"43o":{"weight":1.0,"played":[1.0,0.0,0.0],"evs":[0.0,-0.85492,-1.83019]},"53o":{"weight":1.0,"played":[1.0,0.0,0.0],"evs":[0.0,-0.76329,-1.6238]},"63o":{"weight":1.0,"played":[1.0,0.0,0.0],"evs":[0.0,-0.88662,-1.93675]},"73o":{"weight":1.0,"played":[1.0,0.0,0.0],"evs":[0.0,-0.93699,-2.20628]},"83o":{"weight":1.0,"played":[1.0,0.0,0.0],"evs":[0.0,-0.96243,-2.36298]},"93o":{"weight":1.0,"played":[1.0,0.0,0.0],"evs":[0.0,-0.91138,-2.11719]},"T3o":{"weight":1.0,"played":[1.0,0.0,0.0],"evs":[0.0,-0.84557,-1.90026]},"J3o":{"weight":1.0,"played":[1.0,0.0,0.0],"evs":[0.0,-0.78218,-1.61905]},"Q3o":{"weight":1.0,"played":[1.0,0.0,0.0],"evs":[0.0,-0.67773,-1.31073]},"K3o":{"weight":1.0,"played":[1.0,0.0,0.0],"evs":[0.0,-0.40336,-0.80746]},"A3o":{"weight":1.0,"played":[0.0,0.0337,0.9663],"evs":[0.0,0.73607,0.74935]},"42s":{"weight":1.0,"played":[1.0,0.0,0.0],"evs":[0.0,-0.53085,-1.19188]},"43s":{"weight":1.0,"played":[1.0,0.0,0.0],"evs":[0.0,-0.28044,-0.77716]},"44":{"weight":1.0,"played":[0.0,2.0E-4,0.9998],"evs":[0.0,2.17978,2.2071]},"54o":{"weight":1.0,"played":[1.0,0.0,0.0],"evs":[0.0,-0.57061,-1.19307]},"64o":{"weight":1.0,"played":[1.0,0.0,0.0],"evs":[0.0,-0.71329,-1.4707]},"74o":{"weight":1.0,"played":[1.0,0.0,0.0],"evs":[0.0,-0.82245,-1.73708]},"84o":{"weight":1.0,"played":[1.0,0.0,0.0],"evs":[0.0,-0.88729,-1.89006]},"94o":{"weight":1.0,"played":[1.0,0.0,0.0],"evs":[0.0,-0.89905,-2.03737]},"T4o":{"weight":1.0,"played":[1.0,0.0,0.0],"evs":[0.0,-0.82749,-1.7371]},"J4o":{"weight":1.0,"played":[1.0,0.0,0.0],"evs":[0.0,-0.73304,-1.4658]},"Q4o":{"weight":1.0,"played":[1.0,0.0,0.0],"evs":[0.0,-0.61719,-1.14052]},"K4o":{"weight":1.0,"played":[1.0,0.0,0.0],"evs":[0.0,-0.32497,-0.63428]},"A4o":{"weight":1.0,"played":[0.0,0.0,1.0],"evs":[0.0,0.87665,0.93317]},"52s":{"weight":1.0,"played":[1.0,0.0,0.0],"evs":[0.0,-0.4273,-1.01931]},"53s":{"weight":1.0,"played":[1.0,0.0,0.0],"evs":[0.0,-0.17209,-0.58422]},"54s":{"weight":1.0,"played":[0.0,1.0,0.0],"evs":[0.0,0.11366,-0.17961]},"55":{"weight":1.0,"played":[0.0,0.0,1.0],"evs":[0.0,2.7799,2.80028]},"65o":{"weight":1.0,"played":[1.0,0.0,0.0],"evs":[0.0,-0.47525,-1.02167]},"75o":{"weight":1.0,"played":[1.0,0.0,0.0],"evs":[0.0,-0.60912,-1.26135]},"85o":{"weight":1.0,"played":[1.0,0.0,0.0],"evs":[0.0,-0.69947,-1.42197]},"95o":{"weight":1.0,"played":[1.0,0.0,0.0],"evs":[0.0,-0.77596,-1.56668]},"T5o":{"weight":1.0,"played":[1.0,0.0,0.0],"evs":[0.0,-0.78287,-1.63873]},"J5o":{"weight":1.0,"played":[1.0,0.0,0.0],"evs":[0.0,-0.66405,-1.29091]},"Q5o":{"weight":1.0,"played":[1.0,0.0,0.0],"evs":[0.0,-0.53737,-0.97215]},"K5o":{"weight":1.0,"played":[1.0,0.0,0.0],"evs":[0.0,-0.20257,-0.46123]},"A5o":{"weight":1.0,"played":[0.0,0.0,1.0],"evs":[0.0,1.09261,1.15918]},"62s":{"weight":1.0,"played":[1.0,0.0,0.0],"evs":[0.0,-0.62747,-1.30497]},"63s":{"weight":1.0,"played":[1.0,0.0,0.0],"evs":[0.0,-0.35782,-0.87199]},"64s":{"weight":1.0,"played":[1.0,0.0,0.0],"evs":[0.0,-0.08103,-0.42279]},"65s":{"weight":1.0,"played":[0.0,1.0,0.0],"evs":[0.0,0.24452,-0.01852]},"66":{"weight":1.0,"played":[0.0,0.0043,0.9957],"evs":[0.0,3.32831,3.33991]},"76o":{"weight":1.0,"played":[1.0,0.0,0.0],"evs":[0.0,-0.37035,-0.86608]},"86o":{"weight":1.0,"played":[1.0,0.0,0.0],"evs":[0.0,-0.4708,-0.99955]},"96o":{"weight":1.0,"played":[1.0,0.0,0.0],"evs":[0.0,-0.59032,-1.12987]},"T6o":{"weight":1.0,"played":[1.0,0.0,0.0],"evs":[0.0,-0.62932,-1.22029]},"J6o":{"weight":1.0,"played":[1.0,0.0,0.0],"evs":[0.0,-0.63683,-1.22019]},"Q6o":{"weight":1.0,"played":[1.0,0.0,0.0],"evs":[0.0,-0.47874,-0.83107]},"K6o":{"weight":1.0,"played":[1.0,0.0,0.0],"evs":[0.0,-0.10246,-0.28881]},"A6o":{"weight":1.0,"played":[0.0,0.0,1.0],"evs":[0.0,1.0762,1.10155]},"72s":{"weight":1.0,"played":[1.0,0.0,0.0],"evs":[0.0,-0.74114,-1.56354]},"73s":{"weight":1.0,"played":[1.0,0.0,0.0],"evs":[0.0,-0.5158,-1.14264]},"74s":{"weight":1.0,"played":[1.0,0.0,0.0],"evs":[0.0,-0.24253,-0.69226]},"75s":{"weight":1.0,"played":[0.0,1.0,0.0],"evs":[0.0,0.05533,-0.25422]},"76s":{"weight":1.0,"played":[0.0,1.0,0.0],"evs":[0.0,0.37414,0.11974]},"77":{"weight":1.0,"played":[0.0,0.0645,0.9355],"evs":[0.0,3.92785,3.93415]},"87o":{"weight":1.0,"played":[1.0,0.0,0.0],"evs":[0.0,-0.23208,-0.66575]},"97o":{"weight":1.0,"played":[1.0,0.0,0.0],"evs":[0.0,-0.3439,-0.78346]},"T7o":{"weight":1.0,"played":[1.0,0.0,0.0],"evs":[0.0,-0.37653,-0.83746]},"J7o":{"weight":1.0,"played":[1.0,0.0,0.0],"evs":[0.0,-0.42686,-0.8459]},"Q7o":{"weight":1.0,"played":[1.0,0.0,0.0],"evs":[0.0,-0.42731,-0.78872]},"K7o":{"weight":1.0,"played":[0.0919,0.9081,0.0],"evs":[0.0,0.00271,-0.17027]},"A7o":{"weight":1.0,"played":[0.0,0.0,1.0],"evs":[0.0,1.42963,1.50613]},"82s":{"weight":1.0,"played":[1.0,0.0,0.0],"evs":[0.0,-0.63624,-1.33426]},"83s":{"weight":1.0,"played":[1.0,0.0,0.0],"evs":[0.0,-0.61385,-1.2728]},"84s":{"weight":1.0,"played":[1.0,0.0,0.0],"evs":[0.0,-0.35293,-0.83565]},"85s":{"weight":1.0,"played":[0.9999,1.0E-4,0.0],"evs":[0.0,-0.0562,-0.40002]},"86s":{"weight":1.0,"played":[0.0,1.0,0.0],"evs":[0.0,0.23576,-0.00245]},"87s":{"weight":1.0,"played":[0.0,1.0,0.0],"evs":[0.0,0.52156,0.30246]},"88":{"weight":1.0,"played":[0.0,7.0E-4,0.9993],"evs":[0.0,4.64172,4.66946]},"98o":{"weight":1.0,"played":[1.0,0.0,0.0],"evs":[0.0,-0.07862,-0.37179]},"T8o":{"weight":1.0,"played":[1.0,0.0,0.0],"evs":[0.0,-0.07346,-0.38459]},"J8o":{"weight":1.0,"played":[1.0,0.0,0.0],"evs":[0.0,-0.11788,-0.39272]},"Q8o":{"weight":1.0,"played":[1.0,0.0,0.0],"evs":[0.0,-0.11744,-0.32728]},"K8o":{"weight":1.0,"played":[0.0,1.0,0.0],"evs":[0.0,0.16043,-0.00372]},"A8o":{"weight":1.0,"played":[0.0,0.0,1.0],"evs":[0.0,1.94582,2.02191]},"92s":{"weight":1.0,"played":[1.0,0.0,0.0],"evs":[0.0,-0.56672,-1.16953]},"93s":{"weight":1.0,"played":[1.0,0.0,0.0],"evs":[0.0,-0.49689,-1.04321]},"94s":{"weight":1.0,"played":[1.0,0.0,0.0],"evs":[0.0,-0.46016,-0.961]},"95s":{"weight":1.0,"played":[1.0,0.0,0.0],"evs":[0.0,-0.18447,-0.52434]},"96s":{"weight":1.0,"played":[0.0,1.0,0.0],"evs":[0.0,0.0802,-0.12447]},"97s":{"weight":1.0,"played":[0.0,1.0,0.0],"evs":[0.0,0.37611,0.2079]},"98s":{"weight":1.0,"played":[0.0,1.0,0.0],"evs":[0.0,0.70452,0.5884]},"99":{"weight":1.0,"played":[0.0,0.7721,0.2279],"evs":[0.0,5.50701,5.50262]},"T9o":{"weight":1.0,"played":[0.0,1.0,0.0],"evs":[0.0,0.21765,0.08805]},"J9o":{"weight":1.0,"played":[0.0,1.0,0.0],"evs":[0.0,0.18744,0.08453]},"Q9o":{"weight":1.0,"played":[0.0,1.0,0.0],"evs":[0.0,0.21954,0.17612]},"K9o":{"weight":1.0,"played":[0.0,0.9998,2.0E-4],"evs":[0.0,0.56637,0.5207]},"A9o":{"weight":1.0,"played":[0.0,0.0,1.0],"evs":[0.0,2.54015,2.64103]},"T2s":{"weight":1.0,"played":[1.0,0.0,0.0],