{"player":2,"street":0,"children":3,"sequence":[{"player":0,"type":"R","amount":1675000,"street":0},{"player":1,"type":"F","amount":0,"street":0}],"actions":[{"type":"F","amount":0,"node":734},{"type":"C","amount":1675000,"node":741},{"type":"R","amount":2172000,"node":752}],"hands":{"22":{"weight":1.0,"played":[0.0,0.1301,0.8699],"evs":[0.0,0.29648,0.33601]},"32o":{"weight":1.0,"played":[1.0,0.0,0.0],"evs":[0.0,-6.01758,-6.02322]},"42o":{"weight":1.0,"played":[1.0,0.0,0.0],"evs":[0.0,-5.79927,-5.80034]},"52o":{"weight":1.0,"played":[1.0,0.0,0.0],"evs":[0.0,-5.3808,-5.38491]},"62o":{"weight":1.0,"played":[1.0,0.0,0.0],"evs":[0.0,-5.63998,-5.64405]},"72o":{"weight":1.0,"played":[1.0,0.0,0.0],"evs":[0.0,-5.78015,-5.79047]},"82o":{"weight":1.0,"played":[1.0,0.0,0.0],"evs":[0.0,-5.41913,-5.42061]},"92o":{"weight":1.0,"played":[1.0,0.0,0.0],"evs":[0.0,-5.31366,-5.31786]},"T2o":{"weight":1.0,"played":[1.0,0.0,0.0],"evs":[0.0,-5.10511,-5.11296]},"J2o":{"weight":1.0,"played":[1.0,0.0,0.0],"evs":[0.0,-5.26538,-5.2647]},"Q2o":{"weight":1.0,"played":[1.0,0.0,0.0],"evs":[0.0,-5.03114,-5.02515]},"K2o":{"weight":1.0,"played":[1.0,0.0,0.0],"evs":[0.0,-4.5719,-4.55877]},"A2o":{"weight":1.0,"played":[1.0,0.0,0.0],"evs":[0.0,-2.64775,-2.65589]},"32s":{"weight":1.0,"played":[1.0,0.0,0.0],"evs":[0.0,-4.23424,-4.2235]},"33":{"weight":1.0,"played":[0.0,0.2825,0.7175],"evs":[0.0,0.60284,0.6296]},"43o":{"weight":1.0,"played":[1.0,0.0,0.0],"evs":[0.0,-5.22167,-5.21716]},"53o":{"weight":1.0,"played":[1.0,0.0,0.0],"evs":[0.0,-4.80119,-4.80443]},"63o":{"weight":1.0,"played":[1.0,0.0,0.0],"evs":[0.0,-5.07431,-5.08036]},"73o":{"weight":1.0,"played":[1.0,0.0,0.0],"evs":[0.0,-5.25165,-5.25405]},"83o":{"weight":1.0,"played":[1.0,0.0,0.0],"evs":[0.0,-5.47269,-5.4707]},"93o":{"weight":1.0,"played":[1.0,0.0,0.0],"evs":[0.0,-5.25474,-5.25206]},"T3o":{"weight":1.0,"played":[1.0,0.0,0.0],"evs":[0.0,-5.02754,-5.03143]},"J3o":{"weight":1.0,"played":[1.0,0.0,0.0],"evs":[0.0,-5.18174,-5.17521]},"Q3o":{"weight":1.0,"played":[1.0,0.0,0.0],"evs":[0.0,-4.91737,-4.90921]},"K3o":{"weight":1.0,"played":[1.0,0.0,0.0],"evs":[0.0,-4.44394,-4.42561]},"A3o":{"weight":1.0,"played":[1.0,0.0,0.0],"evs":[0.0,-2.48703,-2.49804]},"42s":{"weight":1.0,"played":[1.0,0.0,0.0],"evs":[0.0,-3.8969,-3.88676]},"43s":{"weight":1.0,"played":[1.0,0.0,0.0],"evs":[0.0,-3.36194,-3.34323]},"44":{"weight":1.0,"played":[0.0,0.2135,0.7865],"evs":[0.0,1.39568,1.41921]},"54o":{"weight":1.0,"played":[1.0,0.0,0.0],"evs":[0.0,-4.11808,-4.12066]},"64o":{"weight":1.0,"played":[1.0,0.0,0.0],"evs":[0.0,-4.33993,-4.34636]},"74o":{"weight":1.0,"played":[1.0,0.0,0.0],"evs":[0.0,-4.52334,-4.51792]},"84o":{"weight":1.0,"played":[1.0,0.0,0.0],"evs":[0.0,-4.74585,-4.74918]},"94o":{"weight":1.0,"played":[1.0,0.0,0.0],"evs":[0.0,-5.15838,-5.16042]},"T4o":{"weight":1.0,"played":[1.0,0.0,0.0],"evs":[0.0,-4.83895,-4.84503]},"J4o":{"weight":1.0,"played":[1.0,0.0,0.0],"evs":[0.0,-4.91206,-4.90568]},"Q4o":{"weight":1.0,"played":[1.0,0.0,0.0],"evs":[0.0,-4.70982,-4.70156]},"K4o":{"weight":1.0,"played":[1.0,0.0,0.0],"evs":[0.0,-4.28191,-4.26926]},"A4o":{"weight":1.0,"played":[1.0,0.0,0.0],"evs":[0.0,-2.22207,-2.23871]},"52s":{"weight":1.0,"played":[1.0,0.0,0.0],"evs":[0.0,-3.58746,-3.58468]},"53s":{"weight":1.0,"played":[1.0,0.0,0.0],"evs":[0.0,-3.09127,-3.07821]},"54s":{"weight":1.0,"played":[1.0,0.0,0.0],"evs":[0.0,-2.3818,-2.37625]},"55":{"weight":1.0,"played":[0.0,0.1427,0.8573],"evs":[0.0,2.37794,2.38958]},"65o":{"weight":1.0,"played":[1.0,0.0,0.0],"evs":[0.0,-3.475,-3.4767]},"75o":{"weight":1.0,"played":[1.0,0.0,0.0],"evs":[0.0,-3.63213,-3.63456]},"85o":{"weight":1.0,"played":[1.0,0.0,0.0],"evs":[0.0,-3.8708,-3.86916]},"95o":{"weight":1.0,"played":[1.0,0.0,0.0],"evs":[0.0,-4.25881,-4.26795]},"T5o":{"weight":1.0,"played":[1.0,0.0,0.0],"evs":[0.0,-4.54244,-4.55263]},"J5o":{"weight":1.0,"played":[1.0,0.0,0.0],"evs":[0.0,-4.51045,-4.51153]},"Q5o":{"weight":1.0,"played":[1.0,0.0,0.0],"evs":[0.0,-4.23291,-4.23313]},"K5o":{"weight":1.0,"played":[1.0,0.0,0.0],"evs":[0.0,-3.88863,-3.88121]},"A5o":{"weight":1.0,"played":[1.0,0.0,0.0],"evs":[0.0,-1.72195,-1.73936]},"62s":{"weight":1.0,"played":[1.0,0.0,0.0],"evs":[0.0,-3.827,-3.83932]},"63s":{"weight":1.0,"played":[1.0,0.0,0.0],"evs":[0.0,-3.19977,-3.20972]},"64s":{"weight":1.0,"played":[1.0,0.0,0.0],"evs":[0.0,-2.62218,-2.61538]},"65s":{"weight":1.0,"played":[0.9999,0.0,1.0E-4],"evs":[0.0,-1.77624,-1.78049]},"66":{"weight":1.0,"played":[0.0,0.452,0.548],"evs":[0.0,3.73857,3.73333]},"76o":{"weight":1.0,"played":[1.0,0.0,0.0],"evs":[0.0,-2.89541,-2.90019]},"86o":{"weight":1.0,"played":[1.0,0.0,0.0],"evs":[0.0,-3.0658,-3.06641]},"96o":{"weight":1.0,"played":[1.0,0.0,0.0],"evs":[0.0,-3.37652,-3.38279]},"T6o":{"weight":1.0,"played":[1.0,0.0,0.0],"evs":[0.0,-3.69222,-3.70199]},"J6o":{"weight":1.0,"played":[1.0,0.0,0.0],"evs":[0.0,-4.3004,-4.30536]},"Q6o":{"weight":1.0,"played":[1.0,0.0,0.0],"evs":[0.0,-3.97654,-3.98033]},"K6o":{"weight":1.0,"played":[1.0,0.0,0.0],"evs":[0.0,-3.52726,-3.5256]},"A6o":{"weight":1.0,"played":[1.0,0.0,0.0],"evs":[0.0,-1.72959,-1.74986]},"72s":{"weight":1.0,"played":[1.0,0.0,0.0],"evs":[0.0,-3.987,-3.98987]},"73s":{"weight":1.0,"played":[1.0,0.0,0.0],"evs":[0.0,-3.42409,-3.41245]},"74s":{"weight":1.0,"played":[1.0,0.0,0.0],"evs":[0.0,-2.77221,-2.77474]},"75s":{"weight":1.0,"played":[1.0,0.0,0.0],"evs":[0.0,-1.94756,-1.94506]},"76s":{"weight":1.0,"played":[1.0,0.0,0.0],"evs":[0.0,-1.2241,-1.21327]},"77":{"weight":1.0,"played":[0.0,0.751,0.249],"evs":[0.0,5.01957,5.01822]},"87o":{"weight":1.0,"played":[1.0,0.0,0.0],"evs":[0.0,-2.27313,-2.27493]},"97o":{"weight":1.0,"played":[1.0,0.0,0.0],"evs":[0.0,-2.52238,-2.5265]},"T7o":{"weight":1.0,"played":[1.0,0.0,0.0],"evs":[0.0,-2.82353,-2.82907]},"J7o":{"weight":1.0,"played":[1.0,0.0,0.0],"evs":[0.0,-3.40833,-3.41217]},"Q7o":{"weight":1.0,"played":[1.0,0.0,0.0],"evs":[0.0,-3.68943,-3.68195]},"K7o":{"weight":1.0,"played":[1.0,0.0,0.0],"evs":[0.0,-3.13956,-3.13414]},"A7o":{"weight":1.0,"played":[1.0,0.0,0.0],"evs":[0.0,-0.95886,-0.97981]},"82s":{"weight":1.0,"played":[1.0,0.0,0.0],"evs":[0.0,-3.62153,-3.61444]},"83s":{"weight":1.0,"played":[1.0,0.0,0.0],"evs":[0.0,-3.64848,-3.64124]},"84s":{"weight":1.0,"played":[1.0,0.0,0.0],"evs":[0.0,-3.03156,-3.02969]},"85s":{"weight":1.0,"played":[1.0,0.0,0.0],"evs":[0.0,-2.24268,-2.24585]},"86s":{"weight":1.0,"played":[1.0,0.0,0.0],"evs":[0.0,-1.35048,-1.35315]},"87s":{"weight":1.0,"played":[1.0,0.0,0.0],"evs":[0.0,-0.58622,-0.58543]},"88":{"weight":1.0,"played":[0.0,0.5693,0.4307],"evs":[0.0,6.37516,6.3664]},"98o":{"weight":1.0,"played":[1.0,0.0,0.0],"evs":[0.0,-1.87486,-1.87104]},"T8o":{"weight":1.0,"played":[1.0,0.0,0.0],"evs":[0.0,-2.05874,-2.06692]},"J8o":{"weight":1.0,"played":[1.0,0.0,0.0],"evs":[0.0,-2.69072,-2.69555]},"Q8o":{"weight":1.0,"played":[1.0,0.0,0.0],"evs":[0.0,-3.05315,-3.04906]},"K8o":{"weight":1.0,"played":[1.0,0.0,0.0],"evs":[0.0,-3.09189,-3.08472]},"A8o":{"weight":1.0,"played":[0.9995,2.0E-4,4.0E-4],"evs":[0.0,-0.24523,-0.26645]},"92s":{"weight":1.0,"played":[1.0,0.0,0.0],"evs":[0.0,-3.47753,-3.47625]},"93s":{"weight":1.0,"played":[1.0,0.0,0.0],"evs":[0.0,-3.49637,-3.49526]},"94s":{"weight":1.0,"played":[1.0,0.0,0.0],"evs":[0.0,-3.37814,-3.37438]},"95s":{"weight":1.0,"played":[1.0,0.0,0.0],"evs":[0.0,-2.49272,-2.49923]},"96s":{"weight":1.0,"played":[1.0,0.0,0.0],"evs":[0.0,-1.73482,-1.73058]},"97s":{"weight":1.0,"played":[1.0,0.0,0.0],"evs":[0.0,-1.00719,-1.00763]},"98s":{"weight":1.0,"played":[0.9826,0.0061,0.0113],"evs":[0.0,-0.31998,-0.31277]},"99":{"weight":1.0,"played":[0.0,0.8856,0.1144],"evs":[0.0,8.18994,8.18246]},"T9o":{"weight":1.0,"played":[1.0,0.0,0.0],"evs":[0.0,-1.55739,-1.56956]},"J9o":{"weight":1.0,"played":[1.0,0.0,0.0],"evs":[0.0,-2.11771,-2.12146]},"Q9o":{"weight":1.0,"played":[1.0,0.0,0.0],"evs":[0.0,-2.45316,-2.4498]},"K9o":{"weight":1.0,"played":[1.0,0.0,0.0],"evs":[0.0,-2.47849,-2.4752]},"A9o":{"weight":1.0,"played":[0.0,0.7766,0.2234],