{"player":3,"street":0,"children":2,"sequence":[{"player":0,"type":"R","amount":200000,"street":0},{"player":1,"type":"R","amount":3375000,"street":0},{"player":2,"type":"C","amount":1265000,"street":0}],"actions":[{"type":"F","amount":0,"node":1265},{"type":"C","amount":2395000,"node":1272}],"hands":{"22":{"weight":1.0,"played":[0.9935,0.0065],"evs":[0.0,-3.28319]},"32o":{"weight":1.0,"played":[1.0,0.0],"evs":[0.0,-6.82026]},"42o":{"weight":1.0,"played":[1.0,0.0],"evs":[0.0,-7.0291]},"52o":{"weight":1.0,"played":[0.9999,1.0E-4],"evs":[0.0,-6.36162]},"62o":{"weight":1.0,"played":[1.0,0.0],"evs":[0.0,-7.07647]},"72o":{"weight":1.0,"played":[1.0,0.0],"evs":[0.0,-7.84945]},"82o":{"weight":1.0,"played":[1.0,0.0],"evs":[0.0,-7.56462]},"92o":{"weight":1.0,"played":[1.0,0.0],"evs":[0.0,-8.24231]},"T2o":{"weight":1.0,"played":[1.0,0.0],"evs":[0.0,-7.53316]},"J2o":{"weight":1.0,"played":[1.0,0.0],"evs":[0.0,-7.32451]},"Q2o":{"weight":1.0,"played":[1.0,0.0],"evs":[0.0,-7.49876]},"K2o":{"weight":1.0,"played":[1.0,0.0],"evs":[0.0,-7.51387]},"A2o":{"weight":1.0,"played":[0.9999,1.0E-4],"evs":[0.0,-6.84757]},"32s":{"weight":1.0,"played":[0.9999,1.0E-4],"evs":[0.0,-5.26785]},"33":{"weight":1.0,"played":[0.9953,0.0047],"evs":[0.0,-2.92075]},"43o":{"weight":1.0,"played":[0.9999,1.0E-4],"evs":[0.0,-5.72004]},"53o":{"weight":1.0,"played":[1.0,0.0],"evs":[0.0,-6.14056]},"63o":{"weight":1.0,"played":[1.0,0.0],"evs":[0.0,-6.36463]},"73o":{"weight":1.0,"played":[1.0,0.0],"evs":[0.0,-6.91932]},"83o":{"weight":1.0,"played":[1.0,0.0],"evs":[0.0,-7.49124]},"93o":{"weight":1.0,"played":[1.0,0.0],"evs":[0.0,-7.92618]},"T3o":{"weight":1.0,"played":[1.0,0.0],"evs":[0.0,-7.14938]},"J3o":{"weight":1.0,"played":[1.0,0.0],"evs":[0.0,-6.81207]},"Q3o":{"weight":1.0,"played":[1.0,0.0],"evs":[0.0,-7.24631]},"K3o":{"weight":1.0,"played":[1.0,0.0],"evs":[0.0,-7.62894]},"A3o":{"weight":1.0,"played":[0.9998,2.0E-4],"evs":[0.0,-5.80632]},"42s":{"weight":1.0,"played":[0.9995,5.0E-4],"evs":[0.0,-4.89535]},"43s":{"weight":1.0,"played":[0.9948,0.0052],"evs":[0.0,-4.78598]},"44":{"weight":1.0,"played":[0.9998,2.0E-4],"evs":[0.0,-2.7804]},"54o":{"weight":1.0,"played":[1.0,0.0],"evs":[0.0,-4.76025]},"64o":{"weight":1.0,"played":[1.0,0.0],"evs":[0.0,-5.42176]},"74o":{"weight":1.0,"played":[1.0,0.0],"evs":[0.0,-6.08483]},"84o":{"weight":1.0,"played":[1.0,0.0],"evs":[0.0,-6.49574]},"94o":{"weight":1.0,"played":[1.0,0.0],"evs":[0.0,-8.40366]},"T4o":{"weight":1.0,"played":[1.0,0.0],"evs":[0.0,-7.26381]},"J4o":{"weight":1.0,"played":[1.0,0.0],"evs":[0.0,-6.67986]},"Q4o":{"weight":1.0,"played":[1.0,0.0],"evs":[0.0,-6.70076]},"K4o":{"weight":1.0,"played":[1.0,0.0],"evs":[0.0,-6.99201]},"A4o":{"weight":1.0,"played":[0.9999,1.0E-4],"evs":[0.0,-6.0559]},"52s":{"weight":1.0,"played":[0.9967,0.0033],"evs":[0.0,-4.91023]},"53s":{"weight":1.0,"played":[1.0,0.0],"evs":[0.0,-3.27894]},"54s":{"weight":1.0,"played":[0.9996,4.0E-4],"evs":[0.0,-3.21029]},"55":{"weight":1.0,"played":[0.9985,0.0015],"evs":[0.0,-1.69135]},"65o":{"weight":1.0,"played":[0.9996,4.0E-4],"evs":[0.0,-4.76517]},"75o":{"weight":1.0,"played":[0.9999,1.0E-4],"evs":[0.0,-4.79922]},"85o":{"weight":1.0,"played":[0.9997,3.0E-4],"evs":[0.0,-6.22641]},"95o":{"weight":1.0,"played":[1.0,0.0],"evs":[0.0,-7.27614]},"T5o":{"weight":1.0,"played":[1.0,0.0],"evs":[0.0,-6.66158]},"J5o":{"weight":1.0,"played":[1.0,0.0],"evs":[0.0,-5.75305]},"Q5o":{"weight":1.0,"played":[1.0,0.0],"evs":[0.0,-6.47622]},"K5o":{"weight":1.0,"played":[0.9997,3.0E-4],"evs":[0.0,-7.34007]},"A5o":{"weight":1.0,"played":[0.9997,3.0E-4],"evs":[0.0,-5.9945]},"62s":{"weight":1.0,"played":[0.9999,1.0E-4],"evs":[0.0,-6.48427]},"63s":{"weight":1.0,"played":[0.9995,5.0E-4],"evs":[0.0,-5.06649]},"64s":{"weight":1.0,"played":[0.9999,1.0E-4],"evs":[0.0,-3.78504]},"65s":{"weight":1.0,"played":[0.9895,0.0105],"evs":[0.0,-2.40083]},"66":{"weight":1.0,"played":[0.9944,0.0056],"evs":[0.0,-1.71808]},"76o":{"weight":1.0,"played":[0.9999,1.0E-4],"evs":[0.0,-4.43299]},"86o":{"weight":1.0,"played":[0.9999,1.0E-4],"evs":[0.0,-5.68681]},"96o":{"weight":1.0,"played":[0.9998,2.0E-4],"evs":[0.0,-6.32875]},"T6o":{"weight":1.0,"played":[1.0,0.0],"evs":[0.0,-6.31213]},"J6o":{"weight":1.0,"played":[0.9996,4.0E-4],"evs":[0.0,-6.15723]},"Q6o":{"weight":1.0,"played":[1.0,0.0],"evs":[0.0,-6.45509]},"K6o":{"weight":1.0,"played":[0.9998,2.0E-4],"evs":[0.0,-6.55953]},"A6o":{"weight":1.0,"played":[1.0,0.0],"evs":[0.0,-6.18272]},"72s":{"weight":1.0,"played":[1.0,0.0],"evs":[0.0,-6.82461]},"73s":{"weight":1.0,"played":[1.0,0.0],"evs":[0.0,-4.99904]},"74s":{"weight":1.0,"played":[1.0,0.0],"evs":[0.0,-4.2605]},"75s":{"weight":1.0,"played":[1.0,0.0],"evs":[0.0,-4.83587]},"76s":{"weight":1.0,"played":[0.9989,0.0011],"evs":[0.0,-4.02223]},"77":{"weight":1.0,"played":[0.9889,0.0111],"evs":[0.0,-2.37009]},"87o":{"weight":1.0,"played":[0.9999,1.0E-4],"evs":[0.0,-5.60976]},"97o":{"weight":1.0,"played":[0.9999,1.0E-4],"evs":[0.0,-5.37254]},"T7o":{"weight":1.0,"played":[1.0,0.0],"evs":[0.0,-5.9383]},"J7o":{"weight":1.0,"played":[0.9999,1.0E-4],"evs":[0.0,-5.69983]},"Q7o":{"weight":1.0,"played":[1.0,0.0],"evs":[0.0,-6.27576]},"K7o":{"weight":1.0,"played":[0.9998,2.0E-4],"evs":[0.0,-6.91973]},"A7o":{"weight":1.0,"played":[0.9996,4.0E-4],"evs":[0.0,-5.865]},"82s":{"weight":1.0,"played":[0.9998,2.0E-4],"evs":[0.0,-5.46879]},"83s":{"weight":1.0,"played":[1.0,0.0],"evs":[0.0,-6.13036]},"84s":{"weight":1.0,"played":[1.0,0.0],"evs":[0.0,-5.24285]},"85s":{"weight":1.0,"played":[0.9994,6.0E-4],"evs":[0.0,-3.91126]},"86s":{"weight":1.0,"played":[0.9992,8.0E-4],"evs":[0.0,-4.22482]},"87s":{"weight":1.0,"played":[0.999,0.001],"evs":[0.0,-3.3252]},"88":{"weight":1.0,"played":[0.983,0.017],"evs":[0.0,-1.00774]},"98o":{"weight":1.0,"played":[0.9998,2.0E-4],"evs":[0.0,-5.45445]},"T8o":{"weight":1.0,"played":[1.0,0.0],"evs":[0.0,-5.50696]},"J8o":{"weight":1.0,"played":[1.0,0.0],"evs":[0.0,-5.7803]},"Q8o":{"weight":1.0,"played":[0.9999,1.0E-4],"evs":[0.0,-6.19458]},"K8o":{"weight":1.0,"played":[1.0,0.0],"evs":[0.0,-6.66491]},"A8o":{"weight":1.0,"played":[0.9997,3.0E-4],"evs":[0.0,-6.08398]},"92s":{"weight":1.0,"played":[0.9999,1.0E-4],"evs":[0.0,-6.46785]},"93s":{"weight":1.0,"played":[0.9995,5.0E-4],"evs":[0.0,-5.78049]},"94s":{"weight":1.0,"played":[0.9992,8.0E-4],"evs":[0.0,-4.97449]},"95s":{"weight":1.0,"played":[0.9988,0.0012],"evs":[0.0,-5.0318]},"96s":{"weight":1.0,"played":[0.9996,4.0E-4],"evs":[0.0,-4.77967]},"97s":{"weight":1.0,"played":[0.9978,0.0022],"evs":[0.0,-3.04623]},"98s":{"weight":1.0,"played":[0.9927,0.0073],"evs":[0.0,-4.69702]},"99":{"weight":1.0,"played":[0.3467,0.6533],"evs":[0.0,-0.08331]},"T9o":{"weight":1.0,"played":[0.9998,2.0E-4],"evs":[0.0,-5.10968]},"J9o":{"weight":1.0,"played":[0.9975,0.0025],"evs":[0.0,-5.49975]},"Q9o":{"weight":1.0,"played":[1.0,0.0],"evs":[0.0,-6.05922]},"K9o":{"weight":1.0,"played":[0.9999,1.0E-4],"evs":[0.0,-7.00795]},"A9o":{"weight":1.0,"played":[1.0,0.0],"evs":[0.0,-6.07356]},"T2s":{"weight":1.0,"played":[1.0,0.0],"evs":[0.0,-5.75417]},"T3s":{"weight":1.0,"played":[1.0,0.0],"evs":[0.0,-5.04763]},"T4s":{"weight":1.0,"played":[0.9997,3.0E-4],"evs":[0.0,-4.75859]},"T5s":{"weight":1.0,"played":[0.9979,0.0021],"evs":[0.0,-3.94132]},"T6s":{"weight":1.0,"played":[0.9994,6.0E-4],"evs":[0.0,-5.06668]},"T7s":{"weight":1.0,"played":[0.9994,6.0E-4],"evs":[0.0,-3.77167]},"T8s":{"weight":1.0,"played":[1.0,0.0],"evs":[0.0,-3.32021]},"T9s":{"weight":1.0,"played":[0.9939,0.0061],"evs":[0.0,-2.55506]},"TT":{"weight":1.0,"played":[0.0,1.0],"evs":[0.0,3.69816]},"JTo":{"weight":1.0,"played":[0.9997,3.0E-4],"evs":[0.0,-3.89724]},"QTo":{"weight":1.0,"played":[0.9993,7.0E-4],"evs":[0.0,-5.25353]},"KTo":{"weight":1.0,"played":[0.9998,2.0E-4],"evs":[0.0,-6.14005]},"ATo":{"weight":1.0,"played":[0.9995,5.0E-4],"evs":[0.0,-4.73895]},"J2s":{"weight":1.0,"played":[0.9999,1.0E-4],"evs":[0.0,-5.16918]},"J3s":{"weight":1.0,"played":[0.9993,7.0E-4],"evs":[0.0,-4.62702]},"J4s":{"weight":1.0,"played":[0.9999,1.0E-4],"evs":[0.0,-4.26589]},