{"player":1,"street":0,"children":3,"sequence":[{"player":0,"type":"R","amount":1375000,"street":0}],"actions":[{"type":"F","amount":0,"node":377},{"type":"C","amount":1375000,"node":401},{"type":"R","amount":1575000,"node":428}],"hands":{"22":{"weight":1.0,"played":[1.0,0.0,0.0],"evs":[0.0,-0.57654,-0.55038]},"32o":{"weight":1.0,"played":[1.0,0.0,0.0],"evs":[0.0,-7.0356,-7.02273]},"42o":{"weight":1.0,"played":[1.0,0.0,0.0],"evs":[0.0,-6.66848,-6.6597]},"52o":{"weight":1.0,"played":[1.0,0.0,0.0],"evs":[0.0,-6.12836,-6.10829]},"62o":{"weight":1.0,"played":[1.0,0.0,0.0],"evs":[0.0,-6.38702,-6.36721]},"72o":{"weight":1.0,"played":[1.0,0.0,0.0],"evs":[0.0,-6.56019,-6.53152]},"82o":{"weight":1.0,"played":[1.0,0.0,0.0],"evs":[0.0,-6.1616,-6.13585]},"92o":{"weight":1.0,"played":[1.0,0.0,0.0],"evs":[0.0,-6.22481,-6.20525]},"T2o":{"weight":1.0,"played":[1.0,0.0,0.0],"evs":[0.0,-6.07757,-6.06755]},"J2o":{"weight":1.0,"played":[1.0,0.0,0.0],"evs":[0.0,-5.92911,-5.93048]},"Q2o":{"weight":1.0,"played":[1.0,0.0,0.0],"evs":[0.0,-5.75984,-5.76445]},"K2o":{"weight":1.0,"played":[1.0,0.0,0.0],"evs":[0.0,-4.92788,-4.94506]},"A2o":{"weight":1.0,"played":[1.0,0.0,0.0],"evs":[0.0,-3.32311,-3.32508]},"32s":{"weight":1.0,"played":[1.0,0.0,0.0],"evs":[0.0,-4.97923,-4.9656]},"33":{"weight":1.0,"played":[0.9996,2.0E-4,2.0E-4],"evs":[0.0,-0.09476,-0.07308]},"43o":{"weight":1.0,"played":[1.0,0.0,0.0],"evs":[0.0,-5.92866,-5.92008]},"53o":{"weight":1.0,"played":[1.0,0.0,0.0],"evs":[0.0,-5.3478,-5.33549]},"63o":{"weight":1.0,"played":[1.0,0.0,0.0],"evs":[0.0,-5.59574,-5.57633]},"73o":{"weight":1.0,"played":[1.0,0.0,0.0],"evs":[0.0,-5.80545,-5.77783]},"83o":{"weight":1.0,"played":[1.0,0.0,0.0],"evs":[0.0,-6.08234,-6.05274]},"93o":{"weight":1.0,"played":[1.0,0.0,0.0],"evs":[0.0,-6.02889,-6.01056]},"T3o":{"weight":1.0,"played":[1.0,0.0,0.0],"evs":[0.0,-5.89038,-5.87715]},"J3o":{"weight":1.0,"played":[1.0,0.0,0.0],"evs":[0.0,-5.72984,-5.73247]},"Q3o":{"weight":1.0,"played":[1.0,0.0,0.0],"evs":[0.0,-5.56737,-5.57497]},"K3o":{"weight":1.0,"played":[1.0,0.0,0.0],"evs":[0.0,-4.69264,-4.7022]},"A3o":{"weight":1.0,"played":[1.0,0.0,0.0],"evs":[0.0,-3.06108,-3.06401]},"42s":{"weight":1.0,"played":[1.0,0.0,0.0],"evs":[0.0,-4.5865,-4.57449]},"43s":{"weight":1.0,"played":[1.0,0.0,0.0],"evs":[0.0,-3.88407,-3.87268]},"44":{"weight":1.0,"played":[0.0,0.3679,0.6321],"evs":[0.0,0.95123,0.97374]},"54o":{"weight":1.0,"played":[1.0,0.0,0.0],"evs":[0.0,-4.49171,-4.4787]},"64o":{"weight":1.0,"played":[1.0,0.0,0.0],"evs":[0.0,-4.76501,-4.74721]},"74o":{"weight":1.0,"played":[1.0,0.0,0.0],"evs":[0.0,-4.97904,-4.95989]},"84o":{"weight":1.0,"played":[1.0,0.0,0.0],"evs":[0.0,-5.27662,-5.25277]},"94o":{"weight":1.0,"played":[1.0,0.0,0.0],"evs":[0.0,-5.92197,-5.90301]},"T4o":{"weight":1.0,"played":[1.0,0.0,0.0],"evs":[0.0,-5.6449,-5.63678]},"J4o":{"weight":1.0,"played":[1.0,0.0,0.0],"evs":[0.0,-5.46494,-5.4729]},"Q4o":{"weight":1.0,"played":[1.0,0.0,0.0],"evs":[0.0,-5.29662,-5.30363]},"K4o":{"weight":1.0,"played":[1.0,0.0,0.0],"evs":[0.0,-4.42319,-4.4385]},"A4o":{"weight":1.0,"played":[1.0,0.0,0.0],"evs":[0.0,-2.764,-2.77023]},"52s":{"weight":1.0,"played":[1.0,0.0,0.0],"evs":[0.0,-4.03316,-4.02045]},"53s":{"weight":1.0,"played":[1.0,0.0,0.0],"evs":[0.0,-3.34812,-3.33569]},"54s":{"weight":1.0,"played":[1.0,0.0,0.0],"evs":[0.0,-2.53158,-2.51564]},"55":{"weight":1.0,"played":[0.0,0.241,0.759],"evs":[0.0,2.76722,2.7949]},"65o":{"weight":1.0,"played":[1.0,0.0,0.0],"evs":[0.0,-3.68442,-3.66775]},"75o":{"weight":1.0,"played":[1.0,0.0,0.0],"evs":[0.0,-3.88049,-3.85698]},"85o":{"weight":1.0,"played":[1.0,0.0,0.0],"evs":[0.0,-4.20933,-4.18153]},"95o":{"weight":1.0,"played":[1.0,0.0,0.0],"evs":[0.0,-4.82357,-4.80454]},"T5o":{"weight":1.0,"played":[1.0,0.0,0.0],"evs":[0.0,-5.25818,-5.24525]},"J5o":{"weight":1.0,"played":[1.0,0.0,0.0],"evs":[0.0,-4.96674,-4.96848]},"Q5o":{"weight":1.0,"played":[1.0,0.0,0.0],"evs":[0.0,-4.78883,-4.79407]},"K5o":{"weight":1.0,"played":[1.0,0.0,0.0],"evs":[0.0,-3.91934,-3.93042]},"A5o":{"weight":1.0,"played":[1.0,0.0,0.0],"evs":[0.0,-2.05521,-2.05692]},"62s":{"weight":1.0,"played":[1.0,0.0,0.0],"evs":[0.0,-4.30742,-4.28522]},"63s":{"weight":1.0,"played":[1.0,0.0,0.0],"evs":[0.0,-3.54219,-3.52622]},"64s":{"weight":1.0,"played":[1.0,0.0,0.0],"evs":[0.0,-2.71235,-2.69883]},"65s":{"weight":1.0,"played":[1.0,0.0,0.0],"evs":[0.0,-1.74322,-1.73297]},"66":{"weight":1.0,"played":[0.0,0.0594,0.9406],"evs":[0.0,4.53841,4.57512]},"76o":{"weight":1.0,"played":[1.0,0.0,0.0],"evs":[0.0,-2.86571,-2.83946]},"86o":{"weight":1.0,"played":[1.0,0.0,0.0],"evs":[0.0,-3.1235,-3.09422]},"96o":{"weight":1.0,"played":[1.0,0.0,0.0],"evs":[0.0,-3.73963,-3.71872]},"T6o":{"weight":1.0,"played":[1.0,0.0,0.0],"evs":[0.0,-4.1534,-4.13737]},"J6o":{"weight":1.0,"played":[1.0,0.0,0.0],"evs":[0.0,-4.60558,-4.60618]},"Q6o":{"weight":1.0,"played":[1.0,0.0,0.0],"evs":[0.0,-4.26598,-4.26906]},"K6o":{"weight":1.0,"played":[1.0,0.0,0.0],"evs":[0.0,-3.41319,-3.42029]},"A6o":{"weight":1.0,"played":[1.0,0.0,0.0],"evs":[0.0,-2.04687,-2.04053]},"72s":{"weight":1.0,"played":[1.0,0.0,0.0],"evs":[0.0,-4.46137,-4.4348]},"73s":{"weight":1.0,"played":[1.0,0.0,0.0],"evs":[0.0,-3.76236,-3.73886]},"74s":{"weight":1.0,"played":[1.0,0.0,0.0],"evs":[0.0,-2.99163,-2.97265]},"75s":{"weight":1.0,"played":[1.0,0.0,0.0],"evs":[0.0,-1.97129,-1.95376]},"76s":{"weight":1.0,"played":[1.0,0.0,0.0],"evs":[0.0,-0.99566,-0.96971]},"77":{"weight":1.0,"played":[0.0,0.2247,0.7753],"evs":[0.0,6.03752,6.07447]},"87o":{"weight":1.0,"played":[1.0,0.0,0.0],"evs":[0.0,-2.22571,-2.20048]},"97o":{"weight":1.0,"played":[1.0,0.0,0.0],"evs":[0.0,-2.70958,-2.69053]},"T7o":{"weight":1.0,"played":[1.0,0.0,0.0],"evs":[0.0,-3.11324,-3.09823]},"J7o":{"weight":1.0,"played":[1.0,0.0,0.0],"evs":[0.0,-3.51532,-3.51417]},"Q7o":{"weight":1.0,"played":[1.0,0.0,0.0],"evs":[0.0,-3.88429,-3.88604]},"K7o":{"weight":1.0,"played":[1.0,0.0,0.0],"evs":[0.0,-2.91651,-2.92935]},"A7o":{"weight":1.0,"played":[1.0,0.0,0.0],"evs":[0.0,-1.21451,-1.21239]},"82s":{"weight":1.0,"played":[1.0,0.0,0.0],"evs":[0.0,-4.05788,-4.03258]},"83s":{"weight":1.0,"played":[1.0,0.0,0.0],"evs":[0.0,-4.0395,-4.02004]},"84s":{"weight":1.0,"played":[1.0,0.0,0.0],"evs":[0.0,-3.23014,-3.2102]},"85s":{"weight":1.0,"played":[1.0,0.0,0.0],"evs":[0.0,-2.2345,-2.21799]},"86s":{"weight":1.0,"played":[1.0,0.0,0.0],"evs":[0.0,-1.25574,-1.23441]},"87s":{"weight":1.0,"played":[0.9993,4.0E-4,2.0E-4],"evs":[0.0,-0.39964,-0.38032]},"88":{"weight":1.0,"played":[0.0,0.1265,0.8735],"evs":[0.0,7.44933,7.45631]},"98o":{"weight":1.0,"played":[1.0,0.0,0.0],"evs":[0.0,-1.93966,-1.91713]},"T8o":{"weight":1.0,"played":[1.0,0.0,0.0],"evs":[0.0,-2.24688,-2.23923]},"J8o":{"weight":1.0,"played":[1.0,0.0,0.0],"evs":[0.0,-2.65883,-2.67092]},"Q8o":{"weight":1.0,"played":[1.0,0.0,0.0],"evs":[0.0,-3.04019,-3.05586]},"K8o":{"weight":1.0,"played":[1.0,0.0,0.0],"evs":[0.0,-2.75138,-2.77394]},"A8o":{"weight":1.0,"played":[1.0,0.0,0.0],"evs":[0.0,-0.62187,-0.62861]},"92s":{"weight":1.0,"played":[1.0,0.0,0.0],"evs":[0.0,-4.14729,-4.13373]},"93s":{"weight":1.0,"played":[1.0,0.0,0.0],"evs":[0.0,-3.97545,-3.95773]},"94s":{"weight":1.0,"played":[1.0,0.0,0.0],"evs":[0.0,-3.86423,-3.85614]},"95s":{"weight":1.0,"played":[1.0,0.0,0.0],"evs":[0.0,-2.84909,-2.8331]},"96s":{"weight":1.0,"played":[1.0,0.0,0.0],"evs":[0.0,-1.78265,-1.76765]},"97s":{"weight":1.0,"played":[0.9999,0.0,0.0],"evs":[0.0,-0.8236,-0.80702]},"98s":{"weight":1.0,"played":[0.9135,0.0118,0.0747],"evs":[0.0,-0.09673,-0.09707]},"99":{"weight":1.0,"played":[0.0,0.32,0.68],"evs":[0.0,9.02537,8.99893]},"T9o":{"weight":1.0,"played":[1.0,0.0,0.0],"evs":[0.0,-1.73873,-1.75213]},"J9o":{"weight":1.0,"played":[1.0,0.0,0.0],"evs":[0.0,-2.20095,-2.2231]},"Q9o":{"weight":1.0,"played":[1.0,0.0,0.0],"evs":[0.0,-2.60519,-2.62693]},"K9o":{"weight":1.0,"played":[1.0,0.0,0.0],"evs":[0.0,-2.21158,-2.24316]},"A9o":{"weight":1.0,"played":[0.0061,0.4962,0.4977],"evs":[0.0,0.32726,0.31497]},"T2s":{"weight":1.0,