{"player":1,"street":0,"children":3,"sequence":[{"player":0,"type":"R","amount":4440000,"street":0}],"actions":[{"type":"F","amount":0,"node":144},{"type":"C","amount":4440000,"node":175},{"type":"R","amount":30840000,"node":264}],"hands":{"22":{"weight":1.0,"played":[0.0,0.0,1.0],"evs":[0.0,0.41612,0.59062]},"32o":{"weight":1.0,"played":[1.0,0.0,0.0],"evs":[0.0,-0.58431,-0.77863]},"42o":{"weight":1.0,"played":[1.0,0.0,0.0],"evs":[0.0,-0.53767,-0.71622]},"52o":{"weight":1.0,"played":[1.0,0.0,0.0],"evs":[0.0,-0.5049,-0.67066]},"62o":{"weight":1.0,"played":[1.0,0.0,0.0],"evs":[0.0,-0.59707,-0.80687]},"72o":{"weight":1.0,"played":[1.0,0.0,0.0],"evs":[0.0,-0.65379,-0.91064]},"82o":{"weight":1.0,"played":[1.0,0.0,0.0],"evs":[0.0,-0.60039,-0.80527]},"92o":{"weight":1.0,"played":[1.0,0.0,0.0],"evs":[0.0,-0.59742,-0.79187]},"T2o":{"weight":1.0,"played":[1.0,0.0,0.0],"evs":[0.0,-0.54858,-0.73077]},"J2o":{"weight":1.0,"played":[1.0,0.0,0.0],"evs":[0.0,-0.50396,-0.66402]},"Q2o":{"weight":1.0,"played":[1.0,0.0,0.0],"evs":[0.0,-0.41607,-0.53307]},"K2o":{"weight":1.0,"played":[1.0,0.0,0.0],"evs":[0.0,-0.32081,-0.37816]},"A2o":{"weight":1.0,"played":[0.3727,0.2238,0.4035],"evs":[0.0,-4.5E-4,-4.0E-5]},"32s":{"weight":1.0,"played":[1.0,0.0,0.0],"evs":[0.0,-0.23241,-0.301]},"33":{"weight":1.0,"played":[0.0,0.0,1.0],"evs":[0.0,0.55835,0.70931]},"43o":{"weight":1.0,"played":[1.0,0.0,0.0],"evs":[0.0,-0.40194,-0.52362]},"53o":{"weight":1.0,"played":[1.0,0.0,0.0],"evs":[0.0,-0.35694,-0.47181]},"63o":{"weight":1.0,"played":[1.0,0.0,0.0],"evs":[0.0,-0.45903,-0.60374]},"73o":{"weight":1.0,"played":[1.0,0.0,0.0],"evs":[0.0,-0.52838,-0.70901]},"83o":{"weight":1.0,"played":[1.0,0.0,0.0],"evs":[0.0,-0.58659,-0.78795]},"93o":{"weight":1.0,"played":[1.0,0.0,0.0],"evs":[0.0,-0.55935,-0.73317]},"T3o":{"weight":1.0,"played":[1.0,0.0,0.0],"evs":[0.0,-0.51092,-0.673]},"J3o":{"weight":1.0,"played":[1.0,0.0,0.0],"evs":[0.0,-0.46555,-0.60462]},"Q3o":{"weight":1.0,"played":[1.0,0.0,0.0],"evs":[0.0,-0.37638,-0.47316]},"K3o":{"weight":1.0,"played":[1.0,0.0,0.0],"evs":[0.0,-0.27576,-0.31927]},"A3o":{"weight":1.0,"played":[0.0,4.0E-4,0.9996],"evs":[0.0,0.0602,0.06203]},"42s":{"weight":1.0,"played":[1.0,0.0,0.0],"evs":[0.0,-0.18354,-0.24704]},"43s":{"weight":1.0,"played":[1.0,0.0,0.0],"evs":[0.0,-0.04192,-0.06799]},"44":{"weight":1.0,"played":[0.0,0.0,1.0],"evs":[0.0,0.72578,0.83179]},"54o":{"weight":1.0,"played":[1.0,0.0,0.0],"evs":[0.0,-0.20811,-0.29325]},"64o":{"weight":1.0,"played":[1.0,0.0,0.0],"evs":[0.0,-0.30371,-0.41178]},"74o":{"weight":1.0,"played":[1.0,0.0,0.0],"evs":[0.0,-0.38889,-0.51375]},"84o":{"weight":1.0,"played":[1.0,0.0,0.0],"evs":[0.0,-0.45089,-0.5952]},"94o":{"weight":1.0,"played":[1.0,0.0,0.0],"evs":[0.0,-0.53845,-0.71815]},"T4o":{"weight":1.0,"played":[1.0,0.0,0.0],"evs":[0.0,-0.46827,-0.6186]},"J4o":{"weight":1.0,"played":[1.0,0.0,0.0],"evs":[0.0,-0.42317,-0.54969]},"Q4o":{"weight":1.0,"played":[1.0,0.0,0.0],"evs":[0.0,-0.3352,-0.41962]},"K4o":{"weight":1.0,"played":[1.0,0.0,0.0],"evs":[0.0,-0.22622,-0.26471]},"A4o":{"weight":1.0,"played":[0.0,5.0E-4,0.9995],"evs":[0.0,0.11639,0.12203]},"52s":{"weight":1.0,"played":[1.0,0.0,0.0],"evs":[0.0,-0.14731,-0.20342]},"53s":{"weight":1.0,"played":[0.0,1.0,0.0],"evs":[0.0,0.0081,-0.01048]},"54s":{"weight":1.0,"played":[0.0,0.2619,0.7381],"evs":[0.0,0.15192,0.15211]},"55":{"weight":1.0,"played":[0.0,0.0,1.0],"evs":[0.0,0.89164,0.95293]},"65o":{"weight":1.0,"played":[1.0,0.0,0.0],"evs":[0.0,-0.16584,-0.24352]},"75o":{"weight":1.0,"played":[1.0,0.0,0.0],"evs":[0.0,-0.2448,-0.33656]},"85o":{"weight":1.0,"played":[1.0,0.0,0.0],"evs":[0.0,-0.31474,-0.41335]},"95o":{"weight":1.0,"played":[1.0,0.0,0.0],"evs":[0.0,-0.41319,-0.53595]},"T5o":{"weight":1.0,"played":[1.0,0.0,0.0],"evs":[0.0,-0.45448,-0.60612]},"J5o":{"weight":1.0,"played":[1.0,0.0,0.0],"evs":[0.0,-0.38878,-0.50712]},"Q5o":{"weight":1.0,"played":[1.0,0.0,0.0],"evs":[0.0,-0.2987,-0.37546]},"K5o":{"weight":1.0,"played":[1.0,0.0,0.0],"evs":[0.0,-0.18286,-0.21722]},"A5o":{"weight":1.0,"played":[0.0,1.0E-4,0.9999],"evs":[0.0,0.18027,0.18724]},"62s":{"weight":1.0,"played":[1.0,0.0,0.0],"evs":[0.0,-0.25198,-0.32992]},"63s":{"weight":1.0,"played":[1.0,0.0,0.0],"evs":[0.0,-0.09674,-0.13799]},"64s":{"weight":1.0,"played":[0.0,1.0,0.0],"evs":[0.0,0.05901,0.04264]},"65s":{"weight":1.0,"played":[0.0,0.0,1.0],"evs":[0.0,0.19473,0.20378]},"66":{"weight":1.0,"played":[0.0,0.0,1.0],"evs":[0.0,1.07629,1.11943]},"76o":{"weight":1.0,"played":[1.0,0.0,0.0],"evs":[0.0,-0.11507,-0.17428]},"86o":{"weight":1.0,"played":[1.0,0.0,0.0],"evs":[0.0,-0.17642,-0.24395]},"96o":{"weight":1.0,"played":[1.0,0.0,0.0],"evs":[0.0,-0.27923,-0.36028]},"T6o":{"weight":1.0,"played":[1.0,0.0,0.0],"evs":[0.0,-0.3361,-0.43905]},"J6o":{"weight":1.0,"played":[1.0,0.0,0.0],"evs":[0.0,-0.37964,-0.5002]},"Q6o":{"weight":1.0,"played":[1.0,0.0,0.0],"evs":[0.0,-0.26802,-0.33635]},"K6o":{"weight":1.0,"played":[1.0,0.0,0.0],"evs":[0.0,-0.15099,-0.17465]},"A6o":{"weight":1.0,"played":[0.0,0.5663,0.4337],"evs":[0.0,0.07931,0.0798]},"72s":{"weight":1.0,"played":[1.0,0.0,0.0],"evs":[0.0,-0.32444,-0.42238]},"73s":{"weight":1.0,"played":[1.0,0.0,0.0],"evs":[0.0,-0.18043,-0.23662]},"74s":{"weight":1.0,"played":[1.0,0.0,0.0],"evs":[0.0,-0.02224,-0.05189]},"75s":{"weight":1.0,"played":[0.0,0.9991,9.0E-4],"evs":[0.0,0.12225,0.11728]},"76s":{"weight":1.0,"played":[0.0,0.0,1.0],"evs":[0.0,0.25139,0.269]},"77":{"weight":1.0,"played":[0.0,0.0,1.0],"evs":[0.0,1.34655,1.3923]},"87o":{"weight":1.0,"played":[1.0,0.0,0.0],"evs":[0.0,-0.04666,-0.08128]},"97o":{"weight":1.0,"played":[1.0,0.0,0.0],"evs":[0.0,-0.1339,-0.18271]},"T7o":{"weight":1.0,"played":[1.0,0.0,0.0],"evs":[0.0,-0.18381,-0.24869]},"J7o":{"weight":1.0,"played":[1.0,0.0,0.0],"evs":[0.0,-0.23703,-0.31058]},"Q7o":{"weight":1.0,"played":[1.0,0.0,0.0],"evs":[0.0,-0.23371,-0.30227]},"K7o":{"weight":1.0,"played":[1.0,0.0,0.0],"evs":[0.0,-0.08926,-0.10556]},"A7o":{"weight":1.0,"played":[0.0,0.0,1.0],"evs":[0.0,0.20459,0.22891]},"82s":{"weight":1.0,"played":[1.0,0.0,0.0],"evs":[0.0,-0.25463,-0.3228]},"83s":{"weight":1.0,"played":[1.0,0.0,0.0],"evs":[0.0,-0.23883,-0.30577]},"84s":{"weight":1.0,"played":[1.0,0.0,0.0],"evs":[0.0,-0.08902,-0.12574]},"85s":{"weight":1.0,"played":[0.0,0.9995,4.0E-4],"evs":[0.0,0.05258,0.0442]},"86s":{"weight":1.0,"played":[0.0,0.0,1.0],"evs":[0.0,0.19371,0.20776]},"87s":{"weight":1.0,"played":[0.0,0.0,1.0],"evs":[0.0,0.32479,0.36315]},"88":{"weight":1.0,"played":[0.0,0.0,1.0],"evs":[0.0,1.69512,1.73162]},"98o":{"weight":1.0,"played":[0.7796,0.2203,0.0],"evs":[0.0,-8.1E-4,-0.01333]},"T8o":{"weight":1.0,"played":[1.0,0.0,0.0],"evs":[0.0,-0.02658,-0.04925]},"J8o":{"weight":1.0,"played":[1.0,0.0,0.0],"evs":[0.0,-0.08647,-0.11435]},"Q8o":{"weight":1.0,"played":[1.0,0.0,0.0],"evs":[0.0,-0.08134,-0.10776]},"K8o":{"weight":1.0,"played":[1.0,0.0,0.0],"evs":[0.0,-0.04112,-0.04934]},"A8o":{"weight":1.0,"played":[0.0,0.0,1.0],"evs":[0.0,0.32862,0.3708]},"92s":{"weight":1.0,"played":[1.0,0.0,0.0],"evs":[0.0,-0.24594,-0.30682]},"93s":{"weight":1.0,"played":[1.0,0.0,0.0],"evs":[0.0,-0.20585,-0.25364]},"94s":{"weight":1.0,"played":[1.0,0.0,0.0],"evs":[0.0,-0.18555,-0.23838]},"95s":{"weight":1.0,"played":[1.0,0.0,0.0],"evs":[0.0,-0.04765,-0.06784]},"96s":{"weight":1.0,"played":[0.0,0.2521,0.7479],"evs":[0.0,0.09363,0.09354]},"97s":{"weight":1.0,"played":[0.0,0.0,1.0],"evs":[0.0,0.23602,0.26365]},"98s":{"weight":1.0,"played":[0.0,0.0,1.0],"evs":[0.0,0.3715,0.42146]},"99":{"weight":1.0,"played":[0.0,0.0,1.0],"evs":[0.0,2.04156,2.10835]},"T9o":{"weight":1.0,"played":[0.0,0.1895,0.8105],"evs":[0.0,0.08855,0.08869]},"J9o":{"weight":1.0,"played":[0.0,0.9237,0.0763],"evs":[0.0,0.02896,0.0283]},"Q9o":{"weight":1.0,"played":[0.0,0.276,0.724],"evs":[0.0,0.03578,0.03618]},"K9o":{"weight":1.0,"played":[0.0,0.0,1.0],"evs":[0.0,0.07251,0.10085]},"A9o":{"weight":1.0,"played":[0.0,0.0,1.0],"evs":[0.0,0.47943,0.54725]},"T2s":{"weight":1.0,"played":[1.0,0.0,0.0],"evs":[0.0,-0.19693,-0.24837]},