{"player":2,"street":0,"children":3,"sequence":[{"player":0,"type":"R","amount":4440000,"street":0},{"player":1,"type":"F","amount":0,"street":0}],"actions":[{"type":"F","amount":0,"node":145},{"type":"C","amount":4440000},{"type":"R","amount":15000000,"node":160}],"hands":{"22":{"weight":1.0,"played":[0.0,0.0,1.0],"evs":[0.0,0.11022,0.18497]},"32o":{"weight":1.0,"played":[1.0,0.0,0.0],"evs":[0.0,-0.97061,-1.42713]},"42o":{"weight":1.0,"played":[1.0,0.0,0.0],"evs":[0.0,-0.92404,-1.34814]},"52o":{"weight":1.0,"played":[1.0,0.0,0.0],"evs":[0.0,-0.88858,-1.27972]},"62o":{"weight":1.0,"played":[1.0,0.0,0.0],"evs":[0.0,-0.98099,-1.43393]},"72o":{"weight":1.0,"played":[1.0,0.0,0.0],"evs":[0.0,-1.0326,-1.54744]},"82o":{"weight":1.0,"played":[1.0,0.0,0.0],"evs":[0.0,-0.97822,-1.43833]},"92o":{"weight":1.0,"played":[1.0,0.0,0.0],"evs":[0.0,-0.95135,-1.40762]},"T2o":{"weight":1.0,"played":[1.0,0.0,0.0],"evs":[0.0,-0.90817,-1.33131]},"J2o":{"weight":1.0,"played":[1.0,0.0,0.0],"evs":[0.0,-0.87343,-1.26761]},"Q2o":{"weight":1.0,"played":[1.0,0.0,0.0],"evs":[0.0,-0.77773,-1.11937]},"K2o":{"weight":1.0,"played":[1.0,0.0,0.0],"evs":[0.0,-0.6925,-0.94607]},"A2o":{"weight":1.0,"played":[1.0,0.0,0.0],"evs":[0.0,-0.27876,-0.34726]},"32s":{"weight":1.0,"played":[1.0,0.0,0.0],"evs":[0.0,-0.62739,-0.87909]},"33":{"weight":1.0,"played":[0.0,0.0,1.0],"evs":[0.0,0.27612,0.36442]},"43o":{"weight":1.0,"played":[1.0,0.0,0.0],"evs":[0.0,-0.78642,-1.11384]},"53o":{"weight":1.0,"played":[1.0,0.0,0.0],"evs":[0.0,-0.74389,-1.04193]},"63o":{"weight":1.0,"played":[1.0,0.0,0.0],"evs":[0.0,-0.83631,-1.19371]},"73o":{"weight":1.0,"played":[1.0,0.0,0.0],"evs":[0.0,-0.90886,-1.30853]},"83o":{"weight":1.0,"played":[1.0,0.0,0.0],"evs":[0.0,-0.95882,-1.40339]},"93o":{"weight":1.0,"played":[1.0,0.0,0.0],"evs":[0.0,-0.90752,-1.32448]},"T3o":{"weight":1.0,"played":[1.0,0.0,0.0],"evs":[0.0,-0.86569,-1.24604]},"J3o":{"weight":1.0,"played":[1.0,0.0,0.0],"evs":[0.0,-0.82678,-1.18399]},"Q3o":{"weight":1.0,"played":[1.0,0.0,0.0],"evs":[0.0,-0.72669,-1.03682]},"K3o":{"weight":1.0,"played":[1.0,0.0,0.0],"evs":[0.0,-0.63684,-0.86583]},"A3o":{"weight":1.0,"played":[1.0,0.0,0.0],"evs":[0.0,-0.21276,-0.26408]},"42s":{"weight":1.0,"played":[1.0,0.0,0.0],"evs":[0.0,-0.58803,-0.81242]},"43s":{"weight":1.0,"played":[1.0,0.0,0.0],"evs":[0.0,-0.44369,-0.5921]},"44":{"weight":1.0,"played":[0.0,0.0,1.0],"evs":[0.0,0.45798,0.54367]},"54o":{"weight":1.0,"played":[1.0,0.0,0.0],"evs":[0.0,-0.60968,-0.82473]},"64o":{"weight":1.0,"played":[1.0,0.0,0.0],"evs":[0.0,-0.69316,-0.96195]},"74o":{"weight":1.0,"played":[1.0,0.0,0.0],"evs":[0.0,-0.76235,-1.07369]},"84o":{"weight":1.0,"played":[1.0,0.0,0.0],"evs":[0.0,-0.82799,-1.17177]},"94o":{"weight":1.0,"played":[1.0,0.0,0.0],"evs":[0.0,-0.88704,-1.29174]},"T4o":{"weight":1.0,"played":[1.0,0.0,0.0],"evs":[0.0,-0.82515,-1.17304]},"J4o":{"weight":1.0,"played":[1.0,0.0,0.0],"evs":[0.0,-0.78034,-1.10735]},"Q4o":{"weight":1.0,"played":[1.0,0.0,0.0],"evs":[0.0,-0.68325,-0.96413]},"K4o":{"weight":1.0,"played":[1.0,0.0,0.0],"evs":[0.0,-0.59298,-0.78945]},"A4o":{"weight":1.0,"played":[1.0,0.0,0.0],"evs":[0.0,-0.16175,-0.1835]},"52s":{"weight":1.0,"played":[1.0,0.0,0.0],"evs":[0.0,-0.54681,-0.73793]},"53s":{"weight":1.0,"played":[1.0,0.0,0.0],"evs":[0.0,-0.39332,-0.51869]},"54s":{"weight":1.0,"played":[1.0,0.0,0.0],"evs":[0.0,-0.24458,-0.3082]},"55":{"weight":1.0,"played":[0.0,0.0,1.0],"evs":[0.0,0.67474,0.73218]},"65o":{"weight":1.0,"played":[1.0,0.0,0.0],"evs":[0.0,-0.56011,-0.75324]},"75o":{"weight":1.0,"played":[1.0,0.0,0.0],"evs":[0.0,-0.62759,-0.85911]},"85o":{"weight":1.0,"played":[1.0,0.0,0.0],"evs":[0.0,-0.68747,-0.95055]},"95o":{"weight":1.0,"played":[1.0,0.0,0.0],"evs":[0.0,-0.76184,-1.07134]},"T5o":{"weight":1.0,"played":[1.0,0.0,0.0],"evs":[0.0,-0.80501,-1.14712]},"J5o":{"weight":1.0,"played":[1.0,0.0,0.0],"evs":[0.0,-0.74292,-1.0466]},"Q5o":{"weight":1.0,"played":[1.0,0.0,0.0],"evs":[0.0,-0.64282,-0.89939]},"K5o":{"weight":1.0,"played":[1.0,0.0,0.0],"evs":[0.0,-0.54191,-0.72187]},"A5o":{"weight":1.0,"played":[1.0,0.0,0.0],"evs":[0.0,-0.09521,-0.10326]},"62s":{"weight":1.0,"played":[1.0,0.0,0.0],"evs":[0.0,-0.63509,-0.88117]},"63s":{"weight":1.0,"played":[1.0,0.0,0.0],"evs":[0.0,-0.48857,-0.65606]},"64s":{"weight":1.0,"played":[1.0,0.0,0.0],"evs":[0.0,-0.34162,-0.44712]},"65s":{"weight":1.0,"played":[1.0,0.0,0.0],"evs":[0.0,-0.19722,-0.24805]},"66":{"weight":1.0,"played":[0.0,0.0,1.0],"evs":[0.0,0.91747,0.95403]},"76o":{"weight":1.0,"played":[1.0,0.0,0.0],"evs":[0.0,-0.49651,-0.66843]},"86o":{"weight":1.0,"played":[1.0,0.0,0.0],"evs":[0.0,-0.55162,-0.74885]},"96o":{"weight":1.0,"played":[1.0,0.0,0.0],"evs":[0.0,-0.62841,-0.87426]},"T6o":{"weight":1.0,"played":[1.0,0.0,0.0],"evs":[0.0,-0.6783,-0.95077]},"J6o":{"weight":1.0,"played":[1.0,0.0,0.0],"evs":[0.0,-0.72658,-1.0329]},"Q6o":{"weight":1.0,"played":[1.0,0.0,0.0],"evs":[0.0,-0.60769,-0.85113]},"K6o":{"weight":1.0,"played":[1.0,0.0,0.0],"evs":[0.0,-0.50951,-0.67125]},"A6o":{"weight":1.0,"played":[1.0,0.0,0.0],"evs":[0.0,-0.17102,-0.2132]},"72s":{"weight":1.0,"played":[1.0,0.0,0.0],"evs":[0.0,-0.6979,-0.98944]},"73s":{"weight":1.0,"played":[1.0,0.0,0.0],"evs":[0.0,-0.56356,-0.76555]},"74s":{"weight":1.0,"played":[1.0,0.0,0.0],"evs":[0.0,-0.41471,-0.54764]},"75s":{"weight":1.0,"played":[1.0,0.0,0.0],"evs":[0.0,-0.26789,-0.34078]},"76s":{"weight":1.0,"played":[1.0,0.0,0.0],"evs":[0.0,-0.12646,-0.16161]},"77":{"weight":1.0,"played":[0.0,0.0,1.0],"evs":[0.0,1.20394,1.25307]},"87o":{"weight":1.0,"played":[1.0,0.0,0.0],"evs":[0.0,-0.43307,-0.56933]},"97o":{"weight":1.0,"played":[1.0,0.0,0.0],"evs":[0.0,-0.49325,-0.66928]},"T7o":{"weight":1.0,"played":[1.0,0.0,0.0],"evs":[0.0,-0.54179,-0.73956]},"J7o":{"weight":1.0,"played":[1.0,0.0,0.0],"evs":[0.0,-0.59403,-0.82309]},"Q7o":{"weight":1.0,"played":[1.0,0.0,0.0],"evs":[0.0,-0.5893,-0.8235]},"K7o":{"weight":1.0,"played":[1.0,0.0,0.0],"evs":[0.0,-0.46603,-0.60552]},"A7o":{"weight":1.0,"played":[1.0,0.0,0.0],"evs":[0.0,-0.07476,-0.06282]},"82s":{"weight":1.0,"played":[1.0,0.0,0.0],"evs":[0.0,-0.63627,-0.88371]},"83s":{"weight":1.0,"played":[1.0,0.0,0.0],"evs":[0.0,-0.62091,-0.8549]},"84s":{"weight":1.0,"played":[1.0,0.0,0.0],"evs":[0.0,-0.48219,-0.6356]},"85s":{"weight":1.0,"played":[1.0,0.0,0.0],"evs":[0.0,-0.33935,-0.42859]},"86s":{"weight":1.0,"played":[1.0,0.0,0.0],"evs":[0.0,-0.19466,-0.23903]},"87s":{"weight":1.0,"played":[1.0,0.0,0.0],"evs":[0.0,-0.05584,-0.06448]},"88":{"weight":1.0,"played":[0.0,0.0,1.0],"evs":[0.0,1.52836,1.60958]},"98o":{"weight":1.0,"played":[1.0,0.0,0.0],"evs":[0.0,-0.37366,-0.48251]},"T8o":{"weight":1.0,"played":[1.0,0.0,0.0],"evs":[0.0,-0.39867,-0.51969]},"J8o":{"weight":1.0,"played":[1.0,0.0,0.0],"evs":[0.0,-0.45734,-0.6117]},"Q8o":{"weight":1.0,"played":[1.0,0.0,0.0],"evs":[0.0,-0.45851,-0.61388]},"K8o":{"weight":1.0,"played":[1.0,0.0,0.0],"evs":[0.0,-0.44002,-0.56057]},"A8o":{"weight":1.0,"played":[0.0,6.0E-4,0.9994],"evs":[0.0,0.01982,0.07901]},"92s":{"weight":1.0,"played":[1.0,0.0,0.0],"evs":[0.0,-0.61236,-0.85344]},"93s":{"weight":1.0,"played":[1.0,0.0,0.0],"evs":[0.0,-0.56652,-0.78]},"94s":{"weight":1.0,"played":[1.0,0.0,0.0],"evs":[0.0,-0.54721,-0.74657]},"95s":{"weight":1.0,"played":[1.0,0.0,0.0],"evs":[0.0,-0.41653,-0.54729]},"96s":{"weight":1.0,"played":[1.0,0.0,0.0],"evs":[0.0,-0.27387,-0.35306]},"97s":{"weight":1.0,"played":[1.0,0.0,0.0],"evs":[0.0,-0.13363,-0.15795]},"98s":{"weight":1.0,"played":[0.0016,0.0,0.9984],"evs":[0.0,0.00521,0.01408]},"99":{"weight":1.0,"played":[0.0,0.0,1.0],"evs":[0.0,1.9604,2.04537]},"T9o":{"weight":1.0,"played":[1.0,0.0,0.0],"evs":[0.0,-0.27962,-0.35343]},"J9o":{"weight":1.0,"played":[1.0,0.0,0.0],"evs":[0.0,-0.33776,-0.44263]},"Q9o":{"weight":1.0,"played":[1.0,0.0,0.0],"evs":[0.0,-0.33358,-0.44726]},"K9o":{"weight":1.0,"played":[1.0,0.0,0.0],"evs":[0.0,-0.31929,-0.39211]},"A9o":{"weight":1.0,"played":[0.0,0.0,1.0],"evs":[0.0,0.27555,0.33794]},"T2s":{"weight":1.0,"played":[1.0,0.0,0.0],