{"player":2,"street":0,"children":3,"sequence":[{"player":0,"type":"R","amount":835000,"street":0},{"player":1,"type":"F","amount":0,"street":0}],"actions":[{"type":"F","amount":0,"node":276},{"type":"C","amount":835000,"node":294},{"type":"R","amount":1616900,"node":308}],"hands":{"22":{"weight":1.0,"played":[1.0,0.0,0.0],"evs":[0.0,-0.25642,-0.25381]},"32o":{"weight":1.0,"played":[1.0,0.0,0.0],"evs":[0.0,-4.05985,-4.07609]},"42o":{"weight":1.0,"played":[1.0,0.0,0.0],"evs":[0.0,-3.84162,-3.85666]},"52o":{"weight":1.0,"played":[1.0,0.0,0.0],"evs":[0.0,-3.6204,-3.63298]},"62o":{"weight":1.0,"played":[1.0,0.0,0.0],"evs":[0.0,-3.8994,-3.91105]},"72o":{"weight":1.0,"played":[1.0,0.0,0.0],"evs":[0.0,-4.26338,-4.2765]},"82o":{"weight":1.0,"played":[1.0,0.0,0.0],"evs":[0.0,-3.98296,-3.99737]},"92o":{"weight":1.0,"played":[1.0,0.0,0.0],"evs":[0.0,-3.85519,-3.86674]},"T2o":{"weight":1.0,"played":[1.0,0.0,0.0],"evs":[0.0,-3.71889,-3.73072]},"J2o":{"weight":1.0,"played":[1.0,0.0,0.0],"evs":[0.0,-3.57719,-3.58908]},"Q2o":{"weight":1.0,"played":[1.0,0.0,0.0],"evs":[0.0,-3.24255,-3.24895]},"K2o":{"weight":1.0,"played":[1.0,0.0,0.0],"evs":[0.0,-2.98366,-2.98783]},"A2o":{"weight":1.0,"played":[1.0,0.0,0.0],"evs":[0.0,-1.84961,-1.84876]},"32s":{"weight":1.0,"played":[1.0,0.0,0.0],"evs":[0.0,-2.83402,-2.8468]},"33":{"weight":1.0,"played":[0.0011,0.5791,0.4197],"evs":[0.0,0.08619,0.08454]},"43o":{"weight":1.0,"played":[1.0,0.0,0.0],"evs":[0.0,-3.35794,-3.37395]},"53o":{"weight":1.0,"played":[1.0,0.0,0.0],"evs":[0.0,-3.14036,-3.15471]},"63o":{"weight":1.0,"played":[1.0,0.0,0.0],"evs":[0.0,-3.41603,-3.4283]},"73o":{"weight":1.0,"played":[1.0,0.0,0.0],"evs":[0.0,-3.76408,-3.77821]},"83o":{"weight":1.0,"played":[1.0,0.0,0.0],"evs":[0.0,-3.956,-3.97219]},"93o":{"weight":1.0,"played":[1.0,0.0,0.0],"evs":[0.0,-3.73612,-3.74573]},"T3o":{"weight":1.0,"played":[1.0,0.0,0.0],"evs":[0.0,-3.58823,-3.5983]},"J3o":{"weight":1.0,"played":[1.0,0.0,0.0],"evs":[0.0,-3.44535,-3.45849]},"Q3o":{"weight":1.0,"played":[1.0,0.0,0.0],"evs":[0.0,-3.13467,-3.13907]},"K3o":{"weight":1.0,"played":[1.0,0.0,0.0],"evs":[0.0,-2.85985,-2.86541]},"A3o":{"weight":1.0,"played":[1.0,0.0,0.0],"evs":[0.0,-1.68593,-1.68423]},"42s":{"weight":1.0,"played":[1.0,0.0,0.0],"evs":[0.0,-2.62882,-2.63803]},"43s":{"weight":1.0,"played":[1.0,0.0,0.0],"evs":[0.0,-2.1702,-2.18044]},"44":{"weight":1.0,"played":[0.0,0.3478,0.6522],"evs":[0.0,0.61739,0.61827]},"54o":{"weight":1.0,"played":[1.0,0.0,0.0],"evs":[0.0,-2.598,-2.60949]},"64o":{"weight":1.0,"played":[1.0,0.0,0.0],"evs":[0.0,-2.85779,-2.86859]},"74o":{"weight":1.0,"played":[1.0,0.0,0.0],"evs":[0.0,-3.21102,-3.22258]},"84o":{"weight":1.0,"played":[1.0,0.0,0.0],"evs":[0.0,-3.38823,-3.40183]},"94o":{"weight":1.0,"played":[1.0,0.0,0.0],"evs":[0.0,-3.62478,-3.63456]},"T4o":{"weight":1.0,"played":[1.0,0.0,0.0],"evs":[0.0,-3.3864,-3.39644]},"J4o":{"weight":1.0,"played":[1.0,0.0,0.0],"evs":[0.0,-3.24011,-3.25218]},"Q4o":{"weight":1.0,"played":[1.0,0.0,0.0],"evs":[0.0,-2.91047,-2.91411]},"K4o":{"weight":1.0,"played":[1.0,0.0,0.0],"evs":[0.0,-2.64694,-2.65208]},"A4o":{"weight":1.0,"played":[1.0,0.0,0.0],"evs":[0.0,-1.48163,-1.48169]},"52s":{"weight":1.0,"played":[1.0,0.0,0.0],"evs":[0.0,-2.41255,-2.42313]},"53s":{"weight":1.0,"played":[1.0,0.0,0.0],"evs":[0.0,-1.96385,-1.97709]},"54s":{"weight":1.0,"played":[1.0,0.0,0.0],"evs":[0.0,-1.47119,-1.4825]},"55":{"weight":1.0,"played":[0.0,0.4911,0.5089],"evs":[0.0,1.19031,1.18928]},"65o":{"weight":1.0,"played":[1.0,0.0,0.0],"evs":[0.0,-2.33972,-2.34779]},"75o":{"weight":1.0,"played":[1.0,0.0,0.0],"evs":[0.0,-2.66408,-2.67345]},"85o":{"weight":1.0,"played":[1.0,0.0,0.0],"evs":[0.0,-2.83412,-2.8457]},"95o":{"weight":1.0,"played":[1.0,0.0,0.0],"evs":[0.0,-3.0784,-3.0873]},"T5o":{"weight":1.0,"played":[1.0,0.0,0.0],"evs":[0.0,-3.26645,-3.27704]},"J5o":{"weight":1.0,"played":[1.0,0.0,0.0],"evs":[0.0,-3.03309,-3.04338]},"Q5o":{"weight":1.0,"played":[1.0,0.0,0.0],"evs":[0.0,-2.71601,-2.72062]},"K5o":{"weight":1.0,"played":[1.0,0.0,0.0],"evs":[0.0,-2.44834,-2.4542]},"A5o":{"weight":1.0,"played":[1.0,0.0,0.0],"evs":[0.0,-1.23798,-1.23805]},"62s":{"weight":1.0,"played":[1.0,0.0,0.0],"evs":[0.0,-2.65369,-2.66524]},"63s":{"weight":1.0,"played":[1.0,0.0,0.0],"evs":[0.0,-2.25299,-2.26132]},"64s":{"weight":1.0,"played":[1.0,0.0,0.0],"evs":[0.0,-1.73499,-1.74607]},"65s":{"weight":1.0,"played":[1.0,0.0,0.0],"evs":[0.0,-1.19839,-1.20667]},"66":{"weight":1.0,"played":[0.0,0.4363,0.5637],"evs":[0.0,1.81,1.81418]},"76o":{"weight":1.0,"played":[1.0,0.0,0.0],"evs":[0.0,-2.18961,-2.19851]},"86o":{"weight":1.0,"played":[1.0,0.0,0.0],"evs":[0.0,-2.33297,-2.34145]},"96o":{"weight":1.0,"played":[1.0,0.0,0.0],"evs":[0.0,-2.56695,-2.5756]},"T6o":{"weight":1.0,"played":[1.0,0.0,0.0],"evs":[0.0,-2.77221,-2.78191]},"J6o":{"weight":1.0,"played":[1.0,0.0,0.0],"evs":[0.0,-2.96287,-2.97432]},"Q6o":{"weight":1.0,"played":[1.0,0.0,0.0],"evs":[0.0,-2.55245,-2.55765]},"K6o":{"weight":1.0,"played":[1.0,0.0,0.0],"evs":[0.0,-2.28821,-2.29094]},"A6o":{"weight":1.0,"played":[1.0,0.0,0.0],"evs":[0.0,-1.43128,-1.42707]},"72s":{"weight":1.0,"played":[1.0,0.0,0.0],"evs":[0.0,-3.03271,-3.0456]},"73s":{"weight":1.0,"played":[1.0,0.0,0.0],"evs":[0.0,-2.58985,-2.59935]},"74s":{"weight":1.0,"played":[1.0,0.0,0.0],"evs":[0.0,-2.03042,-2.04221]},"75s":{"weight":1.0,"played":[1.0,0.0,0.0],"evs":[0.0,-1.50859,-1.5215]},"76s":{"weight":1.0,"played":[1.0,0.0,0.0],"evs":[0.0,-1.03178,-1.03846]},"77":{"weight":1.0,"played":[0.0,0.5607,0.4393],"evs":[0.0,2.50322,2.50085]},"87o":{"weight":1.0,"played":[1.0,0.0,0.0],"evs":[0.0,-2.04267,-2.05206]},"97o":{"weight":1.0,"played":[1.0,0.0,0.0],"evs":[0.0,-2.21415,-2.22165]},"T7o":{"weight":1.0,"played":[1.0,0.0,0.0],"evs":[0.0,-2.41158,-2.42178]},"J7o":{"weight":1.0,"played":[1.0,0.0,0.0],"evs":[0.0,-2.60937,-2.61834]},"Q7o":{"weight":1.0,"played":[1.0,0.0,0.0],"evs":[0.0,-2.61462,-2.62083]},"K7o":{"weight":1.0,"played":[1.0,0.0,0.0],"evs":[0.0,-2.27194,-2.27527]},"A7o":{"weight":1.0,"played":[1.0,0.0,0.0],"evs":[0.0,-1.04966,-1.04937]},"82s":{"weight":1.0,"played":[1.0,0.0,0.0],"evs":[0.0,-2.73592,-2.74812]},"83s":{"weight":1.0,"played":[1.0,0.0,0.0],"evs":[0.0,-2.68615,-2.69448]},"84s":{"weight":1.0,"played":[1.0,0.0,0.0],"evs":[0.0,-2.22024,-2.22973]},"85s":{"weight":1.0,"played":[1.0,0.0,0.0],"evs":[0.0,-1.68754,-1.70023]},"86s":{"weight":1.0,"played":[1.0,0.0,0.0],"evs":[0.0,-1.22138,-1.23362]},"87s":{"weight":1.0,"played":[1.0,0.0,0.0],"evs":[0.0,-0.90075,-0.90863]},"88":{"weight":1.0,"played":[0.0,0.3804,0.6196],"evs":[0.0,3.41708,3.41682]},"98o":{"weight":1.0,"played":[1.0,0.0,0.0],"evs":[0.0,-1.7485,-1.75701]},"T8o":{"weight":1.0,"played":[1.0,0.0,0.0],"evs":[0.0,-1.86083,-1.86942]},"J8o":{"weight":1.0,"played":[1.0,0.0,0.0],"evs":[0.0,-2.09482,-2.10454]},"Q8o":{"weight":1.0,"played":[1.0,0.0,0.0],"evs":[0.0,-2.13072,-2.13109]},"K8o":{"weight":1.0,"played":[1.0,0.0,0.0],"evs":[0.0,-2.13893,-2.13656]},"A8o":{"weight":1.0,"played":[1.0,0.0,0.0],"evs":[0.0,-0.42302,-0.41831]},"92s":{"weight":1.0,"played":[1.0,0.0,0.0],"evs":[0.0,-2.60564,-2.61243]},"93s":{"weight":1.0,"played":[1.0,0.0,0.0],"evs":[0.0,-2.51233,-2.52197]},"94s":{"weight":1.0,"played":[1.0,0.0,0.0],"evs":[0.0,-2.41611,-2.42373]},"95s":{"weight":1.0,"played":[1.0,0.0,0.0],"evs":[0.0,-1.88612,-1.89506]},"96s":{"weight":1.0,"played":[1.0,0.0,0.0],"evs":[0.0,-1.40152,-1.40898]},"97s":{"weight":1.0,"played":[1.0,0.0,0.0],"evs":[0.0,-1.07216,-1.08085]},"98s":{"weight":1.0,"played":[1.0,0.0,0.0],"evs":[0.0,-0.65453,-0.65718]},"99":{"weight":1.0,"played":[0.0,0.4914,0.5086],"evs":[0.0,4.35831,4.3551]},"T9o":{"weight":1.0,"played":[1.0,0.0,0.0],"evs":[0.0,-1.41004,-1.41168]},"J9o":{"weight":1.0,"played":[1.0,0.0,0.0],"evs":[0.0,-1.62662,-1.62714]},"Q9o":{"weight":1.0,"played":[1.0,0.0,0.0],"evs":[0.0,-1.63914,-1.63646]},"K9o":{"weight":1.0,"played":[1.0,0.0,0.0],"evs":[0.0,-1.61288,-1.61286]},"A9o":{"weight":1.0,"played":[0.0,0.4196,0.5804],"evs":[0.0,0.29179,0.29155]},