{"player":2,"street":0,"children":3,"sequence":[{"player":0,"type":"R","amount":835000,"street":0},{"player":1,"type":"C","amount":835000,"street":0}],"actions":[{"type":"F","amount":0,"node":316},{"type":"C","amount":835000,"node":342},{"type":"R","amount":1616900,"node":364}],"hands":{"22":{"weight":1.0,"played":[0.9995,0.0,5.0E-4],"evs":[0.0,-1.34808,-1.25833]},"32o":{"weight":1.0,"played":[1.0,0.0,0.0],"evs":[0.0,-4.83568,-5.10126]},"42o":{"weight":1.0,"played":[1.0,0.0,0.0],"evs":[0.0,-4.58018,-4.82177]},"52o":{"weight":1.0,"played":[1.0,0.0,0.0],"evs":[0.0,-4.24034,-4.48042]},"62o":{"weight":1.0,"played":[1.0,0.0,0.0],"evs":[0.0,-4.6064,-4.82034]},"72o":{"weight":1.0,"played":[1.0,0.0,0.0],"evs":[0.0,-5.21789,-5.44171]},"82o":{"weight":1.0,"played":[1.0,0.0,0.0],"evs":[0.0,-4.92466,-5.08802]},"92o":{"weight":1.0,"played":[1.0,0.0,0.0],"evs":[0.0,-4.94784,-5.07577]},"T2o":{"weight":1.0,"played":[1.0,0.0,0.0],"evs":[0.0,-4.87667,-5.00252]},"J2o":{"weight":1.0,"played":[1.0,0.0,0.0],"evs":[0.0,-4.85815,-4.98149]},"Q2o":{"weight":1.0,"played":[1.0,0.0,0.0],"evs":[0.0,-4.55188,-4.60766]},"K2o":{"weight":1.0,"played":[1.0,0.0,0.0],"evs":[0.0,-3.92439,-3.95344]},"A2o":{"weight":1.0,"played":[1.0,0.0,0.0],"evs":[0.0,-3.96241,-3.99693]},"32s":{"weight":1.0,"played":[1.0,0.0,0.0],"evs":[0.0,-3.04707,-3.19334]},"33":{"weight":1.0,"played":[0.9985,5.0E-4,0.001],"evs":[0.0,-1.0076,-0.9931]},"43o":{"weight":1.0,"played":[1.0,0.0,0.0],"evs":[0.0,-3.97173,-4.1925]},"53o":{"weight":1.0,"played":[1.0,0.0,0.0],"evs":[0.0,-3.53465,-3.67359]},"63o":{"weight":1.0,"played":[1.0,0.0,0.0],"evs":[0.0,-3.96284,-4.2036]},"73o":{"weight":1.0,"played":[1.0,0.0,0.0],"evs":[0.0,-4.56272,-4.75411]},"83o":{"weight":1.0,"played":[1.0,0.0,0.0],"evs":[0.0,-4.88217,-5.04731]},"93o":{"weight":1.0,"played":[1.0,0.0,0.0],"evs":[0.0,-4.78275,-4.94353]},"T3o":{"weight":1.0,"played":[1.0,0.0,0.0],"evs":[0.0,-4.71804,-4.80494]},"J3o":{"weight":1.0,"played":[1.0,0.0,0.0],"evs":[0.0,-4.68034,-4.80421]},"Q3o":{"weight":1.0,"played":[1.0,0.0,0.0],"evs":[0.0,-4.3911,-4.47253]},"K3o":{"weight":1.0,"played":[1.0,0.0,0.0],"evs":[0.0,-3.62609,-3.67096]},"A3o":{"weight":1.0,"played":[1.0,0.0,0.0],"evs":[0.0,-3.78059,-3.8338]},"42s":{"weight":1.0,"played":[1.0,0.0,0.0],"evs":[0.0,-2.93746,-3.06611]},"43s":{"weight":1.0,"played":[1.0,0.0,0.0],"evs":[0.0,-2.33261,-2.44338]},"44":{"weight":1.0,"played":[0.9917,0.0012,0.0071],"evs":[0.0,-0.69076,-0.63202]},"54o":{"weight":1.0,"played":[1.0,0.0,0.0],"evs":[0.0,-2.99369,-3.13643]},"64o":{"weight":1.0,"played":[1.0,0.0,0.0],"evs":[0.0,-3.21773,-3.35923]},"74o":{"weight":1.0,"played":[1.0,0.0,0.0],"evs":[0.0,-3.84554,-3.97471]},"84o":{"weight":1.0,"played":[1.0,0.0,0.0],"evs":[0.0,-4.25593,-4.38897]},"94o":{"weight":1.0,"played":[1.0,0.0,0.0],"evs":[0.0,-4.71528,-4.86905]},"T4o":{"weight":1.0,"played":[1.0,0.0,0.0],"evs":[0.0,-4.56775,-4.6525]},"J4o":{"weight":1.0,"played":[1.0,0.0,0.0],"evs":[0.0,-4.46841,-4.55951]},"Q4o":{"weight":1.0,"played":[1.0,0.0,0.0],"evs":[0.0,-4.17008,-4.24603]},"K4o":{"weight":1.0,"played":[1.0,0.0,0.0],"evs":[0.0,-3.57225,-3.61306]},"A4o":{"weight":1.0,"played":[1.0,0.0,0.0],"evs":[0.0,-3.46941,-3.51591]},"52s":{"weight":1.0,"played":[1.0,0.0,0.0],"evs":[0.0,-2.75105,-2.88101]},"53s":{"weight":1.0,"played":[1.0,0.0,0.0],"evs":[0.0,-2.09677,-2.15882]},"54s":{"weight":1.0,"played":[0.9995,1.0E-4,3.0E-4],"evs":[0.0,-1.2392,-1.29835]},"55":{"weight":1.0,"played":[0.0,0.6059,0.3941],"evs":[0.0,0.20926,0.24196]},"65o":{"weight":1.0,"played":[1.0,0.0,0.0],"evs":[0.0,-2.5588,-2.69366]},"75o":{"weight":1.0,"played":[1.0,0.0,0.0],"evs":[0.0,-3.00501,-3.12667]},"85o":{"weight":1.0,"played":[1.0,0.0,0.0],"evs":[0.0,-3.54775,-3.63644]},"95o":{"weight":1.0,"played":[1.0,0.0,0.0],"evs":[0.0,-4.01427,-4.12252]},"T5o":{"weight":1.0,"played":[1.0,0.0,0.0],"evs":[0.0,-4.56908,-4.64521]},"J5o":{"weight":1.0,"played":[1.0,0.0,0.0],"evs":[0.0,-4.16695,-4.2496]},"Q5o":{"weight":1.0,"played":[1.0,0.0,0.0],"evs":[0.0,-3.86092,-3.90921]},"K5o":{"weight":1.0,"played":[1.0,0.0,0.0],"evs":[0.0,-3.26701,-3.28626]},"A5o":{"weight":1.0,"played":[1.0,0.0,0.0],"evs":[0.0,-3.0949,-3.14784]},"62s":{"weight":1.0,"played":[1.0,0.0,0.0],"evs":[0.0,-2.87327,-2.9573]},"63s":{"weight":1.0,"played":[1.0,0.0,0.0],"evs":[0.0,-2.17575,-2.32057]},"64s":{"weight":1.0,"played":[1.0,0.0,0.0],"evs":[0.0,-1.65081,-1.76174]},"65s":{"weight":1.0,"played":[0.9986,2.0E-4,0.0013],"evs":[0.0,-0.68129,-0.79506]},"66":{"weight":1.0,"played":[0.0,0.0201,0.9799],"evs":[0.0,1.39731,1.43276]},"76o":{"weight":1.0,"played":[1.0,0.0,0.0],"evs":[0.0,-2.30953,-2.40065]},"86o":{"weight":1.0,"played":[1.0,0.0,0.0],"evs":[0.0,-2.68275,-2.78891]},"96o":{"weight":1.0,"played":[1.0,0.0,0.0],"evs":[0.0,-3.2138,-3.29034]},"T6o":{"weight":1.0,"played":[1.0,0.0,0.0],"evs":[0.0,-3.60017,-3.67494]},"J6o":{"weight":1.0,"played":[1.0,0.0,0.0],"evs":[0.0,-4.14571,-4.23682]},"Q6o":{"weight":1.0,"played":[1.0,0.0,0.0],"evs":[0.0,-3.64284,-3.69492]},"K6o":{"weight":1.0,"played":[1.0,0.0,0.0],"evs":[0.0,-2.88671,-2.90247]},"A6o":{"weight":1.0,"played":[1.0,0.0,0.0],"evs":[0.0,-3.57444,-3.60574]},"72s":{"weight":1.0,"played":[1.0,0.0,0.0],"evs":[0.0,-3.35733,-3.46536]},"73s":{"weight":1.0,"played":[1.0,0.0,0.0],"evs":[0.0,-2.56926,-2.61079]},"74s":{"weight":1.0,"played":[1.0,0.0,0.0],"evs":[0.0,-2.11252,-2.18466]},"75s":{"weight":1.0,"played":[0.9998,0.0,2.0E-4],"evs":[0.0,-1.26947,-1.32882]},"76s":{"weight":1.0,"played":[0.9976,9.0E-4,0.0015],"evs":[0.0,-0.6397,-0.7344]},"77":{"weight":1.0,"played":[0.0,0.4794,0.5206],"evs":[0.0,2.48036,2.4996]},"87o":{"weight":1.0,"played":[1.0,0.0,0.0],"evs":[0.0,-2.19717,-2.25373]},"97o":{"weight":1.0,"played":[1.0,0.0,0.0],"evs":[0.0,-2.58286,-2.63237]},"T7o":{"weight":1.0,"played":[1.0,0.0,0.0],"evs":[0.0,-3.03282,-3.08067]},"J7o":{"weight":1.0,"played":[1.0,0.0,0.0],"evs":[0.0,-3.40101,-3.444]},"Q7o":{"weight":1.0,"played":[1.0,0.0,0.0],"evs":[0.0,-3.62786,-3.67114]},"K7o":{"weight":1.0,"played":[1.0,0.0,0.0],"evs":[0.0,-2.83529,-2.83281]},"A7o":{"weight":1.0,"played":[1.0,0.0,0.0],"evs":[0.0,-3.19047,-3.23299]},"82s":{"weight":1.0,"played":[1.0,0.0,0.0],"evs":[0.0,-3.24574,-3.30245]},"83s":{"weight":1.0,"played":[1.0,0.0,0.0],"evs":[0.0,-3.22095,-3.31442]},"84s":{"weight":1.0,"played":[1.0,0.0,0.0],"evs":[0.0,-2.40577,-2.50406]},"85s":{"weight":1.0,"played":[1.0,0.0,0.0],"evs":[0.0,-1.61793,-1.64256]},"86s":{"weight":1.0,"played":[0.9996,0.0,4.0E-4],"evs":[0.0,-1.1983,-1.23955]},"87s":{"weight":1.0,"played":[0.9993,4.0E-4,3.0E-4],"evs":[0.0,-0.53321,-0.51043]},"88":{"weight":1.0,"played":[0.0,0.0297,0.9703],"evs":[0.0,3.4307,3.45989]},"98o":{"weight":1.0,"played":[1.0,0.0,0.0],"evs":[0.0,-2.18631,-2.20028]},"T8o":{"weight":1.0,"played":[1.0,0.0,0.0],"evs":[0.0,-2.38026,-2.41627]},"J8o":{"weight":1.0,"played":[1.0,0.0,0.0],"evs":[0.0,-2.76902,-2.81891]},"Q8o":{"weight":1.0,"played":[1.0,0.0,0.0],"evs":[0.0,-2.97056,-2.98986]},"K8o":{"weight":1.0,"played":[1.0,0.0,0.0],"evs":[0.0,-2.83279,-2.82678]},"A8o":{"weight":1.0,"played":[1.0,0.0,0.0],"evs":[0.0,-2.56671,-2.59608]},"92s":{"weight":1.0,"played":[1.0,0.0,0.0],"evs":[0.0,-3.10266,-3.17462]},"93s":{"weight":1.0,"played":[1.0,0.0,0.0],"evs":[0.0,-2.91227,-2.99423]},"94s":{"weight":1.0,"played":[1.0,0.0,0.0],"evs":[0.0,-2.92407,-3.03071]},"95s":{"weight":1.0,"played":[1.0,0.0,0.0],"evs":[0.0,-2.21038,-2.29484]},"96s":{"weight":1.0,"played":[1.0,0.0,0.0],"evs":[0.0,-1.43159,-1.46601]},"97s":{"weight":1.0,"played":[0.9992,0.0,8.0E-4],"evs":[0.0,-0.77574,-0.81781]},"98s":{"weight":1.0,"played":[0.9095,0.0454,0.0451],"evs":[0.0,-0.54816,-0.56288]},"99":{"weight":1.0,"played":[0.0,0.2693,0.7307],"evs":[0.0,4.60468,4.629]},"T9o":{"weight":1.0,"played":[1.0,0.0,0.0],"evs":[0.0,-1.90048,-1.91469]},"J9o":{"weight":1.0,"played":[1.0,0.0,0.0],"evs":[0.0,-2.34926,-2.36696]},"Q9o":{"weight":1.0,"played":[1.0,0.0,0.0],"evs":[0.0,-2.41436,-2.43977]},"K9o":{"weight":1.0,"played":[1.0,0.0,0.0],"evs":[0.0,-2.083,-2.11728]},