{"player":2,"street":0,"children":3,"sequence":[{"player":0,"type":"R","amount":635000,"street":0},{"player":1,"type":"C","amount":635000,"street":0}],"actions":[{"type":"F","amount":0,"node":610},{"type":"C","amount":635000,"node":640},{"type":"R","amount":2185000,"node":672}],"hands":{"22":{"weight":1.0,"played":[0.4299,8.0E-4,0.5693],"evs":[0.0,-1.36804,-0.16312]},"32o":{"weight":1.0,"played":[0.9999,1.0E-4,0.0],"evs":[0.0,-5.28611,-8.38397]},"42o":{"weight":1.0,"played":[0.9998,0.0,2.0E-4],"evs":[0.0,-5.49906,-6.81492]},"52o":{"weight":1.0,"played":[0.9975,0.001,0.0015],"evs":[0.0,-5.31061,-7.78309]},"62o":{"weight":1.0,"played":[0.9999,0.0,1.0E-4],"evs":[0.0,-4.52921,-8.49067]},"72o":{"weight":1.0,"played":[1.0,0.0,0.0],"evs":[0.0,-6.36098,-9.65627]},"82o":{"weight":1.0,"played":[0.9996,1.0E-4,3.0E-4],"evs":[0.0,-6.4221,-9.56035]},"92o":{"weight":1.0,"played":[1.0,0.0,0.0],"evs":[0.0,-4.93717,-7.92264]},"T2o":{"weight":1.0,"played":[1.0,0.0,0.0],"evs":[0.0,-5.43256,-8.94024]},"J2o":{"weight":1.0,"played":[1.0,0.0,0.0],"evs":[0.0,-4.40602,-7.34741]},"Q2o":{"weight":1.0,"played":[0.9999,0.0,1.0E-4],"evs":[0.0,-4.14793,-6.65798]},"K2o":{"weight":1.0,"played":[0.9958,0.0,0.0042],"evs":[0.0,-3.85847,-5.2868]},"A2o":{"weight":1.0,"played":[0.9908,0.0,0.0092],"evs":[0.0,-3.48451,-3.3987]},"32s":{"weight":1.0,"played":[0.9662,1.0E-4,0.0337],"evs":[0.0,-3.84799,-4.99121]},"33":{"weight":1.0,"played":[0.9584,5.0E-4,0.0411],"evs":[0.0,-2.25703,-0.75211]},"43o":{"weight":1.0,"played":[0.9999,0.0,1.0E-4],"evs":[0.0,-5.61808,-7.09311]},"53o":{"weight":1.0,"played":[0.9984,0.0,0.0016],"evs":[0.0,-4.14779,-6.3786]},"63o":{"weight":1.0,"played":[1.0,0.0,0.0],"evs":[0.0,-6.10826,-7.9281]},"73o":{"weight":1.0,"played":[0.9999,1.0E-4,0.0],"evs":[0.0,-5.00646,-7.59095]},"83o":{"weight":1.0,"played":[0.9995,0.0,5.0E-4],"evs":[0.0,-7.14027,-9.5219]},"93o":{"weight":1.0,"played":[0.9999,1.0E-4,0.0],"evs":[0.0,-6.66142,-9.37562]},"T3o":{"weight":1.0,"played":[0.9999,0.0,1.0E-4],"evs":[0.0,-5.80313,-9.2136]},"J3o":{"weight":1.0,"played":[0.9994,0.0,5.0E-4],"evs":[0.0,-4.90322,-6.90356]},"Q3o":{"weight":1.0,"played":[1.0,0.0,0.0],"evs":[0.0,-4.44067,-6.55015]},"K3o":{"weight":1.0,"played":[0.9998,2.0E-4,0.0],"evs":[0.0,-3.57577,-6.24923]},"A3o":{"weight":1.0,"played":[0.9809,2.0E-4,0.0189],"evs":[0.0,-4.01463,-3.92407]},"42s":{"weight":1.0,"played":[0.9924,0.0031,0.0045],"evs":[0.0,-3.29591,-3.92516]},"43s":{"weight":1.0,"played":[0.939,3.0E-4,0.0607],"evs":[0.0,-2.34037,-3.94757]},"44":{"weight":1.0,"played":[0.3429,0.5938,0.0633],"evs":[0.0,0.26656,-0.16635]},"54o":{"weight":1.0,"played":[0.9998,0.0,2.0E-4],"evs":[0.0,-4.93334,-6.72566]},"64o":{"weight":1.0,"played":[0.9999,1.0E-4,0.0],"evs":[0.0,-4.94296,-6.14083]},"74o":{"weight":1.0,"played":[0.9998,1.0E-4,1.0E-4],"evs":[0.0,-4.43007,-7.03003]},"84o":{"weight":1.0,"played":[1.0,0.0,0.0],"evs":[0.0,-5.56699,-8.05056]},"94o":{"weight":1.0,"played":[0.9993,0.0,7.0E-4],"evs":[0.0,-4.61821,-6.58363]},"T4o":{"weight":1.0,"played":[0.9998,1.0E-4,1.0E-4],"evs":[0.0,-5.83669,-8.76389]},"J4o":{"weight":1.0,"played":[1.0,0.0,0.0],"evs":[0.0,-3.63602,-5.2397]},"Q4o":{"weight":1.0,"played":[0.9903,0.001,0.0087],"evs":[0.0,-5.29586,-7.03622]},"K4o":{"weight":1.0,"played":[0.9926,0.0015,0.0059],"evs":[0.0,-2.97903,-4.91523]},"A4o":{"weight":1.0,"played":[0.7151,0.2016,0.0834],"evs":[0.0,-0.98237,-2.11475]},"52s":{"weight":1.0,"played":[0.9253,2.0E-4,0.0745],"evs":[0.0,-3.29211,-4.18901]},"53s":{"weight":1.0,"played":[0.9967,0.0019,0.0014],"evs":[0.0,-5.07546,-4.88372]},"54s":{"weight":1.0,"played":[0.8574,0.0022,0.1404],"evs":[0.0,-2.16332,-0.86797]},"55":{"weight":1.0,"played":[0.0225,0.0,0.9775],"evs":[0.0,1.2827,2.59536]},"65o":{"weight":1.0,"played":[0.9996,0.0,4.0E-4],"evs":[0.0,-3.64823,-5.36135]},"75o":{"weight":1.0,"played":[0.9934,1.0E-4,0.0066],"evs":[0.0,-3.24572,-5.19091]},"85o":{"weight":1.0,"played":[0.9931,0.0,0.0069],"evs":[0.0,-5.08068,-6.63527]},"95o":{"weight":1.0,"played":[0.9994,3.0E-4,2.0E-4],"evs":[0.0,-4.24976,-5.03497]},"T5o":{"weight":1.0,"played":[1.0,0.0,0.0],"evs":[0.0,-5.29345,-7.56062]},"J5o":{"weight":1.0,"played":[0.9948,0.0042,0.001],"evs":[0.0,-4.08685,-6.89269]},"Q5o":{"weight":1.0,"played":[0.9971,5.0E-4,0.0024],"evs":[0.0,-4.37497,-6.52957]},"K5o":{"weight":1.0,"played":[0.9669,0.0,0.0331],"evs":[0.0,-3.56051,-5.09875]},"A5o":{"weight":1.0,"played":[0.6929,0.0015,0.3056],"evs":[0.0,-2.14719,-1.02195]},"62s":{"weight":1.0,"played":[0.9894,8.0E-4,0.0098],"evs":[0.0,-6.06792,-6.57194]},"63s":{"weight":1.0,"played":[0.9924,0.0011,0.0065],"evs":[0.0,-4.86285,-5.92336]},"64s":{"weight":1.0,"played":[0.9997,0.0,3.0E-4],"evs":[0.0,-2.90416,-4.12554]},"65s":{"weight":1.0,"played":[0.8265,0.0242,0.1493],"evs":[0.0,-1.37546,-1.783]},"66":{"weight":1.0,"played":[0.0057,0.1841,0.8102],"evs":[0.0,2.40236,3.25574]},"76o":{"weight":1.0,"played":[0.9989,0.0,0.0011],"evs":[0.0,-2.7938,-3.91264]},"86o":{"weight":1.0,"played":[1.0,0.0,0.0],"evs":[0.0,-3.80468,-5.15425]},"96o":{"weight":1.0,"played":[0.9999,0.0,1.0E-4],"evs":[0.0,-3.58867,-5.76139]},"T6o":{"weight":1.0,"played":[0.9997,0.0,3.0E-4],"evs":[0.0,-4.76725,-7.91877]},"J6o":{"weight":1.0,"played":[0.9997,1.0E-4,2.0E-4],"evs":[0.0,-4.20834,-6.1694]},"Q6o":{"weight":1.0,"played":[0.9992,3.0E-4,5.0E-4],"evs":[0.0,-3.7404,-6.04392]},"K6o":{"weight":1.0,"played":[0.957,2.0E-4,0.0428],"evs":[0.0,-2.5963,-4.05287]},"A6o":{"weight":1.0,"played":[0.7884,0.001,0.2106],"evs":[0.0,-2.25263,-3.23445]},"72s":{"weight":1.0,"played":[0.9961,9.0E-4,0.003],"evs":[0.0,-4.85039,-7.33546]},"73s":{"weight":1.0,"played":[0.9713,0.0024,0.0263],"evs":[0.0,-2.56545,-3.93307]},"74s":{"weight":1.0,"played":[0.9439,0.001,0.055],"evs":[0.0,-2.22324,-3.5871]},"75s":{"weight":1.0,"played":[0.7439,0.0035,0.2526],"evs":[0.0,-2.22259,-0.90218]},"76s":{"weight":1.0,"played":[0.6881,0.0016,0.3103],"evs":[0.0,-1.86411,-2.29515]},"77":{"weight":1.0,"played":[3.0E-4,0.0528,0.9469],"evs":[0.0,4.10028,4.64475]},"87o":{"weight":1.0,"played":[0.996,1.0E-4,0.0039],"evs":[0.0,-2.44643,-3.76921]},"97o":{"weight":1.0,"played":[0.9999,0.0,0.0],"evs":[0.0,-1.83648,-2.86332]},"T7o":{"weight":1.0,"played":[0.9986,5.0E-4,9.0E-4],"evs":[0.0,-3.07116,-6.07074]},"J7o":{"weight":1.0,"played":[0.9984,0.0,0.0016],"evs":[0.0,-4.46591,-6.31732]},"Q7o":{"weight":1.0,"played":[0.9987,0.0,0.0012],"evs":[0.0,-4.52774,-7.37758]},"K7o":{"weight":1.0,"played":[0.9924,1.0E-4,0.0075],"evs":[0.0,-2.07738,-4.94121]},"A7o":{"weight":1.0,"played":[0.3257,1.0E-4,0.6742],"evs":[0.0,-1.43694,-0.76111]},"82s":{"weight":1.0,"played":[0.9987,0.0012,1.0E-4],"evs":[0.0,-1.95602,-5.88737]},"83s":{"weight":1.0,"played":[0.9981,5.0E-4,0.0014],"evs":[0.0,-5.37707,-6.0448]},"84s":{"weight":1.0,"played":[0.9938,1.0E-4,0.0061],"evs":[0.0,-2.90785,-2.36419]},"85s":{"weight":1.0,"played":[0.9729,1.0E-4,0.027],"evs":[0.0,-6.07972,-7.14998]},"86s":{"weight":1.0,"played":[0.9243,0.0207,0.055],"evs":[0.0,-3.45328,-3.17658]},"87s":{"weight":1.0,"played":[0.806,0.0016,0.1925],"evs":[0.0,-3.72472,-3.10321]},"88":{"weight":1.0,"played":[0.0,5.0E-4,0.9995],"evs":[0.0,7.37913,8.64734]},"98o":{"weight":1.0,"played":[0.9999,0.0,1.0E-4],"evs":[0.0,-2.34949,-3.49954]},"T8o":{"weight":1.0,"played":[0.9769,0.0037,0.0194],"evs":[0.0,-2.75283,-4.78979]},"J8o":{"weight":1.0,"played":[0.9995,2.0E-4,4.0E-4],"evs":[0.0,-2.57669,-4.63976]},"Q8o":{"weight":1.0,"played":[0.9998,0.0,2.0E-4],"evs":[0.0,-3.85389,-5.64652]},"K8o":{"weight":1.0,"played":[0.986,6.0E-4,0.0134],"evs":[0.0,-2.20831,-3.26804]},"A8o":{"weight":1.0,"played":[0.0975,0.208,0.6945],"evs":[0.0,-0.40237,0.15555]},"92s":{"weight":1.0,"played":[0.9447,0.0147,0.0406],"evs":[0.0,-3.72262,-5.32033]},"93s":{"weight":1.0,"played":[0.9924,3.0E-4,0.0074],"evs":[0.0,-4.59972,-4.80955]},"94s":{"weight":1.0,"played":[0.9968,0.0012,0.002],"evs":[0.0,-5.52399,-4.0912]},"95s":{"weight":1.0,"played":[0.9803,3.0E-4,0.0194],"evs":[0.0,-4.96387,-5.40269]},"96s":{"weight":1.0,"played":[0.8092,0.0149,0.1759],