{"player":2,"street":0,"children":2,"sequence":[{"player":0,"type":"R","amount":635000,"street":0},{"player":1,"type":"R","amount":2185000,"street":0}],"actions":[{"type":"F","amount":0,"node":688},{"type":"C","amount":2185000,"node":695}],"hands":{"22":{"weight":1.0,"played":[0.1226,0.8774],"evs":[0.0,-0.12499]},"32o":{"weight":1.0,"played":[1.0,0.0],"evs":[0.0,-8.93226]},"42o":{"weight":1.0,"played":[1.0,0.0],"evs":[0.0,-8.60182]},"52o":{"weight":1.0,"played":[1.0,0.0],"evs":[0.0,-8.35747]},"62o":{"weight":1.0,"played":[0.9999,1.0E-4],"evs":[0.0,-10.0482]},"72o":{"weight":1.0,"played":[1.0,0.0],"evs":[0.0,-9.55289]},"82o":{"weight":1.0,"played":[1.0,0.0],"evs":[0.0,-9.15463]},"92o":{"weight":1.0,"played":[1.0,0.0],"evs":[0.0,-9.03666]},"T2o":{"weight":1.0,"played":[1.0,0.0],"evs":[0.0,-8.9226]},"J2o":{"weight":1.0,"played":[1.0,0.0],"evs":[0.0,-8.48238]},"Q2o":{"weight":1.0,"played":[0.9985,0.0015],"evs":[0.0,-6.44945]},"K2o":{"weight":1.0,"played":[1.0,0.0],"evs":[0.0,-6.76117]},"A2o":{"weight":1.0,"played":[0.9964,0.0036],"evs":[0.0,-3.33161]},"32s":{"weight":1.0,"played":[1.0,0.0],"evs":[0.0,-6.39119]},"33":{"weight":1.0,"played":[0.5038,0.4962],"evs":[0.0,-0.02306]},"43o":{"weight":1.0,"played":[0.9998,2.0E-4],"evs":[0.0,-7.43838]},"53o":{"weight":1.0,"played":[1.0,0.0],"evs":[0.0,-6.64597]},"63o":{"weight":1.0,"played":[1.0,0.0],"evs":[0.0,-7.8435]},"73o":{"weight":1.0,"played":[1.0,0.0],"evs":[0.0,-7.1591]},"83o":{"weight":1.0,"played":[1.0,0.0],"evs":[0.0,-9.04285]},"93o":{"weight":1.0,"played":[0.9998,2.0E-4],"evs":[0.0,-9.06087]},"T3o":{"weight":1.0,"played":[0.9994,6.0E-4],"evs":[0.0,-7.96721]},"J3o":{"weight":1.0,"played":[1.0,0.0],"evs":[0.0,-7.73905]},"Q3o":{"weight":1.0,"played":[0.9983,0.0017],"evs":[0.0,-7.29063]},"K3o":{"weight":1.0,"played":[0.9981,0.0019],"evs":[0.0,-6.24015]},"A3o":{"weight":1.0,"played":[0.9691,0.0309],"evs":[0.0,-4.18413]},"42s":{"weight":1.0,"played":[0.9928,0.0072],"evs":[0.0,-4.60776]},"43s":{"weight":1.0,"played":[0.9997,3.0E-4],"evs":[0.0,-1.84017]},"44":{"weight":1.0,"played":[0.001,0.999],"evs":[0.0,2.8832]},"54o":{"weight":1.0,"played":[0.9979,0.0021],"evs":[0.0,-4.9794]},"64o":{"weight":1.0,"played":[0.9993,7.0E-4],"evs":[0.0,-6.01649]},"74o":{"weight":1.0,"played":[0.9999,1.0E-4],"evs":[0.0,-7.97262]},"84o":{"weight":1.0,"played":[1.0,0.0],"evs":[0.0,-7.73491]},"94o":{"weight":1.0,"played":[1.0,0.0],"evs":[0.0,-9.50978]},"T4o":{"weight":1.0,"played":[0.997,0.003],"evs":[0.0,-7.24073]},"J4o":{"weight":1.0,"played":[0.9991,9.0E-4],"evs":[0.0,-7.85425]},"Q4o":{"weight":1.0,"played":[0.9963,0.0037],"evs":[0.0,-7.54877]},"K4o":{"weight":1.0,"played":[0.9995,5.0E-4],"evs":[0.0,-4.74955]},"A4o":{"weight":1.0,"played":[0.942,0.058],"evs":[0.0,-2.6129]},"52s":{"weight":1.0,"played":[0.9422,0.0578],"evs":[0.0,-3.44875]},"53s":{"weight":1.0,"played":[0.9989,0.0011],"evs":[0.0,-4.35846]},"54s":{"weight":1.0,"played":[0.8564,0.1436],"evs":[0.0,-2.32578]},"55":{"weight":1.0,"played":[2.0E-4,0.9998],"evs":[0.0,4.52297]},"65o":{"weight":1.0,"played":[1.0,0.0],"evs":[0.0,-3.77]},"75o":{"weight":1.0,"played":[0.9978,0.0022],"evs":[0.0,-5.5173]},"85o":{"weight":1.0,"played":[0.9999,1.0E-4],"evs":[0.0,-6.21787]},"95o":{"weight":1.0,"played":[1.0,0.0],"evs":[0.0,-7.21218]},"T5o":{"weight":1.0,"played":[0.9996,4.0E-4],"evs":[0.0,-8.21066]},"J5o":{"weight":1.0,"played":[0.9994,6.0E-4],"evs":[0.0,-7.52309]},"Q5o":{"weight":1.0,"played":[0.9992,8.0E-4],"evs":[0.0,-6.42222]},"K5o":{"weight":1.0,"played":[0.9851,0.0149],"evs":[0.0,-3.9002]},"A5o":{"weight":1.0,"played":[0.8844,0.1156],"evs":[0.0,-1.95759]},"62s":{"weight":1.0,"played":[0.9978,0.0022],"evs":[0.0,-5.71747]},"63s":{"weight":1.0,"played":[0.993,0.007],"evs":[0.0,-5.2021]},"64s":{"weight":1.0,"played":[0.9994,6.0E-4],"evs":[0.0,-2.69636]},"65s":{"weight":1.0,"played":[0.9461,0.0539],"evs":[0.0,-2.04946]},"66":{"weight":1.0,"played":[1.0E-4,0.9999],"evs":[0.0,3.16629]},"76o":{"weight":1.0,"played":[1.0,0.0],"evs":[0.0,-5.85883]},"86o":{"weight":1.0,"played":[0.9994,6.0E-4],"evs":[0.0,-4.12298]},"96o":{"weight":1.0,"played":[0.9997,3.0E-4],"evs":[0.0,-5.52711]},"T6o":{"weight":1.0,"played":[1.0,0.0],"evs":[0.0,-6.99718]},"J6o":{"weight":1.0,"played":[0.9962,0.0038],"evs":[0.0,-7.48906]},"Q6o":{"weight":1.0,"played":[0.9992,8.0E-4],"evs":[0.0,-6.62897]},"K6o":{"weight":1.0,"played":[0.9975,0.0025],"evs":[0.0,-4.00542]},"A6o":{"weight":1.0,"played":[0.9433,0.0567],"evs":[0.0,-3.35076]},"72s":{"weight":1.0,"played":[0.9999,1.0E-4],"evs":[0.0,-6.37537]},"73s":{"weight":1.0,"played":[0.9998,2.0E-4],"evs":[0.0,-3.938]},"74s":{"weight":1.0,"played":[0.9943,0.0057],"evs":[0.0,-3.47819]},"75s":{"weight":1.0,"played":[0.9943,0.0057],"evs":[0.0,-3.17963]},"76s":{"weight":1.0,"played":[0.7635,0.2365],"evs":[0.0,-1.71732]},"77":{"weight":1.0,"played":[1.0E-4,0.9999],"evs":[0.0,5.4813]},"87o":{"weight":1.0,"played":[0.9956,0.0044],"evs":[0.0,-3.84615]},"97o":{"weight":1.0,"played":[0.9965,0.0035],"evs":[0.0,-4.78542]},"T7o":{"weight":1.0,"played":[1.0,0.0],"evs":[0.0,-5.417]},"J7o":{"weight":1.0,"played":[0.9993,7.0E-4],"evs":[0.0,-6.8156]},"Q7o":{"weight":1.0,"played":[0.9991,9.0E-4],"evs":[0.0,-4.26604]},"K7o":{"weight":1.0,"played":[0.99,0.01],"evs":[0.0,-4.25015]},"A7o":{"weight":1.0,"played":[0.6771,0.3229],"evs":[0.0,-1.41984]},"82s":{"weight":1.0,"played":[0.9627,0.0373],"evs":[0.0,-4.5029]},"83s":{"weight":1.0,"played":[0.9998,2.0E-4],"evs":[0.0,-4.49455]},"84s":{"weight":1.0,"played":[0.9825,0.0175],"evs":[0.0,-5.845]},"85s":{"weight":1.0,"played":[0.9926,0.0074],"evs":[0.0,-3.45646]},"86s":{"weight":1.0,"played":[0.9606,0.0394],"evs":[0.0,-3.1407]},"87s":{"weight":1.0,"played":[0.6628,0.3372],"evs":[0.0,-1.64547]},"88":{"weight":1.0,"played":[0.0,1.0],"evs":[0.0,8.22067]},"98o":{"weight":1.0,"played":[0.975,0.025],"evs":[0.0,-4.98715]},"T8o":{"weight":1.0,"played":[0.9998,2.0E-4],"evs":[0.0,-4.12517]},"J8o":{"weight":1.0,"played":[1.0,0.0],"evs":[0.0,-4.10494]},"Q8o":{"weight":1.0,"played":[0.9934,0.0066],"evs":[0.0,-3.5775]},"K8o":{"weight":1.0,"played":[0.9998,2.0E-4],"evs":[0.0,-2.92809]},"A8o":{"weight":1.0,"played":[0.654,0.346],"evs":[0.0,-0.90125]},"92s":{"weight":1.0,"played":[0.9989,0.0011],"evs":[0.0,-4.32887]},"93s":{"weight":1.0,"played":[1.0,0.0],"evs":[0.0,-8.09972]},"94s":{"weight":1.0,"played":[0.9761,0.0239],"evs":[0.0,-4.88473]},"95s":{"weight":1.0,"played":[0.9996,4.0E-4],"evs":[0.0,-4.34314]},"96s":{"weight":1.0,"played":[0.9966,0.0034],"evs":[0.0,-3.47951]},"97s":{"weight":1.0,"played":[0.9983,0.0017],"evs":[0.0,-2.95421]},"98s":{"weight":1.0,"played":[0.267,0.733],"evs":[0.0,-0.61241]},"99":{"weight":1.0,"played":[0.0,1.0],"evs":[0.0,10.82341]},"T9o":{"weight":1.0,"played":[0.9943,0.0057],"evs":[0.0,-3.15116]},"J9o":{"weight":1.0,"played":[0.9946,0.0054],"evs":[0.0,-5.02563]},"Q9o":{"weight":1.0,"played":[0.9627,0.0373],"evs":[0.0,-4.66066]},"K9o":{"weight":1.0,"played":[0.7841,0.2159],"evs":[0.0,-2.5865]},"A9o":{"weight":1.0,"played":[0.0012,0.9988],"evs":[0.0,2.09311]},"T2s":{"weight":1.0,"played":[0.9945,0.0055],"evs":[0.0,-6.56082]},"T3s":{"weight":1.0,"played":[0.9611,0.0389],"evs":[0.0,-3.43837]},"T4s":{"weight":1.0,"played":[0.9975,0.0025],"evs":[0.0,-4.06196]},"T5s":{"weight":1.0,"played":[1.0,0.0],"evs":[0.0,-2.62158]},"T6s":{"weight":1.0,"played":[0.9919,0.0081],"evs":[0.0,-3.91707]},"T7s":{"weight":1.0,"played":[0.979,0.021],"evs":[0.0,-2.75266]},"T8s":{"weight":1.0,"played":[0.9416,0.0584],"evs":[0.0,-1.72214]},"T9s":{"weight":1.0,"played":[0.8316,0.1684],"evs":[0.0,-1.75399]},"TT":{"weight":1.0,"played":[0.0,1.0],"evs":[0.0,12.33252]},"JTo":{"weight":1.0,"played":[0.8356,0.1644],"evs":[0.0,-2.0001]},"QTo":{"weight":1.0,"played":[0.5657,0.4343],"evs":[0.0,-1.35849]},"KTo":{"weight":1.0,"played":[0.0423,0.9577],"evs":[0.0,-0.0164]},"ATo":{"weight":1.0,"played":[0.0,1.0],"evs":[0.0,3.97974]},"J2s":{"weight":1.0,"played":[0.9863,0.0137],"evs":[0.0,-5.40294]},"J3s":{"weight":1.0,"played":[0.8407,0.1593],"evs":[0.0,-4.56398]},