{"equityUnit":"TABLE_EQUITY_PERCENT","conversionFactors":{"toUSD":34.82,"toRegularPrizePercent":0.93251204},"preHandEquity":[23.92115,16.09863,16.30725,10.96844,17.80021,14.90433],"bubbleFactors":[[-1.0,0.942,0.862,0.776,1.055,0.913],[1.564,-1.0,1.45,0.835,1.476,1.084],[1.569,1.179,-1.0,0.832,1.481,1.074],[1.328,1.251,1.254,-1.0,1.274,1.232],[1.6,1.092,1.002,0.814,-1.0,1.02],[1.528,1.415,1.419,0.852,1.445,-1.0]]}