{"player":2,"street":0,"children":3,"sequence":[{"player":0,"type":"F","amount":0,"street":0},{"player":1,"type":"R","amount":485000,"street":0}],"actions":[{"type":"F","amount":0,"node":19},{"type":"C","amount":485000,"node":37},{"type":"R","amount":985000,"node":63}],"hands":{"22":{"weight":1.0,"played":[0.0,0.0103,0.9897],"evs":[0.0,1.20121,1.37331]},"32o":{"weight":1.0,"played":[1.0,0.0,0.0],"evs":[0.0,-4.05416,-4.25366]},"42o":{"weight":1.0,"played":[1.0,0.0,0.0],"evs":[0.0,-3.74949,-3.9]},"52o":{"weight":1.0,"played":[1.0,0.0,0.0],"evs":[0.0,-3.4427,-3.57302]},"62o":{"weight":1.0,"played":[1.0,0.0,0.0],"evs":[0.0,-4.03468,-4.16928]},"72o":{"weight":1.0,"played":[1.0,0.0,0.0],"evs":[0.0,-4.50061,-4.6326]},"82o":{"weight":1.0,"played":[1.0,0.0,0.0],"evs":[0.0,-4.27461,-4.32719]},"92o":{"weight":1.0,"played":[1.0,0.0,0.0],"evs":[0.0,-4.09102,-4.12523]},"T2o":{"weight":1.0,"played":[1.0,0.0,0.0],"evs":[0.0,-3.56773,-3.58407]},"J2o":{"weight":1.0,"played":[1.0,0.0,0.0],"evs":[0.0,-3.09709,-3.12581]},"Q2o":{"weight":1.0,"played":[1.0,0.0,0.0],"evs":[0.0,-2.41477,-2.3714]},"K2o":{"weight":1.0,"played":[1.0,0.0,0.0],"evs":[0.0,-1.53427,-1.4342]},"A2o":{"weight":1.0,"played":[0.0,0.0288,0.9712],"evs":[0.0,0.43045,0.63064]},"32s":{"weight":1.0,"played":[1.0,0.0,0.0],"evs":[0.0,-1.83878,-1.96705]},"33":{"weight":1.0,"played":[0.0,1.0E-4,0.9999],"evs":[0.0,1.86421,2.10686]},"43o":{"weight":1.0,"played":[1.0,0.0,0.0],"evs":[0.0,-2.95529,-3.07064]},"53o":{"weight":1.0,"played":[1.0,0.0,0.0],"evs":[0.0,-2.60094,-2.69788]},"63o":{"weight":1.0,"played":[1.0,0.0,0.0],"evs":[0.0,-3.14527,-3.25685]},"73o":{"weight":1.0,"played":[1.0,0.0,0.0],"evs":[0.0,-3.7311,-3.83129]},"83o":{"weight":1.0,"played":[1.0,0.0,0.0],"evs":[0.0,-4.22845,-4.30326]},"93o":{"weight":1.0,"played":[1.0,0.0,0.0],"evs":[0.0,-3.91442,-3.95978]},"T3o":{"weight":1.0,"played":[1.0,0.0,0.0],"evs":[0.0,-3.41766,-3.45061]},"J3o":{"weight":1.0,"played":[1.0,0.0,0.0],"evs":[0.0,-2.89115,-2.91515]},"Q3o":{"weight":1.0,"played":[1.0,0.0,0.0],"evs":[0.0,-2.18352,-2.14525]},"K3o":{"weight":1.0,"played":[1.0,0.0,0.0],"evs":[0.0,-1.3468,-1.25665]},"A3o":{"weight":1.0,"played":[0.0,0.0225,0.9775],"evs":[0.0,0.84446,1.04326]},"42s":{"weight":1.0,"played":[1.0,0.0,0.0],"evs":[0.0,-1.49342,-1.56949]},"43s":{"weight":1.0,"played":[1.0,0.0,0.0],"evs":[0.0,-0.78502,-0.85447]},"44":{"weight":1.0,"played":[0.0,0.0034,0.9966],"evs":[0.0,2.85427,3.13947]},"54o":{"weight":1.0,"played":[1.0,0.0,0.0],"evs":[0.0,-1.77992,-1.81917]},"64o":{"weight":1.0,"played":[1.0,0.0,0.0],"evs":[0.0,-2.26368,-2.29514]},"74o":{"weight":1.0,"played":[1.0,0.0,0.0],"evs":[0.0,-2.81153,-2.82216]},"84o":{"weight":1.0,"played":[1.0,0.0,0.0],"evs":[0.0,-3.27835,-3.2583]},"94o":{"weight":1.0,"played":[1.0,0.0,0.0],"evs":[0.0,-3.72635,-3.71144]},"T4o":{"weight":1.0,"played":[1.0,0.0,0.0],"evs":[0.0,-3.12026,-3.07422]},"J4o":{"weight":1.0,"played":[1.0,0.0,0.0],"evs":[0.0,-2.59777,-2.55772]},"Q4o":{"weight":1.0,"played":[1.0,0.0,0.0],"evs":[0.0,-1.87557,-1.77444]},"K4o":{"weight":1.0,"played":[1.0,0.0,0.0],"evs":[0.0,-1.04755,-0.8986]},"A4o":{"weight":1.0,"played":[0.0,0.0147,0.9853],"evs":[0.0,1.22249,1.44085]},"52s":{"weight":1.0,"played":[1.0,0.0,0.0],"evs":[0.0,-1.11302,-1.18604]},"53s":{"weight":1.0,"played":[0.9995,2.0E-4,3.0E-4],"evs":[0.0,-0.42663,-0.48313]},"54s":{"weight":1.0,"played":[0.0,0.3343,0.6657],"evs":[0.0,0.38861,0.40549]},"55":{"weight":1.0,"played":[0.0,0.0059,0.9941],"evs":[0.0,3.98713,4.31895]},"65o":{"weight":1.0,"played":[1.0,0.0,0.0],"evs":[0.0,-1.41184,-1.40622]},"75o":{"weight":1.0,"played":[1.0,0.0,0.0],"evs":[0.0,-1.89303,-1.88978]},"85o":{"weight":1.0,"played":[1.0,0.0,0.0],"evs":[0.0,-2.35429,-2.29687]},"95o":{"weight":1.0,"played":[1.0,0.0,0.0],"evs":[0.0,-2.81076,-2.75706]},"T5o":{"weight":1.0,"played":[1.0,0.0,0.0],"evs":[0.0,-2.98094,-2.91561]},"J5o":{"weight":1.0,"played":[1.0,0.0,0.0],"evs":[0.0,-2.26407,-2.20253]},"Q5o":{"weight":1.0,"played":[1.0,0.0,0.0],"evs":[0.0,-1.53005,-1.4105]},"K5o":{"weight":1.0,"played":[0.9998,1.0E-4,1.0E-4],"evs":[0.0,-0.58717,-0.4479]},"A5o":{"weight":1.0,"played":[0.0,0.0016,0.9984],"evs":[0.0,1.78644,2.01137]},"62s":{"weight":1.0,"played":[1.0,0.0,0.0],"evs":[0.0,-1.73886,-1.81348]},"63s":{"weight":1.0,"played":[1.0,0.0,0.0],"evs":[0.0,-0.96849,-1.01498]},"64s":{"weight":1.0,"played":[0.9019,0.0105,0.0876],"evs":[0.0,-0.09287,-0.06311]},"65s":{"weight":1.0,"played":[1.0E-4,0.0012,0.9987],"evs":[0.0,0.7563,0.83592]},"66":{"weight":1.0,"played":[0.0,7.0E-4,0.9993],"evs":[0.0,5.13335,5.448]},"76o":{"weight":1.0,"played":[1.0,0.0,0.0],"evs":[0.0,-1.06453,-1.01177]},"86o":{"weight":1.0,"played":[1.0,0.0,0.0],"evs":[0.0,-1.45626,-1.38885]},"96o":{"weight":1.0,"played":[1.0,0.0,0.0],"evs":[0.0,-1.83609,-1.75751]},"T6o":{"weight":1.0,"played":[1.0,0.0,0.0],"evs":[0.0,-2.04957,-1.98173]},"J6o":{"weight":1.0,"played":[1.0,0.0,0.0],"evs":[0.0,-2.02339,-1.95327]},"Q6o":{"weight":1.0,"played":[1.0,0.0,0.0],"evs":[0.0,-1.1799,-1.08177]},"K6o":{"weight":1.0,"played":[0.9627,0.0,0.0372],"evs":[0.0,-0.22677,-0.06808]},"A6o":{"weight":1.0,"played":[0.0,0.0145,0.9855],"evs":[0.0,1.67626,1.86326]},"72s":{"weight":1.0,"played":[1.0,0.0,0.0],"evs":[0.0,-2.21857,-2.27051]},"73s":{"weight":1.0,"played":[1.0,0.0,0.0],"evs":[0.0,-1.40037,-1.4553]},"74s":{"weight":1.0,"played":[1.0,0.0,0.0],"evs":[0.0,-0.63833,-0.60017]},"75s":{"weight":1.0,"played":[1.0E-4,0.0178,0.9822],"evs":[0.0,0.29337,0.36542]},"76s":{"weight":1.0,"played":[0.0,0.0068,0.9932],"evs":[0.0,1.02353,1.10912]},"77":{"weight":1.0,"played":[0.0,0.001,0.999],"evs":[0.0,6.38575,6.71335]},"87o":{"weight":1.0,"played":[1.0,0.0,0.0],"evs":[0.0,-0.71199,-0.62718]},"97o":{"weight":1.0,"played":[1.0,0.0,0.0],"evs":[0.0,-0.96491,-0.88324]},"T7o":{"weight":1.0,"played":[1.0,0.0,0.0],"evs":[0.0,-1.05897,-0.98759]},"J7o":{"weight":1.0,"played":[1.0,0.0,0.0],"evs":[0.0,-1.18499,-1.11987]},"Q7o":{"weight":1.0,"played":[1.0,0.0,0.0],"evs":[0.0,-0.97063,-0.85322]},"K7o":{"weight":1.0,"played":[0.0,0.0,1.0],"evs":[0.0,0.23548,0.39483]},"A7o":{"weight":1.0,"played":[0.0,0.0266,0.9734],"evs":[0.0,2.47397,2.68682]},"82s":{"weight":1.0,"played":[1.0,0.0,0.0],"evs":[0.0,-1.92108,-1.93202]},"83s":{"weight":1.0,"played":[1.0,0.0,0.0],"evs":[0.0,-1.96344,-1.98428]},"84s":{"weight":1.0,"played":[1.0,0.0,0.0],"evs":[0.0,-1.06831,-0.99087]},"85s":{"weight":1.0,"played":[0.9625,0.0038,0.0336],"evs":[0.0,-0.19218,-0.07539]},"86s":{"weight":1.0,"played":[1.0E-4,0.0029,0.997],"evs":[0.0,0.71922,0.82702]},"87s":{"weight":1.0,"played":[0.0,0.0015,0.9985],"evs":[0.0,1.40448,1.53204]},"88":{"weight":1.0,"played":[0.0,1.0E-4,0.9999],"evs":[0.0,7.97142,8.25102]},"98o":{"weight":1.0,"played":[0.998,0.0014,6.0E-4],"evs":[0.0,-0.28789,-0.17233]},"T8o":{"weight":1.0,"played":[0.9896,0.0012,0.0092],"evs":[0.0,-0.19137,-0.07862]},"J8o":{"weight":1.0,"played":[0.9956,4.0E-4,0.004],"evs":[0.0,-0.2412,-0.12874]},"Q8o":{"weight":1.0,"played":[0.0,0.0087,0.9913],"evs":[0.0,0.01862,0.16575]},"K8o":{"weight":1.0,"played":[0.0,1.0E-4,0.9999],"evs":[0.0,0.72005,0.91069]},"A8o":{"weight":1.0,"played":[0.0,1.0E-4,0.9999],"evs":[0.0,3.43082,3.61473]},"92s":{"weight":1.0,"played":[1.0,0.0,0.0],"evs":[0.0,-1.67795,-1.65118]},"93s":{"weight":1.0,"played":[1.0,0.0,0.0],"evs":[0.0,-1.59442,-1.57168]},"94s":{"weight":1.0,"played":[1.0,0.0,0.0],"evs":[0.0,-1.45751,-1.37763]},"95s":{"weight":1.0,"played":[0.9977,7.0E-4,0.0016],"evs":[0.0,-0.62675,-0.50359]},"96s":{"weight":1.0,"played":[0.0,0.0055,0.9945],"evs":[0.0,0.32162,0.43492]},"97s":{"weight":1.0,"played":[0.0,1.0E-4,0.9999],"evs":[0.0,1.13577,1.24154]},"98s":{"weight":1.0,"played":[0.0,0.0,1.0],"evs":[0.0,1.75869,1.90753]},"99":{"weight":1.0,"played":[0.0,2.0E-4,0.9998],"evs":[0.0,9.88009,10.08322]},"T9o":{"weight":1.0,"played":[0.0,0.0024,0.9976],"evs":[0.0,0.8487,0.94003]},"J9o":{"weight":1.0,"played":[0.0,0.0,1.0],"evs":[0.0,0.77895,0.90228]},"Q9o":{"weight":1.0,"played":[0.0,8.0E-4,0.9992],"evs":[0.0,1.13112,1.28475]},