{"equityUnit":"TABLE_EQUITY_PERCENT","conversionFactors":{"toUSD":8.950306,"toRegularPrizePercent":0.2241499},"preHandEquity":[10.64404,18.93251,18.08949,12.84442,18.66794,20.8216],"bubbleFactors":[[-1.0,1.099,1.099,1.096,1.099,1.1],[0.891,-1.0,0.982,0.918,0.992,1.18],[0.894,1.172,-1.0,0.922,1.172,1.173],[0.914,1.123,1.123,-1.0,1.123,1.124],[0.892,1.177,0.984,0.919,-1.0,1.178],[0.885,0.989,0.969,0.911,0.979,-1.0]]}