{"equityUnit":"TABLE_EQUITY_PERCENT","conversionFactors":{"toUSD":12.089968,"toRegularPrizePercent":0.3883703},"preHandEquity":[39.95244,16.42767,5.31047,16.70032,21.6091],"bubbleFactors":[[-1.0,0.886,0.417,0.927,0.947],[1.294,-1.0,0.491,1.246,1.259],[1.042,1.036,-1.0,1.036,1.038],[1.299,1.051,0.489,-1.0,1.263],[1.375,0.991,0.47,1.035,-1.0]]}