{"equityUnit":"TABLE_EQUITY_PERCENT","conversionFactors":{"toUSD":35.3314,"toRegularPrizePercent":0.9462078},"preHandEquity":[16.92184,15.33306,24.33034,10.29037,19.66512,13.45926],"bubbleFactors":[[-1.0,1.083,1.593,0.699,1.53,0.976],[1.453,-1.0,1.557,0.718,1.498,1.022],[1.005,0.923,-1.0,0.662,1.02,0.884],[1.247,1.225,1.308,-1.0,1.277,1.191],[1.12,0.99,1.623,0.676,-1.0,0.924],[1.4,1.371,1.493,0.743,1.442,-1.0]]}