{"player":1,"street":0,"children":3,"sequence":[{"player":0,"type":"R","amount":11002300,"street":0}],"actions":[{"type":"F","amount":0,"node":38},{"type":"C","amount":11002300,"node":64},{"type":"R","amount":11265300,"node":99}],"hands":{"22":{"weight":1.0,"played":[1.0,0.0,0.0],"evs":[0.0,-0.85975,-0.84937]},"32o":{"weight":1.0,"played":[1.0,0.0,0.0],"evs":[0.0,-4.84877,-4.84248]},"42o":{"weight":1.0,"played":[1.0,0.0,0.0],"evs":[0.0,-4.6473,-4.64101]},"52o":{"weight":1.0,"played":[1.0,0.0,0.0],"evs":[0.0,-4.52928,-4.52365]},"62o":{"weight":1.0,"played":[1.0,0.0,0.0],"evs":[0.0,-4.82816,-4.82418]},"72o":{"weight":1.0,"played":[1.0,0.0,0.0],"evs":[0.0,-5.09882,-5.09597]},"82o":{"weight":1.0,"played":[1.0,0.0,0.0],"evs":[0.0,-4.88789,-4.88442]},"92o":{"weight":1.0,"played":[1.0,0.0,0.0],"evs":[0.0,-4.8073,-4.80429]},"T2o":{"weight":1.0,"played":[1.0,0.0,0.0],"evs":[0.0,-4.63673,-4.63345]},"J2o":{"weight":1.0,"played":[1.0,0.0,0.0],"evs":[0.0,-4.393,-4.39038]},"Q2o":{"weight":1.0,"played":[1.0,0.0,0.0],"evs":[0.0,-4.05582,-4.05206]},"K2o":{"weight":1.0,"played":[1.0,0.0,0.0],"evs":[0.0,-3.51939,-3.51447]},"A2o":{"weight":1.0,"played":[1.0,0.0,0.0],"evs":[0.0,-2.09517,-2.09269]},"32s":{"weight":1.0,"played":[1.0,0.0,0.0],"evs":[0.0,-3.61946,-3.61392]},"33":{"weight":1.0,"played":[1.0,0.0,0.0],"evs":[0.0,-0.35012,-0.3399]},"43o":{"weight":1.0,"played":[1.0,0.0,0.0],"evs":[0.0,-4.12204,-4.11554]},"53o":{"weight":1.0,"played":[1.0,0.0,0.0],"evs":[0.0,-3.97411,-3.96872]},"63o":{"weight":1.0,"played":[1.0,0.0,0.0],"evs":[0.0,-4.27548,-4.27208]},"73o":{"weight":1.0,"played":[1.0,0.0,0.0],"evs":[0.0,-4.54873,-4.54535]},"83o":{"weight":1.0,"played":[1.0,0.0,0.0],"evs":[0.0,-4.78406,-4.78084]},"93o":{"weight":1.0,"played":[1.0,0.0,0.0],"evs":[0.0,-4.61518,-4.61212]},"T3o":{"weight":1.0,"played":[1.0,0.0,0.0],"evs":[0.0,-4.43972,-4.43702]},"J3o":{"weight":1.0,"played":[1.0,0.0,0.0],"evs":[0.0,-4.1967,-4.1951]},"Q3o":{"weight":1.0,"played":[1.0,0.0,0.0],"evs":[0.0,-3.8846,-3.88107]},"K3o":{"weight":1.0,"played":[1.0,0.0,0.0],"evs":[0.0,-3.32838,-3.32386]},"A3o":{"weight":1.0,"played":[1.0,0.0,0.0],"evs":[0.0,-1.89782,-1.89606]},"42s":{"weight":1.0,"played":[1.0,0.0,0.0],"evs":[0.0,-3.442,-3.4364]},"43s":{"weight":1.0,"played":[1.0,0.0,0.0],"evs":[0.0,-2.93195,-2.92594]},"44":{"weight":1.0,"played":[0.0,0.3926,0.6074],"evs":[0.0,0.14705,0.15762]},"54o":{"weight":1.0,"played":[1.0,0.0,0.0],"evs":[0.0,-3.4627,-3.45705]},"64o":{"weight":1.0,"played":[1.0,0.0,0.0],"evs":[0.0,-3.73945,-3.73563]},"74o":{"weight":1.0,"played":[1.0,0.0,0.0],"evs":[0.0,-4.01051,-4.0077]},"84o":{"weight":1.0,"played":[1.0,0.0,0.0],"evs":[0.0,-4.25484,-4.25116]},"94o":{"weight":1.0,"played":[1.0,0.0,0.0],"evs":[0.0,-4.52623,-4.52308]},"T4o":{"weight":1.0,"played":[1.0,0.0,0.0],"evs":[0.0,-4.25992,-4.25691]},"J4o":{"weight":1.0,"played":[1.0,0.0,0.0],"evs":[0.0,-4.02321,-4.0208]},"Q4o":{"weight":1.0,"played":[1.0,0.0,0.0],"evs":[0.0,-3.69339,-3.68933]},"K4o":{"weight":1.0,"played":[1.0,0.0,0.0],"evs":[0.0,-3.15975,-3.15468]},"A4o":{"weight":1.0,"played":[1.0,0.0,0.0],"evs":[0.0,-1.70468,-1.70281]},"52s":{"weight":1.0,"played":[1.0,0.0,0.0],"evs":[0.0,-3.34083,-3.3352]},"53s":{"weight":1.0,"played":[1.0,0.0,0.0],"evs":[0.0,-2.81071,-2.80555]},"54s":{"weight":1.0,"played":[1.0,0.0,0.0],"evs":[0.0,-2.32543,-2.32002]},"55":{"weight":1.0,"played":[0.0,0.36,0.64],"evs":[0.0,0.67687,0.68511]},"65o":{"weight":1.0,"played":[1.0,0.0,0.0],"evs":[0.0,-3.31381,-3.31114]},"75o":{"weight":1.0,"played":[1.0,0.0,0.0],"evs":[0.0,-3.56651,-3.56397]},"85o":{"weight":1.0,"played":[1.0,0.0,0.0],"evs":[0.0,-3.81038,-3.80788]},"95o":{"weight":1.0,"played":[1.0,0.0,0.0],"evs":[0.0,-4.10006,-4.09774]},"T5o":{"weight":1.0,"played":[1.0,0.0,0.0],"evs":[0.0,-4.25394,-4.25143]},"J5o":{"weight":1.0,"played":[1.0,0.0,0.0],"evs":[0.0,-3.9251,-3.92327]},"Q5o":{"weight":1.0,"played":[1.0,0.0,0.0],"evs":[0.0,-3.59272,-3.59011]},"K5o":{"weight":1.0,"played":[1.0,0.0,0.0],"evs":[0.0,-3.06706,-3.06349]},"A5o":{"weight":1.0,"played":[1.0,0.0,0.0],"evs":[0.0,-1.47391,-1.47332]},"62s":{"weight":1.0,"played":[1.0,0.0,0.0],"evs":[0.0,-3.60056,-3.598]},"63s":{"weight":1.0,"played":[1.0,0.0,0.0],"evs":[0.0,-3.07217,-3.06873]},"64s":{"weight":1.0,"played":[1.0,0.0,0.0],"evs":[0.0,-2.57559,-2.57192]},"65s":{"weight":1.0,"played":[1.0,0.0,0.0],"evs":[0.0,-2.17089,-2.16787]},"66":{"weight":1.0,"played":[0.0,0.3989,0.6011],"evs":[0.0,1.31647,1.31886]},"76o":{"weight":1.0,"played":[1.0,0.0,0.0],"evs":[0.0,-3.09394,-3.09324]},"86o":{"weight":1.0,"played":[1.0,0.0,0.0],"evs":[0.0,-3.30795,-3.30705]},"96o":{"weight":1.0,"played":[1.0,0.0,0.0],"evs":[0.0,-3.58392,-3.58325]},"T6o":{"weight":1.0,"played":[1.0,0.0,0.0],"evs":[0.0,-3.74172,-3.74024]},"J6o":{"weight":1.0,"played":[1.0,0.0,0.0],"evs":[0.0,-3.83978,-3.83917]},"Q6o":{"weight":1.0,"played":[1.0,0.0,0.0],"evs":[0.0,-3.43147,-3.42983]},"K6o":{"weight":1.0,"played":[1.0,0.0,0.0],"evs":[0.0,-2.88166,-2.8791]},"A6o":{"weight":1.0,"played":[1.0,0.0,0.0],"evs":[0.0,-1.54642,-1.5472]},"72s":{"weight":1.0,"played":[1.0,0.0,0.0],"evs":[0.0,-3.84004,-3.83753]},"73s":{"weight":1.0,"played":[1.0,0.0,0.0],"evs":[0.0,-3.33815,-3.33483]},"74s":{"weight":1.0,"played":[1.0,0.0,0.0],"evs":[0.0,-2.83893,-2.8362]},"75s":{"weight":1.0,"played":[1.0,0.0,0.0],"evs":[0.0,-2.42207,-2.41991]},"76s":{"weight":1.0,"played":[1.0,0.0,0.0],"evs":[0.0,-1.9891,-1.98867]},"77":{"weight":1.0,"played":[0.0,0.4225,0.5775],"evs":[0.0,1.95748,1.95562]},"87o":{"weight":1.0,"played":[1.0,0.0,0.0],"evs":[0.0,-2.89673,-2.89689]},"97o":{"weight":1.0,"played":[1.0,0.0,0.0],"evs":[0.0,-3.136,-3.13599]},"T7o":{"weight":1.0,"played":[1.0,0.0,0.0],"evs":[0.0,-3.28484,-3.28485]},"J7o":{"weight":1.0,"played":[1.0,0.0,0.0],"evs":[0.0,-3.38361,-3.38388]},"Q7o":{"weight":1.0,"played":[1.0,0.0,0.0],"evs":[0.0,-3.36986,-3.36973]},"K7o":{"weight":1.0,"played":[1.0,0.0,0.0],"evs":[0.0,-2.74715,-2.74597]},"A7o":{"weight":1.0,"played":[1.0,0.0,0.0],"evs":[0.0,-1.02,-1.02125]},"82s":{"weight":1.0,"played":[1.0,0.0,0.0],"evs":[0.0,-3.63531,-3.63252]},"83s":{"weight":1.0,"played":[1.0,0.0,0.0],"evs":[0.0,-3.55265,-3.55022]},"84s":{"weight":1.0,"played":[1.0,0.0,0.0],"evs":[0.0,-3.06358,-3.06044]},"85s":{"weight":1.0,"played":[1.0,0.0,0.0],"evs":[0.0,-2.63556,-2.63291]},"86s":{"weight":1.0,"played":[1.0,0.0,0.0],"evs":[0.0,-2.16903,-2.16765]},"87s":{"weight":1.0,"played":[1.0,0.0,0.0],"evs":[0.0,-1.77667,-1.77746]},"88":{"weight":1.0,"played":[0.0,0.4562,0.5438],"evs":[0.0,2.74563,2.74395]},"98o":{"weight":1.0,"played":[1.0,0.0,0.0],"evs":[0.0,-2.717,-2.7175]},"T8o":{"weight":1.0,"played":[1.0,0.0,0.0],"evs":[0.0,-2.75937,-2.75966]},"J8o":{"weight":1.0,"played":[1.0,0.0,0.0],"evs":[0.0,-2.87355,-2.8741]},"Q8o":{"weight":1.0,"played":[1.0,0.0,0.0],"evs":[0.0,-2.88032,-2.87966]},"K8o":{"weight":1.0,"played":[1.0,0.0,0.0],"evs":[0.0,-2.61827,-2.61676]},"A8o":{"weight":1.0,"played":[1.0,0.0,0.0],"evs":[0.0,-0.39615,-0.39569]},"92s":{"weight":1.0,"played":[1.0,0.0,0.0],"evs":[0.0,-3.55788,-3.55558]},"93s":{"weight":1.0,"played":[1.0,0.0,0.0],"evs":[0.0,-3.38151,-3.37968]},"94s":{"weight":1.0,"played":[1.0,0.0,0.0],"evs":[0.0,-3.30825,-3.30491]},"95s":{"weight":1.0,"played":[1.0,0.0,0.0],"evs":[0.0,-2.90056,-2.89795]},"96s":{"weight":1.0,"played":[1.0,0.0,0.0],"evs":[0.0,-2.41528,-2.41406]},"97s":{"weight":1.0,"played":[1.0,0.0,0.0],"evs":[0.0,-2.01653,-2.01718]},"98s":{"weight":1.0,"played":[1.0,0.0,0.0],"evs":[0.0,-1.59713,-1.59628]},"99":{"weight":1.0,"played":[0.0,0.4204,0.5796],"evs":[0.0,3.68483,3.68371]},"T9o":{"weight":1.0,"played":[1.0,0.0,0.0],"evs":[0.0,-2.27168,-2.27213]},"J9o":{"weight":1.0,"played":[1.0,0.0,0.0],"evs":[0.0,-2.39834,-2.39999]},"Q9o":{"weight":1.0,"played":[1.0,0.0,0.0],"evs":[0.0,-2.38001,-2.38041]},"K9o":{"weight":1.0,"played":[1.0,0.0,0.0],"evs":[0.0,-2.08285,-2.08209]},"A9o":{"weight":1.0,"played":[0.0,0.3501,0.6499],"evs":[0.0,0.32043,0.32009]},"T2s":{"weight":1.0,"played":[1.0,0.0,0.0],"evs":[0.0,-3.39023,-3.38764]},