{"player":2,"street":0,"children":3,"sequence":[{"player":0,"type":"R","amount":11160200,"street":0},{"player":1,"type":"C","amount":7389500,"street":0}],"actions":[{"type":"F","amount":0,"node":68},{"type":"C","amount":11160200,"node":77},{"type":"R","amount":14492600,"node":90}],"hands":{"22":{"weight":1.0,"played":[1.0,0.0,0.0],"evs":[0.0,-1.2655,-1.2539]},"32o":{"weight":1.0,"played":[1.0,0.0,0.0],"evs":[0.0,-4.74601,-4.74139]},"42o":{"weight":1.0,"played":[1.0,0.0,0.0],"evs":[0.0,-4.59292,-4.58917]},"52o":{"weight":1.0,"played":[1.0,0.0,0.0],"evs":[0.0,-4.34843,-4.34676]},"62o":{"weight":1.0,"played":[1.0,0.0,0.0],"evs":[0.0,-4.6428,-4.64054]},"72o":{"weight":1.0,"played":[1.0,0.0,0.0],"evs":[0.0,-5.04475,-5.04343]},"82o":{"weight":1.0,"played":[1.0,0.0,0.0],"evs":[0.0,-4.8369,-4.83453]},"92o":{"weight":1.0,"played":[1.0,0.0,0.0],"evs":[0.0,-4.89228,-4.89221]},"T2o":{"weight":1.0,"played":[1.0,0.0,0.0],"evs":[0.0,-4.6976,-4.69268]},"J2o":{"weight":1.0,"played":[1.0,0.0,0.0],"evs":[0.0,-4.51598,-4.51429]},"Q2o":{"weight":1.0,"played":[1.0,0.0,0.0],"evs":[0.0,-4.26452,-4.2651]},"K2o":{"weight":1.0,"played":[1.0,0.0,0.0],"evs":[0.0,-3.91275,-3.9132]},"A2o":{"weight":1.0,"played":[1.0,0.0,0.0],"evs":[0.0,-3.64773,-3.64064]},"32s":{"weight":1.0,"played":[1.0,0.0,0.0],"evs":[0.0,-3.3268,-3.32695]},"33":{"weight":1.0,"played":[1.0,0.0,0.0],"evs":[0.0,-0.79452,-0.78006]},"43o":{"weight":1.0,"played":[1.0,0.0,0.0],"evs":[0.0,-3.98167,-3.97938]},"53o":{"weight":1.0,"played":[1.0,0.0,0.0],"evs":[0.0,-3.68688,-3.68362]},"63o":{"weight":1.0,"played":[1.0,0.0,0.0],"evs":[0.0,-3.99622,-3.99267]},"73o":{"weight":1.0,"played":[1.0,0.0,0.0],"evs":[0.0,-4.39469,-4.39045]},"83o":{"weight":1.0,"played":[1.0,0.0,0.0],"evs":[0.0,-4.72515,-4.72506]},"93o":{"weight":1.0,"played":[1.0,0.0,0.0],"evs":[0.0,-4.69948,-4.70017]},"T3o":{"weight":1.0,"played":[1.0,0.0,0.0],"evs":[0.0,-4.4688,-4.46628]},"J3o":{"weight":1.0,"played":[1.0,0.0,0.0],"evs":[0.0,-4.283,-4.28241]},"Q3o":{"weight":1.0,"played":[1.0,0.0,0.0],"evs":[0.0,-4.06475,-4.06137]},"K3o":{"weight":1.0,"played":[1.0,0.0,0.0],"evs":[0.0,-3.67195,-3.67509]},"A3o":{"weight":1.0,"played":[1.0,0.0,0.0],"evs":[0.0,-3.41796,-3.41023]},"42s":{"weight":1.0,"played":[1.0,0.0,0.0],"evs":[0.0,-3.10552,-3.10231]},"43s":{"weight":1.0,"played":[1.0,0.0,0.0],"evs":[0.0,-2.59154,-2.58604]},"44":{"weight":1.0,"played":[1.0,0.0,0.0],"evs":[0.0,-0.36085,-0.35282]},"54o":{"weight":1.0,"played":[1.0,0.0,0.0],"evs":[0.0,-3.1995,-3.19341]},"64o":{"weight":1.0,"played":[1.0,0.0,0.0],"evs":[0.0,-3.45363,-3.45076]},"74o":{"weight":1.0,"played":[1.0,0.0,0.0],"evs":[0.0,-3.81869,-3.81344]},"84o":{"weight":1.0,"played":[1.0,0.0,0.0],"evs":[0.0,-4.20014,-4.199]},"94o":{"weight":1.0,"played":[1.0,0.0,0.0],"evs":[0.0,-4.66498,-4.66496]},"T4o":{"weight":1.0,"played":[1.0,0.0,0.0],"evs":[0.0,-4.37466,-4.37548]},"J4o":{"weight":1.0,"played":[1.0,0.0,0.0],"evs":[0.0,-4.19361,-4.1934]},"Q4o":{"weight":1.0,"played":[1.0,0.0,0.0],"evs":[0.0,-3.92848,-3.93209]},"K4o":{"weight":1.0,"played":[1.0,0.0,0.0],"evs":[0.0,-3.56231,-3.56411]},"A4o":{"weight":1.0,"played":[1.0,0.0,0.0],"evs":[0.0,-3.23397,-3.22551]},"52s":{"weight":1.0,"played":[1.0,0.0,0.0],"evs":[0.0,-2.91475,-2.91401]},"53s":{"weight":1.0,"played":[1.0,0.0,0.0],"evs":[0.0,-2.29021,-2.27876]},"54s":{"weight":1.0,"played":[1.0,0.0,0.0],"evs":[0.0,-1.81154,-1.80867]},"55":{"weight":1.0,"played":[0.0,0.1079,0.8921],"evs":[0.0,0.31845,0.32567]},"65o":{"weight":1.0,"played":[1.0,0.0,0.0],"evs":[0.0,-2.82356,-2.82035]},"75o":{"weight":1.0,"played":[1.0,0.0,0.0],"evs":[0.0,-3.21036,-3.20646]},"85o":{"weight":1.0,"played":[1.0,0.0,0.0],"evs":[0.0,-3.55255,-3.54854]},"95o":{"weight":1.0,"played":[1.0,0.0,0.0],"evs":[0.0,-4.0593,-4.05821]},"T5o":{"weight":1.0,"played":[1.0,0.0,0.0],"evs":[0.0,-4.24377,-4.24195]},"J5o":{"weight":1.0,"played":[1.0,0.0,0.0],"evs":[0.0,-3.96292,-3.95991]},"Q5o":{"weight":1.0,"played":[1.0,0.0,0.0],"evs":[0.0,-3.72653,-3.72739]},"K5o":{"weight":1.0,"played":[1.0,0.0,0.0],"evs":[0.0,-3.3403,-3.34379]},"A5o":{"weight":1.0,"played":[1.0,0.0,0.0],"evs":[0.0,-2.94886,-2.94308]},"62s":{"weight":1.0,"played":[1.0,0.0,0.0],"evs":[0.0,-3.21102,-3.20705]},"63s":{"weight":1.0,"played":[1.0,0.0,0.0],"evs":[0.0,-2.58874,-2.58661]},"64s":{"weight":1.0,"played":[1.0,0.0,0.0],"evs":[0.0,-2.05766,-2.05602]},"65s":{"weight":1.0,"played":[1.0,0.0,0.0],"evs":[0.0,-1.49742,-1.49653]},"66":{"weight":1.0,"played":[0.0,0.467,0.533],"evs":[0.0,0.99452,0.99715]},"76o":{"weight":1.0,"played":[1.0,0.0,0.0],"evs":[0.0,-2.64876,-2.64257]},"86o":{"weight":1.0,"played":[1.0,0.0,0.0],"evs":[0.0,-2.97663,-2.97542]},"96o":{"weight":1.0,"played":[1.0,0.0,0.0],"evs":[0.0,-3.43599,-3.43654]},"T6o":{"weight":1.0,"played":[1.0,0.0,0.0],"evs":[0.0,-3.64284,-3.64228]},"J6o":{"weight":1.0,"played":[1.0,0.0,0.0],"evs":[0.0,-3.84569,-3.84584]},"Q6o":{"weight":1.0,"played":[1.0,0.0,0.0],"evs":[0.0,-3.48091,-3.48242]},"K6o":{"weight":1.0,"played":[1.0,0.0,0.0],"evs":[0.0,-3.12242,-3.12546]},"A6o":{"weight":1.0,"played":[1.0,0.0,0.0],"evs":[0.0,-3.17302,-3.16957]},"72s":{"weight":1.0,"played":[1.0,0.0,0.0],"evs":[0.0,-3.571,-3.5661]},"73s":{"weight":1.0,"played":[1.0,0.0,0.0],"evs":[0.0,-2.96352,-2.96094]},"74s":{"weight":1.0,"played":[1.0,0.0,0.0],"evs":[0.0,-2.43273,-2.42862]},"75s":{"weight":1.0,"played":[1.0,0.0,0.0],"evs":[0.0,-1.86492,-1.86351]},"76s":{"weight":1.0,"played":[1.0,0.0,0.0],"evs":[0.0,-1.2566,-1.2492]},"77":{"weight":1.0,"played":[0.0,0.0208,0.9792],"evs":[0.0,1.72557,1.73347]},"87o":{"weight":1.0,"played":[1.0,0.0,0.0],"evs":[0.0,-2.54846,-2.54377]},"97o":{"weight":1.0,"played":[1.0,0.0,0.0],"evs":[0.0,-2.89853,-2.89534]},"T7o":{"weight":1.0,"played":[1.0,0.0,0.0],"evs":[0.0,-3.07012,-3.06831]},"J7o":{"weight":1.0,"played":[1.0,0.0,0.0],"evs":[0.0,-3.33681,-3.33089]},"Q7o":{"weight":1.0,"played":[1.0,0.0,0.0],"evs":[0.0,-3.44516,-3.44281]},"K7o":{"weight":1.0,"played":[1.0,0.0,0.0],"evs":[0.0,-2.99322,-2.99528]},"A7o":{"weight":1.0,"played":[1.0,0.0,0.0],"evs":[0.0,-2.75888,-2.7504]},"82s":{"weight":1.0,"played":[1.0,0.0,0.0],"evs":[0.0,-3.3731,-3.3698]},"83s":{"weight":1.0,"played":[1.0,0.0,0.0],"evs":[0.0,-3.24752,-3.24502]},"84s":{"weight":1.0,"played":[1.0,0.0,0.0],"evs":[0.0,-2.77625,-2.76598]},"85s":{"weight":1.0,"played":[1.0,0.0,0.0],"evs":[0.0,-2.18762,-2.18116]},"86s":{"weight":1.0,"played":[1.0,0.0,0.0],"evs":[0.0,-1.61097,-1.60904]},"87s":{"weight":1.0,"played":[1.0,0.0,0.0],"evs":[0.0,-1.14861,-1.1428]},"88":{"weight":1.0,"played":[0.0,0.426,0.574],"evs":[0.0,2.59513,2.59668]},"98o":{"weight":1.0,"played":[1.0,0.0,0.0],"evs":[0.0,-2.48128,-2.47803]},"T8o":{"weight":1.0,"played":[1.0,0.0,0.0],"evs":[0.0,-2.56678,-2.56541]},"J8o":{"weight":1.0,"played":[1.0,0.0,0.0],"evs":[0.0,-2.75212,-2.75169]},"Q8o":{"weight":1.0,"played":[1.0,0.0,0.0],"evs":[0.0,-2.97124,-2.97024]},"K8o":{"weight":1.0,"played":[1.0,0.0,0.0],"evs":[0.0,-2.89014,-2.89061]},"A8o":{"weight":1.0,"played":[1.0,0.0,0.0],"evs":[0.0,-2.25954,-2.25096]},"92s":{"weight":1.0,"played":[1.0,0.0,0.0],"evs":[0.0,-3.35326,-3.35354]},"93s":{"weight":1.0,"played":[1.0,0.0,0.0],"evs":[0.0,-3.20676,-3.2023]},"94s":{"weight":1.0,"played":[1.0,0.0,0.0],"evs":[0.0,-3.23848,-3.23679]},"95s":{"weight":1.0,"played":[1.0,0.0,0.0],"evs":[0.0,-2.58435,-2.57963]},"96s":{"weight":1.0,"played":[1.0,0.0,0.0],"evs":[0.0,-1.96692,-1.9624]},"97s":{"weight":1.0,"played":[1.0,0.0,0.0],"evs":[0.0,-1.48942,-1.49173]},"98s":{"weight":1.0,"played":[1.0,0.0,0.0],"evs":[0.0,-1.16064,-1.1593]},"99":{"weight":1.0,"played":[0.0,0.8493,0.1507],"evs":[0.0,3.66271,3.65531]},"T9o":{"weight":1.0,"played":[1.0,0.0,0.0],"evs":[0.0,-2.17658,-2.17614]},"J9o":{"weight":1.0,"played":[1.0,0.0,0.0],"evs":[0.0,-2.3952,-2.39582]},"Q9o":{"weight":1.0,"played":[1.0,0.0,0.0],"evs":[0.0,-2.54078,-2.54317]},"K9o":{"weight":1.0,"played":[1.0,0.0,0.0],"evs":[0.0,-2.50008,-2.50353]},"A9o":{"weight":1.0,"played":[1.0,0.0,0.0],"evs":[0.0,-1.65005,-1.64368]},"T2s":{"weight":1.0,