{"equityUnit":"TABLE_EQUITY_PERCENT","conversionFactors":{"toUSD":2.2927616,"toRegularPrizePercent":0.06140229},"preHandEquity":[26.88613,24.03087,9.30461,2.7045,23.90076,13.17313],"bubbleFactors":[[-1.0,0.912,0.744,0.349,0.858,0.813],[1.04,-1.0,0.745,0.349,0.859,0.813],[1.016,1.016,-1.0,0.354,1.016,1.016],[1.005,1.005,1.005,-1.0,1.005,1.005],[1.04,1.04,0.745,0.349,-1.0,0.813],[1.022,1.022,0.748,0.353,1.022,-1.0]]}