{"player":2,"street":0,"children":3,"sequence":[{"player":0,"type":"R","amount":200000,"street":0},{"player":1,"type":"F","amount":0,"street":0}],"actions":[{"type":"F","amount":0,"node":200},{"type":"C","amount":200000,"node":238},{"type":"R","amount":1885000,"node":309}],"hands":{"22":{"weight":1.0,"played":[1.0,0.0,0.0],"evs":[0.0,-0.12541,-0.16084]},"32o":{"weight":1.0,"played":[1.0,0.0,0.0],"evs":[0.0,-0.68883,-2.19423]},"42o":{"weight":1.0,"played":[1.0,0.0,0.0],"evs":[0.0,-0.65682,-2.05264]},"52o":{"weight":1.0,"played":[1.0,0.0,0.0],"evs":[0.0,-0.62428,-1.95816]},"62o":{"weight":1.0,"played":[1.0,0.0,0.0],"evs":[0.0,-0.69825,-2.1081]},"72o":{"weight":1.0,"played":[1.0,0.0,0.0],"evs":[0.0,-0.7761,-2.27625]},"82o":{"weight":1.0,"played":[1.0,0.0,0.0],"evs":[0.0,-0.74322,-2.13133]},"92o":{"weight":1.0,"played":[1.0,0.0,0.0],"evs":[0.0,-0.76163,-2.00046]},"T2o":{"weight":1.0,"played":[1.0,0.0,0.0],"evs":[0.0,-0.75419,-1.99486]},"J2o":{"weight":1.0,"played":[1.0,0.0,0.0],"evs":[0.0,-0.70227,-1.82304]},"Q2o":{"weight":1.0,"played":[1.0,0.0,0.0],"evs":[0.0,-0.63059,-1.64042]},"K2o":{"weight":1.0,"played":[1.0,0.0,0.0],"evs":[0.0,-0.58579,-1.36898]},"A2o":{"weight":1.0,"played":[1.0,0.0,0.0],"evs":[0.0,-0.43104,-0.75816]},"32s":{"weight":1.0,"played":[1.0,0.0,0.0],"evs":[0.0,-0.42873,-1.4755]},"33":{"weight":1.0,"played":[0.468,0.5319,0.0],"evs":[0.0,0.00878,-0.05025]},"43o":{"weight":1.0,"played":[1.0,0.0,0.0],"evs":[0.0,-0.55431,-1.78137]},"53o":{"weight":1.0,"played":[1.0,0.0,0.0],"evs":[0.0,-0.50567,-1.69057]},"63o":{"weight":1.0,"played":[1.0,0.0,0.0],"evs":[0.0,-0.5807,-1.83233]},"73o":{"weight":1.0,"played":[1.0,0.0,0.0],"evs":[0.0,-0.67789,-2.01937]},"83o":{"weight":1.0,"played":[1.0,0.0,0.0],"evs":[0.0,-0.72526,-2.10722]},"93o":{"weight":1.0,"played":[1.0,0.0,0.0],"evs":[0.0,-0.72626,-1.94294]},"T3o":{"weight":1.0,"played":[1.0,0.0,0.0],"evs":[0.0,-0.7194,-1.92144]},"J3o":{"weight":1.0,"played":[1.0,0.0,0.0],"evs":[0.0,-0.67233,-1.7428]},"Q3o":{"weight":1.0,"played":[1.0,0.0,0.0],"evs":[0.0,-0.6001,-1.5529]},"K3o":{"weight":1.0,"played":[1.0,0.0,0.0],"evs":[0.0,-0.54755,-1.2956]},"A3o":{"weight":1.0,"played":[1.0,0.0,0.0],"evs":[0.0,-0.37427,-0.69192]},"42s":{"weight":1.0,"played":[1.0,0.0,0.0],"evs":[0.0,-0.40023,-1.3433]},"43s":{"weight":1.0,"played":[1.0,0.0,0.0],"evs":[0.0,-0.2662,-1.09555]},"44":{"weight":1.0,"played":[0.0,0.7023,0.2977],"evs":[0.0,0.192,0.1889]},"54o":{"weight":1.0,"played":[1.0,0.0,0.0],"evs":[0.0,-0.39402,-1.37961]},"64o":{"weight":1.0,"played":[1.0,0.0,0.0],"evs":[0.0,-0.45294,-1.49449]},"74o":{"weight":1.0,"played":[1.0,0.0,0.0],"evs":[0.0,-0.56564,-1.68441]},"84o":{"weight":1.0,"played":[1.0,0.0,0.0],"evs":[0.0,-0.6251,-1.78775]},"94o":{"weight":1.0,"played":[1.0,0.0,0.0],"evs":[0.0,-0.70086,-1.86826]},"T4o":{"weight":1.0,"played":[1.0,0.0,0.0],"evs":[0.0,-0.67742,-1.80313]},"J4o":{"weight":1.0,"played":[1.0,0.0,0.0],"evs":[0.0,-0.63777,-1.6188]},"Q4o":{"weight":1.0,"played":[1.0,0.0,0.0],"evs":[0.0,-0.56413,-1.44368]},"K4o":{"weight":1.0,"played":[1.0,0.0,0.0],"evs":[0.0,-0.50414,-1.17398]},"A4o":{"weight":1.0,"played":[1.0,0.0,0.0],"evs":[0.0,-0.3208,-0.57375]},"52s":{"weight":1.0,"played":[1.0,0.0,0.0],"evs":[0.0,-0.35862,-1.27357]},"53s":{"weight":1.0,"played":[1.0,0.0,0.0],"evs":[0.0,-0.23205,-1.00925]},"54s":{"weight":1.0,"played":[1.0,0.0,0.0],"evs":[0.0,-0.10045,-0.71118]},"55":{"weight":1.0,"played":[0.0,0.4232,0.5768],"evs":[0.0,0.43666,0.43817]},"65o":{"weight":1.0,"played":[1.0,0.0,0.0],"evs":[0.0,-0.33508,-1.26417]},"75o":{"weight":1.0,"played":[1.0,0.0,0.0],"evs":[0.0,-0.426,-1.40575]},"85o":{"weight":1.0,"played":[1.0,0.0,0.0],"evs":[0.0,-0.50343,-1.52592]},"95o":{"weight":1.0,"played":[1.0,0.0,0.0],"evs":[0.0,-0.6059,-1.60469]},"T5o":{"weight":1.0,"played":[1.0,0.0,0.0],"evs":[0.0,-0.65873,-1.77499]},"J5o":{"weight":1.0,"played":[1.0,0.0,0.0],"evs":[0.0,-0.61452,-1.55689]},"Q5o":{"weight":1.0,"played":[1.0,0.0,0.0],"evs":[0.0,-0.54343,-1.36593]},"K5o":{"weight":1.0,"played":[1.0,0.0,0.0],"evs":[0.0,-0.46533,-1.09188]},"A5o":{"weight":1.0,"played":[1.0,0.0,0.0],"evs":[0.0,-0.24312,-0.48292]},"62s":{"weight":1.0,"played":[1.0,0.0,0.0],"evs":[0.0,-0.42819,-1.39728]},"63s":{"weight":1.0,"played":[1.0,0.0,0.0],"evs":[0.0,-0.30487,-1.14161]},"64s":{"weight":1.0,"played":[1.0,0.0,0.0],"evs":[0.0,-0.1584,-0.83662]},"65s":{"weight":1.0,"played":[1.0,0.0,0.0],"evs":[0.0,-0.01857,-0.59634]},"66":{"weight":1.0,"played":[0.0,0.0103,0.9897],"evs":[0.0,0.83371,0.86645]},"76o":{"weight":1.0,"played":[1.0,0.0,0.0],"evs":[0.0,-0.31198,-1.10966]},"86o":{"weight":1.0,"played":[1.0,0.0,0.0],"evs":[0.0,-0.38456,-1.21295]},"96o":{"weight":1.0,"played":[1.0,0.0,0.0],"evs":[0.0,-0.46437,-1.28088]},"T6o":{"weight":1.0,"played":[1.0,0.0,0.0],"evs":[0.0,-0.56606,-1.471]},"J6o":{"weight":1.0,"played":[1.0,0.0,0.0],"evs":[0.0,-0.5829,-1.47114]},"Q6o":{"weight":1.0,"played":[1.0,0.0,0.0],"evs":[0.0,-0.51119,-1.24756]},"K6o":{"weight":1.0,"played":[1.0,0.0,0.0],"evs":[0.0,-0.42142,-0.96985]},"A6o":{"weight":1.0,"played":[1.0,0.0,0.0],"evs":[0.0,-0.31134,-0.62289]},"72s":{"weight":1.0,"played":[1.0,0.0,0.0],"evs":[0.0,-0.52065,-1.55025]},"73s":{"weight":1.0,"played":[1.0,0.0,0.0],"evs":[0.0,-0.40975,-1.31113]},"74s":{"weight":1.0,"played":[1.0,0.0,0.0],"evs":[0.0,-0.27887,-1.00619]},"75s":{"weight":1.0,"played":[1.0,0.0,0.0],"evs":[0.0,-0.14913,-0.74133]},"76s":{"weight":1.0,"played":[0.7575,0.2425,0.0],"evs":[0.0,-0.00436,-0.45028]},"77":{"weight":1.0,"played":[0.0,0.0,1.0],"evs":[0.0,1.18925,1.27247]},"87o":{"weight":1.0,"played":[1.0,0.0,0.0],"evs":[0.0,-0.33938,-0.99424]},"97o":{"weight":1.0,"played":[1.0,0.0,0.0],"evs":[0.0,-0.38612,-1.0488]},"T7o":{"weight":1.0,"played":[1.0,0.0,0.0],"evs":[0.0,-0.47943,-1.2123]},"J7o":{"weight":1.0,"played":[1.0,0.0,0.0],"evs":[0.0,-0.5215,-1.23547]},"Q7o":{"weight":1.0,"played":[1.0,0.0,0.0],"evs":[0.0,-0.52917,-1.25057]},"K7o":{"weight":1.0,"played":[1.0,0.0,0.0],"evs":[0.0,-0.4353,-0.92444]},"A7o":{"weight":1.0,"played":[1.0,0.0,0.0],"evs":[0.0,-0.2623,-0.50885]},"82s":{"weight":1.0,"played":[1.0,0.0,0.0],"evs":[0.0,-0.48382,-1.4059]},"83s":{"weight":1.0,"played":[1.0,0.0,0.0],"evs":[0.0,-0.46548,-1.39701]},"84s":{"weight":1.0,"played":[1.0,0.0,0.0],"evs":[0.0,-0.35237,-1.12096]},"85s":{"weight":1.0,"played":[1.0,0.0,0.0],"evs":[0.0,-0.21683,-0.84973]},"86s":{"weight":1.0,"played":[0.9999,1.0E-4,0.0],"evs":[0.0,-0.07903,-0.5536]},"87s":{"weight":1.0,"played":[0.9988,0.0012,0.0],"evs":[0.0,-0.02385,-0.35384]},"88":{"weight":1.0,"played":[0.0,0.0,1.0],"evs":[0.0,1.67289,1.859]},"98o":{"weight":1.0,"played":[1.0,0.0,0.0],"evs":[0.0,-0.32497,-0.8083]},"T8o":{"weight":1.0,"played":[1.0,0.0,0.0],"evs":[0.0,-0.39148,-0.9239]},"J8o":{"weight":1.0,"played":[1.0,0.0,0.0],"evs":[0.0,-0.41783,-0.95076]},"Q8o":{"weight":1.0,"played":[1.0,0.0,0.0],"evs":[0.0,-0.43834,-0.98463]},"K8o":{"weight":1.0,"played":[1.0,0.0,0.0],"evs":[0.0,-0.40886,-0.87767]},"A8o":{"weight":1.0,"played":[1.0,0.0,0.0],"evs":[0.0,-0.15985,-0.36838]},"92s":{"weight":1.0,"played":[1.0,0.0,0.0],"evs":[0.0,-0.4906,-1.28615]},"93s":{"weight":1.0,"played":[1.0,0.0,0.0],"evs":[0.0,-0.44157,-1.22748]},"94s":{"weight":1.0,"played":[1.0,0.0,0.0],"evs":[0.0,-0.40713,-1.14876]},"95s":{"weight":1.0,"played":[1.0,0.0,0.0],"evs":[0.0,-0.31642,-0.89768]},"96s":{"weight":1.0,"played":[1.0,0.0,0.0],"evs":[0.0,-0.16172,-0.61963]},"97s":{"weight":1.0,"played":[1.0,0.0,0.0],"evs":[0.0,-0.06815,-0.40097]},"98s":{"weight":1.0,"played":[0.3562,0.6438,0.0],"evs":[0.0,0.00645,-0.14009]},"99":{"weight":1.0,"played":[0.0,0.0,1.0],"evs":[0.0,2.15259,2.44171]},"T9o":{"weight":1.0,"played":[1.0,0.0,0.0],"evs":[0.0,-0.29866,-0.62193]},"J9o":{"weight":1.0,"played":[1.0,0.0,0.0],"evs":[0.0,-0.32718,-0.66225]},"Q9o":{"weight":1.0,"played":[1.0,0.0,0.0],"evs":[0.0,-0.33155,-0.67338]},"K9o":{"weight":1.0,"played":[1.0,0.0,0.0],"evs":[0.0,-0.33248,-0.59381]},"A9o":{"weight":1.0,"played":[0.9962,0.0038,0.0],"evs":[0.0,-0.02475,-0.15862]},"T2s":{"weight":1.0,