{"player":2,"street":0,"children":3,"sequence":[{"player":0,"type":"R","amount":200000,"street":0},{"player":1,"type":"C","amount":200000,"street":0}],"actions":[{"type":"F","amount":0,"node":305},{"type":"C","amount":200000,"node":397},{"type":"R","amount":1885000,"node":492}],"hands":{"22":{"weight":1.0,"played":[1.0,0.0,0.0],"evs":[0.0,-0.16983,-0.38732]},"32o":{"weight":1.0,"played":[1.0,0.0,0.0],"evs":[0.0,-0.81061,-2.66149]},"42o":{"weight":1.0,"played":[1.0,0.0,0.0],"evs":[0.0,-0.78038,-2.56981]},"52o":{"weight":1.0,"played":[1.0,0.0,0.0],"evs":[0.0,-0.76461,-2.43475]},"62o":{"weight":1.0,"played":[1.0,0.0,0.0],"evs":[0.0,-0.82879,-2.65162]},"72o":{"weight":1.0,"played":[1.0,0.0,0.0],"evs":[0.0,-0.92141,-2.87623]},"82o":{"weight":1.0,"played":[1.0,0.0,0.0],"evs":[0.0,-0.90818,-2.65797]},"92o":{"weight":1.0,"played":[1.0,0.0,0.0],"evs":[0.0,-0.88386,-2.50533]},"T2o":{"weight":1.0,"played":[1.0,0.0,0.0],"evs":[0.0,-0.92101,-2.55291]},"J2o":{"weight":1.0,"played":[1.0,0.0,0.0],"evs":[0.0,-0.93628,-2.42002]},"Q2o":{"weight":1.0,"played":[1.0,0.0,0.0],"evs":[0.0,-0.86622,-2.14411]},"K2o":{"weight":1.0,"played":[1.0,0.0,0.0],"evs":[0.0,-0.76765,-1.76002]},"A2o":{"weight":1.0,"played":[1.0,0.0,0.0],"evs":[0.0,-0.72723,-1.20045]},"32s":{"weight":1.0,"played":[1.0,0.0,0.0],"evs":[0.0,-0.54327,-1.82206]},"33":{"weight":1.0,"played":[1.0,0.0,0.0],"evs":[0.0,-0.11024,-0.34926]},"43o":{"weight":1.0,"played":[1.0,0.0,0.0],"evs":[0.0,-0.67948,-2.27229]},"53o":{"weight":1.0,"played":[1.0,0.0,0.0],"evs":[0.0,-0.64021,-2.12951]},"63o":{"weight":1.0,"played":[1.0,0.0,0.0],"evs":[0.0,-0.69738,-2.30798]},"73o":{"weight":1.0,"played":[1.0,0.0,0.0],"evs":[0.0,-0.834,-2.56888]},"83o":{"weight":1.0,"played":[1.0,0.0,0.0],"evs":[0.0,-0.89594,-2.69803]},"93o":{"weight":1.0,"played":[1.0,0.0,0.0],"evs":[0.0,-0.88039,-2.47618]},"T3o":{"weight":1.0,"played":[1.0,0.0,0.0],"evs":[0.0,-0.89836,-2.51441]},"J3o":{"weight":1.0,"played":[1.0,0.0,0.0],"evs":[0.0,-0.92091,-2.35341]},"Q3o":{"weight":1.0,"played":[1.0,0.0,0.0],"evs":[0.0,-0.85574,-2.08189]},"K3o":{"weight":1.0,"played":[1.0,0.0,0.0],"evs":[0.0,-0.76645,-1.73008]},"A3o":{"weight":1.0,"played":[1.0,0.0,0.0],"evs":[0.0,-0.67086,-1.16476]},"42s":{"weight":1.0,"played":[1.0,0.0,0.0],"evs":[0.0,-0.51533,-1.71081]},"43s":{"weight":1.0,"played":[1.0,0.0,0.0],"evs":[0.0,-0.39102,-1.42835]},"44":{"weight":1.0,"played":[0.3466,0.6534,0.0],"evs":[0.0,4.5E-4,-0.17825]},"54o":{"weight":1.0,"played":[1.0,0.0,0.0],"evs":[0.0,-0.53596,-1.81346]},"64o":{"weight":1.0,"played":[1.0,0.0,0.0],"evs":[0.0,-0.57962,-1.95749]},"74o":{"weight":1.0,"played":[1.0,0.0,0.0],"evs":[0.0,-0.71712,-2.22648]},"84o":{"weight":1.0,"played":[1.0,0.0,0.0],"evs":[0.0,-0.79621,-2.33685]},"94o":{"weight":1.0,"played":[1.0,0.0,0.0],"evs":[0.0,-0.85514,-2.45401]},"T4o":{"weight":1.0,"played":[1.0,0.0,0.0],"evs":[0.0,-0.86915,-2.42053]},"J4o":{"weight":1.0,"played":[1.0,0.0,0.0],"evs":[0.0,-0.88897,-2.27068]},"Q4o":{"weight":1.0,"played":[1.0,0.0,0.0],"evs":[0.0,-0.83542,-2.00302]},"K4o":{"weight":1.0,"played":[1.0,0.0,0.0],"evs":[0.0,-0.73953,-1.62569]},"A4o":{"weight":1.0,"played":[1.0,0.0,0.0],"evs":[0.0,-0.62178,-1.02628]},"52s":{"weight":1.0,"played":[1.0,0.0,0.0],"evs":[0.0,-0.49211,-1.56579]},"53s":{"weight":1.0,"played":[1.0,0.0,0.0],"evs":[0.0,-0.34167,-1.29107]},"54s":{"weight":1.0,"played":[1.0,0.0,0.0],"evs":[0.0,-0.2372,-0.9667]},"55":{"weight":1.0,"played":[3.0E-4,0.9996,1.0E-4],"evs":[0.0,0.10652,-0.01764]},"65o":{"weight":1.0,"played":[1.0,0.0,0.0],"evs":[0.0,-0.46359,-1.62258]},"75o":{"weight":1.0,"played":[1.0,0.0,0.0],"evs":[0.0,-0.57608,-1.86279]},"85o":{"weight":1.0,"played":[1.0,0.0,0.0],"evs":[0.0,-0.67421,-1.99747]},"95o":{"weight":1.0,"played":[1.0,0.0,0.0],"evs":[0.0,-0.77394,-2.12222]},"T5o":{"weight":1.0,"played":[1.0,0.0,0.0],"evs":[0.0,-0.87276,-2.37586]},"J5o":{"weight":1.0,"played":[1.0,0.0,0.0],"evs":[0.0,-0.88168,-2.16236]},"Q5o":{"weight":1.0,"played":[1.0,0.0,0.0],"evs":[0.0,-0.83486,-1.88655]},"K5o":{"weight":1.0,"played":[1.0,0.0,0.0],"evs":[0.0,-0.72134,-1.53004]},"A5o":{"weight":1.0,"played":[1.0,0.0,0.0],"evs":[0.0,-0.58134,-0.94683]},"62s":{"weight":1.0,"played":[1.0,0.0,0.0],"evs":[0.0,-0.56782,-1.75733]},"63s":{"weight":1.0,"played":[1.0,0.0,0.0],"evs":[0.0,-0.42638,-1.45094]},"64s":{"weight":1.0,"played":[1.0,0.0,0.0],"evs":[0.0,-0.27522,-1.14416]},"65s":{"weight":1.0,"played":[1.0,0.0,0.0],"evs":[0.0,-0.14937,-0.82523]},"66":{"weight":1.0,"played":[0.0,0.6625,0.3375],"evs":[0.0,0.38412,0.37863]},"76o":{"weight":1.0,"played":[1.0,0.0,0.0],"evs":[0.0,-0.46594,-1.51335]},"86o":{"weight":1.0,"played":[1.0,0.0,0.0],"evs":[0.0,-0.52618,-1.63091]},"96o":{"weight":1.0,"played":[1.0,0.0,0.0],"evs":[0.0,-0.61087,-1.7135]},"T6o":{"weight":1.0,"played":[1.0,0.0,0.0],"evs":[0.0,-0.74772,-2.03574]},"J6o":{"weight":1.0,"played":[1.0,0.0,0.0],"evs":[0.0,-0.83471,-2.10636]},"Q6o":{"weight":1.0,"played":[1.0,0.0,0.0],"evs":[0.0,-0.77703,-1.77634]},"K6o":{"weight":1.0,"played":[1.0,0.0,0.0],"evs":[0.0,-0.66637,-1.40378]},"A6o":{"weight":1.0,"played":[1.0,0.0,0.0],"evs":[0.0,-0.63127,-1.1704]},"72s":{"weight":1.0,"played":[1.0,0.0,0.0],"evs":[0.0,-0.64102,-1.98839]},"73s":{"weight":1.0,"played":[1.0,0.0,0.0],"evs":[0.0,-0.52589,-1.70556]},"74s":{"weight":1.0,"played":[1.0,0.0,0.0],"evs":[0.0,-0.40729,-1.36421]},"75s":{"weight":1.0,"played":[1.0,0.0,0.0],"evs":[0.0,-0.24445,-1.04714]},"76s":{"weight":1.0,"played":[1.0,0.0,0.0],"evs":[0.0,-0.143,-0.70847]},"77":{"weight":1.0,"played":[0.0,1.0E-4,0.9999],"evs":[0.0,0.70169,0.84878]},"87o":{"weight":1.0,"played":[1.0,0.0,0.0],"evs":[0.0,-0.46856,-1.35718]},"97o":{"weight":1.0,"played":[1.0,0.0,0.0],"evs":[0.0,-0.51379,-1.45626]},"T7o":{"weight":1.0,"played":[1.0,0.0,0.0],"evs":[0.0,-0.64788,-1.72405]},"J7o":{"weight":1.0,"played":[1.0,0.0,0.0],"evs":[0.0,-0.76461,-1.83191]},"Q7o":{"weight":1.0,"played":[1.0,0.0,0.0],"evs":[0.0,-0.76583,-1.76494]},"K7o":{"weight":1.0,"played":[1.0,0.0,0.0],"evs":[0.0,-0.67554,-1.35724]},"A7o":{"weight":1.0,"played":[1.0,0.0,0.0],"evs":[0.0,-0.59514,-1.01814]},"82s":{"weight":1.0,"played":[1.0,0.0,0.0],"evs":[0.0,-0.60077,-1.77289]},"83s":{"weight":1.0,"played":[1.0,0.0,0.0],"evs":[0.0,-0.60528,-1.76852]},"84s":{"weight":1.0,"played":[1.0,0.0,0.0],"evs":[0.0,-0.50952,-1.46347]},"85s":{"weight":1.0,"played":[1.0,0.0,0.0],"evs":[0.0,-0.36557,-1.15479]},"86s":{"weight":1.0,"played":[1.0,0.0,0.0],"evs":[0.0,-0.19708,-0.79243]},"87s":{"weight":1.0,"played":[1.0,0.0,0.0],"evs":[0.0,-0.1253,-0.5632]},"88":{"weight":1.0,"played":[0.0,0.0,1.0],"evs":[0.0,1.18773,1.65448]},"98o":{"weight":1.0,"played":[1.0,0.0,0.0],"evs":[0.0,-0.44027,-1.1306]},"T8o":{"weight":1.0,"played":[1.0,0.0,0.0],"evs":[0.0,-0.53299,-1.38209]},"J8o":{"weight":1.0,"played":[1.0,0.0,0.0],"evs":[0.0,-0.66239,-1.44498]},"Q8o":{"weight":1.0,"played":[1.0,0.0,0.0],"evs":[0.0,-0.68872,-1.40146]},"K8o":{"weight":1.0,"played":[1.0,0.0,0.0],"evs":[0.0,-0.63148,-1.24331]},"A8o":{"weight":1.0,"played":[1.0,0.0,0.0],"evs":[0.0,-0.51432,-0.87914]},"92s":{"weight":1.0,"played":[1.0,0.0,0.0],"evs":[0.0,-0.60403,-1.62811]},"93s":{"weight":1.0,"played":[1.0,0.0,0.0],"evs":[0.0,-0.57141,-1.56672]},"94s":{"weight":1.0,"played":[1.0,0.0,0.0],"evs":[0.0,-0.5392,-1.57582]},"95s":{"weight":1.0,"played":[1.0,0.0,0.0],"evs":[0.0,-0.43228,-1.20591]},"96s":{"weight":1.0,"played":[1.0,0.0,0.0],"evs":[0.0,-0.28053,-0.89798]},"97s":{"weight":1.0,"played":[1.0,0.0,0.0],"evs":[0.0,-0.17063,-0.59047]},"98s":{"weight":1.0,"played":[1.0,0.0,0.0],"evs":[0.0,-0.05469,-0.28561]},"99":{"weight":1.0,"played":[0.0,0.0,1.0],"evs":[0.0,1.72701,2.50876]},"T9o":{"weight":1.0,"played":[1.0,0.0,0.0],"evs":[0.0,-0.43666,-0.96304]},"J9o":{"weight":1.0,"played":[1.0,0.0,0.0],"evs":[0.0,-0.53166,-1.07396]},"Q9o":{"weight":1.0,"played":[1.0,0.0,0.0],"evs":[0.0,-0.5845,-1.06409]},"K9o":{"weight":1.0,"played":[1.0,0.0,0.0],"evs":[0.0,-0.52022,-0.9115]},"A9o":{"weight":1.0,"played":[1.0,0.0,0.0],"evs":[0.0,-0.42983,-0.72765]},"T2s":{"weight":1.0,