{"player":2,"street":0,"children":3,"sequence":[{"player":0,"type":"F","amount":0,"street":0},{"player":1,"type":"F","amount":0,"street":0}],"actions":[{"type":"F","amount":0,"node":3},{"type":"R","amount":200000,"node":11},{"type":"R","amount":1295000,"node":21}],"hands":{"22":{"weight":1.0,"played":[0.0,0.02,0.98],"evs":[0.0,0.19761,0.2112]},"32o":{"weight":1.0,"played":[1.0,0.0,0.0],"evs":[0.0,-0.41415,-2.30594]},"42o":{"weight":1.0,"played":[1.0,0.0,0.0],"evs":[0.0,-0.38188,-2.20768]},"52o":{"weight":1.0,"played":[1.0,0.0,0.0],"evs":[0.0,-0.36475,-2.09256]},"62o":{"weight":1.0,"played":[1.0,0.0,0.0],"evs":[0.0,-0.39297,-2.25023]},"72o":{"weight":1.0,"played":[1.0,0.0,0.0],"evs":[0.0,-0.41378,-2.35078]},"82o":{"weight":1.0,"played":[1.0,0.0,0.0],"evs":[0.0,-0.38406,-2.22157]},"92o":{"weight":1.0,"played":[1.0,0.0,0.0],"evs":[0.0,-0.38619,-2.10562]},"T2o":{"weight":1.0,"played":[1.0,0.0,0.0],"evs":[0.0,-0.347,-1.93296]},"J2o":{"weight":1.0,"played":[1.0,0.0,0.0],"evs":[0.0,-0.33669,-1.74569]},"Q2o":{"weight":1.0,"played":[1.0,0.0,0.0],"evs":[0.0,-0.29519,-1.47444]},"K2o":{"weight":1.0,"played":[1.0,0.0,0.0],"evs":[0.0,-0.23873,-1.04489]},"A2o":{"weight":1.0,"played":[0.0,1.0E-4,0.9999],"evs":[0.0,0.16338,0.17688]},"32s":{"weight":1.0,"played":[1.0,0.0,0.0],"evs":[0.0,-0.32942,-1.6601]},"33":{"weight":1.0,"played":[0.0,1.0E-4,0.9999],"evs":[0.0,0.44435,0.50104]},"43o":{"weight":1.0,"played":[1.0,0.0,0.0],"evs":[0.0,-0.33537,-1.94283]},"53o":{"weight":1.0,"played":[1.0,0.0,0.0],"evs":[0.0,-0.31319,-1.81997]},"63o":{"weight":1.0,"played":[1.0,0.0,0.0],"evs":[0.0,-0.33231,-1.98541]},"73o":{"weight":1.0,"played":[1.0,0.0,0.0],"evs":[0.0,-0.35172,-2.07663]},"83o":{"weight":1.0,"played":[1.0,0.0,0.0],"evs":[0.0,-0.35276,-2.16318]},"93o":{"weight":1.0,"played":[1.0,0.0,0.0],"evs":[0.0,-0.35003,-1.99347]},"T3o":{"weight":1.0,"played":[1.0,0.0,0.0],"evs":[0.0,-0.30988,-1.81461]},"J3o":{"weight":1.0,"played":[1.0,0.0,0.0],"evs":[0.0,-0.29865,-1.63428]},"Q3o":{"weight":1.0,"played":[1.0,0.0,0.0],"evs":[0.0,-0.25823,-1.37848]},"K3o":{"weight":1.0,"played":[1.0,0.0,0.0],"evs":[0.0,-0.1986,-0.95824]},"A3o":{"weight":1.0,"played":[0.0,5.0E-4,0.9995],"evs":[0.0,0.24612,0.27618]},"42s":{"weight":1.0,"played":[1.0,0.0,0.0],"evs":[0.0,-0.30244,-1.5771]},"43s":{"weight":1.0,"played":[1.0,0.0,0.0],"evs":[0.0,-0.2559,-1.32612]},"44":{"weight":1.0,"played":[0.0,0.0,1.0],"evs":[0.0,0.7779,0.82002]},"54o":{"weight":1.0,"played":[1.0,0.0,0.0],"evs":[0.0,-0.26355,-1.55857]},"64o":{"weight":1.0,"played":[1.0,0.0,0.0],"evs":[0.0,-0.27739,-1.71607]},"74o":{"weight":1.0,"played":[1.0,0.0,0.0],"evs":[0.0,-0.29293,-1.80862]},"84o":{"weight":1.0,"played":[1.0,0.0,0.0],"evs":[0.0,-0.30333,-1.89198]},"94o":{"weight":1.0,"played":[1.0,0.0,0.0],"evs":[0.0,-0.32052,-1.94636]},"T4o":{"weight":1.0,"played":[1.0,0.0,0.0],"evs":[0.0,-0.27646,-1.73304]},"J4o":{"weight":1.0,"played":[1.0,0.0,0.0],"evs":[0.0,-0.2639,-1.54853]},"Q4o":{"weight":1.0,"played":[1.0,0.0,0.0],"evs":[0.0,-0.21708,-1.26914]},"K4o":{"weight":1.0,"played":[1.0,0.0,0.0],"evs":[0.0,-0.16777,-0.86887]},"A4o":{"weight":1.0,"played":[0.0,0.0,1.0],"evs":[0.0,0.34985,0.37722]},"52s":{"weight":1.0,"played":[1.0,0.0,0.0],"evs":[0.0,-0.27823,-1.45646]},"53s":{"weight":1.0,"played":[1.0,0.0,0.0],"evs":[0.0,-0.23787,-1.21774]},"54s":{"weight":1.0,"played":[1.0,0.0,0.0],"evs":[0.0,-0.1873,-0.96037]},"55":{"weight":1.0,"played":[0.0,3.0E-4,0.9997],"evs":[0.0,1.1553,1.1819]},"65o":{"weight":1.0,"played":[1.0,0.0,0.0],"evs":[0.0,-0.24189,-1.44113]},"75o":{"weight":1.0,"played":[1.0,0.0,0.0],"evs":[0.0,-0.24568,-1.5149]},"85o":{"weight":1.0,"played":[1.0,0.0,0.0],"evs":[0.0,-0.25406,-1.59808]},"95o":{"weight":1.0,"played":[1.0,0.0,0.0],"evs":[0.0,-0.27274,-1.65921]},"T5o":{"weight":1.0,"played":[1.0,0.0,0.0],"evs":[0.0,-0.25744,-1.66217]},"J5o":{"weight":1.0,"played":[1.0,0.0,0.0],"evs":[0.0,-0.23264,-1.43842]},"Q5o":{"weight":1.0,"played":[1.0,0.0,0.0],"evs":[0.0,-0.19402,-1.16945]},"K5o":{"weight":1.0,"played":[1.0,0.0,0.0],"evs":[0.0,-0.1312,-0.75216]},"A5o":{"weight":1.0,"played":[0.0,2.0E-4,0.9998],"evs":[0.0,0.51575,0.53952]},"62s":{"weight":1.0,"played":[1.0,0.0,0.0],"evs":[0.0,-0.31107,-1.62826]},"63s":{"weight":1.0,"played":[1.0,0.0,0.0],"evs":[0.0,-0.25869,-1.35729]},"64s":{"weight":1.0,"played":[1.0,0.0,0.0],"evs":[0.0,-0.20361,-1.11977]},"65s":{"weight":1.0,"played":[1.0,0.0,0.0],"evs":[0.0,-0.16321,-0.85174]},"66":{"weight":1.0,"played":[0.0,0.0081,0.9919],"evs":[0.0,1.49046,1.50959]},"76o":{"weight":1.0,"played":[1.0,0.0,0.0],"evs":[0.0,-0.21363,-1.27082]},"86o":{"weight":1.0,"played":[1.0,0.0,0.0],"evs":[0.0,-0.22125,-1.34248]},"96o":{"weight":1.0,"played":[1.0,0.0,0.0],"evs":[0.0,-0.23339,-1.4057]},"T6o":{"weight":1.0,"played":[1.0,0.0,0.0],"evs":[0.0,-0.21948,-1.40194]},"J6o":{"weight":1.0,"played":[1.0,0.0,0.0],"evs":[0.0,-0.22476,-1.38232]},"Q6o":{"weight":1.0,"played":[1.0,0.0,0.0],"evs":[0.0,-0.17941,-1.07153]},"K6o":{"weight":1.0,"played":[1.0,0.0,0.0],"evs":[0.0,-0.11808,-0.6381]},"A6o":{"weight":1.0,"played":[0.0,0.0015,0.9985],"evs":[0.0,0.5264,0.55269]},"72s":{"weight":1.0,"played":[1.0,0.0,0.0],"evs":[0.0,-0.31925,-1.70924]},"73s":{"weight":1.0,"played":[1.0,0.0,0.0],"evs":[0.0,-0.2627,-1.42421]},"74s":{"weight":1.0,"played":[1.0,0.0,0.0],"evs":[0.0,-0.20923,-1.20448]},"75s":{"weight":1.0,"played":[1.0,0.0,0.0],"evs":[0.0,-0.16622,-0.93848]},"76s":{"weight":1.0,"played":[1.0,0.0,0.0],"evs":[0.0,-0.13603,-0.68229]},"77":{"weight":1.0,"played":[0.0,8.0E-4,0.9992],"evs":[0.0,1.84762,1.86701]},"87o":{"weight":1.0,"played":[1.0,0.0,0.0],"evs":[0.0,-0.18024,-1.10492]},"97o":{"weight":1.0,"played":[1.0,0.0,0.0],"evs":[0.0,-0.20256,-1.15591]},"T7o":{"weight":1.0,"played":[1.0,0.0,0.0],"evs":[0.0,-0.18667,-1.15956]},"J7o":{"weight":1.0,"played":[1.0,0.0,0.0],"evs":[0.0,-0.19869,-1.12877]},"Q7o":{"weight":1.0,"played":[1.0,0.0,0.0],"evs":[0.0,-0.17352,-1.02233]},"K7o":{"weight":1.0,"played":[1.0,0.0,0.0],"evs":[0.0,-0.10526,-0.52964]},"A7o":{"weight":1.0,"played":[0.0,0.0,1.0],"evs":[0.0,0.80308,0.84077]},"82s":{"weight":1.0,"played":[1.0,0.0,0.0],"evs":[0.0,-0.29313,-1.56722]},"83s":{"weight":1.0,"played":[1.0,0.0,0.0],"evs":[0.0,-0.27322,-1.53081]},"84s":{"weight":1.0,"played":[1.0,0.0,0.0],"evs":[0.0,-0.21044,-1.26367]},"85s":{"weight":1.0,"played":[1.0,0.0,0.0],"evs":[0.0,-0.17486,-0.99738]},"86s":{"weight":1.0,"played":[1.0,0.0,0.0],"evs":[0.0,-0.14176,-0.75759]},"87s":{"weight":1.0,"played":[1.0,0.0,0.0],"evs":[0.0,-0.10416,-0.53222]},"88":{"weight":1.0,"played":[0.0,0.0311,0.9689],"evs":[0.0,2.23645,2.2513]},"98o":{"weight":1.0,"played":[1.0,0.0,0.0],"evs":[0.0,-0.16103,-0.91585]},"T8o":{"weight":1.0,"played":[1.0,0.0,0.0],"evs":[0.0,-0.14345,-0.90544]},"J8o":{"weight":1.0,"played":[1.0,0.0,0.0],"evs":[0.0,-0.13806,-0.87416]},"Q8o":{"weight":1.0,"played":[1.0,0.0,0.0],"evs":[0.0,-0.11157,-0.75627]},"K8o":{"weight":1.0,"played":[1.0,0.0,0.0],"evs":[0.0,-0.06713,-0.42905]},"A8o":{"weight":1.0,"played":[0.0,0.0,1.0],"evs":[0.0,1.13135,1.17079]},"92s":{"weight":1.0,"played":[1.0,0.0,0.0],"evs":[0.0,-0.28885,-1.45748]},"93s":{"weight":1.0,"played":[1.0,0.0,0.0],"evs":[0.0,-0.25915,-1.38683]},"94s":{"weight":1.0,"played":[1.0,0.0,0.0],"evs":[0.0,-0.23571,-1.3328]},"95s":{"weight":1.0,"played":[1.0,0.0,0.0],"evs":[0.0,-0.1818,-1.06427]},"96s":{"weight":1.0,"played":[1.0,0.0,0.0],"evs":[0.0,-0.14844,-0.81686]},"97s":{"weight":1.0,"played":[1.0,0.0,0.0],"evs":[0.0,-0.11232,-0.56396]},"98s":{"weight":1.0,"played":[1.0,0.0,0.0],"evs":[0.0,-0.06597,-0.36959]},"99":{"weight":1.0,"played":[0.0,0.0,1.0],"evs":[0.0,2.72352,2.7637]},"T9o":{"weight":1.0,"played":[1.0,0.0,0.0],"evs":[0.0,-0.11904,-0.60527]},"J9o":{"weight":1.0,"played":[1.0,0.0,0.0],"evs":[0.0,-0.10463,-0.54012]},"Q9o":{"weight":1.0,"played":[1.0,0.0,0.0],"evs":[0.0,-0.07212,-0.42453]},"K9o":{"weight":1.0,"played":[0.983,0.0153,0.0018],"evs":[0.0,-0.01187,-0.02129]},"A9o":{"weight":1.0,"played":[0.0,0.0,1.0],"evs":[0.0,1.46336,1.56998]},"T2s":{"weight":1.0,