{"player":1,"street":0,"children":3,"sequence":[{"player":0,"type":"R","amount":32250000,"street":0}],"actions":[{"type":"F","amount":0,"node":92},{"type":"C","amount":32250000,"node":117},{"type":"R","amount":51750000,"node":144}],"hands":{"22":{"weight":1.0,"played":[1.0,0.0,0.0],"evs":[0.0,-0.19342,-0.19311]},"32o":{"weight":1.0,"played":[1.0,0.0,0.0],"evs":[0.0,-1.94939,-1.95028]},"42o":{"weight":1.0,"played":[1.0,0.0,0.0],"evs":[0.0,-1.87067,-1.87117]},"52o":{"weight":1.0,"played":[1.0,0.0,0.0],"evs":[0.0,-1.77404,-1.77448]},"62o":{"weight":1.0,"played":[1.0,0.0,0.0],"evs":[0.0,-1.89535,-1.89941]},"72o":{"weight":1.0,"played":[1.0,0.0,0.0],"evs":[0.0,-2.00279,-2.01426]},"82o":{"weight":1.0,"played":[1.0,0.0,0.0],"evs":[0.0,-1.96786,-1.97912]},"92o":{"weight":1.0,"played":[1.0,0.0,0.0],"evs":[0.0,-1.92637,-1.9391]},"T2o":{"weight":1.0,"played":[1.0,0.0,0.0],"evs":[0.0,-1.84571,-1.85955]},"J2o":{"weight":1.0,"played":[1.0,0.0,0.0],"evs":[0.0,-1.76957,-1.77428]},"Q2o":{"weight":1.0,"played":[1.0,0.0,0.0],"evs":[0.0,-1.61897,-1.61944]},"K2o":{"weight":1.0,"played":[1.0,0.0,0.0],"evs":[0.0,-1.49123,-1.49146]},"A2o":{"weight":1.0,"played":[1.0,0.0,0.0],"evs":[0.0,-0.80501,-0.80538]},"32s":{"weight":1.0,"played":[1.0,0.0,0.0],"evs":[0.0,-1.45432,-1.45459]},"33":{"weight":1.0,"played":[1.0,0.0,0.0],"evs":[0.0,-0.09095,-0.09072]},"43o":{"weight":1.0,"played":[1.0,0.0,0.0],"evs":[0.0,-1.67829,-1.67872]},"53o":{"weight":1.0,"played":[1.0,0.0,0.0],"evs":[0.0,-1.57722,-1.57751]},"63o":{"weight":1.0,"played":[1.0,0.0,0.0],"evs":[0.0,-1.69781,-1.69828]},"73o":{"weight":1.0,"played":[1.0,0.0,0.0],"evs":[0.0,-1.81516,-1.81811]},"83o":{"weight":1.0,"played":[1.0,0.0,0.0],"evs":[0.0,-1.95613,-1.96732]},"93o":{"weight":1.0,"played":[1.0,0.0,0.0],"evs":[0.0,-1.87428,-1.88521]},"T3o":{"weight":1.0,"played":[1.0,0.0,0.0],"evs":[0.0,-1.79136,-1.80352]},"J3o":{"weight":1.0,"played":[1.0,0.0,0.0],"evs":[0.0,-1.71721,-1.71989]},"Q3o":{"weight":1.0,"played":[1.0,0.0,0.0],"evs":[0.0,-1.56608,-1.56651]},"K3o":{"weight":1.0,"played":[1.0,0.0,0.0],"evs":[0.0,-1.43588,-1.43632]},"A3o":{"weight":1.0,"played":[1.0,0.0,0.0],"evs":[0.0,-0.7529,-0.75313]},"42s":{"weight":1.0,"played":[1.0,0.0,0.0],"evs":[0.0,-1.37838,-1.37872]},"43s":{"weight":1.0,"played":[1.0,0.0,0.0],"evs":[0.0,-1.19513,-1.19528]},"44":{"weight":1.0,"played":[0.0,0.1435,0.8565],"evs":[0.0,0.08168,0.0819]},"54o":{"weight":1.0,"played":[1.0,0.0,0.0],"evs":[0.0,-1.38431,-1.38457]},"64o":{"weight":1.0,"played":[1.0,0.0,0.0],"evs":[0.0,-1.5057,-1.50617]},"74o":{"weight":1.0,"played":[1.0,0.0,0.0],"evs":[0.0,-1.62113,-1.62156]},"84o":{"weight":1.0,"played":[1.0,0.0,0.0],"evs":[0.0,-1.77004,-1.77243]},"94o":{"weight":1.0,"played":[1.0,0.0,0.0],"evs":[0.0,-1.86101,-1.87184]},"T4o":{"weight":1.0,"played":[1.0,0.0,0.0],"evs":[0.0,-1.74321,-1.75347]},"J4o":{"weight":1.0,"played":[1.0,0.0,0.0],"evs":[0.0,-1.67027,-1.67092]},"Q4o":{"weight":1.0,"played":[1.0,0.0,0.0],"evs":[0.0,-1.51857,-1.51887]},"K4o":{"weight":1.0,"played":[1.0,0.0,0.0],"evs":[0.0,-1.38908,-1.38934]},"A4o":{"weight":1.0,"played":[1.0,0.0,0.0],"evs":[0.0,-0.69408,-0.69433]},"52s":{"weight":1.0,"played":[1.0,0.0,0.0],"evs":[0.0,-1.29317,-1.29355]},"53s":{"weight":1.0,"played":[1.0,0.0,0.0],"evs":[0.0,-1.10874,-1.109]},"54s":{"weight":1.0,"played":[1.0,0.0,0.0],"evs":[0.0,-0.9181,-0.91822]},"55":{"weight":1.0,"played":[0.0,0.1447,0.8553],"evs":[0.0,0.36609,0.36613]},"65o":{"weight":1.0,"played":[1.0,0.0,0.0],"evs":[0.0,-1.27483,-1.27506]},"75o":{"weight":1.0,"played":[1.0,0.0,0.0],"evs":[0.0,-1.38488,-1.38536]},"85o":{"weight":1.0,"played":[1.0,0.0,0.0],"evs":[0.0,-1.53131,-1.53176]},"95o":{"weight":1.0,"played":[1.0,0.0,0.0],"evs":[0.0,-1.63572,-1.63674]},"T5o":{"weight":1.0,"played":[1.0,0.0,0.0],"evs":[0.0,-1.68919,-1.69986]},"J5o":{"weight":1.0,"played":[1.0,0.0,0.0],"evs":[0.0,-1.58135,-1.58151]},"Q5o":{"weight":1.0,"played":[1.0,0.0,0.0],"evs":[0.0,-1.42385,-1.42417]},"K5o":{"weight":1.0,"played":[1.0,0.0,0.0],"evs":[0.0,-1.28918,-1.2895]},"A5o":{"weight":1.0,"played":[1.0,0.0,0.0],"evs":[0.0,-0.57631,-0.57648]},"62s":{"weight":1.0,"played":[1.0,0.0,0.0],"evs":[0.0,-1.39909,-1.39928]},"63s":{"weight":1.0,"played":[1.0,0.0,0.0],"evs":[0.0,-1.22236,-1.22266]},"64s":{"weight":1.0,"played":[1.0,0.0,0.0],"evs":[0.0,-1.03317,-1.03337]},"65s":{"weight":1.0,"played":[1.0,0.0,0.0],"evs":[0.0,-0.81828,-0.81868]},"66":{"weight":1.0,"played":[0.0,0.5289,0.4711],"evs":[0.0,0.61098,0.61105]},"76o":{"weight":1.0,"played":[1.0,0.0,0.0],"evs":[0.0,-1.1883,-1.18876]},"86o":{"weight":1.0,"played":[1.0,0.0,0.0],"evs":[0.0,-1.32796,-1.32851]},"96o":{"weight":1.0,"played":[1.0,0.0,0.0],"evs":[0.0,-1.42639,-1.42668]},"T6o":{"weight":1.0,"played":[1.0,0.0,0.0],"evs":[0.0,-1.48815,-1.49176]},"J6o":{"weight":1.0,"played":[1.0,0.0,0.0],"evs":[0.0,-1.54576,-1.54587]},"Q6o":{"weight":1.0,"played":[1.0,0.0,0.0],"evs":[0.0,-1.35586,-1.35612]},"K6o":{"weight":1.0,"played":[1.0,0.0,0.0],"evs":[0.0,-1.22064,-1.22095]},"A6o":{"weight":1.0,"played":[1.0,0.0,0.0],"evs":[0.0,-0.646,-0.64644]},"72s":{"weight":1.0,"played":[1.0,0.0,0.0],"evs":[0.0,-1.51921,-1.51963]},"73s":{"weight":1.0,"played":[1.0,0.0,0.0],"evs":[0.0,-1.32939,-1.32975]},"74s":{"weight":1.0,"played":[1.0,0.0,0.0],"evs":[0.0,-1.14051,-1.141]},"75s":{"weight":1.0,"played":[1.0,0.0,0.0],"evs":[0.0,-0.92719,-0.92753]},"76s":{"weight":1.0,"played":[1.0,0.0,0.0],"evs":[0.0,-0.7334,-0.73367]},"77":{"weight":1.0,"played":[0.0,0.5904,0.4096],"evs":[0.0,0.84535,0.8454]},"87o":{"weight":1.0,"played":[1.0,0.0,0.0],"evs":[0.0,-1.16587,-1.16624]},"97o":{"weight":1.0,"played":[1.0,0.0,0.0],"evs":[0.0,-1.25302,-1.25335]},"T7o":{"weight":1.0,"played":[1.0,0.0,0.0],"evs":[0.0,-1.30806,-1.30839]},"J7o":{"weight":1.0,"played":[1.0,0.0,0.0],"evs":[0.0,-1.36942,-1.3697]},"Q7o":{"weight":1.0,"played":[1.0,0.0,0.0],"evs":[0.0,-1.34785,-1.34829]},"K7o":{"weight":1.0,"played":[1.0,0.0,0.0],"evs":[0.0,-1.18084,-1.18114]},"A7o":{"weight":1.0,"played":[1.0,0.0,0.0],"evs":[0.0,-0.50673,-0.50689]},"82s":{"weight":1.0,"played":[1.0,0.0,0.0],"evs":[0.0,-1.47181,-1.47224]},"83s":{"weight":1.0,"played":[1.0,0.0,0.0],"evs":[0.0,-1.47252,-1.47268]},"84s":{"weight":1.0,"played":[1.0,0.0,0.0],"evs":[0.0,-1.28538,-1.28601]},"85s":{"weight":1.0,"played":[1.0,0.0,0.0],"evs":[0.0,-1.06356,-1.06394]},"86s":{"weight":1.0,"played":[1.0,0.0,0.0],"evs":[0.0,-0.86799,-0.86845]},"87s":{"weight":1.0,"played":[1.0,0.0,0.0],"evs":[0.0,-0.7139,-0.71412]},"88":{"weight":1.0,"played":[0.0,0.7885,0.2115],"evs":[0.0,1.11358,1.11339]},"98o":{"weight":1.0,"played":[1.0,0.0,0.0],"evs":[0.0,-1.15323,-1.15352]},"T8o":{"weight":1.0,"played":[1.0,0.0,0.0],"evs":[0.0,-1.18962,-1.18988]},"J8o":{"weight":1.0,"played":[1.0,0.0,0.0],"evs":[0.0,-1.24933,-1.24949]},"Q8o":{"weight":1.0,"played":[1.0,0.0,0.0],"evs":[0.0,-1.23316,-1.23355]},"K8o":{"weight":1.0,"played":[1.0,0.0,0.0],"evs":[0.0,-1.22495,-1.22516]},"A8o":{"weight":1.0,"played":[1.0,0.0,0.0],"evs":[0.0,-0.3084,-0.30876]},"92s":{"weight":1.0,"played":[1.0,0.0,0.0],"evs":[0.0,-1.43567,-1.43602]},"93s":{"weight":1.0,"played":[1.0,0.0,0.0],"evs":[0.0,-1.39275,-1.39305]},"94s":{"weight":1.0,"played":[1.0,0.0,0.0],"evs":[0.0,-1.37526,-1.37559]},"95s":{"weight":1.0,"played":[1.0,0.0,0.0],"evs":[0.0,-1.15255,-1.15283]},"96s":{"weight":1.0,"played":[1.0,0.0,0.0],"evs":[0.0,-0.95609,-0.95624]},"97s":{"weight":1.0,"played":[1.0,0.0,0.0],"evs":[0.0,-0.79324,-0.79342]},"98s":{"weight":1.0,"played":[1.0,0.0,0.0],"evs":[0.0,-0.70074,-0.70101]},"99":{"weight":1.0,"played":[0.0,0.0628,0.9372],"evs":[0.0,1.49784,1.49815]},"T9o":{"weight":1.0,"played":[1.0,0.0,0.0],"evs":[0.0,-0.99742,-0.99762]},"J9o":{"weight":1.0,"played":[1.0,0.0,0.0],"evs":[0.0,-1.05902,-1.05924]},"Q9o":{"weight":1.0,"played":[1.0,0.0,0.0],"evs":[0.0,-1.04171,-1.04178]},"K9o":{"weight":1.0,"played":[1.0,0.0,0.0],"evs":[0.0,-0.99821,-0.99832]},"A9o":{"weight":1.0,"played":[0.0,0.859,0.141],"evs":[0.0,0.06055,0.06041]},"T2s":{"weight":1.0,"played":[1.0,0.0,0.0],