{"player":2,"street":0,"children":3,"sequence":[{"player":0,"type":"F","amount":0,"street":0},{"player":1,"type":"R","amount":1160000,"street":0}],"actions":[{"type":"F","amount":0,"node":30},{"type":"C","amount":1160000},{"type":"R","amount":3060000,"node":47}],"hands":{"22":{"weight":1.0,"played":[1.0,0.0,0.0],"evs":[0.0,-0.55562,-0.53599]},"32o":{"weight":1.0,"played":[1.0,0.0,0.0],"evs":[0.0,-2.9716,-3.79522]},"42o":{"weight":1.0,"played":[1.0,0.0,0.0],"evs":[0.0,-2.91655,-3.63084]},"52o":{"weight":1.0,"played":[1.0,0.0,0.0],"evs":[0.0,-2.85618,-3.45726]},"62o":{"weight":1.0,"played":[1.0,0.0,0.0],"evs":[0.0,-2.93224,-3.75622]},"72o":{"weight":1.0,"played":[1.0,0.0,0.0],"evs":[0.0,-2.95521,-3.96565]},"82o":{"weight":1.0,"played":[1.0,0.0,0.0],"evs":[0.0,-2.90604,-3.78259]},"92o":{"weight":1.0,"played":[1.0,0.0,0.0],"evs":[0.0,-2.83926,-3.61848]},"T2o":{"weight":1.0,"played":[1.0,0.0,0.0],"evs":[0.0,-2.73645,-3.35567]},"J2o":{"weight":1.0,"played":[1.0,0.0,0.0],"evs":[0.0,-2.64864,-3.07197]},"Q2o":{"weight":1.0,"played":[1.0,0.0,0.0],"evs":[0.0,-2.38381,-2.62151]},"K2o":{"weight":1.0,"played":[1.0,0.0,0.0],"evs":[0.0,-1.91842,-2.03821]},"A2o":{"weight":1.0,"played":[1.0,0.0,0.0],"evs":[0.0,-0.52369,-0.48621]},"32s":{"weight":1.0,"played":[1.0,0.0,0.0],"evs":[0.0,-2.37137,-2.76085]},"33":{"weight":1.0,"played":[1.0,0.0,0.0],"evs":[0.0,-0.19343,-0.11333]},"43o":{"weight":1.0,"played":[1.0,0.0,0.0],"evs":[0.0,-2.73788,-3.18219]},"53o":{"weight":1.0,"played":[1.0,0.0,0.0],"evs":[0.0,-2.60605,-3.0025]},"63o":{"weight":1.0,"played":[1.0,0.0,0.0],"evs":[0.0,-2.78445,-3.29325]},"73o":{"weight":1.0,"played":[1.0,0.0,0.0],"evs":[0.0,-2.84943,-3.51334]},"83o":{"weight":1.0,"played":[1.0,0.0,0.0],"evs":[0.0,-2.8895,-3.70137]},"93o":{"weight":1.0,"played":[1.0,0.0,0.0],"evs":[0.0,-2.80836,-3.44247]},"T3o":{"weight":1.0,"played":[1.0,0.0,0.0],"evs":[0.0,-2.68337,-3.16507]},"J3o":{"weight":1.0,"played":[1.0,0.0,0.0],"evs":[0.0,-2.56788,-2.90735]},"Q3o":{"weight":1.0,"played":[1.0,0.0,0.0],"evs":[0.0,-2.28176,-2.46576]},"K3o":{"weight":1.0,"played":[1.0,0.0,0.0],"evs":[0.0,-1.80663,-1.88534]},"A3o":{"weight":1.0,"played":[1.0,0.0,0.0],"evs":[0.0,-0.39636,-0.31956]},"42s":{"weight":1.0,"played":[1.0,0.0,0.0],"evs":[0.0,-2.22493,-2.58774]},"43s":{"weight":1.0,"played":[1.0,0.0,0.0],"evs":[0.0,-1.84808,-2.17193]},"44":{"weight":1.0,"played":[0.0,0.0101,0.9899],"evs":[0.0,0.2663,0.38044]},"54o":{"weight":1.0,"played":[1.0,0.0,0.0],"evs":[0.0,-2.24834,-2.57592]},"64o":{"weight":1.0,"played":[1.0,0.0,0.0],"evs":[0.0,-2.49908,-2.84544]},"74o":{"weight":1.0,"played":[1.0,0.0,0.0],"evs":[0.0,-2.6344,-3.07741]},"84o":{"weight":1.0,"played":[1.0,0.0,0.0],"evs":[0.0,-2.73775,-3.26822]},"94o":{"weight":1.0,"played":[1.0,0.0,0.0],"evs":[0.0,-2.77689,-3.39369]},"T4o":{"weight":1.0,"played":[1.0,0.0,0.0],"evs":[0.0,-2.61337,-3.04438]},"J4o":{"weight":1.0,"played":[1.0,0.0,0.0],"evs":[0.0,-2.48423,-2.76698]},"Q4o":{"weight":1.0,"played":[1.0,0.0,0.0],"evs":[0.0,-2.18205,-2.30855]},"K4o":{"weight":1.0,"played":[1.0,0.0,0.0],"evs":[0.0,-1.70558,-1.7217]},"A4o":{"weight":1.0,"played":[1.0,0.0,0.0],"evs":[0.0,-0.2269,-0.12566]},"52s":{"weight":1.0,"played":[1.0,0.0,0.0],"evs":[0.0,-2.11406,-2.45355]},"53s":{"weight":1.0,"played":[1.0,0.0,0.0],"evs":[0.0,-1.68913,-1.99301]},"54s":{"weight":1.0,"played":[1.0,0.0,0.0],"evs":[0.0,-1.32986,-1.60314]},"55":{"weight":1.0,"played":[0.0,1.0E-4,0.9999],"evs":[0.0,0.79792,0.92749]},"65o":{"weight":1.0,"played":[1.0,0.0,0.0],"evs":[0.0,-2.11443,-2.42924]},"75o":{"weight":1.0,"played":[1.0,0.0,0.0],"evs":[0.0,-2.28879,-2.62073]},"85o":{"weight":1.0,"played":[1.0,0.0,0.0],"evs":[0.0,-2.43871,-2.79922]},"95o":{"weight":1.0,"played":[1.0,0.0,0.0],"evs":[0.0,-2.56253,-2.94856]},"T5o":{"weight":1.0,"played":[1.0,0.0,0.0],"evs":[0.0,-2.55739,-2.95053]},"J5o":{"weight":1.0,"played":[1.0,0.0,0.0],"evs":[0.0,-2.35344,-2.59135]},"Q5o":{"weight":1.0,"played":[1.0,0.0,0.0],"evs":[0.0,-2.05137,-2.14323]},"K5o":{"weight":1.0,"played":[1.0,0.0,0.0],"evs":[0.0,-1.51268,-1.52007]},"A5o":{"weight":1.0,"played":[0.0,0.0,1.0],"evs":[0.0,0.02875,0.117]},"62s":{"weight":1.0,"played":[1.0,0.0,0.0],"evs":[0.0,-2.32522,-2.6822]},"63s":{"weight":1.0,"played":[1.0,0.0,0.0],"evs":[0.0,-1.95345,-2.26887]},"64s":{"weight":1.0,"played":[1.0,0.0,0.0],"evs":[0.0,-1.55867,-1.84909]},"65s":{"weight":1.0,"played":[1.0,0.0,0.0],"evs":[0.0,-1.18651,-1.45434]},"66":{"weight":1.0,"played":[0.0,0.0,1.0],"evs":[0.0,1.32228,1.42057]},"76o":{"weight":1.0,"played":[1.0,0.0,0.0],"evs":[0.0,-1.9574,-2.26401]},"86o":{"weight":1.0,"played":[1.0,0.0,0.0],"evs":[0.0,-2.1066,-2.3879]},"96o":{"weight":1.0,"played":[1.0,0.0,0.0],"evs":[0.0,-2.2452,-2.50745]},"T6o":{"weight":1.0,"played":[1.0,0.0,0.0],"evs":[0.0,-2.25961,-2.51106]},"J6o":{"weight":1.0,"played":[1.0,0.0,0.0],"evs":[0.0,-2.28321,-2.48596]},"Q6o":{"weight":1.0,"played":[1.0,0.0,0.0],"evs":[0.0,-1.91325,-1.96118]},"K6o":{"weight":1.0,"played":[1.0,0.0,0.0],"evs":[0.0,-1.31873,-1.30984]},"A6o":{"weight":1.0,"played":[1.0E-4,0.0,0.9999],"evs":[0.0,-9.2E-4,0.06629]},"72s":{"weight":1.0,"played":[1.0,0.0,0.0],"evs":[0.0,-2.47292,-2.88892]},"73s":{"weight":1.0,"played":[1.0,0.0,0.0],"evs":[0.0,-2.12231,-2.47513]},"74s":{"weight":1.0,"played":[1.0,0.0,0.0],"evs":[0.0,-1.74861,-2.06245]},"75s":{"weight":1.0,"played":[1.0,0.0,0.0],"evs":[0.0,-1.34912,-1.6309]},"76s":{"weight":1.0,"played":[1.0,0.0,0.0],"evs":[0.0,-1.00441,-1.26765]},"77":{"weight":1.0,"played":[0.0,1.0E-4,0.9999],"evs":[0.0,1.96228,2.05472]},"87o":{"weight":1.0,"played":[1.0,0.0,0.0],"evs":[0.0,-1.75994,-2.04061]},"97o":{"weight":1.0,"played":[1.0,0.0,0.0],"evs":[0.0,-1.88422,-2.11679]},"T7o":{"weight":1.0,"played":[1.0,0.0,0.0],"evs":[0.0,-1.89805,-2.10305]},"J7o":{"weight":1.0,"played":[1.0,0.0,0.0],"evs":[0.0,-1.95615,-2.08049]},"Q7o":{"weight":1.0,"played":[1.0,0.0,0.0],"evs":[0.0,-1.83533,-1.88836]},"K7o":{"weight":1.0,"played":[1.0,0.0,0.0],"evs":[0.0,-1.14476,-1.10776]},"A7o":{"weight":1.0,"played":[0.0,0.0,1.0],"evs":[0.0,0.36768,0.46191]},"82s":{"weight":1.0,"played":[1.0,0.0,0.0],"evs":[0.0,-2.37564,-2.71027]},"83s":{"weight":1.0,"played":[1.0,0.0,0.0],"evs":[0.0,-2.32359,-2.64998]},"84s":{"weight":1.0,"played":[1.0,0.0,0.0],"evs":[0.0,-1.93669,-2.21787]},"85s":{"weight":1.0,"played":[1.0,0.0,0.0],"evs":[0.0,-1.55777,-1.83535]},"86s":{"weight":1.0,"played":[1.0,0.0,0.0],"evs":[0.0,-1.16163,-1.4145]},"87s":{"weight":1.0,"played":[1.0,0.0,0.0],"evs":[0.0,-0.83218,-1.07072]},"88":{"weight":1.0,"played":[0.0,0.0,1.0],"evs":[0.0,2.71681,2.84853]},"98o":{"weight":1.0,"played":[1.0,0.0,0.0],"evs":[0.0,-1.54204,-1.73889]},"T8o":{"weight":1.0,"played":[1.0,0.0,0.0],"evs":[0.0,-1.52968,-1.68422]},"J8o":{"weight":1.0,"played":[1.0,0.0,0.0],"evs":[0.0,-1.55648,-1.62392]},"Q8o":{"weight":1.0,"played":[1.0,0.0,0.0],"evs":[0.0,-1.42654,-1.39358]},"K8o":{"weight":1.0,"played":[1.0,0.0,0.0],"evs":[0.0,-0.92819,-0.84268]},"A8o":{"weight":1.0,"played":[0.0,0.0,1.0],"evs":[0.0,0.82186,0.95455]},"92s":{"weight":1.0,"played":[1.0,0.0,0.0],"evs":[0.0,-2.27084,-2.56658]},"93s":{"weight":1.0,"played":[1.0,0.0,0.0],"evs":[0.0,-2.14392,-2.41705]},"94s":{"weight":1.0,"played":[1.0,0.0,0.0],"evs":[0.0,-2.06213,-2.3257]},"95s":{"weight":1.0,"played":[1.0,0.0,0.0],"evs":[0.0,-1.69897,-1.9128]},"96s":{"weight":1.0,"played":[1.0,0.0,0.0],"evs":[0.0,-1.29937,-1.50271]},"97s":{"weight":1.0,"played":[1.0,0.0,0.0],"evs":[0.0,-0.93935,-1.13764]},"98s":{"weight":1.0,"played":[1.0,0.0,0.0],"evs":[0.0,-0.64383,-0.80906]},"99":{"weight":1.0,"played":[0.0,0.0,1.0],"evs":[0.0,3.62488,3.72853]},"T9o":{"weight":1.0,"played":[1.0,0.0,0.0],"evs":[0.0,-1.08072,-1.18239]},"J9o":{"weight":1.0,"played":[1.0,0.0,0.0],"evs":[0.0,-1.0885,-1.0937]},"Q9o":{"weight":1.0,"played":[1.0,0.0,0.0],"evs":[0.0,-0.89442,-0.83496]},"K9o":{"weight":1.0,"played":[1.0,0.0,0.0],"evs":[0.0,-0.35148,-0.27085]},"A9o":{"weight":1.0,"played":[0.0,0.0,1.0],"evs":[0.0,1.36097,1.45175]},"T2s":{"weight":1.0,"played":[1.0,0.0,0.0],