{"player":0,"street":0,"children":4,"sequence":[],"actions":[{"type":"F","amount":0,"node":1},{"type":"C","amount":600000,"node":90},{"type":"R","amount":1200000,"node":271},{"type":"R","amount":10650000,"node":419}],"hands":{"22":{"weight":1.0,"played":[0.0,0.4472,0.0,0.5527],"evs":[0.0,0.06752,0.01838,0.06958]},"32o":{"weight":1.0,"played":[1.0,0.0,0.0,0.0],"evs":[0.0,-0.49596,-0.61338,-1.52215]},"42o":{"weight":1.0,"played":[1.0,0.0,0.0,0.0],"evs":[0.0,-0.46479,-0.57152,-1.46538]},"52o":{"weight":1.0,"played":[1.0,0.0,0.0,0.0],"evs":[0.0,-0.43266,-0.53241,-1.39745]},"62o":{"weight":1.0,"played":[1.0,0.0,0.0,0.0],"evs":[0.0,-0.47437,-0.5762,-1.52014]},"72o":{"weight":1.0,"played":[1.0,0.0,0.0,0.0],"evs":[0.0,-0.48943,-0.60543,-1.60512]},"82o":{"weight":1.0,"played":[1.0,0.0,0.0,0.0],"evs":[0.0,-0.46574,-0.562,-1.48234]},"92o":{"weight":1.0,"played":[1.0,0.0,0.0,0.0],"evs":[0.0,-0.45542,-0.53873,-1.39264]},"T2o":{"weight":1.0,"played":[1.0,0.0,0.0,0.0],"evs":[0.0,-0.42261,-0.4824,-1.27737]},"J2o":{"weight":1.0,"played":[1.0,0.0,0.0,0.0],"evs":[0.0,-0.38846,-0.4379,-1.15655]},"Q2o":{"weight":1.0,"played":[1.0,0.0,0.0,0.0],"evs":[0.0,-0.3294,-0.38387,-1.00227]},"K2o":{"weight":1.0,"played":[1.0,0.0,0.0,0.0],"evs":[0.0,-0.25269,-0.27817,-0.8164]},"A2o":{"weight":1.0,"played":[0.8426,0.1512,0.0062,0.0],"evs":[0.0,-0.00316,-0.00623,-0.23107]},"32s":{"weight":1.0,"played":[1.0,0.0,0.0,0.0],"evs":[0.0,-0.33998,-0.42014,-1.04434]},"33":{"weight":1.0,"played":[0.0,0.995,0.0,0.005],"evs":[0.0,0.17713,0.14327,0.16961]},"43o":{"weight":1.0,"played":[1.0,0.0,0.0,0.0],"evs":[0.0,-0.38596,-0.48071,-1.27274]},"53o":{"weight":1.0,"played":[1.0,0.0,0.0,0.0],"evs":[0.0,-0.35231,-0.43875,-1.20593]},"63o":{"weight":1.0,"played":[1.0,0.0,0.0,0.0],"evs":[0.0,-0.39048,-0.48494,-1.32303]},"73o":{"weight":1.0,"played":[1.0,0.0,0.0,0.0],"evs":[0.0,-0.42353,-0.51334,-1.40787]},"83o":{"weight":1.0,"played":[1.0,0.0,0.0,0.0],"evs":[0.0,-0.4485,-0.53808,-1.46762]},"93o":{"weight":1.0,"played":[1.0,0.0,0.0,0.0],"evs":[0.0,-0.42726,-0.50003,-1.33919]},"T3o":{"weight":1.0,"played":[1.0,0.0,0.0,0.0],"evs":[0.0,-0.39476,-0.44481,-1.22745]},"J3o":{"weight":1.0,"played":[1.0,0.0,0.0,0.0],"evs":[0.0,-0.35868,-0.39809,-1.10304]},"Q3o":{"weight":1.0,"played":[1.0,0.0,0.0,0.0],"evs":[0.0,-0.30123,-0.34171,-0.95262]},"K3o":{"weight":1.0,"played":[1.0,0.0,0.0,0.0],"evs":[0.0,-0.22252,-0.23529,-0.76983]},"A3o":{"weight":1.0,"played":[0.0,0.6695,0.3305,0.0],"evs":[0.0,0.03891,0.03905,-0.17988]},"42s":{"weight":1.0,"played":[1.0,0.0,0.0,0.0],"evs":[0.0,-0.30117,-0.37765,-0.97158]},"43s":{"weight":1.0,"played":[1.0,0.0,0.0,0.0],"evs":[0.0,-0.22689,-0.29348,-0.80369]},"44":{"weight":1.0,"played":[0.0,0.7911,0.0314,0.1774],"evs":[0.0,0.30059,0.28695,0.29721]},"54o":{"weight":1.0,"played":[1.0,0.0,0.0,0.0],"evs":[0.0,-0.27196,-0.34157,-1.01853]},"64o":{"weight":1.0,"played":[1.0,0.0,0.0,0.0],"evs":[0.0,-0.30162,-0.38476,-1.13036]},"74o":{"weight":1.0,"played":[1.0,0.0,0.0,0.0],"evs":[0.0,-0.33676,-0.41077,-1.2076]},"84o":{"weight":1.0,"played":[1.0,0.0,0.0,0.0],"evs":[0.0,-0.36672,-0.43845,-1.26816]},"94o":{"weight":1.0,"played":[1.0,0.0,0.0,0.0],"evs":[0.0,-0.40093,-0.46815,-1.31462]},"T4o":{"weight":1.0,"played":[1.0,0.0,0.0,0.0],"evs":[0.0,-0.35955,-0.40014,-1.16316]},"J4o":{"weight":1.0,"played":[1.0,0.0,0.0,0.0],"evs":[0.0,-0.3225,-0.35529,-1.0509]},"Q4o":{"weight":1.0,"played":[1.0,0.0,0.0,0.0],"evs":[0.0,-0.26608,-0.29872,-0.88697]},"K4o":{"weight":1.0,"played":[1.0,0.0,0.0,0.0],"evs":[0.0,-0.18258,-0.18473,-0.70986]},"A4o":{"weight":1.0,"played":[0.0,0.5479,0.4521,0.0],"evs":[0.0,0.08664,0.08656,-0.12321]},"52s":{"weight":1.0,"played":[1.0,0.0,0.0,0.0],"evs":[0.0,-0.27282,-0.33613,-0.91482]},"53s":{"weight":1.0,"played":[1.0,0.0,0.0,0.0],"evs":[0.0,-0.18557,-0.25294,-0.73452]},"54s":{"weight":1.0,"played":[1.0,0.0,0.0,0.0],"evs":[0.0,-0.09788,-0.15303,-0.56584]},"55":{"weight":1.0,"played":[0.0,0.9833,0.0066,0.01],"evs":[0.0,0.44675,0.42602,0.43428]},"65o":{"weight":1.0,"played":[1.0,0.0,0.0,0.0],"evs":[0.0,-0.22584,-0.28986,-0.94333]},"75o":{"weight":1.0,"played":[1.0,0.0,0.0,0.0],"evs":[0.0,-0.25025,-0.31643,-1.02021]},"85o":{"weight":1.0,"played":[1.0,0.0,0.0,0.0],"evs":[0.0,-0.28047,-0.34037,-1.07416]},"95o":{"weight":1.0,"played":[1.0,0.0,0.0,0.0],"evs":[0.0,-0.31863,-0.37208,-1.11597]},"T5o":{"weight":1.0,"played":[1.0,0.0,0.0,0.0],"evs":[0.0,-0.33042,-0.365,-1.1352]},"J5o":{"weight":1.0,"played":[1.0,0.0,0.0,0.0],"evs":[0.0,-0.28626,-0.3099,-0.98532]},"Q5o":{"weight":1.0,"played":[1.0,0.0,0.0,0.0],"evs":[0.0,-0.22908,-0.25266,-0.83138]},"K5o":{"weight":1.0,"played":[1.0,0.0,0.0,0.0],"evs":[0.0,-0.14616,-0.14048,-0.64817]},"A5o":{"weight":1.0,"played":[0.0,0.0764,0.9236,0.0],"evs":[0.0,0.1444,0.14549,-0.06477]},"62s":{"weight":1.0,"played":[1.0,0.0,0.0,0.0],"evs":[0.0,-0.30964,-0.37835,-1.024]},"63s":{"weight":1.0,"played":[1.0,0.0,0.0,0.0],"evs":[0.0,-0.23304,-0.29034,-0.83672]},"64s":{"weight":1.0,"played":[1.0,0.0,0.0,0.0],"evs":[0.0,-0.13713,-0.195,-0.66256]},"65s":{"weight":1.0,"played":[1.0,0.0,0.0,0.0],"evs":[0.0,-0.05096,-0.10097,-0.48735]},"66":{"weight":1.0,"played":[0.0,9.0E-4,4.0E-4,0.9987],"evs":[0.0,0.59458,0.59063,0.63819]},"76o":{"weight":1.0,"played":[1.0,0.0,0.0,0.0],"evs":[0.0,-0.18404,-0.23717,-0.84216]},"86o":{"weight":1.0,"played":[1.0,0.0,0.0,0.0],"evs":[0.0,-0.20871,-0.25961,-0.87911]},"96o":{"weight":1.0,"played":[1.0,0.0,0.0,0.0],"evs":[0.0,-0.24272,-0.2875,-0.92636]},"T6o":{"weight":1.0,"played":[1.0,0.0,0.0,0.0],"evs":[0.0,-0.26295,-0.28728,-0.95117]},"J6o":{"weight":1.0,"played":[1.0,0.0,0.0,0.0],"evs":[0.0,-0.2654,-0.29693,-0.9562]},"Q6o":{"weight":1.0,"played":[1.0,0.0,0.0,0.0],"evs":[0.0,-0.20325,-0.22661,-0.77771]},"K6o":{"weight":1.0,"played":[1.0,0.0,0.0,0.0],"evs":[0.0,-0.10961,-0.10552,-0.59226]},"A6o":{"weight":1.0,"played":[0.0,0.1386,0.8614,0.0],"evs":[0.0,0.13664,0.13916,-0.14257]},"72s":{"weight":1.0,"played":[1.0,0.0,0.0,0.0],"evs":[0.0,-0.33511,-0.4042,-1.11389]},"73s":{"weight":1.0,"played":[1.0,0.0,0.0,0.0],"evs":[0.0,-0.25856,-0.31347,-0.92208]},"74s":{"weight":1.0,"played":[1.0,0.0,0.0,0.0],"evs":[0.0,-0.17701,-0.22436,-0.74975]},"75s":{"weight":1.0,"played":[1.0,0.0,0.0,0.0],"evs":[0.0,-0.07778,-0.12234,-0.56623]},"76s":{"weight":1.0,"played":[0.7783,0.2217,0.0,0.0],"evs":[0.0,-0.00193,-0.05085,-0.39876]},"77":{"weight":1.0,"played":[0.0,0.3996,0.3809,0.2196],"evs":[0.0,0.93821,0.93838,0.94698]},"87o":{"weight":1.0,"played":[1.0,0.0,0.0,0.0],"evs":[0.0,-0.14933,-0.18267,-0.70814]},"97o":{"weight":1.0,"played":[1.0,0.0,0.0,0.0],"evs":[0.0,-0.17084,-0.20075,-0.74069]},"T7o":{"weight":1.0,"played":[1.0,0.0,0.0,0.0],"evs":[0.0,-0.18409,-0.19477,-0.7603]},"J7o":{"weight":1.0,"played":[1.0,0.0,0.0,0.0],"evs":[0.0,-0.1948,-0.20698,-0.77323]},"Q7o":{"weight":1.0,"played":[1.0,0.0,0.0,0.0],"evs":[0.0,-0.17745,-0.20091,-0.73885]},"K7o":{"weight":1.0,"played":[1.0,0.0,0.0,0.0],"evs":[0.0,-0.06682,-0.06341,-0.52305]},"A7o":{"weight":1.0,"played":[0.0,0.1219,0.8781,0.0],"evs":[0.0,0.23279,0.23249,0.00559]},"82s":{"weight":1.0,"played":[1.0,0.0,0.0,0.0],"evs":[0.0,-0.30202,-0.36141,-0.98788]},"83s":{"weight":1.0,"played":[1.0,0.0,0.0,0.0],"evs":[0.0,-0.28134,-0.33916,-0.97859]},"84s":{"weight":1.0,"played":[1.0,0.0,0.0,0.0],"evs":[0.0,-0.20792,-0.24402,-0.79987]},"85s":{"weight":1.0,"played":[1.0,0.0,0.0,0.0],"evs":[0.0,-0.11134,-0.14772,-0.60856]},"86s":{"weight":1.0,"played":[1.0,0.0,0.0,0.0],"evs":[0.0,-0.02923,-0.07212,-0.43234]},"87s":{"weight":1.0,"played":[3.0E-4,0.9997,0.0,0.0],"evs":[0.0,0.0374,0.00862,-0.27715]},"88":{"weight":1.0,"played":[0.0,0.1591,0.8409,0.0],"evs":[0.0,1.53519,1.53648,1.37318]},"98o":{"weight":1.0,"played":[1.0,0.0,0.0,0.0],"evs":[0.0,-0.10053,-0.1138,-0.55073]},"T8o":{"weight":1.0,"played":[1.0,0.0,0.0,0.0],"evs":[0.0,-0.10388,-0.09882,-0.5475]},"J8o":{"weight":1.0,"played":[1.0,0.0,0.0,0.0],"evs":[0.0,-0.1103,-0.11097,-0.55785]},"Q8o":{"weight":1.0,"played":[1.0,0.0,0.0,0.0],"evs":[0.0,-0.09737,-0.10101,-0.53603]},