{"player":1,"street":0,"children":3,"sequence":[{"player":0,"type":"R","amount":1200000,"street":0}],"actions":[{"type":"F","amount":0,"node":272},{"type":"C","amount":1200000,"node":292},{"type":"R","amount":8610000,"node":404}],"hands":{"22":{"weight":1.0,"played":[0.9999,0.0,1.0E-4],"evs":[0.0,-0.25804,-0.1403]},"32o":{"weight":1.0,"played":[1.0,0.0,0.0],"evs":[0.0,-0.78359,-2.2193]},"42o":{"weight":1.0,"played":[1.0,0.0,0.0],"evs":[0.0,-0.74183,-2.18448]},"52o":{"weight":1.0,"played":[1.0,0.0,0.0],"evs":[0.0,-0.70589,-2.11325]},"62o":{"weight":1.0,"played":[1.0,0.0,0.0],"evs":[0.0,-0.81383,-2.31799]},"72o":{"weight":1.0,"played":[1.0,0.0,0.0],"evs":[0.0,-0.89232,-2.4299]},"82o":{"weight":1.0,"played":[1.0,0.0,0.0],"evs":[0.0,-0.83147,-2.18771]},"92o":{"weight":1.0,"played":[1.0,0.0,0.0],"evs":[0.0,-0.86241,-2.17058]},"T2o":{"weight":1.0,"played":[1.0,0.0,0.0],"evs":[0.0,-0.82615,-2.03108]},"J2o":{"weight":1.0,"played":[1.0,0.0,0.0],"evs":[0.0,-0.79095,-1.85773]},"Q2o":{"weight":1.0,"played":[1.0,0.0,0.0],"evs":[0.0,-0.71027,-1.64594]},"K2o":{"weight":1.0,"played":[1.0,0.0,0.0],"evs":[0.0,-0.6455,-1.37992]},"A2o":{"weight":1.0,"played":[1.0,0.0,0.0],"evs":[0.0,-0.63002,-1.10552]},"32s":{"weight":1.0,"played":[1.0,0.0,0.0],"evs":[0.0,-0.48143,-1.55388]},"33":{"weight":1.0,"played":[0.9855,0.0,0.0145],"evs":[0.0,-0.15644,-0.04728]},"43o":{"weight":1.0,"played":[1.0,0.0,0.0],"evs":[0.0,-0.61202,-1.93278]},"53o":{"weight":1.0,"played":[1.0,0.0,0.0],"evs":[0.0,-0.56365,-1.83929]},"63o":{"weight":1.0,"played":[1.0,0.0,0.0],"evs":[0.0,-0.6539,-2.03856]},"73o":{"weight":1.0,"played":[1.0,0.0,0.0],"evs":[0.0,-0.77718,-2.16444]},"83o":{"weight":1.0,"played":[1.0,0.0,0.0],"evs":[0.0,-0.81353,-2.20587]},"93o":{"weight":1.0,"played":[1.0,0.0,0.0],"evs":[0.0,-0.82178,-2.13424]},"T3o":{"weight":1.0,"played":[1.0,0.0,0.0],"evs":[0.0,-0.80446,-1.97829]},"J3o":{"weight":1.0,"played":[1.0,0.0,0.0],"evs":[0.0,-0.74468,-1.82914]},"Q3o":{"weight":1.0,"played":[1.0,0.0,0.0],"evs":[0.0,-0.68087,-1.59271]},"K3o":{"weight":1.0,"played":[1.0,0.0,0.0],"evs":[0.0,-0.60379,-1.33066]},"A3o":{"weight":1.0,"played":[1.0,0.0,0.0],"evs":[0.0,-0.54382,-1.02191]},"42s":{"weight":1.0,"played":[1.0,0.0,0.0],"evs":[0.0,-0.41607,-1.49014]},"43s":{"weight":1.0,"played":[1.0,0.0,0.0],"evs":[0.0,-0.30599,-1.26642]},"44":{"weight":1.0,"played":[0.0105,4.0E-4,0.9892],"evs":[0.0,0.01006,0.05658]},"54o":{"weight":1.0,"played":[1.0,0.0,0.0],"evs":[0.0,-0.43797,-1.62393]},"64o":{"weight":1.0,"played":[1.0,0.0,0.0],"evs":[0.0,-0.51261,-1.80633]},"74o":{"weight":1.0,"played":[1.0,0.0,0.0],"evs":[0.0,-0.62968,-1.92409]},"84o":{"weight":1.0,"played":[1.0,0.0,0.0],"evs":[0.0,-0.70827,-1.94519]},"94o":{"weight":1.0,"played":[1.0,0.0,0.0],"evs":[0.0,-0.81293,-2.13782]},"T4o":{"weight":1.0,"played":[1.0,0.0,0.0],"evs":[0.0,-0.75541,-1.93137]},"J4o":{"weight":1.0,"played":[1.0,0.0,0.0],"evs":[0.0,-0.69918,-1.75125]},"Q4o":{"weight":1.0,"played":[1.0,0.0,0.0],"evs":[0.0,-0.63974,-1.5347]},"K4o":{"weight":1.0,"played":[1.0,0.0,0.0],"evs":[0.0,-0.54693,-1.26401]},"A4o":{"weight":1.0,"played":[1.0,0.0,0.0],"evs":[0.0,-0.49156,-0.96026]},"52s":{"weight":1.0,"played":[1.0,0.0,0.0],"evs":[0.0,-0.37201,-1.44631]},"53s":{"weight":1.0,"played":[1.0,0.0,0.0],"evs":[0.0,-0.25045,-1.19086]},"54s":{"weight":1.0,"played":[1.0,0.0,0.0],"evs":[0.0,-0.13043,-0.9611]},"55":{"weight":1.0,"played":[0.0,0.2173,0.7827],"evs":[0.0,0.14744,0.17014]},"65o":{"weight":1.0,"played":[1.0,0.0,0.0],"evs":[0.0,-0.38401,-1.57363]},"75o":{"weight":1.0,"played":[1.0,0.0,0.0],"evs":[0.0,-0.47956,-1.68068]},"85o":{"weight":1.0,"played":[1.0,0.0,0.0],"evs":[0.0,-0.57759,-1.72116]},"95o":{"weight":1.0,"played":[1.0,0.0,0.0],"evs":[0.0,-0.68468,-1.89303]},"T5o":{"weight":1.0,"played":[1.0,0.0,0.0],"evs":[0.0,-0.74899,-1.9262]},"J5o":{"weight":1.0,"played":[1.0,0.0,0.0],"evs":[0.0,-0.68779,-1.71284]},"Q5o":{"weight":1.0,"played":[1.0,0.0,0.0],"evs":[0.0,-0.60799,-1.4691]},"K5o":{"weight":1.0,"played":[1.0,0.0,0.0],"evs":[0.0,-0.52596,-1.23704]},"A5o":{"weight":1.0,"played":[1.0,0.0,0.0],"evs":[0.0,-0.39904,-0.88212]},"62s":{"weight":1.0,"played":[1.0,0.0,0.0],"evs":[0.0,-0.47787,-1.63131]},"63s":{"weight":1.0,"played":[1.0,0.0,0.0],"evs":[0.0,-0.32772,-1.36286]},"64s":{"weight":1.0,"played":[1.0,0.0,0.0],"evs":[0.0,-0.20197,-1.13785]},"65s":{"weight":1.0,"played":[1.0,0.0,0.0],"evs":[0.0,-0.05565,-0.93506]},"66":{"weight":1.0,"played":[0.0,0.5196,0.4804],"evs":[0.0,0.35883,0.35323]},"76o":{"weight":1.0,"played":[1.0,0.0,0.0],"evs":[0.0,-0.35937,-1.43393]},"86o":{"weight":1.0,"played":[1.0,0.0,0.0],"evs":[0.0,-0.42532,-1.44192]},"96o":{"weight":1.0,"played":[1.0,0.0,0.0],"evs":[0.0,-0.54544,-1.64915]},"T6o":{"weight":1.0,"played":[1.0,0.0,0.0],"evs":[0.0,-0.62035,-1.65207]},"J6o":{"weight":1.0,"played":[1.0,0.0,0.0],"evs":[0.0,-0.65678,-1.67922]},"Q6o":{"weight":1.0,"played":[1.0,0.0,0.0],"evs":[0.0,-0.57515,-1.39764]},"K6o":{"weight":1.0,"played":[1.0,0.0,0.0],"evs":[0.0,-0.4934,-1.13711]},"A6o":{"weight":1.0,"played":[1.0,0.0,0.0],"evs":[0.0,-0.46156,-1.05864]},"72s":{"weight":1.0,"played":[1.0,0.0,0.0],"evs":[0.0,-0.56176,-1.71437]},"73s":{"weight":1.0,"played":[1.0,0.0,0.0],"evs":[0.0,-0.46426,-1.49978]},"74s":{"weight":1.0,"played":[1.0,0.0,0.0],"evs":[0.0,-0.28542,-1.25839]},"75s":{"weight":1.0,"played":[1.0,0.0,0.0],"evs":[0.0,-0.16733,-1.01245]},"76s":{"weight":1.0,"played":[0.9131,0.0869,0.0],"evs":[0.0,-0.0089,-0.77037]},"77":{"weight":1.0,"played":[0.0,0.0,1.0],"evs":[0.0,0.77494,0.8094]},"87o":{"weight":1.0,"played":[1.0,0.0,0.0],"evs":[0.0,-0.35683,-1.22124]},"97o":{"weight":1.0,"played":[1.0,0.0,0.0],"evs":[0.0,-0.42035,-1.38137]},"T7o":{"weight":1.0,"played":[1.0,0.0,0.0],"evs":[0.0,-0.50127,-1.3918]},"J7o":{"weight":1.0,"played":[1.0,0.0,0.0],"evs":[0.0,-0.54619,-1.41143]},"Q7o":{"weight":1.0,"played":[1.0,0.0,0.0],"evs":[0.0,-0.55717,-1.35042]},"K7o":{"weight":1.0,"played":[1.0,0.0,0.0],"evs":[0.0,-0.47302,-1.03275]},"A7o":{"weight":1.0,"played":[1.0,0.0,0.0],"evs":[0.0,-0.42029,-0.89064]},"82s":{"weight":1.0,"played":[1.0,0.0,0.0],"evs":[0.0,-0.49578,-1.49153]},"83s":{"weight":1.0,"played":[1.0,0.0,0.0],"evs":[0.0,-0.47974,-1.49839]},"84s":{"weight":1.0,"played":[1.0,0.0,0.0],"evs":[0.0,-0.3816,-1.27169]},"85s":{"weight":1.0,"played":[1.0,0.0,0.0],"evs":[0.0,-0.23322,-1.06379]},"86s":{"weight":1.0,"played":[1.0,0.0,0.0],"evs":[0.0,-0.09896,-0.82231]},"87s":{"weight":1.0,"played":[0.9248,0.0752,0.0],"evs":[0.0,-0.01958,-0.56075]},"88":{"weight":1.0,"played":[0.0,0.0,1.0],"evs":[0.0,1.33629,1.51935]},"98o":{"weight":1.0,"played":[1.0,0.0,0.0],"evs":[0.0,-0.32516,-1.05467]},"T8o":{"weight":1.0,"played":[1.0,0.0,0.0],"evs":[0.0,-0.37501,-1.04678]},"J8o":{"weight":1.0,"played":[1.0,0.0,0.0],"evs":[0.0,-0.43753,-1.07795]},"Q8o":{"weight":1.0,"played":[1.0,0.0,0.0],"evs":[0.0,-0.44772,-1.04854]},"K8o":{"weight":1.0,"played":[1.0,0.0,0.0],"evs":[0.0,-0.47696,-0.92134]},"A8o":{"weight":1.0,"played":[1.0,0.0,0.0],"evs":[0.0,-0.33922,-0.73178]},"92s":{"weight":1.0,"played":[1.0,0.0,0.0],"evs":[0.0,-0.52373,-1.46845]},"93s":{"weight":1.0,"played":[1.0,0.0,0.0],"evs":[0.0,-0.49467,-1.40278]},"94s":{"weight":1.0,"played":[1.0,0.0,0.0],"evs":[0.0,-0.48724,-1.4659]},"95s":{"weight":1.0,"played":[1.0,0.0,0.0],"evs":[0.0,-0.37424,-1.21788]},"96s":{"weight":1.0,"played":[1.0,0.0,0.0],"evs":[0.0,-0.2175,-0.98413]},"97s":{"weight":1.0,"played":[1.0,0.0,0.0],"evs":[0.0,-0.087,-0.7174]},"98s":{"weight":1.0,"played":[0.9975,0.0025,0.0],"evs":[0.0,-0.01647,-0.44676]},"99":{"weight":1.0,"played":[0.0,0.0,1.0],"evs":[0.0,1.79999,2.14054]},"T9o":{"weight":1.0,"played":[1.0,0.0,0.0],"evs":[0.0,-0.30932,-0.86235]},"J9o":{"weight":1.0,"played":[1.0,0.0,0.0],"evs":[0.0,-0.3625,-0.88386]},"Q9o":{"weight":1.0,"played":[1.0,0.0,0.0],"evs":[0.0,-0.36284,-0.84765]},"K9o":{"weight":1.0,"played":[1.0,0.0,0.0],"evs":[0.0,-0.36021,-0.69871]},"A9o":{"weight":1.0,"played":[1.0,0.0,0.0],"evs":[0.0,-0.23745,-0.6684]},"T2s":{"weight":1.0,"played":[1.0,0.0,0.0],