{"player":2,"street":0,"children":3,"sequence":[{"player":0,"type":"R","amount":1200000,"street":0},{"player":1,"type":"F","amount":0,"street":0}],"actions":[{"type":"F","amount":0,"node":273},{"type":"C","amount":1200000},{"type":"R","amount":1350000,"node":285}],"hands":{"22":{"weight":1.0,"played":[0.0,0.0,1.0],"evs":[0.0,0.46671,0.61431]},"32o":{"weight":1.0,"played":[1.0,0.0,0.0],"evs":[0.0,-1.27992,-1.19725]},"42o":{"weight":1.0,"played":[1.0,0.0,0.0],"evs":[0.0,-1.20682,-1.12827]},"52o":{"weight":1.0,"played":[1.0,0.0,0.0],"evs":[0.0,-1.15509,-1.0822]},"62o":{"weight":1.0,"played":[1.0,0.0,0.0],"evs":[0.0,-1.30739,-1.23472]},"72o":{"weight":1.0,"played":[1.0,0.0,0.0],"evs":[0.0,-1.44335,-1.36928]},"82o":{"weight":1.0,"played":[1.0,0.0,0.0],"evs":[0.0,-1.36161,-1.29314]},"92o":{"weight":1.0,"played":[1.0,0.0,0.0],"evs":[0.0,-1.36655,-1.29584]},"T2o":{"weight":1.0,"played":[1.0,0.0,0.0],"evs":[0.0,-1.22711,-1.16529]},"J2o":{"weight":1.0,"played":[1.0,0.0,0.0],"evs":[0.0,-1.16217,-1.09442]},"Q2o":{"weight":1.0,"played":[1.0,0.0,0.0],"evs":[0.0,-0.97981,-0.87911]},"K2o":{"weight":1.0,"played":[1.0,0.0,0.0],"evs":[0.0,-0.71529,-0.6185]},"A2o":{"weight":1.0,"played":[1.0E-4,0.0,0.9999],"evs":[0.0,-0.02883,0.10918]},"32s":{"weight":1.0,"played":[1.0,0.0,0.0],"evs":[0.0,-0.75118,-0.67397]},"33":{"weight":1.0,"played":[0.0,0.0,1.0],"evs":[0.0,0.61883,0.75061]},"43o":{"weight":1.0,"played":[1.0,0.0,0.0],"evs":[0.0,-1.01663,-0.93948]},"53o":{"weight":1.0,"played":[1.0,0.0,0.0],"evs":[0.0,-0.96934,-0.89857]},"63o":{"weight":1.0,"played":[1.0,0.0,0.0],"evs":[0.0,-1.10805,-1.03631]},"73o":{"weight":1.0,"played":[1.0,0.0,0.0],"evs":[0.0,-1.24,-1.17104]},"83o":{"weight":1.0,"played":[1.0,0.0,0.0],"evs":[0.0,-1.35657,-1.2878]},"93o":{"weight":1.0,"played":[1.0,0.0,0.0],"evs":[0.0,-1.32665,-1.25459]},"T3o":{"weight":1.0,"played":[1.0,0.0,0.0],"evs":[0.0,-1.18103,-1.11996]},"J3o":{"weight":1.0,"played":[1.0,0.0,0.0],"evs":[0.0,-1.11758,-1.05093]},"Q3o":{"weight":1.0,"played":[1.0,0.0,0.0],"evs":[0.0,-0.9306,-0.83773]},"K3o":{"weight":1.0,"played":[1.0,0.0,0.0],"evs":[0.0,-0.67084,-0.58212]},"A3o":{"weight":1.0,"played":[0.0,0.0,1.0],"evs":[0.0,0.04631,0.16977]},"42s":{"weight":1.0,"played":[1.0,0.0,0.0],"evs":[0.0,-0.68963,-0.6186]},"43s":{"weight":1.0,"played":[1.0,0.0,0.0],"evs":[0.0,-0.50773,-0.44204]},"44":{"weight":1.0,"played":[0.0,0.0,1.0],"evs":[0.0,0.82245,0.93475]},"54o":{"weight":1.0,"played":[1.0,0.0,0.0],"evs":[0.0,-0.76324,-0.70079]},"64o":{"weight":1.0,"played":[1.0,0.0,0.0],"evs":[0.0,-0.90423,-0.84092]},"74o":{"weight":1.0,"played":[1.0,0.0,0.0],"evs":[0.0,-1.03821,-0.97572]},"84o":{"weight":1.0,"played":[1.0,0.0,0.0],"evs":[0.0,-1.15217,-1.09495]},"94o":{"weight":1.0,"played":[1.0,0.0,0.0],"evs":[0.0,-1.29554,-1.22926]},"T4o":{"weight":1.0,"played":[1.0,0.0,0.0],"evs":[0.0,-1.13958,-1.08073]},"J4o":{"weight":1.0,"played":[1.0,0.0,0.0],"evs":[0.0,-1.05862,-0.99655]},"Q4o":{"weight":1.0,"played":[1.0,0.0,0.0],"evs":[0.0,-0.87095,-0.78614]},"K4o":{"weight":1.0,"played":[1.0,0.0,0.0],"evs":[0.0,-0.61867,-0.53218]},"A4o":{"weight":1.0,"played":[0.0,0.0,1.0],"evs":[0.0,0.11306,0.2319]},"52s":{"weight":1.0,"played":[1.0,0.0,0.0],"evs":[0.0,-0.63687,-0.5687]},"53s":{"weight":1.0,"played":[1.0,0.0,0.0],"evs":[0.0,-0.44791,-0.38956]},"54s":{"weight":1.0,"played":[1.0,0.0,0.0],"evs":[0.0,-0.27667,-0.21566]},"55":{"weight":1.0,"played":[0.0,0.0,1.0],"evs":[0.0,1.01065,1.10524]},"65o":{"weight":1.0,"played":[1.0,0.0,0.0],"evs":[0.0,-0.72294,-0.66877]},"75o":{"weight":1.0,"played":[1.0,0.0,0.0],"evs":[0.0,-0.84573,-0.78951]},"85o":{"weight":1.0,"played":[1.0,0.0,0.0],"evs":[0.0,-0.95604,-0.90395]},"95o":{"weight":1.0,"played":[1.0,0.0,0.0],"evs":[0.0,-1.09715,-1.04108]},"T5o":{"weight":1.0,"played":[1.0,0.0,0.0],"evs":[0.0,-1.1182,-1.06639]},"J5o":{"weight":1.0,"played":[1.0,0.0,0.0],"evs":[0.0,-1.00699,-0.94808]},"Q5o":{"weight":1.0,"played":[1.0,0.0,0.0],"evs":[0.0,-0.83243,-0.74975]},"K5o":{"weight":1.0,"played":[1.0,0.0,0.0],"evs":[0.0,-0.56288,-0.48418]},"A5o":{"weight":1.0,"played":[0.0,0.0,1.0],"evs":[0.0,0.21715,0.32992]},"62s":{"weight":1.0,"played":[1.0,0.0,0.0],"evs":[0.0,-0.78939,-0.7243]},"63s":{"weight":1.0,"played":[1.0,0.0,0.0],"evs":[0.0,-0.60153,-0.54027]},"64s":{"weight":1.0,"played":[1.0,0.0,0.0],"evs":[0.0,-0.41932,-0.365]},"65s":{"weight":1.0,"played":[1.0,0.0,0.0],"evs":[0.0,-0.22781,-0.18424]},"66":{"weight":1.0,"played":[0.0,0.0,1.0],"evs":[0.0,1.20414,1.2845]},"76o":{"weight":1.0,"played":[1.0,0.0,0.0],"evs":[0.0,-0.66528,-0.61996]},"86o":{"weight":1.0,"played":[1.0,0.0,0.0],"evs":[0.0,-0.75976,-0.71356]},"96o":{"weight":1.0,"played":[1.0,0.0,0.0],"evs":[0.0,-0.89507,-0.84475]},"T6o":{"weight":1.0,"played":[1.0,0.0,0.0],"evs":[0.0,-0.91656,-0.87457]},"J6o":{"weight":1.0,"played":[1.0,0.0,0.0],"evs":[0.0,-0.98458,-0.93347]},"Q6o":{"weight":1.0,"played":[1.0,0.0,0.0],"evs":[0.0,-0.7734,-0.69671]},"K6o":{"weight":1.0,"played":[1.0,0.0,0.0],"evs":[0.0,-0.49762,-0.42904]},"A6o":{"weight":1.0,"played":[0.0,0.0,1.0],"evs":[0.0,0.18434,0.29182]},"72s":{"weight":1.0,"played":[1.0,0.0,0.0],"evs":[0.0,-0.89252,-0.82398]},"73s":{"weight":1.0,"played":[1.0,0.0,0.0],"evs":[0.0,-0.7171,-0.66025]},"74s":{"weight":1.0,"played":[1.0,0.0,0.0],"evs":[0.0,-0.53153,-0.47969]},"75s":{"weight":1.0,"played":[1.0,0.0,0.0],"evs":[0.0,-0.35328,-0.30171]},"76s":{"weight":1.0,"played":[0.9992,0.0,8.0E-4],"evs":[0.0,-0.18894,-0.14517]},"77":{"weight":1.0,"played":[0.0,0.0,1.0],"evs":[0.0,1.4299,1.51042]},"87o":{"weight":1.0,"played":[1.0,0.0,0.0],"evs":[0.0,-0.59427,-0.55121]},"97o":{"weight":1.0,"played":[1.0,0.0,0.0],"evs":[0.0,-0.73363,-0.68359]},"T7o":{"weight":1.0,"played":[1.0,0.0,0.0],"evs":[0.0,-0.75442,-0.71108]},"J7o":{"weight":1.0,"played":[1.0,0.0,0.0],"evs":[0.0,-0.81703,-0.76982]},"Q7o":{"weight":1.0,"played":[1.0,0.0,0.0],"evs":[0.0,-0.77259,-0.69664]},"K7o":{"weight":1.0,"played":[1.0,0.0,0.0],"evs":[0.0,-0.46565,-0.39435]},"A7o":{"weight":1.0,"played":[0.0,0.0,1.0],"evs":[0.0,0.38805,0.50294]},"82s":{"weight":1.0,"played":[1.0,0.0,0.0],"evs":[0.0,-0.82252,-0.75984]},"83s":{"weight":1.0,"played":[1.0,0.0,0.0],"evs":[0.0,-0.82562,-0.76338]},"84s":{"weight":1.0,"played":[1.0,0.0,0.0],"evs":[0.0,-0.62746,-0.57117]},"85s":{"weight":1.0,"played":[1.0,0.0,0.0],"evs":[0.0,-0.44574,-0.40171]},"86s":{"weight":1.0,"played":[1.0,0.0,0.0],"evs":[0.0,-0.25206,-0.21541]},"87s":{"weight":1.0,"played":[0.9984,0.0,0.0016],"evs":[0.0,-0.12088,-0.07987]},"88":{"weight":1.0,"played":[0.0,1.0E-4,0.9999],"evs":[0.0,1.81004,1.88894]},"98o":{"weight":1.0,"played":[1.0,0.0,0.0],"evs":[0.0,-0.5714,-0.53357]},"T8o":{"weight":1.0,"played":[1.0,0.0,0.0],"evs":[0.0,-0.55743,-0.52664]},"J8o":{"weight":1.0,"played":[1.0,0.0,0.0],"evs":[0.0,-0.6324,-0.59161]},"Q8o":{"weight":1.0,"played":[1.0,0.0,0.0],"evs":[0.0,-0.59381,-0.51717]},"K8o":{"weight":1.0,"played":[1.0,0.0,0.0],"evs":[0.0,-0.40328,-0.32513]},"A8o":{"weight":1.0,"played":[0.0,0.0,1.0],"evs":[0.0,0.69229,0.81283]},"92s":{"weight":1.0,"played":[1.0,0.0,0.0],"evs":[0.0,-0.82593,-0.76537]},"93s":{"weight":1.0,"played":[1.0,0.0,0.0],"evs":[0.0,-0.77747,-0.71337]},"94s":{"weight":1.0,"played":[1.0,0.0,0.0],"evs":[0.0,-0.7604,-0.70643]},"95s":{"weight":1.0,"played":[1.0,0.0,0.0],"evs":[0.0,-0.56893,-0.52393]},"96s":{"weight":1.0,"played":[1.0,0.0,0.0],"evs":[0.0,-0.38188,-0.33226]},"97s":{"weight":1.0,"played":[0.9999,0.0,1.0E-4],"evs":[0.0,-0.25665,-0.20736]},"98s":{"weight":1.0,"played":[0.9982,8.0E-4,9.0E-4],"evs":[0.0,-0.08144,-0.04343]},"99":{"weight":1.0,"played":[0.0,0.0,1.0],"evs":[0.0,2.22469,2.29147]},"T9o":{"weight":1.0,"played":[1.0,0.0,0.0],"evs":[0.0,-0.41021,-0.37509]},"J9o":{"weight":1.0,"played":[1.0,0.0,0.0],"evs":[0.0,-0.46571,-0.42665]},"Q9o":{"weight":1.0,"played":[1.0,0.0,0.0],"evs":[0.0,-0.37525,-0.3033]},"K9o":{"weight":1.0,"played":[0.9577,0.0,0.0423],"evs":[0.0,-0.07519,-0.01124]},"A9o":{"weight":1.0,"played":[0.0,0.0,1.0],"evs":[0.0,1.07155,1.18159]},"T2s":{"weight":1.0,"played":[1.0,0.0,0.0],