{"player":2,"street":0,"children":3,"sequence":[{"player":0,"type":"F","amount":0,"street":0},{"player":1,"type":"R","amount":7695700,"street":0}],"actions":[{"type":"F","amount":0,"node":28},{"type":"C","amount":7695700,"node":44},{"type":"R","amount":11002300,"node":61}],"hands":{"22":{"weight":1.0,"played":[1.0,0.0,0.0],"evs":[0.0,-0.46939,-0.47307]},"32o":{"weight":1.0,"played":[1.0,0.0,0.0],"evs":[0.0,-3.81669,-3.87024]},"42o":{"weight":1.0,"played":[1.0,0.0,0.0],"evs":[0.0,-3.6355,-3.68287]},"52o":{"weight":1.0,"played":[1.0,0.0,0.0],"evs":[0.0,-3.44702,-3.4924]},"62o":{"weight":1.0,"played":[1.0,0.0,0.0],"evs":[0.0,-3.69139,-3.74072]},"72o":{"weight":1.0,"played":[1.0,0.0,0.0],"evs":[0.0,-3.90795,-3.95725]},"82o":{"weight":1.0,"played":[1.0,0.0,0.0],"evs":[0.0,-3.72294,-3.76583]},"92o":{"weight":1.0,"played":[1.0,0.0,0.0],"evs":[0.0,-3.68143,-3.7204]},"T2o":{"weight":1.0,"played":[1.0,0.0,0.0],"evs":[0.0,-3.63285,-3.66175]},"J2o":{"weight":1.0,"played":[1.0,0.0,0.0],"evs":[0.0,-3.41811,-3.44001]},"Q2o":{"weight":1.0,"played":[1.0,0.0,0.0],"evs":[0.0,-3.1491,-3.16094]},"K2o":{"weight":1.0,"played":[1.0,0.0,0.0],"evs":[0.0,-2.65349,-2.66048]},"A2o":{"weight":1.0,"played":[1.0,0.0,0.0],"evs":[0.0,-1.31406,-1.317]},"32s":{"weight":1.0,"played":[1.0,0.0,0.0],"evs":[0.0,-2.79389,-2.83357]},"33":{"weight":1.0,"played":[1.0,0.0,0.0],"evs":[0.0,-0.01535,-0.02115]},"43o":{"weight":1.0,"played":[1.0,0.0,0.0],"evs":[0.0,-3.18443,-3.22644]},"53o":{"weight":1.0,"played":[1.0,0.0,0.0],"evs":[0.0,-2.98678,-3.02668]},"63o":{"weight":1.0,"played":[1.0,0.0,0.0],"evs":[0.0,-3.23846,-3.28111]},"73o":{"weight":1.0,"played":[1.0,0.0,0.0],"evs":[0.0,-3.45131,-3.49508]},"83o":{"weight":1.0,"played":[1.0,0.0,0.0],"evs":[0.0,-3.63814,-3.68049]},"93o":{"weight":1.0,"played":[1.0,0.0,0.0],"evs":[0.0,-3.51365,-3.5514]},"T3o":{"weight":1.0,"played":[1.0,0.0,0.0],"evs":[0.0,-3.46167,-3.48841]},"J3o":{"weight":1.0,"played":[1.0,0.0,0.0],"evs":[0.0,-3.25142,-3.27153]},"Q3o":{"weight":1.0,"played":[1.0,0.0,0.0],"evs":[0.0,-2.98042,-2.99103]},"K3o":{"weight":1.0,"played":[1.0,0.0,0.0],"evs":[0.0,-2.49176,-2.49855]},"A3o":{"weight":1.0,"played":[1.0,0.0,0.0],"evs":[0.0,-1.12735,-1.1306]},"42s":{"weight":1.0,"played":[1.0,0.0,0.0],"evs":[0.0,-2.61401,-2.64882]},"43s":{"weight":1.0,"played":[1.0,0.0,0.0],"evs":[0.0,-2.19702,-2.22657]},"44":{"weight":1.0,"played":[0.0,0.1794,0.8206],"evs":[0.0,0.45547,0.45667]},"54o":{"weight":1.0,"played":[1.0,0.0,0.0],"evs":[0.0,-2.54083,-2.57274]},"64o":{"weight":1.0,"played":[1.0,0.0,0.0],"evs":[0.0,-2.77521,-2.81157]},"74o":{"weight":1.0,"played":[1.0,0.0,0.0],"evs":[0.0,-2.98883,-3.02562]},"84o":{"weight":1.0,"played":[1.0,0.0,0.0],"evs":[0.0,-3.18105,-3.2157]},"94o":{"weight":1.0,"played":[1.0,0.0,0.0],"evs":[0.0,-3.42675,-3.46084]},"T4o":{"weight":1.0,"played":[1.0,0.0,0.0],"evs":[0.0,-3.29432,-3.31636]},"J4o":{"weight":1.0,"played":[1.0,0.0,0.0],"evs":[0.0,-3.08282,-3.09916]},"Q4o":{"weight":1.0,"played":[1.0,0.0,0.0],"evs":[0.0,-2.80975,-2.81766]},"K4o":{"weight":1.0,"played":[1.0,0.0,0.0],"evs":[0.0,-2.31879,-2.32242]},"A4o":{"weight":1.0,"played":[1.0,0.0,0.0],"evs":[0.0,-0.94593,-0.94547]},"52s":{"weight":1.0,"played":[1.0,0.0,0.0],"evs":[0.0,-2.43621,-2.4694]},"53s":{"weight":1.0,"played":[1.0,0.0,0.0],"evs":[0.0,-2.00421,-2.0348]},"54s":{"weight":1.0,"played":[1.0,0.0,0.0],"evs":[0.0,-1.59243,-1.61696]},"55":{"weight":1.0,"played":[0.0,0.0311,0.9689],"evs":[0.0,1.003,1.00884]},"65o":{"weight":1.0,"played":[1.0,0.0,0.0],"evs":[0.0,-2.32763,-2.35955]},"75o":{"weight":1.0,"played":[1.0,0.0,0.0],"evs":[0.0,-2.52092,-2.55445]},"85o":{"weight":1.0,"played":[1.0,0.0,0.0],"evs":[0.0,-2.70215,-2.7339]},"95o":{"weight":1.0,"played":[1.0,0.0,0.0],"evs":[0.0,-2.95244,-2.98294]},"T5o":{"weight":1.0,"played":[1.0,0.0,0.0],"evs":[0.0,-3.17817,-3.20079]},"J5o":{"weight":1.0,"played":[1.0,0.0,0.0],"evs":[0.0,-2.89888,-2.91472]},"Q5o":{"weight":1.0,"played":[1.0,0.0,0.0],"evs":[0.0,-2.62518,-2.63355]},"K5o":{"weight":1.0,"played":[1.0,0.0,0.0],"evs":[0.0,-2.13538,-2.14003]},"A5o":{"weight":1.0,"played":[1.0,0.0,0.0],"evs":[0.0,-0.67829,-0.67738]},"62s":{"weight":1.0,"played":[1.0,0.0,0.0],"evs":[0.0,-2.66935,-2.70682]},"63s":{"weight":1.0,"played":[1.0,0.0,0.0],"evs":[0.0,-2.234,-2.26616]},"64s":{"weight":1.0,"played":[1.0,0.0,0.0],"evs":[0.0,-1.80135,-1.82752]},"65s":{"weight":1.0,"played":[1.0,0.0,0.0],"evs":[0.0,-1.38618,-1.40907]},"66":{"weight":1.0,"played":[0.0,0.1209,0.8791],"evs":[0.0,1.52721,1.53256]},"76o":{"weight":1.0,"played":[1.0,0.0,0.0],"evs":[0.0,-2.12734,-2.15528]},"86o":{"weight":1.0,"played":[1.0,0.0,0.0],"evs":[0.0,-2.29005,-2.3168]},"96o":{"weight":1.0,"played":[1.0,0.0,0.0],"evs":[0.0,-2.52149,-2.54726]},"T6o":{"weight":1.0,"played":[1.0,0.0,0.0],"evs":[0.0,-2.74804,-2.76475]},"J6o":{"weight":1.0,"played":[1.0,0.0,0.0],"evs":[0.0,-2.82174,-2.83415]},"Q6o":{"weight":1.0,"played":[1.0,0.0,0.0],"evs":[0.0,-2.48784,-2.49309]},"K6o":{"weight":1.0,"played":[1.0,0.0,0.0],"evs":[0.0,-1.96704,-1.96922]},"A6o":{"weight":1.0,"played":[1.0,0.0,0.0],"evs":[0.0,-0.70232,-0.7023]},"72s":{"weight":1.0,"played":[1.0,0.0,0.0],"evs":[0.0,-2.8661,-2.90304]},"73s":{"weight":1.0,"played":[1.0,0.0,0.0],"evs":[0.0,-2.4283,-2.46216]},"74s":{"weight":1.0,"played":[1.0,0.0,0.0],"evs":[0.0,-2.00648,-2.03467]},"75s":{"weight":1.0,"played":[1.0,0.0,0.0],"evs":[0.0,-1.56594,-1.59226]},"76s":{"weight":1.0,"played":[1.0,0.0,0.0],"evs":[0.0,-1.19373,-1.21532]},"77":{"weight":1.0,"played":[0.0,0.216,0.784],"evs":[0.0,2.06371,2.06923]},"87o":{"weight":1.0,"played":[1.0,0.0,0.0],"evs":[0.0,-1.94448,-1.96647]},"97o":{"weight":1.0,"played":[1.0,0.0,0.0],"evs":[0.0,-2.15019,-2.17065]},"T7o":{"weight":1.0,"played":[1.0,0.0,0.0],"evs":[0.0,-2.35891,-2.37297]},"J7o":{"weight":1.0,"played":[1.0,0.0,0.0],"evs":[0.0,-2.44104,-2.45026]},"Q7o":{"weight":1.0,"played":[1.0,0.0,0.0],"evs":[0.0,-2.43959,-2.44381]},"K7o":{"weight":1.0,"played":[1.0,0.0,0.0],"evs":[0.0,-1.82457,-1.8251]},"A7o":{"weight":1.0,"played":[1.0,0.0,0.0],"evs":[0.0,-0.27277,-0.27001]},"82s":{"weight":1.0,"played":[1.0,0.0,0.0],"evs":[0.0,-2.68341,-2.71573]},"83s":{"weight":1.0,"played":[1.0,0.0,0.0],"evs":[0.0,-2.60724,-2.63908]},"84s":{"weight":1.0,"played":[1.0,0.0,0.0],"evs":[0.0,-2.18049,-2.20744]},"85s":{"weight":1.0,"played":[1.0,0.0,0.0],"evs":[0.0,-1.73921,-1.76343]},"86s":{"weight":1.0,"played":[1.0,0.0,0.0],"evs":[0.0,-1.34308,-1.36261]},"87s":{"weight":1.0,"played":[1.0,0.0,0.0],"evs":[0.0,-1.02175,-1.03978]},"88":{"weight":1.0,"played":[0.0,0.247,0.753],"evs":[0.0,2.66754,2.67378]},"98o":{"weight":1.0,"played":[1.0,0.0,0.0],"evs":[0.0,-1.79497,-1.80986]},"T8o":{"weight":1.0,"played":[1.0,0.0,0.0],"evs":[0.0,-1.95411,-1.96433]},"J8o":{"weight":1.0,"played":[1.0,0.0,0.0],"evs":[0.0,-2.04787,-2.05401]},"Q8o":{"weight":1.0,"played":[1.0,0.0,0.0],"evs":[0.0,-2.04899,-2.05015]},"K8o":{"weight":1.0,"played":[1.0,0.0,0.0],"evs":[0.0,-1.7064,-1.70664]},"A8o":{"weight":1.0,"played":[0.0,0.1286,0.8714],"evs":[0.0,0.16435,0.168]},"92s":{"weight":1.0,"played":[1.0,0.0,0.0],"evs":[0.0,-2.64068,-2.66968]},"93s":{"weight":1.0,"played":[1.0,0.0,0.0],"evs":[0.0,-2.48282,-2.51124]},"94s":{"weight":1.0,"played":[1.0,0.0,0.0],"evs":[0.0,-2.40223,-2.4266]},"95s":{"weight":1.0,"played":[1.0,0.0,0.0],"evs":[0.0,-1.96609,-1.98857]},"96s":{"weight":1.0,"played":[1.0,0.0,0.0],"evs":[0.0,-1.55405,-1.57249]},"97s":{"weight":1.0,"played":[1.0,0.0,0.0],"evs":[0.0,-1.20978,-1.22503]},"98s":{"weight":1.0,"played":[1.0,0.0,0.0],"evs":[0.0,-0.87562,-0.88799]},"99":{"weight":1.0,"played":[0.0,0.1258,0.8742],"evs":[0.0,3.37717,3.38543]},"T9o":{"weight":1.0,"played":[1.0,0.0,0.0],"evs":[0.0,-1.59273,-1.59976]},"J9o":{"weight":1.0,"played":[1.0,0.0,0.0],"evs":[0.0,-1.66602,-1.67046]},"Q9o":{"weight":1.0,"played":[1.0,0.0,0.0],"evs":[0.0,-1.6338,-1.63472]},"K9o":{"weight":1.0,"played":[1.0,0.0,0.0],"evs":[0.0,-1.23472,-1.23313]},"A9o":{"weight":1.0,"played":[0.0,0.1525,0.8475],"evs":[0.0,0.7297,0.7324]},"T2s":{"weight":1.0,