{"player":2,"street":0,"children":3,"sequence":[{"player":0,"type":"R","amount":10498000,"street":0},{"player":1,"type":"F","amount":0,"street":0}],"actions":[{"type":"F","amount":0,"node":70},{"type":"C","amount":10498000,"node":88},{"type":"R","amount":11002300,"node":114}],"hands":{"22":{"weight":1.0,"played":[1.0,0.0,0.0],"evs":[0.0,-1.01723,-1.01433]},"32o":{"weight":1.0,"played":[1.0,0.0,0.0],"evs":[0.0,-4.83103,-4.83142]},"42o":{"weight":1.0,"played":[1.0,0.0,0.0],"evs":[0.0,-4.62622,-4.62701]},"52o":{"weight":1.0,"played":[1.0,0.0,0.0],"evs":[0.0,-4.50365,-4.50271]},"62o":{"weight":1.0,"played":[1.0,0.0,0.0],"evs":[0.0,-4.77996,-4.77932]},"72o":{"weight":1.0,"played":[1.0,0.0,0.0],"evs":[0.0,-5.02674,-5.02588]},"82o":{"weight":1.0,"played":[1.0,0.0,0.0],"evs":[0.0,-4.78593,-4.78497]},"92o":{"weight":1.0,"played":[1.0,0.0,0.0],"evs":[0.0,-4.75335,-4.75334]},"T2o":{"weight":1.0,"played":[1.0,0.0,0.0],"evs":[0.0,-4.64264,-4.6417]},"J2o":{"weight":1.0,"played":[1.0,0.0,0.0],"evs":[0.0,-4.4689,-4.46787]},"Q2o":{"weight":1.0,"played":[1.0,0.0,0.0],"evs":[0.0,-4.12858,-4.12802]},"K2o":{"weight":1.0,"played":[1.0,0.0,0.0],"evs":[0.0,-3.60876,-3.60755]},"A2o":{"weight":1.0,"played":[1.0,0.0,0.0],"evs":[0.0,-2.19834,-2.1963]},"32s":{"weight":1.0,"played":[1.0,0.0,0.0],"evs":[0.0,-3.64741,-3.64827]},"33":{"weight":1.0,"played":[1.0,0.0,0.0],"evs":[0.0,-0.51557,-0.51514]},"43o":{"weight":1.0,"played":[1.0,0.0,0.0],"evs":[0.0,-4.11401,-4.1152]},"53o":{"weight":1.0,"played":[1.0,0.0,0.0],"evs":[0.0,-3.97518,-3.97456]},"63o":{"weight":1.0,"played":[1.0,0.0,0.0],"evs":[0.0,-4.24975,-4.24994]},"73o":{"weight":1.0,"played":[1.0,0.0,0.0],"evs":[0.0,-4.49508,-4.49554]},"83o":{"weight":1.0,"played":[1.0,0.0,0.0],"evs":[0.0,-4.69334,-4.6928]},"93o":{"weight":1.0,"played":[1.0,0.0,0.0],"evs":[0.0,-4.56968,-4.56943]},"T3o":{"weight":1.0,"played":[1.0,0.0,0.0],"evs":[0.0,-4.4504,-4.44951]},"J3o":{"weight":1.0,"played":[1.0,0.0,0.0],"evs":[0.0,-4.28016,-4.27963]},"Q3o":{"weight":1.0,"played":[1.0,0.0,0.0],"evs":[0.0,-3.94391,-3.9439]},"K3o":{"weight":1.0,"played":[1.0,0.0,0.0],"evs":[0.0,-3.42625,-3.42599]},"A3o":{"weight":1.0,"played":[1.0,0.0,0.0],"evs":[0.0,-1.99575,-1.99532]},"42s":{"weight":1.0,"played":[1.0,0.0,0.0],"evs":[0.0,-3.45894,-3.45913]},"43s":{"weight":1.0,"played":[1.0,0.0,0.0],"evs":[0.0,-2.97341,-2.97421]},"44":{"weight":1.0,"played":[0.8861,0.0436,0.0703],"evs":[0.0,-0.00267,-0.00351]},"54o":{"weight":1.0,"played":[1.0,0.0,0.0],"evs":[0.0,-3.46127,-3.461]},"64o":{"weight":1.0,"played":[1.0,0.0,0.0],"evs":[0.0,-3.72801,-3.72855]},"74o":{"weight":1.0,"played":[1.0,0.0,0.0],"evs":[0.0,-3.96701,-3.96737]},"84o":{"weight":1.0,"played":[1.0,0.0,0.0],"evs":[0.0,-4.17543,-4.17579]},"94o":{"weight":1.0,"played":[1.0,0.0,0.0],"evs":[0.0,-4.47334,-4.47366]},"T4o":{"weight":1.0,"played":[1.0,0.0,0.0],"evs":[0.0,-4.2691,-4.26849]},"J4o":{"weight":1.0,"played":[1.0,0.0,0.0],"evs":[0.0,-4.09203,-4.09172]},"Q4o":{"weight":1.0,"played":[1.0,0.0,0.0],"evs":[0.0,-3.75347,-3.75376]},"K4o":{"weight":1.0,"played":[1.0,0.0,0.0],"evs":[0.0,-3.23927,-3.23926]},"A4o":{"weight":1.0,"played":[1.0,0.0,0.0],"evs":[0.0,-1.80094,-1.80062]},"52s":{"weight":1.0,"played":[1.0,0.0,0.0],"evs":[0.0,-3.3344,-3.33334]},"53s":{"weight":1.0,"played":[1.0,0.0,0.0],"evs":[0.0,-2.84372,-2.84346]},"54s":{"weight":1.0,"played":[1.0,0.0,0.0],"evs":[0.0,-2.36566,-2.36643]},"55":{"weight":1.0,"played":[0.0,0.2001,0.7999],"evs":[0.0,0.5346,0.53704]},"65o":{"weight":1.0,"played":[1.0,0.0,0.0],"evs":[0.0,-3.30163,-3.30074]},"75o":{"weight":1.0,"played":[1.0,0.0,0.0],"evs":[0.0,-3.52883,-3.52862]},"85o":{"weight":1.0,"played":[1.0,0.0,0.0],"evs":[0.0,-3.73474,-3.73401]},"95o":{"weight":1.0,"played":[1.0,0.0,0.0],"evs":[0.0,-4.047,-4.0467]},"T5o":{"weight":1.0,"played":[1.0,0.0,0.0],"evs":[0.0,-4.26122,-4.2603]},"J5o":{"weight":1.0,"played":[1.0,0.0,0.0],"evs":[0.0,-4.00439,-4.00301]},"Q5o":{"weight":1.0,"played":[1.0,0.0,0.0],"evs":[0.0,-3.66223,-3.66169]},"K5o":{"weight":1.0,"played":[1.0,0.0,0.0],"evs":[0.0,-3.14426,-3.14372]},"A5o":{"weight":1.0,"played":[1.0,0.0,0.0],"evs":[0.0,-1.56685,-1.56545]},"62s":{"weight":1.0,"played":[1.0,0.0,0.0],"evs":[0.0,-3.60338,-3.60412]},"63s":{"weight":1.0,"played":[1.0,0.0,0.0],"evs":[0.0,-3.09307,-3.09373]},"64s":{"weight":1.0,"played":[1.0,0.0,0.0],"evs":[0.0,-2.60164,-2.6024]},"65s":{"weight":1.0,"played":[1.0,0.0,0.0],"evs":[0.0,-2.2213,-2.22135]},"66":{"weight":1.0,"played":[0.0,0.4209,0.5791],"evs":[0.0,1.17687,1.17876]},"76o":{"weight":1.0,"played":[1.0,0.0,0.0],"evs":[0.0,-3.06981,-3.06896]},"86o":{"weight":1.0,"played":[1.0,0.0,0.0],"evs":[0.0,-3.24412,-3.24367]},"96o":{"weight":1.0,"played":[1.0,0.0,0.0],"evs":[0.0,-3.53337,-3.53366]},"T6o":{"weight":1.0,"played":[1.0,0.0,0.0],"evs":[0.0,-3.7478,-3.74658]},"J6o":{"weight":1.0,"played":[1.0,0.0,0.0],"evs":[0.0,-3.90671,-3.90578]},"Q6o":{"weight":1.0,"played":[1.0,0.0,0.0],"evs":[0.0,-3.48359,-3.48324]},"K6o":{"weight":1.0,"played":[1.0,0.0,0.0],"evs":[0.0,-2.96701,-2.96666]},"A6o":{"weight":1.0,"played":[1.0,0.0,0.0],"evs":[0.0,-1.61842,-1.6178]},"72s":{"weight":1.0,"played":[1.0,0.0,0.0],"evs":[0.0,-3.81542,-3.81501]},"73s":{"weight":1.0,"played":[1.0,0.0,0.0],"evs":[0.0,-3.33023,-3.32966]},"74s":{"weight":1.0,"played":[1.0,0.0,0.0],"evs":[0.0,-2.83247,-2.8331]},"75s":{"weight":1.0,"played":[1.0,0.0,0.0],"evs":[0.0,-2.42498,-2.4253]},"76s":{"weight":1.0,"played":[1.0,0.0,0.0],"evs":[0.0,-1.99433,-1.99338]},"77":{"weight":1.0,"played":[0.0,0.5517,0.4483],"evs":[0.0,1.83644,1.8374]},"87o":{"weight":1.0,"played":[1.0,0.0,0.0],"evs":[0.0,-2.83463,-2.83376]},"97o":{"weight":1.0,"played":[1.0,0.0,0.0],"evs":[0.0,-3.0881,-3.08755]},"T7o":{"weight":1.0,"played":[1.0,0.0,0.0],"evs":[0.0,-3.28146,-3.28047]},"J7o":{"weight":1.0,"played":[1.0,0.0,0.0],"evs":[0.0,-3.45271,-3.45174]},"Q7o":{"weight":1.0,"played":[1.0,0.0,0.0],"evs":[0.0,-3.42476,-3.42434]},"K7o":{"weight":1.0,"played":[1.0,0.0,0.0],"evs":[0.0,-2.82394,-2.82344]},"A7o":{"weight":1.0,"played":[1.0,0.0,0.0],"evs":[0.0,-1.09425,-1.09271]},"82s":{"weight":1.0,"played":[1.0,0.0,0.0],"evs":[0.0,-3.59877,-3.59796]},"83s":{"weight":1.0,"played":[1.0,0.0,0.0],"evs":[0.0,-3.50956,-3.50956]},"84s":{"weight":1.0,"played":[1.0,0.0,0.0],"evs":[0.0,-3.03056,-3.03135]},"85s":{"weight":1.0,"played":[1.0,0.0,0.0],"evs":[0.0,-2.60778,-2.60762]},"86s":{"weight":1.0,"played":[1.0,0.0,0.0],"evs":[0.0,-2.1508,-2.15089]},"87s":{"weight":1.0,"played":[1.0,0.0,0.0],"evs":[0.0,-1.76489,-1.76414]},"88":{"weight":1.0,"played":[0.0,0.4229,0.5771],"evs":[0.0,2.56635,2.56604]},"98o":{"weight":1.0,"played":[1.0,0.0,0.0],"evs":[0.0,-2.66741,-2.6661]},"T8o":{"weight":1.0,"played":[1.0,0.0,0.0],"evs":[0.0,-2.81632,-2.81481]},"J8o":{"weight":1.0,"played":[1.0,0.0,0.0],"evs":[0.0,-2.96876,-2.96803]},"Q8o":{"weight":1.0,"played":[1.0,0.0,0.0],"evs":[0.0,-2.96329,-2.96343]},"K8o":{"weight":1.0,"played":[1.0,0.0,0.0],"evs":[0.0,-2.72276,-2.72258]},"A8o":{"weight":1.0,"played":[1.0,0.0,0.0],"evs":[0.0,-0.52975,-0.52909]},"92s":{"weight":1.0,"played":[1.0,0.0,0.0],"evs":[0.0,-3.54129,-3.54173]},"93s":{"weight":1.0,"played":[1.0,0.0,0.0],"evs":[0.0,-3.37042,-3.37021]},"94s":{"weight":1.0,"played":[1.0,0.0,0.0],"evs":[0.0,-3.2892,-3.28884]},"95s":{"weight":1.0,"played":[1.0,0.0,0.0],"evs":[0.0,-2.87907,-2.87936]},"96s":{"weight":1.0,"played":[1.0,0.0,0.0],"evs":[0.0,-2.40761,-2.40697]},"97s":{"weight":1.0,"played":[1.0,0.0,0.0],"evs":[0.0,-1.99866,-1.99803]},"98s":{"weight":1.0,"played":[1.0,0.0,0.0],"evs":[0.0,-1.59945,-1.59859]},"99":{"weight":1.0,"played":[0.0,0.3441,0.6559],"evs":[0.0,3.42387,3.42468]},"T9o":{"weight":1.0,"played":[1.0,0.0,0.0],"evs":[0.0,-2.39722,-2.39678]},"J9o":{"weight":1.0,"played":[1.0,0.0,0.0],"evs":[0.0,-2.52292,-2.52316]},"Q9o":{"weight":1.0,"played":[1.0,0.0,0.0],"evs":[0.0,-2.47563,-2.47565]},"K9o":{"weight":1.0,"played":[1.0,0.0,0.0],"evs":[0.0,-2.19597,-2.19505]},"A9o":{"weight":1.0,"played":[0.0,0.4388,0.5612],"evs":[0.0,0.18397,0.18621]},"T2s":{"weight":1.0,