{"equityUnit":"TABLE_EQUITY_PERCENT","conversionFactors":{"toUSD":8.964971,"toRegularPrizePercent":0.22451717},"preHandEquity":[19.76076,18.04176,13.6111,17.04297,15.68491,15.8585],"bubbleFactors":[[-1.0,0.975,0.92,0.978,0.953,0.953],[1.172,-1.0,0.928,0.988,0.963,0.963],[1.132,1.131,-1.0,1.13,1.129,1.129],[1.164,1.163,0.933,-1.0,0.969,0.969],[1.152,1.151,0.939,1.15,-1.0,1.149],[1.153,1.152,0.939,1.152,0.976,-1.0]]}