{"player":1,"street":0,"children":3,"sequence":[{"player":0,"type":"C","amount":100000,"street":0}],"actions":[{"type":"F","amount":0,"node":131},{"type":"C","amount":100000,"node":317},{"type":"R","amount":295000,"node":590}],"hands":{"22":{"weight":1.0,"played":[0.0,0.0,1.0],"evs":[0.0,0.56188,0.64962]},"32o":{"weight":1.0,"played":[1.0,0.0,0.0],"evs":[0.0,-0.87914,-1.02987]},"42o":{"weight":1.0,"played":[1.0,0.0,0.0],"evs":[0.0,-0.76083,-0.88564]},"52o":{"weight":1.0,"played":[1.0,0.0,0.0],"evs":[0.0,-0.6617,-0.76823]},"62o":{"weight":1.0,"played":[1.0,0.0,0.0],"evs":[0.0,-0.83803,-0.95351]},"72o":{"weight":1.0,"played":[1.0,0.0,0.0],"evs":[0.0,-1.04567,-1.15233]},"82o":{"weight":1.0,"played":[1.0,0.0,0.0],"evs":[0.0,-0.95586,-1.03533]},"92o":{"weight":1.0,"played":[1.0,0.0,0.0],"evs":[0.0,-0.94474,-1.00444]},"T2o":{"weight":1.0,"played":[1.0,0.0,0.0],"evs":[0.0,-0.83634,-0.88434]},"J2o":{"weight":1.0,"played":[1.0,0.0,0.0],"evs":[0.0,-0.69406,-0.71021]},"Q2o":{"weight":1.0,"played":[1.0,0.0,0.0],"evs":[0.0,-0.52878,-0.50478]},"K2o":{"weight":1.0,"played":[1.0,0.0,0.0],"evs":[0.0,-0.33192,-0.26268]},"A2o":{"weight":1.0,"played":[0.0,0.0,1.0],"evs":[0.0,0.27856,0.40534]},"32s":{"weight":1.0,"played":[1.0,0.0,0.0],"evs":[0.0,-0.12076,-0.20794]},"33":{"weight":1.0,"played":[0.0,0.0,1.0],"evs":[0.0,0.81876,0.99013]},"43o":{"weight":1.0,"played":[1.0,0.0,0.0],"evs":[0.0,-0.4783,-0.56351]},"53o":{"weight":1.0,"played":[1.0,0.0,0.0],"evs":[0.0,-0.351,-0.417]},"63o":{"weight":1.0,"played":[1.0,0.0,0.0],"evs":[0.0,-0.52506,-0.60078]},"73o":{"weight":1.0,"played":[1.0,0.0,0.0],"evs":[0.0,-0.74653,-0.80788]},"83o":{"weight":1.0,"played":[1.0,0.0,0.0],"evs":[0.0,-0.90907,-0.9703]},"93o":{"weight":1.0,"played":[1.0,0.0,0.0],"evs":[0.0,-0.86171,-0.89564]},"T3o":{"weight":1.0,"played":[1.0,0.0,0.0],"evs":[0.0,-0.74566,-0.76068]},"J3o":{"weight":1.0,"played":[1.0,0.0,0.0],"evs":[0.0,-0.59958,-0.59196]},"Q3o":{"weight":1.0,"played":[1.0,0.0,0.0],"evs":[0.0,-0.43565,-0.38502]},"K3o":{"weight":1.0,"played":[1.0,0.0,0.0],"evs":[0.0,-0.23616,-0.14626]},"A3o":{"weight":1.0,"played":[0.0,0.0,1.0],"evs":[0.0,0.41436,0.56011]},"42s":{"weight":1.0,"played":[0.9272,0.0728,0.0],"evs":[0.0,-0.01179,-0.07782]},"43s":{"weight":1.0,"played":[0.0,0.9996,4.0E-4],"evs":[0.0,0.25467,0.22419]},"44":{"weight":1.0,"played":[0.0,0.0,1.0],"evs":[0.0,1.11746,1.35891]},"54o":{"weight":1.0,"played":[1.0,0.0,0.0],"evs":[0.0,-0.06573,-0.08323]},"64o":{"weight":1.0,"played":[1.0,0.0,0.0],"evs":[0.0,-0.20906,-0.23817]},"74o":{"weight":1.0,"played":[1.0,0.0,0.0],"evs":[0.0,-0.42853,-0.44289]},"84o":{"weight":1.0,"played":[1.0,0.0,0.0],"evs":[0.0,-0.60333,-0.61428]},"94o":{"weight":1.0,"played":[1.0,0.0,0.0],"evs":[0.0,-0.79704,-0.81132]},"T4o":{"weight":1.0,"played":[1.0,0.0,0.0],"evs":[0.0,-0.64644,-0.63236]},"J4o":{"weight":1.0,"played":[1.0,0.0,0.0],"evs":[0.0,-0.50532,-0.46748]},"Q4o":{"weight":1.0,"played":[1.0,0.0,0.0],"evs":[0.0,-0.3305,-0.25603]},"K4o":{"weight":1.0,"played":[0.9999,0.0,1.0E-4],"evs":[0.0,-0.11658,-0.00508]},"A4o":{"weight":1.0,"played":[0.0,0.0,1.0],"evs":[0.0,0.54623,0.71242]},"52s":{"weight":1.0,"played":[1.0E-4,0.9996,3.0E-4],"evs":[0.0,0.08615,0.03889]},"53s":{"weight":1.0,"played":[0.0,0.9993,7.0E-4],"evs":[0.0,0.37814,0.36465]},"54s":{"weight":1.0,"played":[0.0,0.0022,0.9978],"evs":[0.0,0.65105,0.67471]},"55":{"weight":1.0,"played":[0.0,0.0,1.0],"evs":[0.0,1.44609,1.74166]},"65o":{"weight":1.0,"played":[0.0,0.1333,0.8667],"evs":[0.0,0.05597,0.06749]},"75o":{"weight":1.0,"played":[1.0,0.0,0.0],"evs":[0.0,-0.12365,-0.09729]},"85o":{"weight":1.0,"played":[1.0,0.0,0.0],"evs":[0.0,-0.28927,-0.25818]},"95o":{"weight":1.0,"played":[1.0,0.0,0.0],"evs":[0.0,-0.50008,-0.46571]},"T5o":{"weight":1.0,"played":[1.0,0.0,0.0],"evs":[0.0,-0.57526,-0.54897]},"J5o":{"weight":1.0,"played":[1.0,0.0,0.0],"evs":[0.0,-0.39916,-0.34156]},"Q5o":{"weight":1.0,"played":[1.0,0.0,0.0],"evs":[0.0,-0.23303,-0.13901]},"K5o":{"weight":1.0,"played":[0.0,0.0,1.0],"evs":[0.0,-0.00324,0.12571]},"A5o":{"weight":1.0,"played":[0.0,0.0,1.0],"evs":[0.0,0.70771,0.88961]},"62s":{"weight":1.0,"played":[1.0,0.0,0.0],"evs":[0.0,-0.08882,-0.14353]},"63s":{"weight":1.0,"played":[0.0,0.9999,1.0E-4],"evs":[0.0,0.21122,0.19205]},"64s":{"weight":1.0,"played":[0.0,0.083,0.917],"evs":[0.0,0.50534,0.52199]},"65s":{"weight":1.0,"played":[0.0,0.0019,0.9981],"evs":[0.0,0.75542,0.80959]},"66":{"weight":1.0,"played":[0.0,0.0,1.0],"evs":[0.0,1.78431,2.13017]},"76o":{"weight":1.0,"played":[0.0,0.0021,0.9979],"evs":[0.0,0.13068,0.19241]},"86o":{"weight":1.0,"played":[0.0,8.0E-4,0.9992],"evs":[0.0,0.0031,0.06942]},"96o":{"weight":1.0,"played":[1.0,0.0,0.0],"evs":[0.0,-0.18968,-0.1206]},"T6o":{"weight":1.0,"played":[1.0,0.0,0.0],"evs":[0.0,-0.28011,-0.21159]},"J6o":{"weight":1.0,"played":[1.0,0.0,0.0],"evs":[0.0,-0.33144,-0.26514]},"Q6o":{"weight":1.0,"played":[0.9996,0.0,4.0E-4],"evs":[0.0,-0.12023,-0.01231]},"K6o":{"weight":1.0,"played":[0.0,0.0,1.0],"evs":[0.0,0.12758,0.27172]},"A6o":{"weight":1.0,"played":[0.0,0.0,1.0],"evs":[0.0,0.60697,0.80983]},"72s":{"weight":1.0,"played":[1.0,0.0,0.0],"evs":[0.0,-0.28966,-0.33195]},"73s":{"weight":1.0,"played":[1.0E-4,0.9996,3.0E-4],"evs":[0.0,0.00566,9.4E-4]},"74s":{"weight":1.0,"played":[0.0,0.0063,0.9937],"evs":[0.0,0.3152,0.34573]},"75s":{"weight":1.0,"played":[0.0,2.0E-4,0.9998],"evs":[0.0,0.59666,0.66163]},"76s":{"weight":1.0,"played":[0.0,1.0E-4,0.9999],"evs":[0.0,0.8361,0.92853]},"77":{"weight":1.0,"played":[0.0,0.0,1.0],"evs":[0.0,2.12355,2.49925]},"87o":{"weight":1.0,"played":[0.0,2.0E-4,0.9998],"evs":[0.0,0.20582,0.32076]},"97o":{"weight":1.0,"played":[0.0,0.0,1.0],"evs":[0.0,0.0476,0.16443]},"T7o":{"weight":1.0,"played":[0.0,1.0E-4,0.9999],"evs":[0.0,-0.02773,0.08226]},"J7o":{"weight":1.0,"played":[0.0012,0.0,0.9988],"evs":[0.0,-0.0933,0.02004]},"Q7o":{"weight":1.0,"played":[2.0E-4,0.0,0.9998],"evs":[0.0,-0.09053,0.03169]},"K7o":{"weight":1.0,"played":[0.0,0.0,1.0],"evs":[0.0,0.2194,0.3796]},"A7o":{"weight":1.0,"played":[0.0,0.0,1.0],"evs":[0.0,0.84801,1.07025]},"82s":{"weight":1.0,"played":[1.0,0.0,0.0],"evs":[0.0,-0.19087,-0.20775]},"83s":{"weight":1.0,"played":[1.0,0.0,0.0],"evs":[0.0,-0.14663,-0.14564]},"84s":{"weight":1.0,"played":[0.0,9.0E-4,0.9991],"evs":[0.0,0.15016,0.19076]},"85s":{"weight":1.0,"played":[0.0,0.0,1.0],"evs":[0.0,0.44725,0.52449]},"86s":{"weight":1.0,"played":[0.0,0.0,1.0],"evs":[0.0,0.71691,0.82256]},"87s":{"weight":1.0,"played":[0.0,0.0,1.0],"evs":[0.0,0.91531,1.06302]},"88":{"weight":1.0,"played":[0.0,0.0,1.0],"evs":[0.0,2.60442,2.99835]},"98o":{"weight":1.0,"played":[0.0,0.0,1.0],"evs":[0.0,0.29395,0.44045]},"T8o":{"weight":1.0,"played":[0.0,0.0,1.0],"evs":[0.0,0.27235,0.41345]},"J8o":{"weight":1.0,"played":[0.0,0.0,1.0],"evs":[0.0,0.21284,0.3611]},"Q8o":{"weight":1.0,"played":[0.0,0.0,1.0],"evs":[0.0,0.21386,0.37164]},"K8o":{"weight":1.0,"played":[0.0,0.0,1.0],"evs":[0.0,0.35138,0.51795]},"A8o":{"weight":1.0,"played":[0.0,0.0,1.0],"evs":[0.0,1.10898,1.35686]},"92s":{"weight":1.0,"played":[1.0,0.0,0.0],"evs":[0.0,-0.18001,-0.17552]},"93s":{"weight":1.0,"played":[1.0,0.0,0.0],"evs":[0.0,-0.09046,-0.06341]},"94s":{"weight":1.0,"played":[0.1013,0.0,0.8987],"evs":[0.0,-0.03565,0.0067]},"95s":{"weight":1.0,"played":[0.0,0.0,1.0],"evs":[0.0,0.26315,0.34616]},"96s":{"weight":1.0,"played":[0.0,0.0,1.0],"evs":[0.0,0.54332,0.65877]},"97s":{"weight":1.0,"played":[0.0,0.0,1.0],"evs":[0.0,0.76671,0.92392]},"98s":{"weight":1.0,"played":[0.0,0.0,1.0],"evs":[0.0,1.00244,1.17509]},"99":{"weight":1.0,"played":[0.0,0.0,1.0],"evs":[0.0,3.17497,3.53754]},"T9o":{"weight":1.0,"played":[0.0,0.0,1.0],"evs":[0.0,0.55581,0.72943]},"J9o":{"weight":1.0,"played":[0.0,0.0,1.0],"evs":[0.0,0.52485,0.69436]},"Q9o":{"weight":1.0,"played":[0.0,0.0,1.0],"evs":[0.0,0.56428,0.72995]},"K9o":{"weight":1.0,"played":[0.0,0.0,1.0],"evs":[0.0,0.74641,0.91094]},"A9o":{"weight":1.0,"played":[0.0,0.0,1.0],"evs":[0.0,1.40883,1.65894]},"T2s":{"weight":1.0,"played":[0.9997,1.0E-4,1.0E-4],