{"equityUnit":"TABLE_EQUITY_PERCENT","conversionFactors":{"toUSD":2.0338902,"toRegularPrizePercent":0.054469474},"preHandEquity":[13.71074,19.39354,34.0702,32.82552],"bubbleFactors":[[-1.0,1.022,1.022,1.022],[0.723,-1.0,1.031,1.031],[0.719,0.859,-1.0,0.853],[0.719,0.86,1.051,-1.0]]}