{"player":1,"street":0,"children":3,"sequence":[{"player":0,"type":"F","amount":0,"street":0}],"actions":[{"type":"F","amount":0,"node":2},{"type":"R","amount":200000,"node":73},{"type":"R","amount":2005000,"node":200}],"hands":{"22":{"weight":1.0,"played":[0.7307,0.2693,0.0],"evs":[0.0,-0.00149,-0.05019]},"32o":{"weight":1.0,"played":[1.0,0.0,0.0],"evs":[0.0,-0.5056,-1.91506]},"42o":{"weight":1.0,"played":[1.0,0.0,0.0],"evs":[0.0,-0.45979,-1.81711]},"52o":{"weight":1.0,"played":[1.0,0.0,0.0],"evs":[0.0,-0.42602,-1.68751]},"62o":{"weight":1.0,"played":[1.0,0.0,0.0],"evs":[0.0,-0.46814,-1.82284]},"72o":{"weight":1.0,"played":[1.0,0.0,0.0],"evs":[0.0,-0.50014,-1.92837]},"82o":{"weight":1.0,"played":[1.0,0.0,0.0],"evs":[0.0,-0.49592,-1.782]},"92o":{"weight":1.0,"played":[1.0,0.0,0.0],"evs":[0.0,-0.48906,-1.69153]},"T2o":{"weight":1.0,"played":[1.0,0.0,0.0],"evs":[0.0,-0.4605,-1.58981]},"J2o":{"weight":1.0,"played":[1.0,0.0,0.0],"evs":[0.0,-0.4345,-1.47423]},"Q2o":{"weight":1.0,"played":[1.0,0.0,0.0],"evs":[0.0,-0.39028,-1.309]},"K2o":{"weight":1.0,"played":[1.0,0.0,0.0],"evs":[0.0,-0.35233,-1.12044]},"A2o":{"weight":1.0,"played":[1.0,0.0,0.0],"evs":[0.0,-0.16483,-0.49606]},"32s":{"weight":1.0,"played":[1.0,0.0,0.0],"evs":[0.0,-0.35923,-1.30979]},"33":{"weight":1.0,"played":[0.0,0.5003,0.4997],"evs":[0.0,0.14127,0.14305]},"43o":{"weight":1.0,"played":[1.0,0.0,0.0],"evs":[0.0,-0.3914,-1.57261]},"53o":{"weight":1.0,"played":[1.0,0.0,0.0],"evs":[0.0,-0.34848,-1.4342]},"63o":{"weight":1.0,"played":[1.0,0.0,0.0],"evs":[0.0,-0.38866,-1.57109]},"73o":{"weight":1.0,"played":[1.0,0.0,0.0],"evs":[0.0,-0.42734,-1.67912]},"83o":{"weight":1.0,"played":[1.0,0.0,0.0],"evs":[0.0,-0.47111,-1.74545]},"93o":{"weight":1.0,"played":[1.0,0.0,0.0],"evs":[0.0,-0.45443,-1.60523]},"T3o":{"weight":1.0,"played":[1.0,0.0,0.0],"evs":[0.0,-0.426,-1.5129]},"J3o":{"weight":1.0,"played":[1.0,0.0,0.0],"evs":[0.0,-0.39507,-1.39088]},"Q3o":{"weight":1.0,"played":[1.0,0.0,0.0],"evs":[0.0,-0.35271,-1.22866]},"K3o":{"weight":1.0,"played":[1.0,0.0,0.0],"evs":[0.0,-0.31207,-1.04338]},"A3o":{"weight":1.0,"played":[1.0,0.0,0.0],"evs":[0.0,-0.10843,-0.41898]},"42s":{"weight":1.0,"played":[1.0,0.0,0.0],"evs":[0.0,-0.30853,-1.20854]},"43s":{"weight":1.0,"played":[1.0,0.0,0.0],"evs":[0.0,-0.2452,-0.98879]},"44":{"weight":1.0,"played":[0.0,0.0,1.0],"evs":[0.0,0.32994,0.3524]},"54o":{"weight":1.0,"played":[1.0,0.0,0.0],"evs":[0.0,-0.26806,-1.18698]},"64o":{"weight":1.0,"played":[1.0,0.0,0.0],"evs":[0.0,-0.29363,-1.31719]},"74o":{"weight":1.0,"played":[1.0,0.0,0.0],"evs":[0.0,-0.33874,-1.42389]},"84o":{"weight":1.0,"played":[1.0,0.0,0.0],"evs":[0.0,-0.38421,-1.50149]},"94o":{"weight":1.0,"played":[1.0,0.0,0.0],"evs":[0.0,-0.40939,-1.56552]},"T4o":{"weight":1.0,"played":[1.0,0.0,0.0],"evs":[0.0,-0.37936,-1.42641]},"J4o":{"weight":1.0,"played":[1.0,0.0,0.0],"evs":[0.0,-0.34816,-1.30186]},"Q4o":{"weight":1.0,"played":[1.0,0.0,0.0],"evs":[0.0,-0.30421,-1.14613]},"K4o":{"weight":1.0,"played":[1.0,0.0,0.0],"evs":[0.0,-0.26386,-0.95789]},"A4o":{"weight":1.0,"played":[1.0,0.0,0.0],"evs":[0.0,-0.05675,-0.33493]},"52s":{"weight":1.0,"played":[1.0,0.0,0.0],"evs":[0.0,-0.28168,-1.09214]},"53s":{"weight":1.0,"played":[1.0,0.0,0.0],"evs":[0.0,-0.20278,-0.8594]},"54s":{"weight":1.0,"played":[1.0,0.0,0.0],"evs":[0.0,-0.10243,-0.62643]},"55":{"weight":1.0,"played":[0.0,0.2578,0.7422],"evs":[0.0,0.65768,0.65899]},"65o":{"weight":1.0,"played":[1.0,0.0,0.0],"evs":[0.0,-0.22123,-1.05002]},"75o":{"weight":1.0,"played":[1.0,0.0,0.0],"evs":[0.0,-0.25236,-1.14438]},"85o":{"weight":1.0,"played":[1.0,0.0,0.0],"evs":[0.0,-0.30261,-1.21887]},"95o":{"weight":1.0,"played":[1.0,0.0,0.0],"evs":[0.0,-0.34,-1.29996]},"T5o":{"weight":1.0,"played":[1.0,0.0,0.0],"evs":[0.0,-0.34988,-1.35806]},"J5o":{"weight":1.0,"played":[1.0,0.0,0.0],"evs":[0.0,-0.31258,-1.19544]},"Q5o":{"weight":1.0,"played":[1.0,0.0,0.0],"evs":[0.0,-0.25974,-1.03296]},"K5o":{"weight":1.0,"played":[1.0,0.0,0.0],"evs":[0.0,-0.22608,-0.8491]},"A5o":{"weight":1.0,"played":[0.6018,0.3982,0.0],"evs":[0.0,-1.0E-5,-0.21739]},"62s":{"weight":1.0,"played":[1.0,0.0,0.0],"evs":[0.0,-0.31934,-1.20956]},"63s":{"weight":1.0,"played":[1.0,0.0,0.0],"evs":[0.0,-0.23774,-0.99099]},"64s":{"weight":1.0,"played":[1.0,0.0,0.0],"evs":[0.0,-0.15171,-0.74703]},"65s":{"weight":1.0,"played":[1.0,0.0,0.0],"evs":[0.0,-0.04106,-0.49224]},"66":{"weight":1.0,"played":[0.0,0.2768,0.7232],"evs":[0.0,1.01131,1.0161]},"76o":{"weight":1.0,"played":[1.0,0.0,0.0],"evs":[0.0,-0.19912,-0.90377]},"86o":{"weight":1.0,"played":[1.0,0.0,0.0],"evs":[0.0,-0.24624,-0.96635]},"96o":{"weight":1.0,"played":[1.0,0.0,0.0],"evs":[0.0,-0.28165,-1.03986]},"T6o":{"weight":1.0,"played":[1.0,0.0,0.0],"evs":[0.0,-0.30095,-1.10774]},"J6o":{"weight":1.0,"played":[1.0,0.0,0.0],"evs":[0.0,-0.29838,-1.14678]},"Q6o":{"weight":1.0,"played":[1.0,0.0,0.0],"evs":[0.0,-0.24866,-0.94053]},"K6o":{"weight":1.0,"played":[1.0,0.0,0.0],"evs":[0.0,-0.20545,-0.75316]},"A6o":{"weight":1.0,"played":[1.0,0.0,0.0],"evs":[0.0,-0.0557,-0.30325]},"72s":{"weight":1.0,"played":[1.0,0.0,0.0],"evs":[0.0,-0.34916,-1.30408]},"73s":{"weight":1.0,"played":[1.0,0.0,0.0],"evs":[0.0,-0.27702,-1.08945]},"74s":{"weight":1.0,"played":[1.0,0.0,0.0],"evs":[0.0,-0.19109,-0.84791]},"75s":{"weight":1.0,"played":[1.0,0.0,0.0],"evs":[0.0,-0.1006,-0.58974]},"76s":{"weight":1.0,"played":[1.0,0.0,0.0],"evs":[0.0,-0.02021,-0.35679]},"77":{"weight":1.0,"played":[0.0,0.4915,0.5085],"evs":[0.0,1.40878,1.40994]},"87o":{"weight":1.0,"played":[1.0,0.0,0.0],"evs":[0.0,-0.19175,-0.75228]},"97o":{"weight":1.0,"played":[1.0,0.0,0.0],"evs":[0.0,-0.22573,-0.80989]},"T7o":{"weight":1.0,"played":[1.0,0.0,0.0],"evs":[0.0,-0.24124,-0.87259]},"J7o":{"weight":1.0,"played":[1.0,0.0,0.0],"evs":[0.0,-0.24329,-0.91211]},"Q7o":{"weight":1.0,"played":[1.0,0.0,0.0],"evs":[0.0,-0.23104,-0.91302]},"K7o":{"weight":1.0,"played":[1.0,0.0,0.0],"evs":[0.0,-0.18738,-0.6839]},"A7o":{"weight":1.0,"played":[0.7964,0.2036,0.0],"evs":[0.0,-3.0E-4,-0.15223]},"82s":{"weight":1.0,"played":[1.0,0.0,0.0],"evs":[0.0,-0.34201,-1.18073]},"83s":{"weight":1.0,"played":[1.0,0.0,0.0],"evs":[0.0,-0.31534,-1.1431]},"84s":{"weight":1.0,"played":[1.0,0.0,0.0],"evs":[0.0,-0.23512,-0.92065]},"85s":{"weight":1.0,"played":[1.0,0.0,0.0],"evs":[0.0,-0.16094,-0.66265]},"86s":{"weight":1.0,"played":[1.0,0.0,0.0],"evs":[0.0,-0.08586,-0.41974]},"87s":{"weight":1.0,"played":[0.6843,0.3157,0.0],"evs":[0.0,0.0,-0.21222]},"88":{"weight":1.0,"played":[0.0,0.9999,1.0E-4],"evs":[0.0,1.88059,1.84054]},"98o":{"weight":1.0,"played":[1.0,0.0,0.0],"evs":[0.0,-0.18878,-0.58634]},"T8o":{"weight":1.0,"played":[1.0,0.0,0.0],"evs":[0.0,-0.20165,-0.61255]},"J8o":{"weight":1.0,"played":[1.0,0.0,0.0],"evs":[0.0,-0.19522,-0.66556]},"Q8o":{"weight":1.0,"played":[1.0,0.0,0.0],"evs":[0.0,-0.19673,-0.67134]},"K8o":{"weight":1.0,"played":[1.0,0.0,0.0],"evs":[0.0,-0.17438,-0.62739]},"A8o":{"weight":1.0,"played":[0.0,1.0,0.0],"evs":[0.0,0.06949,0.03434]},"92s":{"weight":1.0,"played":[1.0,0.0,0.0],"evs":[0.0,-0.3298,-1.08995]},"93s":{"weight":1.0,"played":[1.0,0.0,0.0],"evs":[0.0,-0.30211,-1.00553]},"94s":{"weight":1.0,"played":[1.0,0.0,0.0],"evs":[0.0,-0.26066,-0.97889]},"95s":{"weight":1.0,"played":[1.0,0.0,0.0],"evs":[0.0,-0.19374,-0.72047]},"96s":{"weight":1.0,"played":[1.0,0.0,0.0],"evs":[0.0,-0.12046,-0.47627]},"97s":{"weight":1.0,"played":[1.0,0.0,0.0],"evs":[0.0,-0.0374,-0.27229]},"98s":{"weight":1.0,"played":[7.0E-4,0.9993,0.0],"evs":[0.0,0.01619,-0.06073]},"99":{"weight":1.0,"played":[0.0,1.0,0.0],"evs":[0.0,2.38438,2.29798]},"T9o":{"weight":1.0,"played":[1.0,0.0,0.0],"evs":[0.0,-0.12681,-0.38058]},"J9o":{"weight":1.0,"played":[1.0,0.0,0.0],"evs":[0.0,-0.1245,-0.42913]},"Q9o":{"weight":1.0,"played":[1.0,0.0,0.0],"evs":[0.0,-0.12097,-0.43578]},"K9o":{"weight":1.0,"played":[1.0,0.0,0.0],"evs":[0.0,-0.11113,-0.3904]},"A9o":{"weight":1.0,"played":[0.0,0.3631,0.6369],"evs":[0.0,0.25261,0.25115]},"T2s":{"weight":1.0,"played":[1.0,0.0,0.0],