{"player":2,"street":0,"children":3,"sequence":[{"player":0,"type":"R","amount":200000,"street":0},{"player":1,"type":"F","amount":0,"street":0}],"actions":[{"type":"F","amount":0,"node":217},{"type":"C","amount":200000,"node":257},{"type":"R","amount":1345000,"node":328}],"hands":{"22":{"weight":1.0,"played":[1.0,0.0,0.0],"evs":[0.0,-0.34495,-0.65434]},"32o":{"weight":1.0,"played":[1.0,0.0,0.0],"evs":[0.0,-0.84293,-2.90859]},"42o":{"weight":1.0,"played":[1.0,0.0,0.0],"evs":[0.0,-0.80785,-2.77356]},"52o":{"weight":1.0,"played":[1.0,0.0,0.0],"evs":[0.0,-0.76879,-2.63293]},"62o":{"weight":1.0,"played":[1.0,0.0,0.0],"evs":[0.0,-0.84297,-2.81799]},"72o":{"weight":1.0,"played":[1.0,0.0,0.0],"evs":[0.0,-0.90834,-2.99901]},"82o":{"weight":1.0,"played":[1.0,0.0,0.0],"evs":[0.0,-0.90084,-2.91368]},"92o":{"weight":1.0,"played":[1.0,0.0,0.0],"evs":[0.0,-0.89187,-2.79779]},"T2o":{"weight":1.0,"played":[1.0,0.0,0.0],"evs":[0.0,-0.88634,-2.70586]},"J2o":{"weight":1.0,"played":[1.0,0.0,0.0],"evs":[0.0,-0.85717,-2.51215]},"Q2o":{"weight":1.0,"played":[1.0,0.0,0.0],"evs":[0.0,-0.80087,-2.25283]},"K2o":{"weight":1.0,"played":[1.0,0.0,0.0],"evs":[0.0,-0.73943,-1.94574]},"A2o":{"weight":1.0,"played":[1.0,0.0,0.0],"evs":[0.0,-0.5158,-1.19214]},"32s":{"weight":1.0,"played":[1.0,0.0,0.0],"evs":[0.0,-0.61068,-2.16386]},"33":{"weight":1.0,"played":[1.0,0.0,0.0],"evs":[0.0,-0.19875,-0.44065]},"43o":{"weight":1.0,"played":[1.0,0.0,0.0],"evs":[0.0,-0.70603,-2.47141]},"53o":{"weight":1.0,"played":[1.0,0.0,0.0],"evs":[0.0,-0.66002,-2.32284]},"63o":{"weight":1.0,"played":[1.0,0.0,0.0],"evs":[0.0,-0.72741,-2.51269]},"73o":{"weight":1.0,"played":[1.0,0.0,0.0],"evs":[0.0,-0.81929,-2.69137]},"83o":{"weight":1.0,"played":[1.0,0.0,0.0],"evs":[0.0,-0.89389,-2.89394]},"93o":{"weight":1.0,"played":[1.0,0.0,0.0],"evs":[0.0,-0.86311,-2.70204]},"T3o":{"weight":1.0,"played":[1.0,0.0,0.0],"evs":[0.0,-0.86296,-2.62293]},"J3o":{"weight":1.0,"played":[1.0,0.0,0.0],"evs":[0.0,-0.83449,-2.42552]},"Q3o":{"weight":1.0,"played":[1.0,0.0,0.0],"evs":[0.0,-0.77424,-2.1597]},"K3o":{"weight":1.0,"played":[1.0,0.0,0.0],"evs":[0.0,-0.7278,-1.85507]},"A3o":{"weight":1.0,"played":[1.0,0.0,0.0],"evs":[0.0,-0.47697,-1.10649]},"42s":{"weight":1.0,"played":[1.0,0.0,0.0],"evs":[0.0,-0.5646,-2.02919]},"43s":{"weight":1.0,"played":[1.0,0.0,0.0],"evs":[0.0,-0.45808,-1.72858]},"44":{"weight":1.0,"played":[0.8567,0.1433,0.0],"evs":[0.0,0.00139,-0.10974]},"54o":{"weight":1.0,"played":[1.0,0.0,0.0],"evs":[0.0,-0.53953,-1.98938]},"64o":{"weight":1.0,"played":[1.0,0.0,0.0],"evs":[0.0,-0.60351,-2.17584]},"74o":{"weight":1.0,"played":[1.0,0.0,0.0],"evs":[0.0,-0.6959,-2.34901]},"84o":{"weight":1.0,"played":[1.0,0.0,0.0],"evs":[0.0,-0.7877,-2.55259]},"94o":{"weight":1.0,"played":[1.0,0.0,0.0],"evs":[0.0,-0.83747,-2.65057]},"T4o":{"weight":1.0,"played":[1.0,0.0,0.0],"evs":[0.0,-0.83055,-2.4977]},"J4o":{"weight":1.0,"played":[1.0,0.0,0.0],"evs":[0.0,-0.80584,-2.30004]},"Q4o":{"weight":1.0,"played":[1.0,0.0,0.0],"evs":[0.0,-0.75245,-2.04635]},"K4o":{"weight":1.0,"played":[1.0,0.0,0.0],"evs":[0.0,-0.69148,-1.72839]},"A4o":{"weight":1.0,"played":[1.0,0.0,0.0],"evs":[0.0,-0.43795,-0.96751]},"52s":{"weight":1.0,"played":[1.0,0.0,0.0],"evs":[0.0,-0.52025,-1.88707]},"53s":{"weight":1.0,"played":[1.0,0.0,0.0],"evs":[0.0,-0.40764,-1.59742]},"54s":{"weight":1.0,"played":[1.0,0.0,0.0],"evs":[0.0,-0.29089,-1.29894]},"55":{"weight":1.0,"played":[0.0,0.0819,0.9181],"evs":[0.0,0.26414,0.27899]},"65o":{"weight":1.0,"played":[1.0,0.0,0.0],"evs":[0.0,-0.47866,-1.85128]},"75o":{"weight":1.0,"played":[1.0,0.0,0.0],"evs":[0.0,-0.55167,-2.01562]},"85o":{"weight":1.0,"played":[1.0,0.0,0.0],"evs":[0.0,-0.64855,-2.19409]},"95o":{"weight":1.0,"played":[1.0,0.0,0.0],"evs":[0.0,-0.72342,-2.29893]},"T5o":{"weight":1.0,"played":[1.0,0.0,0.0],"evs":[0.0,-0.78772,-2.41916]},"J5o":{"weight":1.0,"played":[1.0,0.0,0.0],"evs":[0.0,-0.76684,-2.17556]},"Q5o":{"weight":1.0,"played":[1.0,0.0,0.0],"evs":[0.0,-0.70952,-1.91093]},"K5o":{"weight":1.0,"played":[1.0,0.0,0.0],"evs":[0.0,-0.64959,-1.60902]},"A5o":{"weight":1.0,"played":[1.0,0.0,0.0],"evs":[0.0,-0.3687,-0.82371]},"62s":{"weight":1.0,"played":[1.0,0.0,0.0],"evs":[0.0,-0.59936,-2.07023]},"63s":{"weight":1.0,"played":[1.0,0.0,0.0],"evs":[0.0,-0.47583,-1.76622]},"64s":{"weight":1.0,"played":[1.0,0.0,0.0],"evs":[0.0,-0.36046,-1.46338]},"65s":{"weight":1.0,"played":[1.0,0.0,0.0],"evs":[0.0,-0.2141,-1.15012]},"66":{"weight":1.0,"played":[0.0,0.0,1.0],"evs":[0.0,0.57129,0.64651]},"76o":{"weight":1.0,"played":[1.0,0.0,0.0],"evs":[0.0,-0.45217,-1.73075]},"86o":{"weight":1.0,"played":[1.0,0.0,0.0],"evs":[0.0,-0.5295,-1.88645]},"96o":{"weight":1.0,"played":[1.0,0.0,0.0],"evs":[0.0,-0.60276,-1.99125]},"T6o":{"weight":1.0,"played":[1.0,0.0,0.0],"evs":[0.0,-0.69002,-2.10661]},"J6o":{"weight":1.0,"played":[1.0,0.0,0.0],"evs":[0.0,-0.7425,-2.11653]},"Q6o":{"weight":1.0,"played":[1.0,0.0,0.0],"evs":[0.0,-0.689,-1.80389]},"K6o":{"weight":1.0,"played":[1.0,0.0,0.0],"evs":[0.0,-0.62459,-1.49848]},"A6o":{"weight":1.0,"played":[1.0,0.0,0.0],"evs":[0.0,-0.43389,-0.97547]},"72s":{"weight":1.0,"played":[1.0,0.0,0.0],"evs":[0.0,-0.66889,-2.23233]},"73s":{"weight":1.0,"played":[1.0,0.0,0.0],"evs":[0.0,-0.57121,-1.94969]},"74s":{"weight":1.0,"played":[1.0,0.0,0.0],"evs":[0.0,-0.44132,-1.64269]},"75s":{"weight":1.0,"played":[1.0,0.0,0.0],"evs":[0.0,-0.29461,-1.3044]},"76s":{"weight":1.0,"played":[1.0,0.0,0.0],"evs":[0.0,-0.17544,-1.02464]},"77":{"weight":1.0,"played":[0.0,0.0,1.0],"evs":[0.0,0.90392,1.04956]},"87o":{"weight":1.0,"played":[1.0,0.0,0.0],"evs":[0.0,-0.4728,-1.6631]},"97o":{"weight":1.0,"played":[1.0,0.0,0.0],"evs":[0.0,-0.51202,-1.74709]},"T7o":{"weight":1.0,"played":[1.0,0.0,0.0],"evs":[0.0,-0.59481,-1.85566]},"J7o":{"weight":1.0,"played":[1.0,0.0,0.0],"evs":[0.0,-0.66777,-1.87586]},"Q7o":{"weight":1.0,"played":[1.0,0.0,0.0],"evs":[0.0,-0.69138,-1.79124]},"K7o":{"weight":1.0,"played":[1.0,0.0,0.0],"evs":[0.0,-0.61543,-1.43915]},"A7o":{"weight":1.0,"played":[1.0,0.0,0.0],"evs":[0.0,-0.39736,-0.80365]},"82s":{"weight":1.0,"played":[1.0,0.0,0.0],"evs":[0.0,-0.64904,-2.1557]},"83s":{"weight":1.0,"played":[1.0,0.0,0.0],"evs":[0.0,-0.64871,-2.13849]},"84s":{"weight":1.0,"played":[1.0,0.0,0.0],"evs":[0.0,-0.53039,-1.79801]},"85s":{"weight":1.0,"played":[1.0,0.0,0.0],"evs":[0.0,-0.38749,-1.47599]},"86s":{"weight":1.0,"played":[1.0,0.0,0.0],"evs":[0.0,-0.26111,-1.17238]},"87s":{"weight":1.0,"played":[1.0,0.0,0.0],"evs":[0.0,-0.19995,-0.97512]},"88":{"weight":1.0,"played":[0.0,0.0,1.0],"evs":[0.0,1.31779,1.56973]},"98o":{"weight":1.0,"played":[1.0,0.0,0.0],"evs":[0.0,-0.45661,-1.53998]},"T8o":{"weight":1.0,"played":[1.0,0.0,0.0],"evs":[0.0,-0.51229,-1.59265]},"J8o":{"weight":1.0,"played":[1.0,0.0,0.0],"evs":[0.0,-0.5892,-1.62035]},"Q8o":{"weight":1.0,"played":[1.0,0.0,0.0],"evs":[0.0,-0.61723,-1.55447]},"K8o":{"weight":1.0,"played":[1.0,0.0,0.0],"evs":[0.0,-0.6114,-1.42285]},"A8o":{"weight":1.0,"played":[1.0,0.0,0.0],"evs":[0.0,-0.3573,-0.66058]},"92s":{"weight":1.0,"played":[1.0,0.0,0.0],"evs":[0.0,-0.64702,-2.03392]},"93s":{"weight":1.0,"played":[1.0,0.0,0.0],"evs":[0.0,-0.62415,-1.95431]},"94s":{"weight":1.0,"played":[1.0,0.0,0.0],"evs":[0.0,-0.59514,-1.89974]},"95s":{"weight":1.0,"played":[1.0,0.0,0.0],"evs":[0.0,-0.46938,-1.57526]},"96s":{"weight":1.0,"played":[1.0,0.0,0.0],"evs":[0.0,-0.33061,-1.27708]},"97s":{"weight":1.0,"played":[1.0,0.0,0.0],"evs":[0.0,-0.24378,-1.04954]},"98s":{"weight":1.0,"played":[1.0,0.0,0.0],"evs":[0.0,-0.17316,-0.83909]},"99":{"weight":1.0,"played":[0.0,0.0,1.0],"evs":[0.0,1.80663,2.23024]},"T9o":{"weight":1.0,"played":[1.0,0.0,0.0],"evs":[0.0,-0.42218,-1.25674]},"J9o":{"weight":1.0,"played":[1.0,0.0,0.0],"evs":[0.0,-0.48017,-1.24468]},"Q9o":{"weight":1.0,"played":[1.0,0.0,0.0],"evs":[0.0,-0.51259,-1.18839]},"K9o":{"weight":1.0,"played":[1.0,0.0,0.0],"evs":[0.0,-0.52599,-1.06878]},"A9o":{"weight":1.0,"played":[1.0,0.0,0.0],"evs":[0.0,-0.19954,-0.36543]},"T2s":{"weight":1.0,"played":[1.0,0.0,0.0],