{"equityUnit":"TABLE_EQUITY_PERCENT","conversionFactors":{"toUSD":8.959676,"toRegularPrizePercent":0.22438458},"preHandEquity":[20.53323,17.04743,12.76122,15.93697,15.83782,17.88334],"bubbleFactors":[[-1.0,0.973,0.899,0.955,0.949,0.981],[1.164,-1.0,0.914,0.975,0.968,1.163],[1.123,1.122,-1.0,1.121,1.121,1.122],[1.155,1.152,0.919,-1.0,0.976,1.153],[1.154,1.151,0.92,1.151,-1.0,1.152],[1.172,0.989,0.91,0.97,0.963,-1.0]]}