{"player":1,"street":0,"children":4,"sequence":[{"player":0,"type":"R","amount":200000,"street":0}],"actions":[{"type":"F","amount":0,"node":195},{"type":"C","amount":200000,"node":355},{"type":"R","amount":500000},{"type":"R","amount":2215000,"node":670}],"hands":{"22":{"weight":1.0,"played":[0.0508,0.2651,0.0,0.684],"evs":[0.0,0.00448,-0.14442,0.01644]},"32o":{"weight":1.0,"played":[1.0,0.0,0.0,0.0],"evs":[0.0,-0.92278,-1.13946,-2.88952]},"42o":{"weight":1.0,"played":[1.0,0.0,0.0,0.0],"evs":[0.0,-0.87206,-1.09113,-2.75698]},"52o":{"weight":1.0,"played":[1.0,0.0,0.0,0.0],"evs":[0.0,-0.82472,-1.01699,-2.53958]},"62o":{"weight":1.0,"played":[1.0,0.0,0.0,0.0],"evs":[0.0,-0.94656,-1.06909,-2.7879]},"72o":{"weight":1.0,"played":[1.0,0.0,0.0,0.0],"evs":[0.0,-1.03036,-1.15587,-3.04915]},"82o":{"weight":1.0,"played":[1.0,0.0,0.0,0.0],"evs":[0.0,-1.00529,-1.10533,-2.83024]},"92o":{"weight":1.0,"played":[1.0,0.0,0.0,0.0],"evs":[0.0,-0.98193,-1.09854,-2.68505]},"T2o":{"weight":1.0,"played":[1.0,0.0,0.0,0.0],"evs":[0.0,-0.9765,-1.1039,-2.61687]},"J2o":{"weight":1.0,"played":[1.0,0.0,0.0,0.0],"evs":[0.0,-0.93798,-1.01827,-2.42979]},"Q2o":{"weight":1.0,"played":[1.0,0.0,0.0,0.0],"evs":[0.0,-0.86394,-0.92399,-2.1701]},"K2o":{"weight":1.0,"played":[1.0,0.0,0.0,0.0],"evs":[0.0,-0.75737,-0.80863,-1.81776]},"A2o":{"weight":1.0,"played":[1.0,0.0,0.0,0.0],"evs":[0.0,-0.56961,-0.45659,-1.07303]},"32s":{"weight":1.0,"played":[1.0,0.0,0.0,0.0],"evs":[0.0,-0.52395,-0.80836,-1.82028]},"33":{"weight":1.0,"played":[0.0,0.0028,0.0,0.9972],"evs":[0.0,0.14758,0.09849,0.2024]},"43o":{"weight":1.0,"played":[1.0,0.0,0.0,0.0],"evs":[0.0,-0.73525,-0.96593,-2.37002]},"53o":{"weight":1.0,"played":[1.0,0.0,0.0,0.0],"evs":[0.0,-0.67652,-0.89602,-2.1396]},"63o":{"weight":1.0,"played":[1.0,0.0,0.0,0.0],"evs":[0.0,-0.77607,-0.9316,-2.3799]},"73o":{"weight":1.0,"played":[1.0,0.0,0.0,0.0],"evs":[0.0,-0.91648,-1.02187,-2.65588]},"83o":{"weight":1.0,"played":[1.0,0.0,0.0,0.0],"evs":[0.0,-0.99036,-1.10426,-2.83542]},"93o":{"weight":1.0,"played":[1.0,0.0,0.0,0.0],"evs":[0.0,-0.94497,-1.06192,-2.57564]},"T3o":{"weight":1.0,"played":[1.0,0.0,0.0,0.0],"evs":[0.0,-0.93643,-1.06321,-2.5201]},"J3o":{"weight":1.0,"played":[1.0,0.0,0.0,0.0],"evs":[0.0,-0.89845,-0.96575,-2.33132]},"Q3o":{"weight":1.0,"played":[1.0,0.0,0.0,0.0],"evs":[0.0,-0.82586,-0.87611,-2.06108]},"K3o":{"weight":1.0,"played":[1.0,0.0,0.0,0.0],"evs":[0.0,-0.71088,-0.76299,-1.71469]},"A3o":{"weight":1.0,"played":[1.0,0.0,0.0,0.0],"evs":[0.0,-0.49768,-0.40157,-0.98224]},"42s":{"weight":1.0,"played":[1.0,0.0,0.0,0.0],"evs":[0.0,-0.4937,-0.78328,-1.75748]},"43s":{"weight":1.0,"played":[1.0,0.0,0.0,0.0],"evs":[0.0,-0.3301,-0.63931,-1.35406]},"44":{"weight":1.0,"played":[0.0,0.9007,0.0013,0.098],"evs":[0.0,0.40035,0.39329,0.39878]},"54o":{"weight":1.0,"played":[1.0,0.0,0.0,0.0],"evs":[0.0,-0.52313,-0.75668,-1.76551]},"64o":{"weight":1.0,"played":[1.0,0.0,0.0,0.0],"evs":[0.0,-0.61127,-0.79772,-2.00299]},"74o":{"weight":1.0,"played":[1.0,0.0,0.0,0.0],"evs":[0.0,-0.76098,-0.88424,-2.25245]},"84o":{"weight":1.0,"played":[1.0,0.0,0.0,0.0],"evs":[0.0,-0.8571,-0.96003,-2.43047]},"94o":{"weight":1.0,"played":[1.0,0.0,0.0,0.0],"evs":[0.0,-0.91157,-1.03331,-2.58108]},"T4o":{"weight":1.0,"played":[1.0,0.0,0.0,0.0],"evs":[0.0,-0.88793,-1.00896,-2.42823]},"J4o":{"weight":1.0,"played":[1.0,0.0,0.0,0.0],"evs":[0.0,-0.85112,-0.91593,-2.23145]},"Q4o":{"weight":1.0,"played":[1.0,0.0,0.0,0.0],"evs":[0.0,-0.77444,-0.83556,-1.98889]},"K4o":{"weight":1.0,"played":[1.0,0.0,0.0,0.0],"evs":[0.0,-0.65909,-0.71511,-1.61736]},"A4o":{"weight":1.0,"played":[1.0,0.0,0.0,0.0],"evs":[0.0,-0.41963,-0.34112,-0.88933]},"52s":{"weight":1.0,"played":[1.0,0.0,0.0,0.0],"evs":[0.0,-0.40984,-0.69492,-1.49973]},"53s":{"weight":1.0,"played":[1.0,0.0,0.0,0.0],"evs":[0.0,-0.26667,-0.56573,-1.16119]},"54s":{"weight":1.0,"played":[1.0,0.0,0.0,0.0],"evs":[0.0,-0.10245,-0.42565,-0.81477]},"55":{"weight":1.0,"played":[0.0,1.0,0.0,0.0],"evs":[0.0,0.84383,0.80119,0.78346]},"65o":{"weight":1.0,"played":[1.0,0.0,0.0,0.0],"evs":[0.0,-0.45461,-0.65137,-1.55543]},"75o":{"weight":1.0,"played":[1.0,0.0,0.0,0.0],"evs":[0.0,-0.57992,-0.73605,-1.79124]},"85o":{"weight":1.0,"played":[1.0,0.0,0.0,0.0],"evs":[0.0,-0.68889,-0.803,-1.95176]},"95o":{"weight":1.0,"played":[1.0,0.0,0.0,0.0],"evs":[0.0,-0.76838,-0.87532,-2.10619]},"T5o":{"weight":1.0,"played":[1.0,0.0,0.0,0.0],"evs":[0.0,-0.85128,-0.96605,-2.33402]},"J5o":{"weight":1.0,"played":[1.0,0.0,0.0,0.0],"evs":[0.0,-0.79875,-0.85985,-2.06151]},"Q5o":{"weight":1.0,"played":[1.0,0.0,0.0,0.0],"evs":[0.0,-0.71543,-0.76567,-1.80184]},"K5o":{"weight":1.0,"played":[1.0,0.0,0.0,0.0],"evs":[0.0,-0.58181,-0.64128,-1.44577]},"A5o":{"weight":1.0,"played":[1.0,0.0,0.0,0.0],"evs":[0.0,-0.3208,-0.24079,-0.70502]},"62s":{"weight":1.0,"played":[1.0,0.0,0.0,0.0],"evs":[0.0,-0.54058,-0.73899,-1.73287]},"63s":{"weight":1.0,"played":[1.0,0.0,0.0,0.0],"evs":[0.0,-0.38092,-0.62453,-1.37301]},"64s":{"weight":1.0,"played":[1.0,0.0,0.0,0.0],"evs":[0.0,-0.20591,-0.4671,-1.02034]},"65s":{"weight":1.0,"played":[0.8576,0.1424,0.0,0.0],"evs":[0.0,-2.2E-4,-0.29211,-0.59052]},"66":{"weight":1.0,"played":[0.0,0.8539,0.0,0.1461],"evs":[0.0,1.36942,1.28223,1.3576]},"76o":{"weight":1.0,"played":[1.0,0.0,0.0,0.0],"evs":[0.0,-0.45217,-0.57545,-1.36466]},"86o":{"weight":1.0,"played":[1.0,0.0,0.0,0.0],"evs":[0.0,-0.53018,-0.64189,-1.51651]},"96o":{"weight":1.0,"played":[1.0,0.0,0.0,0.0],"evs":[0.0,-0.60274,-0.70763,-1.65916]},"T6o":{"weight":1.0,"played":[1.0,0.0,0.0,0.0],"evs":[0.0,-0.71963,-0.81218,-1.86527]},"J6o":{"weight":1.0,"played":[1.0,0.0,0.0,0.0],"evs":[0.0,-0.76665,-0.80004,-1.9665]},"Q6o":{"weight":1.0,"played":[1.0,0.0,0.0,0.0],"evs":[0.0,-0.6658,-0.69635,-1.63248]},"K6o":{"weight":1.0,"played":[1.0,0.0,0.0,0.0],"evs":[0.0,-0.5371,-0.57771,-1.28343]},"A6o":{"weight":1.0,"played":[1.0,0.0,0.0,0.0],"evs":[0.0,-0.40418,-0.27674,-0.9073]},"72s":{"weight":1.0,"played":[1.0,0.0,0.0,0.0],"evs":[0.0,-0.65328,-0.83531,-1.99423]},"73s":{"weight":1.0,"played":[1.0,0.0,0.0,0.0],"evs":[0.0,-0.52254,-0.70733,-1.60273]},"74s":{"weight":1.0,"played":[1.0,0.0,0.0,0.0],"evs":[0.0,-0.34697,-0.55517,-1.22794]},"75s":{"weight":1.0,"played":[1.0,0.0,0.0,0.0],"evs":[0.0,-0.15918,-0.40453,-0.8107]},"76s":{"weight":1.0,"played":[4.0E-4,0.9996,0.0,0.0],"evs":[0.0,0.04073,-0.18001,-0.4085]},"77":{"weight":1.0,"played":[0.0,0.0448,0.0,0.9552],"evs":[0.0,1.92857,1.76905,1.94979]},"87o":{"weight":1.0,"played":[1.0,0.0,0.0,0.0],"evs":[0.0,-0.45388,-0.55284,-1.18397]},"97o":{"weight":1.0,"played":[1.0,0.0,0.0,0.0],"evs":[0.0,-0.48404,-0.60226,-1.30824]},"T7o":{"weight":1.0,"played":[1.0,0.0,0.0,0.0],"evs":[0.0,-0.58789,-0.70287,-1.5195]},"J7o":{"weight":1.0,"played":[1.0,0.0,0.0,0.0],"evs":[0.0,-0.6645,-0.71093,-1.62974]},"Q7o":{"weight":1.0,"played":[1.0,0.0,0.0,0.0],"evs":[0.0,-0.67497,-0.70397,-1.62691]},"K7o":{"weight":1.0,"played":[1.0,0.0,0.0,0.0],"evs":[0.0,-0.53771,-0.56058,-1.20953]},"A7o":{"weight":1.0,"played":[1.0,0.0,0.0,0.0],"evs":[0.0,-0.33268,-0.17683,-0.72116]},"82s":{"weight":1.0,"played":[1.0,0.0,0.0,0.0],"evs":[0.0,-0.60368,-0.77779,-1.77675]},"83s":{"weight":1.0,"played":[1.0,0.0,0.0,0.0],"evs":[0.0,-0.59202,-0.76392,-1.7727]},"84s":{"weight":1.0,"played":[1.0,0.0,0.0,0.0],"evs":[0.0,-0.45311,-0.64702,-1.42627]},"85s":{"weight":1.0,"played":[1.0,0.0,0.0,0.0],"evs":[0.0,-0.26726,-0.47054,-0.97647]},"86s":{"weight":1.0,"played":[1.0,0.0,0.0,0.0],"evs":[0.0,-0.069,-0.256,-0.53628]},"87s":{"weight":1.0,"played":[4.0E-4,0.9996,0.0,0.0],"evs":[0.0,0.05397,-0.11439,-0.2318]},"88":{"weight":1.0,"played":[0.0,1.0E-4,0.0,0.9999],"evs":[0.0,2.63989,2.55169,2.77658]},"98o":{"weight":1.0,"played":[1.0,0.0,0.0,0.0],"evs":[0.0,-0.39633,-0.48265,-0.95298]},"T8o":{"weight":1.0,"played":[1.0,0.0,0.0,0.0],"evs":[0.0,-0.43725,-0.57283,-1.07909]},"J8o":{"weight":1.0,"played":[1.0,0.0,0.0,0.0],"evs":[0.0,-0.52173,-0.59604,-1.22576]},"Q8o":{"weight":1.0,"played":[1.0,0.0,0.0,0.0],