{"player":3,"street":0,"children":2,"sequence":[{"player":0,"type":"R","amount":200000,"street":0},{"player":1,"type":"C","amount":200000,"street":0},{"player":2,"type":"R","amount":600000,"street":0}],"actions":[{"type":"F","amount":0,"node":552},{"type":"R","amount":1215000,"node":600}],"hands":{"22":{"weight":1.0,"played":[0.9993,7.0E-4],"evs":[0.0,-2.07553]},"32o":{"weight":1.0,"played":[1.0,0.0],"evs":[0.0,-4.7611]},"42o":{"weight":1.0,"played":[1.0,0.0],"evs":[0.0,-5.04051]},"52o":{"weight":1.0,"played":[1.0,0.0],"evs":[0.0,-4.54902]},"62o":{"weight":1.0,"played":[1.0,0.0],"evs":[0.0,-4.55664]},"72o":{"weight":1.0,"played":[1.0,0.0],"evs":[0.0,-5.184]},"82o":{"weight":1.0,"played":[1.0,0.0],"evs":[0.0,-5.37628]},"92o":{"weight":1.0,"played":[1.0,0.0],"evs":[0.0,-5.32694]},"T2o":{"weight":1.0,"played":[1.0,0.0],"evs":[0.0,-5.41294]},"J2o":{"weight":1.0,"played":[0.9999,1.0E-4],"evs":[0.0,-5.70147]},"Q2o":{"weight":1.0,"played":[0.9997,3.0E-4],"evs":[0.0,-5.328]},"K2o":{"weight":1.0,"played":[1.0,0.0],"evs":[0.0,-3.89682]},"A2o":{"weight":1.0,"played":[0.9999,1.0E-4],"evs":[0.0,-3.92642]},"32s":{"weight":1.0,"played":[1.0,0.0],"evs":[0.0,-3.27731]},"33":{"weight":1.0,"played":[0.9842,0.0158],"evs":[0.0,-2.27566]},"43o":{"weight":1.0,"played":[0.9999,1.0E-4],"evs":[0.0,-4.64613]},"53o":{"weight":1.0,"played":[1.0,0.0],"evs":[0.0,-3.79424]},"63o":{"weight":1.0,"played":[1.0,0.0],"evs":[0.0,-4.67994]},"73o":{"weight":1.0,"played":[1.0,0.0],"evs":[0.0,-5.10139]},"83o":{"weight":1.0,"played":[0.9999,1.0E-4],"evs":[0.0,-5.25358]},"93o":{"weight":1.0,"played":[1.0,0.0],"evs":[0.0,-5.18902]},"T3o":{"weight":1.0,"played":[0.9999,1.0E-4],"evs":[0.0,-5.70857]},"J3o":{"weight":1.0,"played":[1.0,0.0],"evs":[0.0,-5.5175]},"Q3o":{"weight":1.0,"played":[1.0,0.0],"evs":[0.0,-4.52067]},"K3o":{"weight":1.0,"played":[0.9999,1.0E-4],"evs":[0.0,-4.23514]},"A3o":{"weight":1.0,"played":[0.9999,1.0E-4],"evs":[0.0,-3.67212]},"42s":{"weight":1.0,"played":[1.0,0.0],"evs":[0.0,-3.40806]},"43s":{"weight":1.0,"played":[0.9997,3.0E-4],"evs":[0.0,-2.03184]},"44":{"weight":1.0,"played":[0.9992,8.0E-4],"evs":[0.0,-2.34345]},"54o":{"weight":1.0,"played":[0.9982,0.0018],"evs":[0.0,-3.46393]},"64o":{"weight":1.0,"played":[0.9999,1.0E-4],"evs":[0.0,-3.80952]},"74o":{"weight":1.0,"played":[1.0,0.0],"evs":[0.0,-4.77127]},"84o":{"weight":1.0,"played":[0.9998,2.0E-4],"evs":[0.0,-5.16178]},"94o":{"weight":1.0,"played":[1.0,0.0],"evs":[0.0,-5.26563]},"T4o":{"weight":1.0,"played":[1.0,0.0],"evs":[0.0,-5.95992]},"J4o":{"weight":1.0,"played":[1.0,0.0],"evs":[0.0,-5.65795]},"Q4o":{"weight":1.0,"played":[0.9998,2.0E-4],"evs":[0.0,-4.82305]},"K4o":{"weight":1.0,"played":[0.9997,3.0E-4],"evs":[0.0,-4.43513]},"A4o":{"weight":1.0,"played":[1.0,0.0],"evs":[0.0,-3.38703]},"52s":{"weight":1.0,"played":[0.9984,0.0016],"evs":[0.0,-4.2697]},"53s":{"weight":1.0,"played":[0.9992,8.0E-4],"evs":[0.0,-2.64029]},"54s":{"weight":1.0,"played":[0.998,0.002],"evs":[0.0,-2.02362]},"55":{"weight":1.0,"played":[0.9977,0.0023],"evs":[0.0,-0.91002]},"65o":{"weight":1.0,"played":[1.0,0.0],"evs":[0.0,-3.50964]},"75o":{"weight":1.0,"played":[1.0,0.0],"evs":[0.0,-3.40367]},"85o":{"weight":1.0,"played":[1.0,0.0],"evs":[0.0,-4.30591]},"95o":{"weight":1.0,"played":[1.0,0.0],"evs":[0.0,-4.27583]},"T5o":{"weight":1.0,"played":[1.0,0.0],"evs":[0.0,-5.08613]},"J5o":{"weight":1.0,"played":[1.0,0.0],"evs":[0.0,-5.3216]},"Q5o":{"weight":1.0,"played":[1.0,0.0],"evs":[0.0,-5.07984]},"K5o":{"weight":1.0,"played":[0.9998,2.0E-4],"evs":[0.0,-3.88531]},"A5o":{"weight":1.0,"played":[1.0,0.0],"evs":[0.0,-3.00033]},"62s":{"weight":1.0,"played":[0.9978,0.0022],"evs":[0.0,-3.07138]},"63s":{"weight":1.0,"played":[0.9993,7.0E-4],"evs":[0.0,-4.11344]},"64s":{"weight":1.0,"played":[0.998,0.002],"evs":[0.0,-2.64396]},"65s":{"weight":1.0,"played":[0.9943,0.0057],"evs":[0.0,-2.45582]},"66":{"weight":1.0,"played":[0.7393,0.2607],"evs":[0.0,-0.81705]},"76o":{"weight":1.0,"played":[0.9992,8.0E-4],"evs":[0.0,-2.95453]},"86o":{"weight":1.0,"played":[0.9999,1.0E-4],"evs":[0.0,-3.09694]},"96o":{"weight":1.0,"played":[1.0,0.0],"evs":[0.0,-4.25464]},"T6o":{"weight":1.0,"played":[1.0,0.0],"evs":[0.0,-4.73945]},"J6o":{"weight":1.0,"played":[1.0,0.0],"evs":[0.0,-5.70336]},"Q6o":{"weight":1.0,"played":[1.0,0.0],"evs":[0.0,-4.1565]},"K6o":{"weight":1.0,"played":[1.0,0.0],"evs":[0.0,-3.94664]},"A6o":{"weight":1.0,"played":[1.0,0.0],"evs":[0.0,-3.58873]},"72s":{"weight":1.0,"played":[0.9969,0.0031],"evs":[0.0,-4.25073]},"73s":{"weight":1.0,"played":[0.9999,1.0E-4],"evs":[0.0,-2.6114]},"74s":{"weight":1.0,"played":[0.9962,0.0038],"evs":[0.0,-2.63268]},"75s":{"weight":1.0,"played":[0.9992,8.0E-4],"evs":[0.0,-2.01737]},"76s":{"weight":1.0,"played":[0.9838,0.0162],"evs":[0.0,-1.55281]},"77":{"weight":1.0,"played":[0.0,1.0],"evs":[0.0,0.20167]},"87o":{"weight":1.0,"played":[1.0,0.0],"evs":[0.0,-3.10034]},"97o":{"weight":1.0,"played":[1.0,0.0],"evs":[0.0,-3.46544]},"T7o":{"weight":1.0,"played":[1.0,0.0],"evs":[0.0,-4.22466]},"J7o":{"weight":1.0,"played":[0.9999,1.0E-4],"evs":[0.0,-4.9186]},"Q7o":{"weight":1.0,"played":[0.9997,3.0E-4],"evs":[0.0,-4.00244]},"K7o":{"weight":1.0,"played":[0.9995,5.0E-4],"evs":[0.0,-3.61923]},"A7o":{"weight":1.0,"played":[0.9998,2.0E-4],"evs":[0.0,-3.66926]},"82s":{"weight":1.0,"played":[1.0,0.0],"evs":[0.0,-3.32226]},"83s":{"weight":1.0,"played":[1.0,0.0],"evs":[0.0,-3.62913]},"84s":{"weight":1.0,"played":[1.0,0.0],"evs":[0.0,-3.86176]},"85s":{"weight":1.0,"played":[0.9992,8.0E-4],"evs":[0.0,-2.67835]},"86s":{"weight":1.0,"played":[0.9976,0.0024],"evs":[0.0,-2.71454]},"87s":{"weight":1.0,"played":[0.9957,0.0043],"evs":[0.0,-2.08054]},"88":{"weight":1.0,"played":[0.0685,0.9315],"evs":[0.0,0.93195]},"98o":{"weight":1.0,"played":[0.9997,3.0E-4],"evs":[0.0,-3.25363]},"T8o":{"weight":1.0,"played":[0.9974,0.0026],"evs":[0.0,-3.32686]},"J8o":{"weight":1.0,"played":[0.9999,1.0E-4],"evs":[0.0,-4.37438]},"Q8o":{"weight":1.0,"played":[1.0,0.0],"evs":[0.0,-3.61827]},"K8o":{"weight":1.0,"played":[0.9989,0.0011],"evs":[0.0,-4.05655]},"A8o":{"weight":1.0,"played":[0.9997,3.0E-4],"evs":[0.0,-3.03799]},"92s":{"weight":1.0,"played":[0.9998,2.0E-4],"evs":[0.0,-4.22736]},"93s":{"weight":1.0,"played":[0.9999,1.0E-4],"evs":[0.0,-4.03021]},"94s":{"weight":1.0,"played":[0.9999,1.0E-4],"evs":[0.0,-4.13313]},"95s":{"weight":1.0,"played":[0.9987,0.0013],"evs":[0.0,-3.04752]},"96s":{"weight":1.0,"played":[0.9957,0.0043],"evs":[0.0,-3.1015]},"97s":{"weight":1.0,"played":[0.9886,0.0114],"evs":[0.0,-2.10395]},"98s":{"weight":1.0,"played":[0.9782,0.0218],"evs":[0.0,-2.42628]},"99":{"weight":1.0,"played":[1.0E-4,0.9999],"evs":[0.0,1.23517]},"T9o":{"weight":1.0,"played":[0.9996,4.0E-4],"evs":[0.0,-3.75238]},"J9o":{"weight":1.0,"played":[1.0,0.0],"evs":[0.0,-3.91278]},"Q9o":{"weight":1.0,"played":[0.9998,2.0E-4],"evs":[0.0,-3.4898]},"K9o":{"weight":1.0,"played":[0.9999,1.0E-4],"evs":[0.0,-3.22658]},"A9o":{"weight":1.0,"played":[0.9993,7.0E-4],"evs":[0.0,-3.13031]},"T2s":{"weight":1.0,"played":[0.998,0.002],"evs":[0.0,-3.87811]},"T3s":{"weight":1.0,"played":[0.9992,8.0E-4],"evs":[0.0,-4.00681]},"T4s":{"weight":1.0,"played":[1.0,0.0],"evs":[0.0,-3.86667]},"T5s":{"weight":1.0,"played":[0.9984,0.0016],"evs":[0.0,-3.45139]},"T6s":{"weight":1.0,"played":[0.9992,8.0E-4],"evs":[0.0,-4.20368]},"T7s":{"weight":1.0,"played":[0.9965,0.0035],"evs":[0.0,-2.31463]},"T8s":{"weight":1.0,"played":[0.9842,0.0158],"evs":[0.0,-3.43395]},"T9s":{"weight":1.0,"played":[0.9953,0.0047],"evs":[0.0,-2.46431]},"TT":{"weight":1.0,"played":[0.0027,0.9973],"evs":[0.0,1.31322]},"JTo":{"weight":1.0,"played":[0.9992,8.0E-4],"evs":[0.0,-3.75539]},"QTo":{"weight":1.0,"played":[0.9987,0.0013],"evs":[0.0,-2.88944]},"KTo":{"weight":1.0,"played":[0.9994,6.0E-4],"evs":[0.0,-2.81467]},"ATo":{"weight":1.0,"played":[1.0,0.0],"evs":[0.0,-1.9189]},"J2s":{"weight":1.0,"played":[0.9996,4.0E-4],"evs":[0.0,-4.68524]},"J3s":{"weight":1.0,"played":[0.9989,0.0011],"evs":[0.0,-4.80652]},"J4s":{"weight":1.0,