{"equityUnit":"TABLE_EQUITY_PERCENT","conversionFactors":{"toUSD":8.964949,"toRegularPrizePercent":0.22451662},"preHandEquity":[18.88706,13.63449,16.84276,15.00823,15.86206,19.76541],"bubbleFactors":[[-1.0,0.929,0.97,0.941,0.958,1.179],[1.131,-1.0,1.13,1.129,1.13,1.132],[1.161,0.939,-1.0,0.952,0.97,1.162],[1.145,0.949,1.144,-1.0,1.143,1.145],[1.153,0.944,1.151,0.958,-1.0,1.153],[0.996,0.925,0.965,0.937,0.954,-1.0]]}