{"player":3,"street":0,"children":2,"sequence":[{"player":0,"type":"R","amount":7520000,"street":0},{"player":1,"type":"R","amount":12320000,"street":0},{"player":2,"type":"C","amount":4000000,"street":0}],"actions":[{"type":"F","amount":0,"node":38},{"type":"R","amount":26400000,"node":39}],"hands":{"22":{"weight":1.0,"played":[0.0639,0.9361],"evs":[0.0,1.20232]},"32o":{"weight":1.0,"played":[0.8108,0.1892],"evs":[0.0,-0.15581]},"42o":{"weight":1.0,"played":[0.8729,0.1271],"evs":[0.0,-0.63293]},"52o":{"weight":1.0,"played":[0.9969,0.0031],"evs":[0.0,-0.77896]},"62o":{"weight":1.0,"played":[0.9988,0.0012],"evs":[0.0,-0.88239]},"72o":{"weight":1.0,"played":[0.9902,0.0098],"evs":[0.0,-1.31088]},"82o":{"weight":1.0,"played":[0.9984,0.0016],"evs":[0.0,-0.55003]},"92o":{"weight":1.0,"played":[0.8961,0.1039],"evs":[0.0,-0.53261]},"T2o":{"weight":1.0,"played":[0.9999,1.0E-4],"evs":[0.0,-0.64517]},"J2o":{"weight":1.0,"played":[0.9737,0.0263],"evs":[0.0,-0.89088]},"Q2o":{"weight":1.0,"played":[0.97,0.03],"evs":[0.0,-0.39643]},"K2o":{"weight":1.0,"played":[0.9467,0.0533],"evs":[0.0,-0.763]},"A2o":{"weight":1.0,"played":[0.567,0.433],"evs":[0.0,-0.4221]},"32s":{"weight":1.0,"played":[0.5658,0.4342],"evs":[0.0,-0.21464]},"33":{"weight":1.0,"played":[0.0049,0.9951],"evs":[0.0,0.31639]},"43o":{"weight":1.0,"played":[0.882,0.118],"evs":[0.0,-0.54993]},"53o":{"weight":1.0,"played":[0.2935,0.7065],"evs":[0.0,-0.06827]},"63o":{"weight":1.0,"played":[0.9256,0.0744],"evs":[0.0,-0.70329]},"73o":{"weight":1.0,"played":[0.9853,0.0147],"evs":[0.0,-0.63207]},"83o":{"weight":1.0,"played":[0.9895,0.0105],"evs":[0.0,-0.16745]},"93o":{"weight":1.0,"played":[0.9995,5.0E-4],"evs":[0.0,-0.6215]},"T3o":{"weight":1.0,"played":[0.9416,0.0584],"evs":[0.0,-0.84796]},"J3o":{"weight":1.0,"played":[0.9646,0.0354],"evs":[0.0,-0.47964]},"Q3o":{"weight":1.0,"played":[0.4675,0.5325],"evs":[0.0,0.03322]},"K3o":{"weight":1.0,"played":[0.9893,0.0107],"evs":[0.0,-0.31207]},"A3o":{"weight":1.0,"played":[0.994,0.006],"evs":[0.0,-0.31251]},"42s":{"weight":1.0,"played":[0.9719,0.0281],"evs":[0.0,-0.45705]},"43s":{"weight":1.0,"played":[0.8525,0.1475],"evs":[0.0,0.00534]},"44":{"weight":1.0,"played":[0.0016,0.9984],"evs":[0.0,0.79392]},"54o":{"weight":1.0,"played":[0.6428,0.3572],"evs":[0.0,-0.34759]},"64o":{"weight":1.0,"played":[0.9082,0.0918],"evs":[0.0,-0.47604]},"74o":{"weight":1.0,"played":[0.9384,0.0616],"evs":[0.0,-0.51148]},"84o":{"weight":1.0,"played":[0.9981,0.0019],"evs":[0.0,-0.87343]},"94o":{"weight":1.0,"played":[0.9939,0.0061],"evs":[0.0,-0.56831]},"T4o":{"weight":1.0,"played":[0.9852,0.0148],"evs":[0.0,-0.81957]},"J4o":{"weight":1.0,"played":[0.7709,0.2291],"evs":[0.0,-0.47018]},"Q4o":{"weight":1.0,"played":[0.775,0.225],"evs":[0.0,-0.28842]},"K4o":{"weight":1.0,"played":[0.5892,0.4108],"evs":[0.0,-0.38066]},"A4o":{"weight":1.0,"played":[0.6141,0.3859],"evs":[0.0,-0.30097]},"52s":{"weight":1.0,"played":[0.9697,0.0303],"evs":[0.0,-0.18184]},"53s":{"weight":1.0,"played":[0.3445,0.6555],"evs":[0.0,-0.01719]},"54s":{"weight":1.0,"played":[5.0E-4,0.9995],"evs":[0.0,1.31524]},"55":{"weight":1.0,"played":[5.0E-4,0.9995],"evs":[0.0,0.82835]},"65o":{"weight":1.0,"played":[0.1691,0.8309],"evs":[0.0,0.58463]},"75o":{"weight":1.0,"played":[0.8773,0.1227],"evs":[0.0,-0.1114]},"85o":{"weight":1.0,"played":[0.9076,0.0924],"evs":[0.0,-0.36248]},"95o":{"weight":1.0,"played":[0.1156,0.8844],"evs":[0.0,-0.05583]},"T5o":{"weight":1.0,"played":[0.607,0.393],"evs":[0.0,-0.28978]},"J5o":{"weight":1.0,"played":[0.7191,0.2809],"evs":[0.0,-0.05454]},"Q5o":{"weight":1.0,"played":[0.9987,0.0013],"evs":[0.0,-0.6012]},"K5o":{"weight":1.0,"played":[0.9885,0.0115],"evs":[0.0,-0.82119]},"A5o":{"weight":1.0,"played":[0.7902,0.2098],"evs":[0.0,0.10236]},"62s":{"weight":1.0,"played":[0.3535,0.6465],"evs":[0.0,-0.18187]},"63s":{"weight":1.0,"played":[0.0041,0.9959],"evs":[0.0,1.01497]},"64s":{"weight":1.0,"played":[3.0E-4,0.9997],"evs":[0.0,0.62275]},"65s":{"weight":1.0,"played":[0.0331,0.9669],"evs":[0.0,1.26998]},"66":{"weight":1.0,"played":[0.0042,0.9958],"evs":[0.0,0.83896]},"76o":{"weight":1.0,"played":[0.2214,0.7786],"evs":[0.0,0.54317]},"86o":{"weight":1.0,"played":[0.7988,0.2012],"evs":[0.0,2.7E-4]},"96o":{"weight":1.0,"played":[0.6157,0.3843],"evs":[0.0,0.14759]},"T6o":{"weight":1.0,"played":[0.7189,0.2811],"evs":[0.0,-0.01939]},"J6o":{"weight":1.0,"played":[0.3758,0.6242],"evs":[0.0,-0.01184]},"Q6o":{"weight":1.0,"played":[0.664,0.336],"evs":[0.0,-0.10823]},"K6o":{"weight":1.0,"played":[0.9948,0.0052],"evs":[0.0,-0.48219]},"A6o":{"weight":1.0,"played":[0.5261,0.4739],"evs":[0.0,0.2601]},"72s":{"weight":1.0,"played":[0.7215,0.2785],"evs":[0.0,0.09798]},"73s":{"weight":1.0,"played":[0.1721,0.8279],"evs":[0.0,0.41015]},"74s":{"weight":1.0,"played":[0.2652,0.7348],"evs":[0.0,0.55427]},"75s":{"weight":1.0,"played":[0.1812,0.8188],"evs":[0.0,0.12293]},"76s":{"weight":1.0,"played":[0.0155,0.9845],"evs":[0.0,0.62441]},"77":{"weight":1.0,"played":[0.0022,0.9978],"evs":[0.0,2.10982]},"87o":{"weight":1.0,"played":[0.0788,0.9212],"evs":[0.0,0.63766]},"97o":{"weight":1.0,"played":[0.0075,0.9925],"evs":[0.0,0.2032]},"T7o":{"weight":1.0,"played":[0.0801,0.9199],"evs":[0.0,0.19285]},"J7o":{"weight":1.0,"played":[0.9472,0.0528],"evs":[0.0,-0.13254]},"Q7o":{"weight":1.0,"played":[0.6498,0.3502],"evs":[0.0,-0.30563]},"K7o":{"weight":1.0,"played":[0.8738,0.1262],"evs":[0.0,-0.24361]},"A7o":{"weight":1.0,"played":[0.3759,0.6241],"evs":[0.0,0.1482]},"82s":{"weight":1.0,"played":[0.6756,0.3244],"evs":[0.0,0.26754]},"83s":{"weight":1.0,"played":[0.1103,0.8897],"evs":[0.0,0.49468]},"84s":{"weight":1.0,"played":[0.1777,0.8223],"evs":[0.0,-0.18617]},"85s":{"weight":1.0,"played":[0.4787,0.5213],"evs":[0.0,-0.30712]},"86s":{"weight":1.0,"played":[0.0099,0.9901],"evs":[0.0,1.11588]},"87s":{"weight":1.0,"played":[0.0213,0.9787],"evs":[0.0,1.24042]},"88":{"weight":1.0,"played":[2.0E-4,0.9998],"evs":[0.0,1.90828]},"98o":{"weight":1.0,"played":[0.0067,0.9933],"evs":[0.0,0.57753]},"T8o":{"weight":1.0,"played":[0.3776,0.6224],"evs":[0.0,0.51412]},"J8o":{"weight":1.0,"played":[0.1158,0.8842],"evs":[0.0,0.07634]},"Q8o":{"weight":1.0,"played":[0.324,0.676],"evs":[0.0,0.40744]},"K8o":{"weight":1.0,"played":[0.0249,0.9751],"evs":[0.0,0.62932]},"A8o":{"weight":1.0,"played":[0.8417,0.1583],"evs":[0.0,-0.24892]},"92s":{"weight":1.0,"played":[0.866,0.134],"evs":[0.0,-0.40644]},"93s":{"weight":1.0,"played":[0.6405,0.3595],"evs":[0.0,-0.07171]},"94s":{"weight":1.0,"played":[0.1164,0.8836],"evs":[0.0,0.62493]},"95s":{"weight":1.0,"played":[0.0096,0.9904],"evs":[0.0,0.23942]},"96s":{"weight":1.0,"played":[0.4317,0.5683],"evs":[0.0,0.71229]},"97s":{"weight":1.0,"played":[0.2627,0.7373],"evs":[0.0,1.40265]},"98s":{"weight":1.0,"played":[0.0066,0.9934],"evs":[0.0,0.81273]},"99":{"weight":1.0,"played":[1.0E-4,0.9999],"evs":[0.0,2.23143]},"T9o":{"weight":1.0,"played":[0.0732,0.9268],"evs":[0.0,0.55037]},"J9o":{"weight":1.0,"played":[0.0169,0.9831],"evs":[0.0,0.25667]},"Q9o":{"weight":1.0,"played":[0.039,0.961],"evs":[0.0,0.31807]},"K9o":{"weight":1.0,"played":[0.0423,0.9577],"evs":[0.0,0.34444]},"A9o":{"weight":1.0,"played":[0.2981,0.7019],"evs":[0.0,-0.27951]},"T2s":{"weight":1.0,"played":[0.6967,0.3033],"evs":[0.0,-0.21175]},"T3s":{"weight":1.0,"played":[0.9255,0.0745],"evs":[0.0,-0.93658]},"T4s":{"weight":1.0,"played":[0.4117,0.5883],"evs":[0.0,-0.1271]},"T5s":{"weight":1.0,"played":[0.0015,0.9985],"evs":[0.0,0.5067]},"T6s":{"weight":1.0,"played":[0.7677,0.2323],"evs":[0.0,0.04523]},"T7s":{"weight":1.0,"played":[0.0105,0.9895],"evs":[0.0,1.07907]},"T8s":{"weight":1.0,"played":[0.0621,0.9379],"evs":[0.0,2.04322]},"T9s":{"weight":1.0,"played":[0.143,0.857],"evs":[0.0,1.1975]},"TT":{"weight":1.0,"played":[0.0,1.0],"evs":[0.0,2.58795]},"JTo":{"weight":1.0,"played":[0.2537,0.7463],"evs":[0.0,0.27248]},"QTo":{"weight":1.0,"played":[0.6505,0.3495],"evs":[0.0,-0.20624]},"KTo":{"weight":1.0,"played":[3.0E-4,0.9997],"evs":[0.0,0.53844]},"ATo":{"weight":1.0,