{"player":1,"street":0,"children":3,"sequence":[{"player":0,"type":"R","amount":1415000,"street":0}],"actions":[{"type":"F","amount":0,"node":426},{"type":"C","amount":1415000,"node":451},{"type":"R","amount":1995000,"node":485}],"hands":{"22":{"weight":1.0,"played":[0.9972,0.0023,5.0E-4],"evs":[0.0,-0.24596,-0.22005]},"32o":{"weight":1.0,"played":[1.0,0.0,0.0],"evs":[0.0,-5.337,-5.32655]},"42o":{"weight":1.0,"played":[1.0,0.0,0.0],"evs":[0.0,-5.0992,-5.09112]},"52o":{"weight":1.0,"played":[1.0,0.0,0.0],"evs":[0.0,-4.82499,-4.82122]},"62o":{"weight":1.0,"played":[1.0,0.0,0.0],"evs":[0.0,-5.12213,-5.12157]},"72o":{"weight":1.0,"played":[1.0,0.0,0.0],"evs":[0.0,-5.46843,-5.46499]},"82o":{"weight":1.0,"played":[1.0,0.0,0.0],"evs":[0.0,-5.12784,-5.12439]},"92o":{"weight":1.0,"played":[1.0,0.0,0.0],"evs":[0.0,-4.97346,-4.97142]},"T2o":{"weight":1.0,"played":[1.0,0.0,0.0],"evs":[0.0,-4.91275,-4.90488]},"J2o":{"weight":1.0,"played":[1.0,0.0,0.0],"evs":[0.0,-4.77715,-4.75992]},"Q2o":{"weight":1.0,"played":[1.0,0.0,0.0],"evs":[0.0,-4.5406,-4.51815]},"K2o":{"weight":1.0,"played":[1.0,0.0,0.0],"evs":[0.0,-4.02491,-3.99968]},"A2o":{"weight":1.0,"played":[1.0,0.0,0.0],"evs":[0.0,-2.53556,-2.54198]},"32s":{"weight":1.0,"played":[1.0,0.0,0.0],"evs":[0.0,-3.76038,-3.74857]},"33":{"weight":1.0,"played":[0.151,0.2647,0.5843],"evs":[0.0,-0.01383,0.01128]},"43o":{"weight":1.0,"played":[1.0,0.0,0.0],"evs":[0.0,-4.50641,-4.49914]},"53o":{"weight":1.0,"played":[1.0,0.0,0.0],"evs":[0.0,-4.20465,-4.19949]},"63o":{"weight":1.0,"played":[1.0,0.0,0.0],"evs":[0.0,-4.53289,-4.52946]},"73o":{"weight":1.0,"played":[1.0,0.0,0.0],"evs":[0.0,-4.85804,-4.8576]},"83o":{"weight":1.0,"played":[1.0,0.0,0.0],"evs":[0.0,-5.07201,-5.06738]},"93o":{"weight":1.0,"played":[1.0,0.0,0.0],"evs":[0.0,-4.81956,-4.81369]},"T3o":{"weight":1.0,"played":[1.0,0.0,0.0],"evs":[0.0,-4.76491,-4.75677]},"J3o":{"weight":1.0,"played":[1.0,0.0,0.0],"evs":[0.0,-4.60294,-4.58464]},"Q3o":{"weight":1.0,"played":[1.0,0.0,0.0],"evs":[0.0,-4.36272,-4.33925]},"K3o":{"weight":1.0,"played":[1.0,0.0,0.0],"evs":[0.0,-3.88062,-3.85679]},"A3o":{"weight":1.0,"played":[1.0,0.0,0.0],"evs":[0.0,-2.39193,-2.39563]},"42s":{"weight":1.0,"played":[1.0,0.0,0.0],"evs":[0.0,-3.50934,-3.50139]},"43s":{"weight":1.0,"played":[1.0,0.0,0.0],"evs":[0.0,-2.9632,-2.95369]},"44":{"weight":1.0,"played":[0.0,0.1704,0.8296],"evs":[0.0,0.51077,0.52367]},"54o":{"weight":1.0,"played":[1.0,0.0,0.0],"evs":[0.0,-3.60121,-3.59657]},"64o":{"weight":1.0,"played":[1.0,0.0,0.0],"evs":[0.0,-3.89017,-3.89223]},"74o":{"weight":1.0,"played":[1.0,0.0,0.0],"evs":[0.0,-4.2592,-4.26079]},"84o":{"weight":1.0,"played":[1.0,0.0,0.0],"evs":[0.0,-4.47697,-4.47834]},"94o":{"weight":1.0,"played":[1.0,0.0,0.0],"evs":[0.0,-4.77777,-4.77702]},"T4o":{"weight":1.0,"played":[1.0,0.0,0.0],"evs":[0.0,-4.62618,-4.62043]},"J4o":{"weight":1.0,"played":[1.0,0.0,0.0],"evs":[0.0,-4.47719,-4.46787]},"Q4o":{"weight":1.0,"played":[1.0,0.0,0.0],"evs":[0.0,-4.23413,-4.21444]},"K4o":{"weight":1.0,"played":[1.0,0.0,0.0],"evs":[0.0,-3.70533,-3.68595]},"A4o":{"weight":1.0,"played":[1.0,0.0,0.0],"evs":[0.0,-2.18672,-2.20447]},"52s":{"weight":1.0,"played":[1.0,0.0,0.0],"evs":[0.0,-3.24859,-3.24063]},"53s":{"weight":1.0,"played":[1.0,0.0,0.0],"evs":[0.0,-2.69771,-2.69027]},"54s":{"weight":1.0,"played":[1.0,0.0,0.0],"evs":[0.0,-2.05672,-2.04914]},"55":{"weight":1.0,"played":[0.0,0.4629,0.5371],"evs":[0.0,1.42465,1.42996]},"65o":{"weight":1.0,"played":[1.0,0.0,0.0],"evs":[0.0,-3.19955,-3.20124]},"75o":{"weight":1.0,"played":[1.0,0.0,0.0],"evs":[0.0,-3.57957,-3.58262]},"85o":{"weight":1.0,"played":[1.0,0.0,0.0],"evs":[0.0,-3.7564,-3.757]},"95o":{"weight":1.0,"played":[1.0,0.0,0.0],"evs":[0.0,-4.11542,-4.1096]},"T5o":{"weight":1.0,"played":[1.0,0.0,0.0],"evs":[0.0,-4.48658,-4.48269]},"J5o":{"weight":1.0,"played":[1.0,0.0,0.0],"evs":[0.0,-4.18773,-4.1751]},"Q5o":{"weight":1.0,"played":[1.0,0.0,0.0],"evs":[0.0,-3.96762,-3.94946]},"K5o":{"weight":1.0,"played":[1.0,0.0,0.0],"evs":[0.0,-3.47488,-3.4605]},"A5o":{"weight":1.0,"played":[1.0,0.0,0.0],"evs":[0.0,-1.84391,-1.85981]},"62s":{"weight":1.0,"played":[1.0,0.0,0.0],"evs":[0.0,-3.49928,-3.49266]},"63s":{"weight":1.0,"played":[1.0,0.0,0.0],"evs":[0.0,-2.95167,-2.94526]},"64s":{"weight":1.0,"played":[1.0,0.0,0.0],"evs":[0.0,-2.35908,-2.35441]},"65s":{"weight":1.0,"played":[1.0,0.0,0.0],"evs":[0.0,-1.67076,-1.67746]},"66":{"weight":1.0,"played":[0.0,0.7832,0.2168],"evs":[0.0,2.51642,2.50694]},"76o":{"weight":1.0,"played":[1.0,0.0,0.0],"evs":[0.0,-2.83937,-2.84315]},"86o":{"weight":1.0,"played":[1.0,0.0,0.0],"evs":[0.0,-3.03854,-3.03488]},"96o":{"weight":1.0,"played":[1.0,0.0,0.0],"evs":[0.0,-3.29422,-3.29677]},"T6o":{"weight":1.0,"played":[1.0,0.0,0.0],"evs":[0.0,-3.69061,-3.69335]},"J6o":{"weight":1.0,"played":[1.0,0.0,0.0],"evs":[0.0,-3.98644,-3.97589]},"Q6o":{"weight":1.0,"played":[1.0,0.0,0.0],"evs":[0.0,-3.62751,-3.61194]},"K6o":{"weight":1.0,"played":[1.0,0.0,0.0],"evs":[0.0,-3.10228,-3.08777]},"A6o":{"weight":1.0,"played":[1.0,0.0,0.0],"evs":[0.0,-2.08386,-2.09926]},"72s":{"weight":1.0,"played":[1.0,0.0,0.0],"evs":[0.0,-3.85683,-3.85054]},"73s":{"weight":1.0,"played":[1.0,0.0,0.0],"evs":[0.0,-3.25583,-3.2503]},"74s":{"weight":1.0,"played":[1.0,0.0,0.0],"evs":[0.0,-2.64306,-2.64044]},"75s":{"weight":1.0,"played":[1.0,0.0,0.0],"evs":[0.0,-1.99267,-1.99437]},"76s":{"weight":1.0,"played":[1.0,0.0,0.0],"evs":[0.0,-1.34846,-1.35253]},"77":{"weight":1.0,"played":[0.0,0.1109,0.8891],"evs":[0.0,3.60184,3.60023]},"87o":{"weight":1.0,"played":[1.0,0.0,0.0],"evs":[0.0,-2.54334,-2.54444]},"97o":{"weight":1.0,"played":[1.0,0.0,0.0],"evs":[0.0,-2.77386,-2.77573]},"T7o":{"weight":1.0,"played":[1.0,0.0,0.0],"evs":[0.0,-3.11157,-3.11647]},"J7o":{"weight":1.0,"played":[1.0,0.0,0.0],"evs":[0.0,-3.39369,-3.38749]},"Q7o":{"weight":1.0,"played":[1.0,0.0,0.0],"evs":[0.0,-3.62571,-3.61286]},"K7o":{"weight":1.0,"played":[1.0,0.0,0.0],"evs":[0.0,-2.9652,-2.94854]},"A7o":{"weight":1.0,"played":[1.0,0.0,0.0],"evs":[0.0,-1.66647,-1.68444]},"82s":{"weight":1.0,"played":[1.0,0.0,0.0],"evs":[0.0,-3.51687,-3.51394]},"83s":{"weight":1.0,"played":[1.0,0.0,0.0],"evs":[0.0,-3.46458,-3.45031]},"84s":{"weight":1.0,"played":[1.0,0.0,0.0],"evs":[0.0,-2.88084,-2.88245]},"85s":{"weight":1.0,"played":[1.0,0.0,0.0],"evs":[0.0,-2.21833,-2.21888]},"86s":{"weight":1.0,"played":[1.0,0.0,0.0],"evs":[0.0,-1.55624,-1.56702]},"87s":{"weight":1.0,"played":[1.0,0.0,0.0],"evs":[0.0,-1.05706,-1.05504]},"88":{"weight":1.0,"played":[0.0,0.2165,0.7835],"evs":[0.0,4.81932,4.81571]},"98o":{"weight":1.0,"played":[1.0,0.0,0.0],"evs":[0.0,-2.16619,-2.165]},"T8o":{"weight":1.0,"played":[1.0,0.0,0.0],"evs":[0.0,-2.38326,-2.38018]},"J8o":{"weight":1.0,"played":[1.0,0.0,0.0],"evs":[0.0,-2.71491,-2.70773]},"Q8o":{"weight":1.0,"played":[1.0,0.0,0.0],"evs":[0.0,-2.96526,-2.94695]},"K8o":{"weight":1.0,"played":[1.0,0.0,0.0],"evs":[0.0,-2.79435,-2.78159]},"A8o":{"weight":1.0,"played":[1.0,0.0,0.0],"evs":[0.0,-1.15453,-1.17313]},"92s":{"weight":1.0,"played":[1.0,0.0,0.0],"evs":[0.0,-3.37331,-3.36534]},"93s":{"weight":1.0,"played":[1.0,0.0,0.0],"evs":[0.0,-3.23589,-3.22911]},"94s":{"weight":1.0,"played":[1.0,0.0,0.0],"evs":[0.0,-3.18221,-3.18189]},"95s":{"weight":1.0,"played":[1.0,0.0,0.0],"evs":[0.0,-2.56224,-2.55957]},"96s":{"weight":1.0,"played":[1.0,0.0,0.0],"evs":[0.0,-1.80455,-1.81023]},"97s":{"weight":1.0,"played":[1.0,0.0,0.0],"evs":[0.0,-1.25841,-1.26475]},"98s":{"weight":1.0,"played":[1.0,0.0,0.0],"evs":[0.0,-0.71829,-0.73069]},"99":{"weight":1.0,"played":[0.0,0.4634,0.5366],"evs":[0.0,6.226,6.21322]},"T9o":{"weight":1.0,"played":[1.0,0.0,0.0],"evs":[0.0,-1.8437,-1.84678]},"J9o":{"weight":1.0,"played":[1.0,0.0,0.0],"evs":[0.0,-2.14488,-2.14033]},"Q9o":{"weight":1.0,"played":[1.0,0.0,0.0],"evs":[0.0,-2.43236,-2.42064]},"K9o":{"weight":1.0,"played":[1.0,0.0,0.0],"evs":[0.0,-2.28364,-2.27577]},"A9o":{"weight":1.0,"played":[1.0,0.0,0.0],"evs":[0.0,-0.51326,-0.52523]},"T2s":{"weight":1.0,"played":[1.0,0.0,0.0],