{"player":2,"street":0,"children":3,"sequence":[{"player":0,"type":"F","amount":0,"street":0},{"player":1,"type":"F","amount":0,"street":0}],"actions":[{"type":"F","amount":0},{"type":"C","amount":500000,"node":3},{"type":"R","amount":11550000,"node":5}],"hands":{"22":{"weight":1.0,"played":[0.0,0.0,1.0],"evs":[0.0,0.38847,1.0761]},"32o":{"weight":1.0,"played":[1.0,0.0,0.0],"evs":[0.0,-0.15493,-0.72663]},"42o":{"weight":1.0,"played":[1.0,0.0,0.0],"evs":[0.0,-0.14237,-0.65383]},"52o":{"weight":1.0,"played":[1.0,0.0,0.0],"evs":[0.0,-0.12026,-0.55109]},"62o":{"weight":1.0,"played":[1.0,0.0,0.0],"evs":[0.0,-0.20759,-0.67184]},"72o":{"weight":1.0,"played":[1.0,0.0,0.0],"evs":[0.0,-0.21803,-0.72005]},"82o":{"weight":1.0,"played":[1.0,0.0,0.0],"evs":[0.0,-0.16233,-0.61043]},"92o":{"weight":1.0,"played":[1.0,0.0,0.0],"evs":[0.0,-0.11567,-0.59126]},"T2o":{"weight":1.0,"played":[1.0,0.0,0.0],"evs":[0.0,-0.05663,-0.51062]},"J2o":{"weight":1.0,"played":[1.0,0.0,0.0],"evs":[0.0,-0.04004,-0.41644]},"Q2o":{"weight":1.0,"played":[0.1614,0.8386,0.0],"evs":[0.0,0.00642,-0.30095]},"K2o":{"weight":1.0,"played":[0.0,1.0,0.0],"evs":[0.0,0.15258,0.0096]},"A2o":{"weight":1.0,"played":[0.0,0.0,1.0],"evs":[0.0,0.77019,1.12656]},"32s":{"weight":1.0,"played":[0.1335,0.8665,0.0],"evs":[0.0,0.02432,-0.30201]},"33":{"weight":1.0,"played":[0.0,0.0,1.0],"evs":[0.0,0.89123,1.33419]},"43o":{"weight":1.0,"played":[1.0,0.0,0.0],"evs":[0.0,-0.08151,-0.44892]},"53o":{"weight":1.0,"played":[1.0,0.0,0.0],"evs":[0.0,-0.05556,-0.36665]},"63o":{"weight":1.0,"played":[1.0,0.0,0.0],"evs":[0.0,-0.13465,-0.47733]},"73o":{"weight":1.0,"played":[1.0,0.0,0.0],"evs":[0.0,-0.156,-0.5251]},"83o":{"weight":1.0,"played":[1.0,0.0,0.0],"evs":[0.0,-0.14749,-0.57722]},"93o":{"weight":1.0,"played":[1.0,0.0,0.0],"evs":[0.0,-0.09711,-0.49354]},"T3o":{"weight":1.0,"played":[1.0,0.0,0.0],"evs":[0.0,-0.04517,-0.41726]},"J3o":{"weight":1.0,"played":[0.9997,3.0E-4,0.0],"evs":[0.0,-0.02269,-0.35166]},"Q3o":{"weight":1.0,"played":[0.0035,0.9965,0.0],"evs":[0.0,0.02969,-0.2195]},"K3o":{"weight":1.0,"played":[0.0,1.0,0.0],"evs":[0.0,0.18433,0.06022]},"A3o":{"weight":1.0,"played":[0.0,0.0,1.0],"evs":[0.0,0.90368,1.18138]},"42s":{"weight":1.0,"played":[0.0132,0.9868,0.0],"evs":[0.0,0.04887,-0.23302]},"43s":{"weight":1.0,"played":[6.0E-4,0.9994,0.0],"evs":[0.0,0.09328,-0.02972]},"44":{"weight":1.0,"played":[0.0,0.0,1.0],"evs":[0.0,1.34607,1.57464]},"54o":{"weight":1.0,"played":[0.3215,0.6785,0.0],"evs":[0.0,0.00241,-0.16988]},"64o":{"weight":1.0,"played":[0.9998,2.0E-4,0.0],"evs":[0.0,-0.06836,-0.27788]},"74o":{"weight":1.0,"played":[1.0,0.0,0.0],"evs":[0.0,-0.07489,-0.35837]},"84o":{"weight":1.0,"played":[1.0,0.0,0.0],"evs":[0.0,-0.08831,-0.36865]},"94o":{"weight":1.0,"played":[1.0,0.0,0.0],"evs":[0.0,-0.09428,-0.44234]},"T4o":{"weight":1.0,"played":[0.9998,2.0E-4,0.0],"evs":[0.0,-0.03302,-0.34587]},"J4o":{"weight":1.0,"played":[1.0,0.0,0.0],"evs":[0.0,-0.01582,-0.26439]},"Q4o":{"weight":1.0,"played":[0.0,1.0,0.0],"evs":[0.0,0.04674,-0.15188]},"K4o":{"weight":1.0,"played":[0.0,1.0,0.0],"evs":[0.0,0.20313,0.15759]},"A4o":{"weight":1.0,"played":[0.0,0.0,1.0],"evs":[0.0,1.02171,1.24756]},"52s":{"weight":1.0,"played":[3.0E-4,0.9997,0.0],"evs":[0.0,0.04855,-0.13204]},"53s":{"weight":1.0,"played":[0.0,1.0,0.0],"evs":[0.0,0.1261,0.0477]},"54s":{"weight":1.0,"played":[0.0,0.2665,0.7335],"evs":[0.0,0.18685,0.21034]},"55":{"weight":1.0,"played":[0.0,0.0,1.0],"evs":[0.0,1.76298,1.83433]},"65o":{"weight":1.0,"played":[0.1174,0.8826,0.0],"evs":[0.0,0.00282,-0.06178]},"75o":{"weight":1.0,"played":[0.7873,0.2127,0.0],"evs":[0.0,-0.00194,-0.13786]},"85o":{"weight":1.0,"played":[0.9936,0.0064,0.0],"evs":[0.0,-0.01595,-0.18634]},"95o":{"weight":1.0,"played":[1.0,0.0,0.0],"evs":[0.0,-0.02569,-0.26159]},"T5o":{"weight":1.0,"played":[0.8787,0.1213,0.0],"evs":[0.0,-0.01191,-0.26553]},"J5o":{"weight":1.0,"played":[0.0781,0.9219,0.0],"evs":[0.0,0.00731,-0.19327]},"Q5o":{"weight":1.0,"played":[0.0,0.9998,1.0E-4],"evs":[0.0,0.05518,-0.06107]},"K5o":{"weight":1.0,"played":[0.0,0.9915,0.0085],"evs":[0.0,0.22826,0.21346]},"A5o":{"weight":1.0,"played":[0.0,0.0,1.0],"evs":[0.0,1.12164,1.35514]},"62s":{"weight":1.0,"played":[0.8319,0.1681,0.0],"evs":[0.0,-0.01008,-0.24606]},"63s":{"weight":1.0,"played":[1.0E-4,0.9998,1.0E-4],"evs":[0.0,0.05739,-0.08233]},"64s":{"weight":1.0,"played":[0.0,0.9772,0.0228],"evs":[0.0,0.09936,0.08843]},"65s":{"weight":1.0,"played":[0.0,3.0E-4,0.9997],"evs":[0.0,0.16314,0.31432]},"66":{"weight":1.0,"played":[0.0,0.7339,0.2661],"evs":[0.0,2.02224,2.01981]},"76o":{"weight":1.0,"played":[0.0,0.8926,0.1074],"evs":[0.0,0.03881,0.02391]},"86o":{"weight":1.0,"played":[2.0E-4,0.9905,0.0093],"evs":[0.0,0.03977,0.00437]},"96o":{"weight":1.0,"played":[0.0018,0.9981,0.0],"evs":[0.0,0.03402,-0.08058]},"T6o":{"weight":1.0,"played":[0.0,1.0,0.0],"evs":[0.0,0.02626,-0.1106]},"J6o":{"weight":1.0,"played":[0.092,0.908,0.0],"evs":[0.0,0.01032,-0.17053]},"Q6o":{"weight":1.0,"played":[0.0,1.0,0.0],"evs":[0.0,0.07291,-0.00561]},"K6o":{"weight":1.0,"played":[0.0,0.0214,0.9786],"evs":[0.0,0.26239,0.27654]},"A6o":{"weight":1.0,"played":[0.0,0.0,1.0],"evs":[0.0,1.01768,1.36951]},"72s":{"weight":1.0,"played":[0.9993,7.0E-4,0.0],"evs":[0.0,-0.03538,-0.30614]},"73s":{"weight":1.0,"played":[0.0,0.9999,1.0E-4],"evs":[0.0,0.04425,-0.1047]},"74s":{"weight":1.0,"played":[1.0E-4,0.9855,0.0144],"evs":[0.0,0.10449,0.06668]},"75s":{"weight":1.0,"played":[0.0,0.0258,0.9742],"evs":[0.0,0.1623,0.25536]},"76s":{"weight":1.0,"played":[0.0,0.0,1.0],"evs":[0.0,0.20945,0.40479]},"77":{"weight":1.0,"played":[0.0,1.0,0.0],"evs":[0.0,2.27042,2.21913]},"87o":{"weight":1.0,"played":[0.0,0.4017,0.5983],"evs":[0.0,0.13073,0.14073]},"97o":{"weight":1.0,"played":[0.0,1.0,0.0],"evs":[0.0,0.12761,0.09]},"T7o":{"weight":1.0,"played":[0.0,1.0,0.0],"evs":[0.0,0.12841,0.04995]},"J7o":{"weight":1.0,"played":[0.0,1.0,0.0],"evs":[0.0,0.09764,0.00464]},"Q7o":{"weight":1.0,"played":[0.0,1.0,0.0],"evs":[0.0,0.12494,-0.00106]},"K7o":{"weight":1.0,"played":[0.0,0.0033,0.9967],"evs":[0.0,0.3129,0.34467]},"A7o":{"weight":1.0,"played":[0.0,0.0,1.0],"evs":[0.0,1.2375,1.59376]},"82s":{"weight":1.0,"played":[0.0055,0.9945,0.0],"evs":[0.0,0.02204,-0.19858]},"83s":{"weight":1.0,"played":[0.004,0.996,0.0],"evs":[0.0,0.04219,-0.14539]},"84s":{"weight":1.0,"played":[1.0E-4,0.9998,0.0],"evs":[0.0,0.10514,0.02528]},"85s":{"weight":1.0,"played":[1.0E-4,0.1357,0.8642],"evs":[0.0,0.18387,0.21563]},"86s":{"weight":1.0,"played":[0.0,8.0E-4,0.9992],"evs":[0.0,0.22685,0.39341]},"87s":{"weight":1.0,"played":[0.0,1.0E-4,0.9999],"evs":[0.0,0.31035,0.5244]},"88":{"weight":1.0,"played":[0.0,1.0,0.0],"evs":[0.0,2.60413,2.49268]},"98o":{"weight":1.0,"played":[0.0,0.2225,0.7775],"evs":[0.0,0.23138,0.25032]},"T8o":{"weight":1.0,"played":[0.0,0.7157,0.2843],"evs":[0.0,0.24857,0.23989]},"J8o":{"weight":1.0,"played":[0.0,0.951,0.049],"evs":[0.0,0.21433,0.19552]},"Q8o":{"weight":1.0,"played":[0.0,1.0,0.0],"evs":[0.0,0.24242,0.19168]},"K8o":{"weight":1.0,"played":[0.0,1.0E-4,0.9999],"evs":[0.0,0.39818,0.44996]},"A8o":{"weight":1.0,"played":[0.0,0.0,1.0],"evs":[0.0,1.49885,1.82237]},"92s":{"weight":1.0,"played":[2.0E-4,0.9998,0.0],"evs":[0.0,0.09792,-0.16226]},"93s":{"weight":1.0,"played":[5.0E-4,0.9994,0.0],"evs":[0.0,0.09036,-0.0777]},"94s":{"weight":1.0,"played":[0.0,1.0,0.0],"evs":[0.0,0.11746,-0.04834]},"95s":{"weight":1.0,"played":[0.0,0.9939,0.0061],"evs":[0.0,0.18417,0.15828]},"96s":{"weight":1.0,"played":[0.0,0.0305,0.9695],"evs":[0.0,0.22831,0.32772]},"97s":{"weight":1.0,"played":[0.0,0.0,1.0],"evs":[0.0,0.32624,0.49834]},"98s":{"weight":1.0,"played":[0.0,0.0,1.0],"evs":[0.0,0.43375,0.63139]},"99":{"weight":1.0,"played":[0.0,1.0,0.0],"evs":[0.0,3.05843,2.77841]},"T9o":{"weight":1.0,"played":[0.0,0.0913,0.9087],"evs":[0.0,0.36647,0.38207]},"J9o":{"weight":1.0,"played":[0.0,0.9426,0.0574],"evs":[0.0,0.34398,0.34307]},"Q9o":{"weight":1.0,"played":[0.0,0.9952,0.0048],"evs":[0.0,0.37631,0.3502]},"K9o":{"weight":1.0,