{"player":1,"street":0,"children":3,"sequence":[{"player":0,"type":"R","amount":776800,"street":0}],"actions":[{"type":"F","amount":0,"node":112},{"type":"C","amount":776800},{"type":"R","amount":1785000,"node":143}],"hands":{"22":{"weight":1.0,"played":[0.0,9.0E-4,0.9991],"evs":[0.0,0.58845,0.62441]},"32o":{"weight":1.0,"played":[1.0,0.0,0.0],"evs":[0.0,-4.44489,-4.48218]},"42o":{"weight":1.0,"played":[1.0,0.0,0.0],"evs":[0.0,-4.16117,-4.19538]},"52o":{"weight":1.0,"played":[1.0,0.0,0.0],"evs":[0.0,-3.84739,-3.86272]},"62o":{"weight":1.0,"played":[1.0,0.0,0.0],"evs":[0.0,-4.2415,-4.26877]},"72o":{"weight":1.0,"played":[1.0,0.0,0.0],"evs":[0.0,-4.63205,-4.65509]},"82o":{"weight":1.0,"played":[1.0,0.0,0.0],"evs":[0.0,-4.38903,-4.4147]},"92o":{"weight":1.0,"played":[1.0,0.0,0.0],"evs":[0.0,-4.315,-4.3474]},"T2o":{"weight":1.0,"played":[1.0,0.0,0.0],"evs":[0.0,-4.17577,-4.18387]},"J2o":{"weight":1.0,"played":[1.0,0.0,0.0],"evs":[0.0,-3.85182,-3.8792]},"Q2o":{"weight":1.0,"played":[1.0,0.0,0.0],"evs":[0.0,-3.40444,-3.3832]},"K2o":{"weight":1.0,"played":[1.0,0.0,0.0],"evs":[0.0,-2.78623,-2.76547]},"A2o":{"weight":1.0,"played":[1.0,0.0,0.0],"evs":[0.0,-0.84913,-0.8258]},"32s":{"weight":1.0,"played":[1.0,0.0,0.0],"evs":[0.0,-2.76013,-2.7767]},"33":{"weight":1.0,"played":[0.0,0.0011,0.9989],"evs":[0.0,1.26122,1.31363]},"43o":{"weight":1.0,"played":[1.0,0.0,0.0],"evs":[0.0,-3.43871,-3.4602]},"53o":{"weight":1.0,"played":[1.0,0.0,0.0],"evs":[0.0,-3.11979,-3.12222]},"63o":{"weight":1.0,"played":[1.0,0.0,0.0],"evs":[0.0,-3.49115,-3.50777]},"73o":{"weight":1.0,"played":[1.0,0.0,0.0],"evs":[0.0,-3.88611,-3.89341]},"83o":{"weight":1.0,"played":[1.0,0.0,0.0],"evs":[0.0,-4.27879,-4.30015]},"93o":{"weight":1.0,"played":[1.0,0.0,0.0],"evs":[0.0,-4.07442,-4.09667]},"T3o":{"weight":1.0,"played":[1.0,0.0,0.0],"evs":[0.0,-3.92959,-3.92898]},"J3o":{"weight":1.0,"played":[1.0,0.0,0.0],"evs":[0.0,-3.59533,-3.6161]},"Q3o":{"weight":1.0,"played":[1.0,0.0,0.0],"evs":[0.0,-3.14875,-3.11646]},"K3o":{"weight":1.0,"played":[1.0,0.0,0.0],"evs":[0.0,-2.52914,-2.50255]},"A3o":{"weight":1.0,"played":[1.0,0.0,0.0],"evs":[0.0,-0.57172,-0.55282]},"42s":{"weight":1.0,"played":[1.0,0.0,0.0],"evs":[0.0,-2.49465,-2.50076]},"43s":{"weight":1.0,"played":[1.0,0.0,0.0],"evs":[0.0,-1.82207,-1.82025]},"44":{"weight":1.0,"played":[0.0,6.0E-4,0.9994],"evs":[0.0,2.02799,2.08981]},"54o":{"weight":1.0,"played":[1.0,0.0,0.0],"evs":[0.0,-2.41021,-2.40571]},"64o":{"weight":1.0,"played":[1.0,0.0,0.0],"evs":[0.0,-2.73921,-2.74597]},"74o":{"weight":1.0,"played":[1.0,0.0,0.0],"evs":[0.0,-3.14131,-3.14011]},"84o":{"weight":1.0,"played":[1.0,0.0,0.0],"evs":[0.0,-3.5337,-3.54778]},"94o":{"weight":1.0,"played":[1.0,0.0,0.0],"evs":[0.0,-3.95505,-3.9709]},"T4o":{"weight":1.0,"played":[1.0,0.0,0.0],"evs":[0.0,-3.66798,-3.65996]},"J4o":{"weight":1.0,"played":[1.0,0.0,0.0],"evs":[0.0,-3.35503,-3.3659]},"Q4o":{"weight":1.0,"played":[1.0,0.0,0.0],"evs":[0.0,-2.88683,-2.8511]},"K4o":{"weight":1.0,"played":[1.0,0.0,0.0],"evs":[0.0,-2.24976,-2.22747]},"A4o":{"weight":1.0,"played":[1.0,0.0,0.0],"evs":[0.0,-0.25854,-0.23698]},"52s":{"weight":1.0,"played":[1.0,0.0,0.0],"evs":[0.0,-2.18921,-2.19214]},"53s":{"weight":1.0,"played":[1.0,0.0,0.0],"evs":[0.0,-1.51682,-1.51136]},"54s":{"weight":1.0,"played":[1.0,0.0,0.0],"evs":[0.0,-0.83923,-0.82085]},"55":{"weight":1.0,"played":[0.0,6.0E-4,0.9994],"evs":[0.0,2.94573,3.02689]},"65o":{"weight":1.0,"played":[1.0,0.0,0.0],"evs":[0.0,-2.03582,-2.02324]},"75o":{"weight":1.0,"played":[1.0,0.0,0.0],"evs":[0.0,-2.39747,-2.37761]},"85o":{"weight":1.0,"played":[1.0,0.0,0.0],"evs":[0.0,-2.76193,-2.75519]},"95o":{"weight":1.0,"played":[1.0,0.0,0.0],"evs":[0.0,-3.16798,-3.17492]},"T5o":{"weight":1.0,"played":[1.0,0.0,0.0],"evs":[0.0,-3.49137,-3.47917]},"J5o":{"weight":1.0,"played":[1.0,0.0,0.0],"evs":[0.0,-3.05056,-3.05607]},"Q5o":{"weight":1.0,"played":[1.0,0.0,0.0],"evs":[0.0,-2.5992,-2.55576]},"K5o":{"weight":1.0,"played":[1.0,0.0,0.0],"evs":[0.0,-1.93561,-1.91029]},"A5o":{"weight":1.0,"played":[0.0,8.0E-4,0.9992],"evs":[0.0,0.14163,0.16174]},"62s":{"weight":1.0,"played":[1.0,0.0,0.0],"evs":[0.0,-2.55816,-2.56962]},"63s":{"weight":1.0,"played":[1.0,0.0,0.0],"evs":[0.0,-1.8668,-1.86367]},"64s":{"weight":1.0,"played":[1.0,0.0,0.0],"evs":[0.0,-1.15933,-1.15353]},"65s":{"weight":1.0,"played":[1.0,0.0,0.0],"evs":[0.0,-0.47865,-0.45153]},"66":{"weight":1.0,"played":[0.0,4.0E-4,0.9996],"evs":[0.0,3.85743,3.94226]},"76o":{"weight":1.0,"played":[1.0,0.0,0.0],"evs":[0.0,-1.7194,-1.70428]},"86o":{"weight":1.0,"played":[1.0,0.0,0.0],"evs":[0.0,-2.0485,-2.04372]},"96o":{"weight":1.0,"played":[1.0,0.0,0.0],"evs":[0.0,-2.42997,-2.43565]},"T6o":{"weight":1.0,"played":[1.0,0.0,0.0],"evs":[0.0,-2.77145,-2.75525]},"J6o":{"weight":1.0,"played":[1.0,0.0,0.0],"evs":[0.0,-2.9084,-2.91044]},"Q6o":{"weight":1.0,"played":[1.0,0.0,0.0],"evs":[0.0,-2.32406,-2.28753]},"K6o":{"weight":1.0,"played":[1.0,0.0,0.0],"evs":[0.0,-1.6331,-1.61661]},"A6o":{"weight":1.0,"played":[0.0,0.0025,0.9975],"evs":[0.0,0.0165,0.03582]},"72s":{"weight":1.0,"played":[1.0,0.0,0.0],"evs":[0.0,-2.89831,-2.90635]},"73s":{"weight":1.0,"played":[1.0,0.0,0.0],"evs":[0.0,-2.2127,-2.20647]},"74s":{"weight":1.0,"played":[1.0,0.0,0.0],"evs":[0.0,-1.54317,-1.53085]},"75s":{"weight":1.0,"played":[1.0,0.0,0.0],"evs":[0.0,-0.82629,-0.79781]},"76s":{"weight":1.0,"played":[0.9999,0.0,1.0E-4],"evs":[0.0,-0.18702,-0.15793]},"77":{"weight":1.0,"played":[0.0,6.0E-4,0.9994],"evs":[0.0,4.70147,4.77626]},"87o":{"weight":1.0,"played":[1.0,0.0,0.0],"evs":[0.0,-1.50705,-1.48253]},"97o":{"weight":1.0,"played":[1.0,0.0,0.0],"evs":[0.0,-1.82264,-1.80528]},"T7o":{"weight":1.0,"played":[1.0,0.0,0.0],"evs":[0.0,-2.15783,-2.1214]},"J7o":{"weight":1.0,"played":[1.0,0.0,0.0],"evs":[0.0,-2.3138,-2.29726]},"Q7o":{"weight":1.0,"played":[1.0,0.0,0.0],"evs":[0.0,-2.26805,-2.21866]},"K7o":{"weight":1.0,"played":[1.0,0.0,0.0],"evs":[0.0,-1.42578,-1.407]},"A7o":{"weight":1.0,"played":[0.0,0.0118,0.9882],"evs":[0.0,0.59983,0.6128]},"82s":{"weight":1.0,"played":[1.0,0.0,0.0],"evs":[0.0,-2.67598,-2.68855]},"83s":{"weight":1.0,"played":[1.0,0.0,0.0],"evs":[0.0,-2.57231,-2.57712]},"84s":{"weight":1.0,"played":[1.0,0.0,0.0],"evs":[0.0,-1.86725,-1.86515]},"85s":{"weight":1.0,"played":[1.0,0.0,0.0],"evs":[0.0,-1.15117,-1.13746]},"86s":{"weight":1.0,"played":[1.0,0.0,0.0],"evs":[0.0,-0.48235,-0.46381]},"87s":{"weight":1.0,"played":[0.0415,0.002,0.9565],"evs":[0.0,0.0102,0.04069]},"88":{"weight":1.0,"played":[0.0,0.0239,0.9761],"evs":[0.0,5.75676,5.79983]},"98o":{"weight":1.0,"played":[1.0,0.0,0.0],"evs":[0.0,-1.31873,-1.30787]},"T8o":{"weight":1.0,"played":[1.0,0.0,0.0],"evs":[0.0,-1.52422,-1.49755]},"J8o":{"weight":1.0,"played":[1.0,0.0,0.0],"evs":[0.0,-1.6705,-1.66255]},"Q8o":{"weight":1.0,"played":[1.0,0.0,0.0],"evs":[0.0,-1.64894,-1.61386]},"K8o":{"weight":1.0,"played":[1.0,0.0,0.0],"evs":[0.0,-1.2257,-1.22295]},"A8o":{"weight":1.0,"played":[0.0,6.0E-4,0.9994],"evs":[0.0,1.2839,1.29018]},"92s":{"weight":1.0,"played":[1.0,0.0,0.0],"evs":[0.0,-2.58956,-2.59942]},"93s":{"weight":1.0,"played":[1.0,0.0,0.0],"evs":[0.0,-2.3848,-2.39022]},"94s":{"weight":1.0,"played":[1.0,0.0,0.0],"evs":[0.0,-2.28253,-2.28642]},"95s":{"weight":1.0,"played":[1.0,0.0,0.0],"evs":[0.0,-1.51399,-1.50402]},"96s":{"weight":1.0,"played":[1.0,0.0,0.0],"evs":[0.0,-0.83888,-0.82847]},"97s":{"weight":1.0,"played":[1.0,0.0,0.0],"evs":[0.0,-0.28506,-0.26263]},"98s":{"weight":1.0,"played":[0.0,0.0031,0.9969],"evs":[0.0,0.20049,0.21896]},"99":{"weight":1.0,"played":[0.0,0.0011,0.9989],"evs":[0.0,6.98754,7.03581]},"T9o":{"weight":1.0,"played":[1.0,0.0,0.0],"evs":[0.0,-0.90501,-0.88564]},"J9o":{"weight":1.0,"played":[1.0,0.0,0.0],"evs":[0.0,-1.05237,-1.04011]},"Q9o":{"weight":1.0,"played":[1.0,0.0,0.0],"evs":[0.0,-0.99526,-0.95201]},"K9o":{"weight":1.0,"played":[1.0,0.0,0.0],"evs":[0.0,-0.45883,-0.45156]},"A9o":{"weight":1.0,"played":[0.0,0.0,1.0],"evs":[0.0,2.09185,2.12438]},"T2s":{"weight":1.0,"played":[1.0,0.0,0.0],