{"equityUnit":"TABLE_EQUITY_PERCENT","conversionFactors":{"toUSD":15.326223,"toRegularPrizePercent":0.49232972},"preHandEquity":[19.69295,17.71107,27.62125,10.55532,24.41941],"bubbleFactors":[[-1.0,1.094,1.303,0.79,1.296],[1.259,-1.0,1.276,0.8,1.27],[0.983,1.025,-1.0,0.757,1.101],[1.151,1.148,1.16,-1.0,1.157],[1.011,1.049,1.358,0.769,-1.0]]}