{"player":3,"street":0,"children":2,"sequence":[{"player":0,"type":"R","amount":1550000,"street":0},{"player":1,"type":"R","amount":2140000,"street":0},{"player":2,"type":"C","amount":2040000,"street":0}],"actions":[{"type":"F","amount":0,"node":102},{"type":"C","amount":570000,"node":105}],"hands":{"22":{"weight":1.0,"played":[0.9893,0.0107],"evs":[0.0,-0.16142]},"32o":{"weight":1.0,"played":[1.0,0.0],"evs":[0.0,-2.12137]},"42o":{"weight":1.0,"played":[1.0,0.0],"evs":[0.0,-2.02229]},"52o":{"weight":1.0,"played":[1.0,0.0],"evs":[0.0,-1.88646]},"62o":{"weight":1.0,"played":[1.0,0.0],"evs":[0.0,-2.18071]},"72o":{"weight":1.0,"played":[1.0,0.0],"evs":[0.0,-2.44575]},"82o":{"weight":1.0,"played":[1.0,0.0],"evs":[0.0,-2.42106]},"92o":{"weight":1.0,"played":[1.0,0.0],"evs":[0.0,-2.42225]},"T2o":{"weight":1.0,"played":[1.0,0.0],"evs":[0.0,-2.65988]},"J2o":{"weight":1.0,"played":[1.0,0.0],"evs":[0.0,-2.39206]},"Q2o":{"weight":1.0,"played":[1.0,0.0],"evs":[0.0,-2.50729]},"K2o":{"weight":1.0,"played":[1.0,0.0],"evs":[0.0,-2.24096]},"A2o":{"weight":1.0,"played":[1.0,0.0],"evs":[0.0,-2.35502]},"32s":{"weight":1.0,"played":[0.9994,6.0E-4],"evs":[0.0,-1.0453]},"33":{"weight":1.0,"played":[0.9649,0.0351],"evs":[0.0,-0.12464]},"43o":{"weight":1.0,"played":[1.0,0.0],"evs":[0.0,-1.47764]},"53o":{"weight":1.0,"played":[0.9999,1.0E-4],"evs":[0.0,-1.28206]},"63o":{"weight":1.0,"played":[1.0,0.0],"evs":[0.0,-1.50957]},"73o":{"weight":1.0,"played":[1.0,0.0],"evs":[0.0,-2.02053]},"83o":{"weight":1.0,"played":[1.0,0.0],"evs":[0.0,-2.33376]},"93o":{"weight":1.0,"played":[1.0,0.0],"evs":[0.0,-2.22322]},"T3o":{"weight":1.0,"played":[1.0,0.0],"evs":[0.0,-2.3446]},"J3o":{"weight":1.0,"played":[1.0,0.0],"evs":[0.0,-2.37195]},"Q3o":{"weight":1.0,"played":[1.0,0.0],"evs":[0.0,-2.17002]},"K3o":{"weight":1.0,"played":[1.0,0.0],"evs":[0.0,-2.03392]},"A3o":{"weight":1.0,"played":[1.0,0.0],"evs":[0.0,-2.25341]},"42s":{"weight":1.0,"played":[0.9941,0.0059],"evs":[0.0,-0.94954]},"43s":{"weight":1.0,"played":[0.9992,8.0E-4],"evs":[0.0,-0.40073]},"44":{"weight":1.0,"played":[0.6157,0.3843],"evs":[0.0,-0.03192]},"54o":{"weight":1.0,"played":[0.9999,1.0E-4],"evs":[0.0,-0.72178]},"64o":{"weight":1.0,"played":[1.0,0.0],"evs":[0.0,-0.80465]},"74o":{"weight":1.0,"played":[1.0,0.0],"evs":[0.0,-1.39521]},"84o":{"weight":1.0,"played":[1.0,0.0],"evs":[0.0,-1.94723]},"94o":{"weight":1.0,"played":[1.0,0.0],"evs":[0.0,-2.16702]},"T4o":{"weight":1.0,"played":[1.0,0.0],"evs":[0.0,-2.36936]},"J4o":{"weight":1.0,"played":[1.0,0.0],"evs":[0.0,-2.13391]},"Q4o":{"weight":1.0,"played":[0.9999,1.0E-4],"evs":[0.0,-2.06369]},"K4o":{"weight":1.0,"played":[1.0,0.0],"evs":[0.0,-1.90214]},"A4o":{"weight":1.0,"played":[0.9999,1.0E-4],"evs":[0.0,-1.92186]},"52s":{"weight":1.0,"played":[0.997,0.003],"evs":[0.0,-0.5446]},"53s":{"weight":1.0,"played":[0.5032,0.4968],"evs":[0.0,0.04429]},"54s":{"weight":1.0,"played":[0.0401,0.9599],"evs":[0.0,0.40479]},"55":{"weight":1.0,"played":[0.0,1.0],"evs":[0.0,0.61968]},"65o":{"weight":1.0,"played":[0.9999,1.0E-4],"evs":[0.0,-0.60146]},"75o":{"weight":1.0,"played":[0.9999,1.0E-4],"evs":[0.0,-0.82879]},"85o":{"weight":1.0,"played":[1.0,0.0],"evs":[0.0,-1.13897]},"95o":{"weight":1.0,"played":[1.0,0.0],"evs":[0.0,-1.56146]},"T5o":{"weight":1.0,"played":[1.0,0.0],"evs":[0.0,-2.09072]},"J5o":{"weight":1.0,"played":[1.0,0.0],"evs":[0.0,-2.01542]},"Q5o":{"weight":1.0,"played":[1.0,0.0],"evs":[0.0,-1.90549]},"K5o":{"weight":1.0,"played":[1.0,0.0],"evs":[0.0,-1.75209]},"A5o":{"weight":1.0,"played":[1.0,0.0],"evs":[0.0,-1.72558]},"62s":{"weight":1.0,"played":[1.0,0.0],"evs":[0.0,-0.60065]},"63s":{"weight":1.0,"played":[0.995,0.005],"evs":[0.0,-0.37663]},"64s":{"weight":1.0,"played":[0.009,0.991],"evs":[0.0,0.29168]},"65s":{"weight":1.0,"played":[0.0032,0.9968],"evs":[0.0,0.82613]},"66":{"weight":1.0,"played":[0.0,1.0],"evs":[0.0,1.25234]},"76o":{"weight":1.0,"played":[1.0,0.0],"evs":[0.0,-0.49157]},"86o":{"weight":1.0,"played":[1.0,0.0],"evs":[0.0,-0.97585]},"96o":{"weight":1.0,"played":[1.0,0.0],"evs":[0.0,-1.22948]},"T6o":{"weight":1.0,"played":[1.0,0.0],"evs":[0.0,-1.5774]},"J6o":{"weight":1.0,"played":[1.0,0.0],"evs":[0.0,-1.75337]},"Q6o":{"weight":1.0,"played":[1.0,0.0],"evs":[0.0,-1.81879]},"K6o":{"weight":1.0,"played":[0.9998,2.0E-4],"evs":[0.0,-1.56246]},"A6o":{"weight":1.0,"played":[0.9997,3.0E-4],"evs":[0.0,-1.93964]},"72s":{"weight":1.0,"played":[0.9999,1.0E-4],"evs":[0.0,-1.07557]},"73s":{"weight":1.0,"played":[1.0,0.0],"evs":[0.0,-0.6678]},"74s":{"weight":1.0,"played":[0.9683,0.0317],"evs":[0.0,-0.11282]},"75s":{"weight":1.0,"played":[0.2316,0.7684],"evs":[0.0,0.41546]},"76s":{"weight":1.0,"played":[0.0384,0.9616],"evs":[0.0,0.80514]},"77":{"weight":1.0,"played":[9.0E-4,0.9991],"evs":[0.0,1.65704]},"87o":{"weight":1.0,"played":[0.9948,0.0052],"evs":[0.0,-0.44841]},"97o":{"weight":1.0,"played":[1.0,0.0],"evs":[0.0,-0.82166]},"T7o":{"weight":1.0,"played":[1.0,0.0],"evs":[0.0,-1.19574]},"J7o":{"weight":1.0,"played":[1.0,0.0],"evs":[0.0,-1.47921]},"Q7o":{"weight":1.0,"played":[1.0,0.0],"evs":[0.0,-1.71569]},"K7o":{"weight":1.0,"played":[1.0,0.0],"evs":[0.0,-1.46355]},"A7o":{"weight":1.0,"played":[0.9999,1.0E-4],"evs":[0.0,-1.75574]},"82s":{"weight":1.0,"played":[0.9998,2.0E-4],"evs":[0.0,-1.13478]},"83s":{"weight":1.0,"played":[0.9999,1.0E-4],"evs":[0.0,-0.90004]},"84s":{"weight":1.0,"played":[0.9903,0.0097],"evs":[0.0,-0.46239]},"85s":{"weight":1.0,"played":[0.3665,0.6335],"evs":[0.0,0.1863]},"86s":{"weight":1.0,"played":[7.0E-4,0.9993],"evs":[0.0,0.2481]},"87s":{"weight":1.0,"played":[1.0E-4,0.9999],"evs":[0.0,0.87382]},"88":{"weight":1.0,"played":[1.0E-4,0.9999],"evs":[0.0,2.15551]},"98o":{"weight":1.0,"played":[0.9996,4.0E-4],"evs":[0.0,-0.61039]},"T8o":{"weight":1.0,"played":[1.0,0.0],"evs":[0.0,-0.79888]},"J8o":{"weight":1.0,"played":[1.0,0.0],"evs":[0.0,-1.06545]},"Q8o":{"weight":1.0,"played":[0.9998,2.0E-4],"evs":[0.0,-1.53165]},"K8o":{"weight":1.0,"played":[0.9998,2.0E-4],"evs":[0.0,-1.19513]},"A8o":{"weight":1.0,"played":[0.9999,1.0E-4],"evs":[0.0,-1.6422]},"92s":{"weight":1.0,"played":[0.9997,3.0E-4],"evs":[0.0,-1.06509]},"93s":{"weight":1.0,"played":[0.9998,2.0E-4],"evs":[0.0,-1.10642]},"94s":{"weight":1.0,"played":[1.0,0.0],"evs":[0.0,-1.03423]},"95s":{"weight":1.0,"played":[0.9562,0.0438],"evs":[0.0,-0.36362]},"96s":{"weight":1.0,"played":[0.036,0.964],"evs":[0.0,0.18704]},"97s":{"weight":1.0,"played":[0.0252,0.9748],"evs":[0.0,0.24797]},"98s":{"weight":1.0,"played":[0.0071,0.9929],"evs":[0.0,0.34859]},"99":{"weight":1.0,"played":[0.0,1.0],"evs":[0.0,2.85968]},"T9o":{"weight":1.0,"played":[0.9981,0.0019],"evs":[0.0,-0.36414]},"J9o":{"weight":1.0,"played":[0.9999,1.0E-4],"evs":[0.0,-0.6662]},"Q9o":{"weight":1.0,"played":[0.9995,5.0E-4],"evs":[0.0,-1.03011]},"K9o":{"weight":1.0,"played":[1.0,0.0],"evs":[0.0,-1.02137]},"A9o":{"weight":1.0,"played":[0.9999,1.0E-4],"evs":[0.0,-1.32427]},"T2s":{"weight":1.0,"played":[0.9999,1.0E-4],"evs":[0.0,-1.0077]},"T3s":{"weight":1.0,"played":[0.9988,0.0012],"evs":[0.0,-0.98986]},"T4s":{"weight":1.0,"played":[0.9983,0.0017],"evs":[0.0,-1.00422]},"T5s":{"weight":1.0,"played":[0.9992,8.0E-4],"evs":[0.0,-0.98801]},"T6s":{"weight":1.0,"played":[0.9935,0.0065],"evs":[0.0,-0.42047]},"T7s":{"weight":1.0,"played":[0.6757,0.3243],"evs":[0.0,0.04082]},"T8s":{"weight":1.0,"played":[0.0019,0.9981],"evs":[0.0,0.43408]},"T9s":{"weight":1.0,"played":[0.0039,0.9961],"evs":[0.0,0.43595]},"TT":{"weight":1.0,"played":[0.0,1.0],"evs":[0.0,3.32418]},"JTo":{"weight":1.0,"played":[0.9967,0.0033],"evs":[0.0,-0.18023]},"QTo":{"weight":1.0,"played":[0.9962,0.0038],"evs":[0.0,-0.53089]},"KTo":{"weight":1.0,"played":[0.9994,6.0E-4],"evs":[0.0,-0.33191]},"ATo":{"weight":1.0,"played":[0.9985,0.0015],"evs":[0.0,-0.41555]},"J2s":{"weight":1.0,"played":[1.0,0.0],"evs":[0.0,-1.08676]},"J3s":{"weight":1.0,"played":[0.9993,7.0E-4],"evs":[0.0,-0.9364]},"J4s":{"weight":1.0,"played":[0.9991,9.0E-4],"evs":[0.0,-0.69532]},"J5s":{"weight":1.0,"played":[0.9975,0.0025],