{"player":1,"street":0,"children":3,"sequence":[{"player":0,"type":"R","amount":1550000,"street":0}],"actions":[{"type":"F","amount":0,"node":31},{"type":"C","amount":1550000,"node":56},{"type":"R","amount":2140000,"node":93}],"hands":{"22":{"weight":1.0,"played":[3.0E-4,0.1045,0.8952],"evs":[0.0,0.14212,0.14442]},"32o":{"weight":1.0,"played":[1.0,0.0,0.0],"evs":[0.0,-6.16533,-6.19689]},"42o":{"weight":1.0,"played":[1.0,0.0,0.0],"evs":[0.0,-5.78077,-5.81023]},"52o":{"weight":1.0,"played":[1.0,0.0,0.0],"evs":[0.0,-5.45463,-5.48493]},"62o":{"weight":1.0,"played":[1.0,0.0,0.0],"evs":[0.0,-5.90378,-5.93179]},"72o":{"weight":1.0,"played":[1.0,0.0,0.0],"evs":[0.0,-6.37778,-6.40501]},"82o":{"weight":1.0,"played":[1.0,0.0,0.0],"evs":[0.0,-6.07518,-6.09744]},"92o":{"weight":1.0,"played":[1.0,0.0,0.0],"evs":[0.0,-6.03192,-6.05266]},"T2o":{"weight":1.0,"played":[1.0,0.0,0.0],"evs":[0.0,-5.87816,-5.89152]},"J2o":{"weight":1.0,"played":[1.0,0.0,0.0],"evs":[0.0,-5.4501,-5.45622]},"Q2o":{"weight":1.0,"played":[1.0,0.0,0.0],"evs":[0.0,-4.79537,-4.80293]},"K2o":{"weight":1.0,"played":[1.0,0.0,0.0],"evs":[0.0,-3.89619,-3.9057]},"A2o":{"weight":1.0,"played":[1.0,0.0,0.0],"evs":[0.0,-1.42112,-1.40345]},"32s":{"weight":1.0,"played":[1.0,0.0,0.0],"evs":[0.0,-4.10244,-4.12591]},"33":{"weight":1.0,"played":[0.0,0.1738,0.8262],"evs":[0.0,0.96403,0.95799]},"43o":{"weight":1.0,"played":[1.0,0.0,0.0],"evs":[0.0,-4.98415,-5.00495]},"53o":{"weight":1.0,"played":[1.0,0.0,0.0],"evs":[0.0,-4.6116,-4.63606]},"63o":{"weight":1.0,"played":[1.0,0.0,0.0],"evs":[0.0,-5.12457,-5.15119]},"73o":{"weight":1.0,"played":[1.0,0.0,0.0],"evs":[0.0,-5.5838,-5.59979]},"83o":{"weight":1.0,"played":[1.0,0.0,0.0],"evs":[0.0,-6.03188,-6.05189]},"93o":{"weight":1.0,"played":[1.0,0.0,0.0],"evs":[0.0,-5.85251,-5.86394]},"T3o":{"weight":1.0,"played":[1.0,0.0,0.0],"evs":[0.0,-5.65888,-5.67254]},"J3o":{"weight":1.0,"played":[1.0,0.0,0.0],"evs":[0.0,-5.21393,-5.22574]},"Q3o":{"weight":1.0,"played":[1.0,0.0,0.0],"evs":[0.0,-4.59156,-4.59382]},"K3o":{"weight":1.0,"played":[1.0,0.0,0.0],"evs":[0.0,-3.65827,-3.66546]},"A3o":{"weight":1.0,"played":[1.0,0.0,0.0],"evs":[0.0,-1.12561,-1.1043]},"42s":{"weight":1.0,"played":[1.0,0.0,0.0],"evs":[0.0,-3.68433,-3.69995]},"43s":{"weight":1.0,"played":[1.0,0.0,0.0],"evs":[0.0,-2.93709,-2.94774]},"44":{"weight":1.0,"played":[0.0,0.7551,0.2449],"evs":[0.0,1.91516,1.90993]},"54o":{"weight":1.0,"played":[1.0,0.0,0.0],"evs":[0.0,-3.66373,-3.68428]},"64o":{"weight":1.0,"played":[1.0,0.0,0.0],"evs":[0.0,-4.15574,-4.17805]},"74o":{"weight":1.0,"played":[1.0,0.0,0.0],"evs":[0.0,-4.58208,-4.59568]},"84o":{"weight":1.0,"played":[1.0,0.0,0.0],"evs":[0.0,-5.05947,-5.07033]},"94o":{"weight":1.0,"played":[1.0,0.0,0.0],"evs":[0.0,-5.67246,-5.68384]},"T4o":{"weight":1.0,"played":[1.0,0.0,0.0],"evs":[0.0,-5.33627,-5.34392]},"J4o":{"weight":1.0,"played":[1.0,0.0,0.0],"evs":[0.0,-4.89591,-4.91133]},"Q4o":{"weight":1.0,"played":[1.0,0.0,0.0],"evs":[0.0,-4.25811,-4.26561]},"K4o":{"weight":1.0,"played":[1.0,0.0,0.0],"evs":[0.0,-3.34116,-3.35233]},"A4o":{"weight":1.0,"played":[1.0,0.0,0.0],"evs":[0.0,-0.7317,-0.71163]},"52s":{"weight":1.0,"played":[1.0,0.0,0.0],"evs":[0.0,-3.30637,-3.33052]},"53s":{"weight":1.0,"played":[1.0,0.0,0.0],"evs":[0.0,-2.53068,-2.55062]},"54s":{"weight":1.0,"played":[1.0,0.0,0.0],"evs":[0.0,-1.66354,-1.68127]},"55":{"weight":1.0,"played":[0.0,0.4386,0.5614],"evs":[0.0,3.10514,3.10224]},"65o":{"weight":1.0,"played":[1.0,0.0,0.0],"evs":[0.0,-3.21095,-3.23637]},"75o":{"weight":1.0,"played":[1.0,0.0,0.0],"evs":[0.0,-3.65269,-3.66616]},"85o":{"weight":1.0,"played":[1.0,0.0,0.0],"evs":[0.0,-4.11175,-4.12434]},"95o":{"weight":1.0,"played":[1.0,0.0,0.0],"evs":[0.0,-4.67054,-4.67974]},"T5o":{"weight":1.0,"played":[1.0,0.0,0.0],"evs":[0.0,-5.0701,-5.08042]},"J5o":{"weight":1.0,"played":[1.0,0.0,0.0],"evs":[0.0,-4.53768,-4.54802]},"Q5o":{"weight":1.0,"played":[1.0,0.0,0.0],"evs":[0.0,-3.88247,-3.8853]},"K5o":{"weight":1.0,"played":[1.0,0.0,0.0],"evs":[0.0,-2.94134,-2.94517]},"A5o":{"weight":1.0,"played":[0.9999,1.0E-4,1.0E-4],"evs":[0.0,-0.23497,-0.22179]},"62s":{"weight":1.0,"played":[1.0,0.0,0.0],"evs":[0.0,-3.77579,-3.79622]},"63s":{"weight":1.0,"played":[1.0,0.0,0.0],"evs":[0.0,-3.03043,-3.04546]},"64s":{"weight":1.0,"played":[1.0,0.0,0.0],"evs":[0.0,-2.15426,-2.17103]},"65s":{"weight":1.0,"played":[1.0,0.0,0.0],"evs":[0.0,-1.25768,-1.27435]},"66":{"weight":1.0,"played":[0.0,0.5542,0.4458],"evs":[0.0,4.21373,4.21121]},"76o":{"weight":1.0,"played":[1.0,0.0,0.0],"evs":[0.0,-2.86677,-2.88238]},"86o":{"weight":1.0,"played":[1.0,0.0,0.0],"evs":[0.0,-3.19883,-3.21373]},"96o":{"weight":1.0,"played":[1.0,0.0,0.0],"evs":[0.0,-3.76362,-3.77353]},"T6o":{"weight":1.0,"played":[1.0,0.0,0.0],"evs":[0.0,-4.21834,-4.22474]},"J6o":{"weight":1.0,"played":[1.0,0.0,0.0],"evs":[0.0,-4.36077,-4.36746]},"Q6o":{"weight":1.0,"played":[1.0,0.0,0.0],"evs":[0.0,-3.61756,-3.62502]},"K6o":{"weight":1.0,"played":[1.0,0.0,0.0],"evs":[0.0,-2.58996,-2.59832]},"A6o":{"weight":1.0,"played":[0.9997,1.0E-4,2.0E-4],"evs":[0.0,-0.32113,-0.30475]},"72s":{"weight":1.0,"played":[1.0,0.0,0.0],"evs":[0.0,-4.23629,-4.25177]},"73s":{"weight":1.0,"played":[1.0,0.0,0.0],"evs":[0.0,-3.42972,-3.44828]},"74s":{"weight":1.0,"played":[1.0,0.0,0.0],"evs":[0.0,-2.56501,-2.56801]},"75s":{"weight":1.0,"played":[1.0,0.0,0.0],"evs":[0.0,-1.66118,-1.67636]},"76s":{"weight":1.0,"played":[1.0,0.0,0.0],"evs":[0.0,-0.83488,-0.85025]},"77":{"weight":1.0,"played":[0.0,0.6557,0.3443],"evs":[0.0,5.28844,5.28893]},"87o":{"weight":1.0,"played":[1.0,0.0,0.0],"evs":[0.0,-2.5234,-2.5256]},"97o":{"weight":1.0,"played":[1.0,0.0,0.0],"evs":[0.0,-2.95893,-2.95959]},"T7o":{"weight":1.0,"played":[1.0,0.0,0.0],"evs":[0.0,-3.364,-3.376]},"J7o":{"weight":1.0,"played":[1.0,0.0,0.0],"evs":[0.0,-3.56204,-3.57143]},"Q7o":{"weight":1.0,"played":[1.0,0.0,0.0],"evs":[0.0,-3.50201,-3.49934]},"K7o":{"weight":1.0,"played":[1.0,0.0,0.0],"evs":[0.0,-2.27162,-2.28357]},"A7o":{"weight":1.0,"played":[0.0,0.6333,0.3667],"evs":[0.0,0.45604,0.47866]},"82s":{"weight":1.0,"played":[1.0,0.0,0.0],"evs":[0.0,-3.86915,-3.88943]},"83s":{"weight":1.0,"played":[1.0,0.0,0.0],"evs":[0.0,-3.85097,-3.87514]},"84s":{"weight":1.0,"played":[1.0,0.0,0.0],"evs":[0.0,-2.91897,-2.92669]},"85s":{"weight":1.0,"played":[1.0,0.0,0.0],"evs":[0.0,-2.08628,-2.09302]},"86s":{"weight":1.0,"played":[1.0,0.0,0.0],"evs":[0.0,-1.22307,-1.23427]},"87s":{"weight":1.0,"played":[0.9996,2.0E-4,2.0E-4],"evs":[0.0,-0.57463,-0.58042]},"88":{"weight":1.0,"played":[0.0,0.5177,0.4823],"evs":[0.0,6.54828,6.54445]},"98o":{"weight":1.0,"played":[1.0,0.0,0.0],"evs":[0.0,-2.27849,-2.27417]},"T8o":{"weight":1.0,"played":[1.0,0.0,0.0],"evs":[0.0,-2.57282,-2.57814]},"J8o":{"weight":1.0,"played":[1.0,0.0,0.0],"evs":[0.0,-2.75799,-2.76595]},"Q8o":{"weight":1.0,"played":[1.0,0.0,0.0],"evs":[0.0,-2.63872,-2.63908]},"K8o":{"weight":1.0,"played":[1.0,0.0,0.0],"evs":[0.0,-2.03112,-2.03562]},"A8o":{"weight":1.0,"played":[0.0,0.5951,0.4049],"evs":[0.0,1.29624,1.31015]},"92s":{"weight":1.0,"played":[1.0,0.0,0.0],"evs":[0.0,-3.85042,-3.85973]},"93s":{"weight":1.0,"played":[1.0,0.0,0.0],"evs":[0.0,-3.65217,-3.66348]},"94s":{"weight":1.0,"played":[1.0,0.0,0.0],"evs":[0.0,-3.47564,-3.48114]},"95s":{"weight":1.0,"played":[1.0,0.0,0.0],"evs":[0.0,-2.59788,-2.59757]},"96s":{"weight":1.0,"played":[1.0,0.0,0.0],"evs":[0.0,-1.714,-1.71497]},"97s":{"weight":1.0,"played":[1.0,0.0,0.0],"evs":[0.0,-0.96321,-0.96051]},"98s":{"weight":1.0,"played":[0.9993,2.0E-4,5.0E-4],"evs":[0.0,-0.33146,-0.3368]},"99":{"weight":1.0,"played":[0.0,0.4198,0.5802],"evs":[0.0,8.08918,8.07866]},"T9o":{"weight":1.0,"played":[1.0,0.0,0.0],"evs":[0.0,-1.8546,-1.85814]},"J9o":{"weight":1.0,"played":[1.0,0.0,0.0],"evs":[0.0,-2.0081,-2.0109]},"Q9o":{"weight":1.0,"played":[1.0,0.0,0.0],"evs":[0.0,-1.76114,-1.75732]},"K9o":{"weight":1.0,"played":[1.0,0.0,0.0],"evs":[0.0,-0.95073,-0.95236]},"A9o":{"weight":1.0,"played":[0.0,0.5438,0.4562],"evs":[0.0,2.37859,2.38598]},