{"player":3,"street":0,"children":2,"sequence":[{"player":0,"type":"R","amount":1550000,"street":0},{"player":1,"type":"C","amount":1550000,"street":0},{"player":2,"type":"C","amount":1550000,"street":0}],"actions":[{"type":"F","amount":0,"node":68},{"type":"C","amount":570000,"node":73}],"hands":{"22":{"weight":1.0,"played":[0.8069,0.1931],"evs":[0.0,-0.23487]},"32o":{"weight":1.0,"played":[1.0,0.0],"evs":[0.0,-2.49393]},"42o":{"weight":1.0,"played":[0.9999,1.0E-4],"evs":[0.0,-1.98619]},"52o":{"weight":1.0,"played":[1.0,0.0],"evs":[0.0,-1.97161]},"62o":{"weight":1.0,"played":[1.0,0.0],"evs":[0.0,-2.26723]},"72o":{"weight":1.0,"played":[1.0,0.0],"evs":[0.0,-2.74008]},"82o":{"weight":1.0,"played":[1.0,0.0],"evs":[0.0,-2.56997]},"92o":{"weight":1.0,"played":[1.0,0.0],"evs":[0.0,-2.71336]},"T2o":{"weight":1.0,"played":[1.0,0.0],"evs":[0.0,-2.54364]},"J2o":{"weight":1.0,"played":[1.0,0.0],"evs":[0.0,-2.64381]},"Q2o":{"weight":1.0,"played":[1.0,0.0],"evs":[0.0,-2.59111]},"K2o":{"weight":1.0,"played":[0.9999,1.0E-4],"evs":[0.0,-1.94751]},"A2o":{"weight":1.0,"played":[1.0,0.0],"evs":[0.0,-2.23144]},"32s":{"weight":1.0,"played":[0.9772,0.0228],"evs":[0.0,-0.89922]},"33":{"weight":1.0,"played":[0.2927,0.7073],"evs":[0.0,0.02533]},"43o":{"weight":1.0,"played":[1.0,0.0],"evs":[0.0,-1.7354]},"53o":{"weight":1.0,"played":[0.9997,3.0E-4],"evs":[0.0,-1.73077]},"63o":{"weight":1.0,"played":[0.9999,1.0E-4],"evs":[0.0,-1.66544]},"73o":{"weight":1.0,"played":[1.0,0.0],"evs":[0.0,-2.22966]},"83o":{"weight":1.0,"played":[1.0,0.0],"evs":[0.0,-2.45058]},"93o":{"weight":1.0,"played":[1.0,0.0],"evs":[0.0,-2.74248]},"T3o":{"weight":1.0,"played":[1.0,0.0],"evs":[0.0,-2.7178]},"J3o":{"weight":1.0,"played":[0.9999,1.0E-4],"evs":[0.0,-2.67702]},"Q3o":{"weight":1.0,"played":[1.0,0.0],"evs":[0.0,-2.32974]},"K3o":{"weight":1.0,"played":[1.0,0.0],"evs":[0.0,-2.15813]},"A3o":{"weight":1.0,"played":[0.9997,3.0E-4],"evs":[0.0,-2.02005]},"42s":{"weight":1.0,"played":[0.9999,1.0E-4],"evs":[0.0,-0.83723]},"43s":{"weight":1.0,"played":[0.6068,0.3932],"evs":[0.0,-0.238]},"44":{"weight":1.0,"played":[0.2217,0.7783],"evs":[0.0,-0.07953]},"54o":{"weight":1.0,"played":[0.9996,4.0E-4],"evs":[0.0,-1.04533]},"64o":{"weight":1.0,"played":[1.0,0.0],"evs":[0.0,-1.17805]},"74o":{"weight":1.0,"played":[1.0,0.0],"evs":[0.0,-1.60304]},"84o":{"weight":1.0,"played":[1.0,0.0],"evs":[0.0,-2.32471]},"94o":{"weight":1.0,"played":[1.0,0.0],"evs":[0.0,-2.37739]},"T4o":{"weight":1.0,"played":[1.0,0.0],"evs":[0.0,-2.68035]},"J4o":{"weight":1.0,"played":[1.0,0.0],"evs":[0.0,-2.26631]},"Q4o":{"weight":1.0,"played":[1.0,0.0],"evs":[0.0,-1.95695]},"K4o":{"weight":1.0,"played":[0.9999,1.0E-4],"evs":[0.0,-1.86524]},"A4o":{"weight":1.0,"played":[1.0,0.0],"evs":[0.0,-2.03388]},"52s":{"weight":1.0,"played":[0.9987,0.0013],"evs":[0.0,-0.49335]},"53s":{"weight":1.0,"played":[0.4033,0.5967],"evs":[0.0,-0.47751]},"54s":{"weight":1.0,"played":[0.6753,0.3247],"evs":[0.0,-0.48318]},"55":{"weight":1.0,"played":[0.0169,0.9831],"evs":[0.0,0.2406]},"65o":{"weight":1.0,"played":[0.9996,4.0E-4],"evs":[0.0,-0.66557]},"75o":{"weight":1.0,"played":[0.9999,1.0E-4],"evs":[0.0,-1.23612]},"85o":{"weight":1.0,"played":[1.0,0.0],"evs":[0.0,-1.54524]},"95o":{"weight":1.0,"played":[1.0,0.0],"evs":[0.0,-2.07524]},"T5o":{"weight":1.0,"played":[1.0,0.0],"evs":[0.0,-2.1412]},"J5o":{"weight":1.0,"played":[1.0,0.0],"evs":[0.0,-2.27574]},"Q5o":{"weight":1.0,"played":[0.9999,1.0E-4],"evs":[0.0,-2.04691]},"K5o":{"weight":1.0,"played":[1.0,0.0],"evs":[0.0,-1.65417]},"A5o":{"weight":1.0,"played":[1.0,0.0],"evs":[0.0,-1.7282]},"62s":{"weight":1.0,"played":[0.9998,2.0E-4],"evs":[0.0,-1.08355]},"63s":{"weight":1.0,"played":[0.7549,0.2451],"evs":[0.0,-0.22475]},"64s":{"weight":1.0,"played":[8.0E-4,0.9992],"evs":[0.0,0.29963]},"65s":{"weight":1.0,"played":[8.0E-4,0.9992],"evs":[0.0,0.51586]},"66":{"weight":1.0,"played":[0.0,1.0],"evs":[0.0,0.83081]},"76o":{"weight":1.0,"played":[0.9943,0.0057],"evs":[0.0,-0.84486]},"86o":{"weight":1.0,"played":[0.9998,2.0E-4],"evs":[0.0,-1.02805]},"96o":{"weight":1.0,"played":[1.0,0.0],"evs":[0.0,-1.50819]},"T6o":{"weight":1.0,"played":[0.9998,2.0E-4],"evs":[0.0,-1.89746]},"J6o":{"weight":1.0,"played":[0.9999,1.0E-4],"evs":[0.0,-2.19165]},"Q6o":{"weight":1.0,"played":[1.0,0.0],"evs":[0.0,-1.87413]},"K6o":{"weight":1.0,"played":[1.0,0.0],"evs":[0.0,-1.56105]},"A6o":{"weight":1.0,"played":[0.9999,1.0E-4],"evs":[0.0,-2.29859]},"72s":{"weight":1.0,"played":[0.9937,0.0063],"evs":[0.0,-1.97146]},"73s":{"weight":1.0,"played":[0.9979,0.0021],"evs":[0.0,-0.75611]},"74s":{"weight":1.0,"played":[0.8971,0.1029],"evs":[0.0,-0.57618]},"75s":{"weight":1.0,"played":[0.2726,0.7274],"evs":[0.0,-0.23137]},"76s":{"weight":1.0,"played":[0.0039,0.9961],"evs":[0.0,0.18524]},"77":{"weight":1.0,"played":[0.0013,0.9987],"evs":[0.0,1.54295]},"87o":{"weight":1.0,"played":[0.999,0.001],"evs":[0.0,-0.90511]},"97o":{"weight":1.0,"played":[1.0,0.0],"evs":[0.0,-1.13752]},"T7o":{"weight":1.0,"played":[0.9991,9.0E-4],"evs":[0.0,-1.41962]},"J7o":{"weight":1.0,"played":[1.0,0.0],"evs":[0.0,-1.93606]},"Q7o":{"weight":1.0,"played":[0.9993,7.0E-4],"evs":[0.0,-1.63458]},"K7o":{"weight":1.0,"played":[1.0,0.0],"evs":[0.0,-1.48773]},"A7o":{"weight":1.0,"played":[1.0,0.0],"evs":[0.0,-1.99749]},"82s":{"weight":1.0,"played":[0.9991,9.0E-4],"evs":[0.0,-1.1246]},"83s":{"weight":1.0,"played":[0.978,0.022],"evs":[0.0,-1.23728]},"84s":{"weight":1.0,"played":[0.9988,0.0012],"evs":[0.0,-0.60759]},"85s":{"weight":1.0,"played":[0.6198,0.3802],"evs":[0.0,-0.34045]},"86s":{"weight":1.0,"played":[0.0315,0.9685],"evs":[0.0,0.01341]},"87s":{"weight":1.0,"played":[0.4155,0.5845],"evs":[0.0,-0.107]},"88":{"weight":1.0,"played":[0.0,1.0],"evs":[0.0,1.88055]},"98o":{"weight":1.0,"played":[0.9968,0.0032],"evs":[0.0,-1.0237]},"T8o":{"weight":1.0,"played":[1.0,0.0],"evs":[0.0,-1.36137]},"J8o":{"weight":1.0,"played":[0.9999,1.0E-4],"evs":[0.0,-1.51782]},"Q8o":{"weight":1.0,"played":[0.9998,2.0E-4],"evs":[0.0,-1.28473]},"K8o":{"weight":1.0,"played":[1.0,0.0],"evs":[0.0,-1.3591]},"A8o":{"weight":1.0,"played":[0.9999,1.0E-4],"evs":[0.0,-1.79876]},"92s":{"weight":1.0,"played":[0.998,0.002],"evs":[0.0,-1.28489]},"93s":{"weight":1.0,"played":[0.9997,3.0E-4],"evs":[0.0,-1.34434]},"94s":{"weight":1.0,"played":[0.9967,0.0033],"evs":[0.0,-0.8611]},"95s":{"weight":1.0,"played":[0.9147,0.0853],"evs":[0.0,-0.6439]},"96s":{"weight":1.0,"played":[0.6293,0.3707],"evs":[0.0,-0.5398]},"97s":{"weight":1.0,"played":[0.2209,0.7791],"evs":[0.0,0.14636]},"98s":{"weight":1.0,"played":[0.0014,0.9986],"evs":[0.0,0.12521]},"99":{"weight":1.0,"played":[0.0,1.0],"evs":[0.0,2.11509]},"T9o":{"weight":1.0,"played":[0.9934,0.0066],"evs":[0.0,-0.91075]},"J9o":{"weight":1.0,"played":[0.9991,9.0E-4],"evs":[0.0,-1.24334]},"Q9o":{"weight":1.0,"played":[0.9999,1.0E-4],"evs":[0.0,-0.74276]},"K9o":{"weight":1.0,"played":[0.9978,0.0022],"evs":[0.0,-0.86436]},"A9o":{"weight":1.0,"played":[0.9999,1.0E-4],"evs":[0.0,-1.20723]},"T2s":{"weight":1.0,"played":[0.9999,1.0E-4],"evs":[0.0,-1.68634]},"T3s":{"weight":1.0,"played":[0.9983,0.0017],"evs":[0.0,-1.02877]},"T4s":{"weight":1.0,"played":[0.9998,2.0E-4],"evs":[0.0,-1.10693]},"T5s":{"weight":1.0,"played":[0.9943,0.0057],"evs":[0.0,-0.89871]},"T6s":{"weight":1.0,"played":[0.999,0.001],"evs":[0.0,-0.70691]},"T7s":{"weight":1.0,"played":[0.7594,0.2406],"evs":[0.0,-0.50739]},"T8s":{"weight":1.0,"played":[0.0706,0.9294],"evs":[0.0,0.05287]},"T9s":{"weight":1.0,"played":[0.0065,0.9935],"evs":[0.0,0.7086]},"TT":{"weight":1.0,"played":[0.0,1.0],"evs":[0.0,3.51218]},"JTo":{"weight":1.0,"played":[0.9971,0.0029],"evs":[0.0,-0.48355]},"QTo":{"weight":1.0,"played":[0.9599,0.0401],"evs":[0.0,-0.64167]},"KTo":{"weight":1.0,"played":[0.9465,0.0535],"evs":[0.0,-0.16478]},"ATo":{"weight":1.0,"played":[0.9999,1.0E-4],"evs":[0.0,-0.44247]},"J2s":{"weight":1.0,"played":[0.9965,0.0035],"evs":[0.0,-1.39466]},"J3s":{"weight":1.0,"played":[0.9943,0.0057],"evs":[0.0,-0.75787]},"J4s":{"weight":1.0,"played":[1.0,0.0],