{"player":2,"street":0,"children":3,"sequence":[{"player":0,"type":"F","amount":0,"street":0},{"player":1,"type":"R","amount":575000,"street":0}],"actions":[{"type":"F","amount":0,"node":27},{"type":"C","amount":575000},{"type":"R","amount":1295000,"node":32}],"hands":{"22":{"weight":1.0,"played":[1.0,0.0,0.0],"evs":[0.0,-0.11627,-0.06548]},"32o":{"weight":1.0,"played":[1.0,0.0,0.0],"evs":[0.0,-3.48921,-3.82104]},"42o":{"weight":1.0,"played":[1.0,0.0,0.0],"evs":[0.0,-3.30048,-3.62376]},"52o":{"weight":1.0,"played":[1.0,0.0,0.0],"evs":[0.0,-3.12135,-3.41217]},"62o":{"weight":1.0,"played":[1.0,0.0,0.0],"evs":[0.0,-3.3955,-3.72057]},"72o":{"weight":1.0,"played":[1.0,0.0,0.0],"evs":[0.0,-3.67527,-3.95074]},"82o":{"weight":1.0,"played":[1.0,0.0,0.0],"evs":[0.0,-3.50583,-3.73767]},"92o":{"weight":1.0,"played":[1.0,0.0,0.0],"evs":[0.0,-3.4044,-3.56288]},"T2o":{"weight":1.0,"played":[1.0,0.0,0.0],"evs":[0.0,-3.19961,-3.2969]},"J2o":{"weight":1.0,"played":[1.0,0.0,0.0],"evs":[0.0,-2.87986,-2.94671]},"Q2o":{"weight":1.0,"played":[1.0,0.0,0.0],"evs":[0.0,-2.54787,-2.57582]},"K2o":{"weight":1.0,"played":[1.0,0.0,0.0],"evs":[0.0,-2.01078,-2.01583]},"A2o":{"weight":1.0,"played":[1.0,0.0,0.0],"evs":[0.0,-0.35555,-0.34538]},"32s":{"weight":1.0,"played":[1.0,0.0,0.0],"evs":[0.0,-2.35999,-2.63439]},"33":{"weight":1.0,"played":[0.0,0.0013,0.9987],"evs":[0.0,0.37548,0.45022]},"43o":{"weight":1.0,"played":[1.0,0.0,0.0],"evs":[0.0,-2.82843,-3.12842]},"53o":{"weight":1.0,"played":[1.0,0.0,0.0],"evs":[0.0,-2.64073,-2.89678]},"63o":{"weight":1.0,"played":[1.0,0.0,0.0],"evs":[0.0,-2.91228,-3.20553]},"73o":{"weight":1.0,"played":[1.0,0.0,0.0],"evs":[0.0,-3.20548,-3.44103]},"83o":{"weight":1.0,"played":[1.0,0.0,0.0],"evs":[0.0,-3.4286,-3.64763]},"93o":{"weight":1.0,"played":[1.0,0.0,0.0],"evs":[0.0,-3.24872,-3.39192]},"T3o":{"weight":1.0,"played":[1.0,0.0,0.0],"evs":[0.0,-3.02942,-3.10757]},"J3o":{"weight":1.0,"played":[1.0,0.0,0.0],"evs":[0.0,-2.74501,-2.7875]},"Q3o":{"weight":1.0,"played":[1.0,0.0,0.0],"evs":[0.0,-2.42406,-2.43121]},"K3o":{"weight":1.0,"played":[1.0,0.0,0.0],"evs":[0.0,-1.8281,-1.81201]},"A3o":{"weight":1.0,"played":[0.9998,0.0,2.0E-4],"evs":[0.0,-0.15213,-0.12582]},"42s":{"weight":1.0,"played":[1.0,0.0,0.0],"evs":[0.0,-2.16411,-2.44134]},"43s":{"weight":1.0,"played":[1.0,0.0,0.0],"evs":[0.0,-1.75035,-2.00032]},"44":{"weight":1.0,"played":[0.0,1.0E-4,0.9999],"evs":[0.0,0.92802,1.01799]},"54o":{"weight":1.0,"played":[1.0,0.0,0.0],"evs":[0.0,-2.17825,-2.42419]},"64o":{"weight":1.0,"played":[1.0,0.0,0.0],"evs":[0.0,-2.40764,-2.68947]},"74o":{"weight":1.0,"played":[1.0,0.0,0.0],"evs":[0.0,-2.71859,-2.94022]},"84o":{"weight":1.0,"played":[1.0,0.0,0.0],"evs":[0.0,-2.92901,-3.13063]},"94o":{"weight":1.0,"played":[1.0,0.0,0.0],"evs":[0.0,-3.14783,-3.2943]},"T4o":{"weight":1.0,"played":[1.0,0.0,0.0],"evs":[0.0,-2.85892,-2.94357]},"J4o":{"weight":1.0,"played":[1.0,0.0,0.0],"evs":[0.0,-2.546,-2.59079]},"Q4o":{"weight":1.0,"played":[1.0,0.0,0.0],"evs":[0.0,-2.21869,-2.23307]},"K4o":{"weight":1.0,"played":[1.0,0.0,0.0],"evs":[0.0,-1.63199,-1.62443]},"A4o":{"weight":1.0,"played":[5.0E-4,0.0,0.9995],"evs":[0.0,0.04411,0.07919]},"52s":{"weight":1.0,"played":[1.0,0.0,0.0],"evs":[0.0,-2.04648,-2.28025]},"53s":{"weight":1.0,"played":[1.0,0.0,0.0],"evs":[0.0,-1.56144,-1.76438]},"54s":{"weight":1.0,"played":[1.0,0.0,0.0],"evs":[0.0,-1.12823,-1.33031]},"55":{"weight":1.0,"played":[0.0,1.0E-4,0.9999],"evs":[0.0,1.58485,1.68158]},"65o":{"weight":1.0,"played":[1.0,0.0,0.0],"evs":[0.0,-1.98312,-2.19412]},"75o":{"weight":1.0,"played":[1.0,0.0,0.0],"evs":[0.0,-2.24639,-2.40547]},"85o":{"weight":1.0,"played":[1.0,0.0,0.0],"evs":[0.0,-2.44787,-2.58486]},"95o":{"weight":1.0,"played":[1.0,0.0,0.0],"evs":[0.0,-2.66303,-2.74012]},"T5o":{"weight":1.0,"played":[1.0,0.0,0.0],"evs":[0.0,-2.7426,-2.78712]},"J5o":{"weight":1.0,"played":[1.0,0.0,0.0],"evs":[0.0,-2.38127,-2.37991]},"Q5o":{"weight":1.0,"played":[1.0,0.0,0.0],"evs":[0.0,-2.02771,-2.00537]},"K5o":{"weight":1.0,"played":[1.0,0.0,0.0],"evs":[0.0,-1.42119,-1.40424]},"A5o":{"weight":1.0,"played":[0.0,0.0,1.0],"evs":[0.0,0.37551,0.39993]},"62s":{"weight":1.0,"played":[1.0,0.0,0.0],"evs":[0.0,-2.25253,-2.51604]},"63s":{"weight":1.0,"played":[1.0,0.0,0.0],"evs":[0.0,-1.77669,-2.02647]},"64s":{"weight":1.0,"played":[1.0,0.0,0.0],"evs":[0.0,-1.34101,-1.57639]},"65s":{"weight":1.0,"played":[1.0,0.0,0.0],"evs":[0.0,-0.92943,-1.10049]},"66":{"weight":1.0,"played":[0.0,2.0E-4,0.9998],"evs":[0.0,2.15372,2.30453]},"76o":{"weight":1.0,"played":[1.0,0.0,0.0],"evs":[0.0,-1.80251,-1.98099]},"86o":{"weight":1.0,"played":[1.0,0.0,0.0],"evs":[0.0,-1.96117,-2.11851]},"96o":{"weight":1.0,"played":[1.0,0.0,0.0],"evs":[0.0,-2.16206,-2.24839]},"T6o":{"weight":1.0,"played":[1.0,0.0,0.0],"evs":[0.0,-2.26321,-2.3032]},"J6o":{"weight":1.0,"played":[1.0,0.0,0.0],"evs":[0.0,-2.25154,-2.26907]},"Q6o":{"weight":1.0,"played":[1.0,0.0,0.0],"evs":[0.0,-1.82381,-1.81289]},"K6o":{"weight":1.0,"played":[1.0,0.0,0.0],"evs":[0.0,-1.18921,-1.15105]},"A6o":{"weight":1.0,"played":[0.0,0.0,1.0],"evs":[0.0,0.31921,0.4196]},"72s":{"weight":1.0,"played":[1.0,0.0,0.0],"evs":[0.0,-2.53985,-2.76395]},"73s":{"weight":1.0,"played":[1.0,0.0,0.0],"evs":[0.0,-2.1277,-2.30996]},"74s":{"weight":1.0,"played":[1.0,0.0,0.0],"evs":[0.0,-1.61868,-1.78848]},"75s":{"weight":1.0,"played":[1.0,0.0,0.0],"evs":[0.0,-1.19797,-1.31967]},"76s":{"weight":1.0,"played":[1.0,0.0,0.0],"evs":[0.0,-0.75637,-0.90311]},"77":{"weight":1.0,"played":[0.0,0.0,1.0],"evs":[0.0,2.84263,3.01287]},"87o":{"weight":1.0,"played":[1.0,0.0,0.0],"evs":[0.0,-1.66326,-1.71536]},"97o":{"weight":1.0,"played":[1.0,0.0,0.0],"evs":[0.0,-1.81968,-1.83075]},"T7o":{"weight":1.0,"played":[1.0,0.0,0.0],"evs":[0.0,-1.9006,-1.86513]},"J7o":{"weight":1.0,"played":[1.0,0.0,0.0],"evs":[0.0,-1.89923,-1.8628]},"Q7o":{"weight":1.0,"played":[1.0,0.0,0.0],"evs":[0.0,-1.78368,-1.76128]},"K7o":{"weight":1.0,"played":[1.0,0.0,0.0],"evs":[0.0,-0.96554,-0.92825]},"A7o":{"weight":1.0,"played":[0.0,0.0,1.0],"evs":[0.0,0.83353,0.90052]},"82s":{"weight":1.0,"played":[1.0,0.0,0.0],"evs":[0.0,-2.35911,-2.54294]},"83s":{"weight":1.0,"played":[1.0,0.0,0.0],"evs":[0.0,-2.29081,-2.45959]},"84s":{"weight":1.0,"played":[1.0,0.0,0.0],"evs":[0.0,-1.82593,-1.9901]},"85s":{"weight":1.0,"played":[1.0,0.0,0.0],"evs":[0.0,-1.36923,-1.47139]},"86s":{"weight":1.0,"played":[1.0,0.0,0.0],"evs":[0.0,-0.9311,-1.05181]},"87s":{"weight":1.0,"played":[1.0,0.0,0.0],"evs":[0.0,-0.61354,-0.64325]},"88":{"weight":1.0,"played":[0.0,0.0,1.0],"evs":[0.0,3.68027,3.86001]},"98o":{"weight":1.0,"played":[1.0,0.0,0.0],"evs":[0.0,-1.40507,-1.41184]},"T8o":{"weight":1.0,"played":[1.0,0.0,0.0],"evs":[0.0,-1.40899,-1.3966]},"J8o":{"weight":1.0,"played":[1.0,0.0,0.0],"evs":[0.0,-1.40153,-1.35193]},"Q8o":{"weight":1.0,"played":[1.0,0.0,0.0],"evs":[0.0,-1.27403,-1.22051]},"K8o":{"weight":1.0,"played":[1.0,0.0,0.0],"evs":[0.0,-0.69958,-0.62094]},"A8o":{"weight":1.0,"played":[0.0,0.0,1.0],"evs":[0.0,1.33201,1.46326]},"92s":{"weight":1.0,"played":[1.0,0.0,0.0],"evs":[0.0,-2.26564,-2.38281]},"93s":{"weight":1.0,"played":[1.0,0.0,0.0],"evs":[0.0,-2.12263,-2.22418]},"94s":{"weight":1.0,"played":[1.0,0.0,0.0],"evs":[0.0,-2.03023,-2.14403]},"95s":{"weight":1.0,"played":[1.0,0.0,0.0],"evs":[0.0,-1.56515,-1.59879]},"96s":{"weight":1.0,"played":[1.0,0.0,0.0],"evs":[0.0,-1.11215,-1.16772]},"97s":{"weight":1.0,"played":[1.0,0.0,0.0],"evs":[0.0,-0.7711,-0.75485]},"98s":{"weight":1.0,"played":[1.0,0.0,0.0],"evs":[0.0,-0.40778,-0.39228]},"99":{"weight":1.0,"played":[0.0,0.0,1.0],"evs":[0.0,4.66501,4.86234]},"T9o":{"weight":1.0,"played":[1.0,0.0,0.0],"evs":[0.0,-0.9169,-0.8699]},"J9o":{"weight":1.0,"played":[1.0,0.0,0.0],"evs":[0.0,-0.89639,-0.8334]},"Q9o":{"weight":1.0,"played":[1.0,0.0,0.0],"evs":[0.0,-0.68161,-0.63665]},"K9o":{"weight":1.0,"played":[0.0,0.0,1.0],"evs":[0.0,0.05311,0.08819]},"A9o":{"weight":1.0,"played":[0.0,0.0,1.0],"evs":[0.0,1.91944,1.99981]},"T2s":{"weight":1.0,"played":[1.0,0.0,0.0],