{"player":3,"street":0,"children":2,"sequence":[{"player":0,"type":"R","amount":200000,"street":0},{"player":1,"type":"C","amount":200000,"street":0},{"player":2,"type":"C","amount":200000,"street":0}],"actions":[{"type":"F","amount":0,"node":96},{"type":"R","amount":2575000,"node":104}],"hands":{"22":{"weight":1.0,"played":[0.8235,0.1765],"evs":[0.0,1.52205]},"32o":{"weight":1.0,"played":[0.954,0.046],"evs":[0.0,-4.82687]},"42o":{"weight":1.0,"played":[0.9955,0.0045],"evs":[0.0,-6.14606]},"52o":{"weight":1.0,"played":[0.9987,0.0013],"evs":[0.0,-6.83047]},"62o":{"weight":1.0,"played":[0.9958,0.0042],"evs":[0.0,-5.21554]},"72o":{"weight":1.0,"played":[0.9789,0.0211],"evs":[0.0,-6.03923]},"82o":{"weight":1.0,"played":[0.99,0.01],"evs":[0.0,-2.71332]},"92o":{"weight":1.0,"played":[0.9999,1.0E-4],"evs":[0.0,-4.64279]},"T2o":{"weight":1.0,"played":[0.9854,0.0146],"evs":[0.0,-5.53084]},"J2o":{"weight":1.0,"played":[0.9998,2.0E-4],"evs":[0.0,-5.79777]},"Q2o":{"weight":1.0,"played":[0.9756,0.0244],"evs":[0.0,-7.16038]},"K2o":{"weight":1.0,"played":[0.9912,0.0088],"evs":[0.0,-3.89565]},"A2o":{"weight":1.0,"played":[0.7196,0.2804],"evs":[0.0,-1.53804]},"32s":{"weight":1.0,"played":[0.7086,0.2914],"evs":[0.0,-4.25585]},"33":{"weight":1.0,"played":[0.1326,0.8674],"evs":[0.0,0.61018]},"43o":{"weight":1.0,"played":[0.8178,0.1822],"evs":[0.0,-5.36134]},"53o":{"weight":1.0,"played":[0.942,0.058],"evs":[0.0,-5.10141]},"63o":{"weight":1.0,"played":[0.9708,0.0292],"evs":[0.0,-5.64014]},"73o":{"weight":1.0,"played":[0.9945,0.0055],"evs":[0.0,-5.5244]},"83o":{"weight":1.0,"played":[0.9999,1.0E-4],"evs":[0.0,-8.84624]},"93o":{"weight":1.0,"played":[0.9588,0.0412],"evs":[0.0,-5.45199]},"T3o":{"weight":1.0,"played":[0.9839,0.0161],"evs":[0.0,-4.71166]},"J3o":{"weight":1.0,"played":[0.9069,0.0931],"evs":[0.0,-2.8538]},"Q3o":{"weight":1.0,"played":[0.9834,0.0166],"evs":[0.0,-6.10761]},"K3o":{"weight":1.0,"played":[0.9818,0.0182],"evs":[0.0,-4.42797]},"A3o":{"weight":1.0,"played":[0.8488,0.1512],"evs":[0.0,-4.55272]},"42s":{"weight":1.0,"played":[0.9515,0.0485],"evs":[0.0,-5.21982]},"43s":{"weight":1.0,"played":[0.9756,0.0244],"evs":[0.0,-6.93639]},"44":{"weight":1.0,"played":[0.0015,0.9985],"evs":[0.0,3.28179]},"54o":{"weight":1.0,"played":[0.9846,0.0154],"evs":[0.0,-2.47677]},"64o":{"weight":1.0,"played":[0.905,0.095],"evs":[0.0,-3.77006]},"74o":{"weight":1.0,"played":[0.9647,0.0353],"evs":[0.0,-4.54678]},"84o":{"weight":1.0,"played":[0.7583,0.2417],"evs":[0.0,-4.36057]},"94o":{"weight":1.0,"played":[0.9655,0.0345],"evs":[0.0,-4.69749]},"T4o":{"weight":1.0,"played":[0.9934,0.0066],"evs":[0.0,-4.53354]},"J4o":{"weight":1.0,"played":[0.9759,0.0241],"evs":[0.0,-2.89805]},"Q4o":{"weight":1.0,"played":[0.7489,0.2511],"evs":[0.0,0.08749]},"K4o":{"weight":1.0,"played":[0.9834,0.0166],"evs":[0.0,-4.6262]},"A4o":{"weight":1.0,"played":[0.1242,0.8758],"evs":[0.0,4.16079]},"52s":{"weight":1.0,"played":[0.5194,0.4806],"evs":[0.0,-3.96638]},"53s":{"weight":1.0,"played":[0.3697,0.6303],"evs":[0.0,1.05462]},"54s":{"weight":1.0,"played":[0.7958,0.2042],"evs":[0.0,-3.98066]},"55":{"weight":1.0,"played":[0.9444,0.0556],"evs":[0.0,-6.76356]},"65o":{"weight":1.0,"played":[0.3266,0.6734],"evs":[0.0,0.97483]},"75o":{"weight":1.0,"played":[0.9345,0.0655],"evs":[0.0,-3.24036]},"85o":{"weight":1.0,"played":[1.0,0.0],"evs":[0.0,-3.8786]},"95o":{"weight":1.0,"played":[0.9151,0.0849],"evs":[0.0,-4.74657]},"T5o":{"weight":1.0,"played":[0.9742,0.0258],"evs":[0.0,-7.71371]},"J5o":{"weight":1.0,"played":[0.9441,0.0559],"evs":[0.0,-6.25591]},"Q5o":{"weight":1.0,"played":[0.9999,1.0E-4],"evs":[0.0,-3.21153]},"K5o":{"weight":1.0,"played":[0.3104,0.6896],"evs":[0.0,1.75656]},"A5o":{"weight":1.0,"played":[0.6251,0.3749],"evs":[0.0,-1.33447]},"62s":{"weight":1.0,"played":[0.9958,0.0042],"evs":[0.0,-5.2314]},"63s":{"weight":1.0,"played":[0.0437,0.9563],"evs":[0.0,-0.0547]},"64s":{"weight":1.0,"played":[0.993,0.007],"evs":[0.0,-3.20773]},"65s":{"weight":1.0,"played":[0.1721,0.8279],"evs":[0.0,-0.39156]},"66":{"weight":1.0,"played":[0.2635,0.7365],"evs":[0.0,4.27895]},"76o":{"weight":1.0,"played":[0.722,0.278],"evs":[0.0,-2.21323]},"86o":{"weight":1.0,"played":[0.9909,0.0091],"evs":[0.0,-5.34046]},"96o":{"weight":1.0,"played":[0.9613,0.0387],"evs":[0.0,-5.06606]},"T6o":{"weight":1.0,"played":[0.9225,0.0775],"evs":[0.0,-5.57572]},"J6o":{"weight":1.0,"played":[0.6876,0.3124],"evs":[0.0,-3.4284]},"Q6o":{"weight":1.0,"played":[0.9848,0.0152],"evs":[0.0,-5.99644]},"K6o":{"weight":1.0,"played":[0.9777,0.0223],"evs":[0.0,-1.13497]},"A6o":{"weight":1.0,"played":[0.3909,0.6091],"evs":[0.0,-0.52068]},"72s":{"weight":1.0,"played":[0.9554,0.0446],"evs":[0.0,-3.64717]},"73s":{"weight":1.0,"played":[0.6455,0.3545],"evs":[0.0,-4.0705]},"74s":{"weight":1.0,"played":[0.7952,0.2048],"evs":[0.0,-0.48659]},"75s":{"weight":1.0,"played":[0.1332,0.8668],"evs":[0.0,4.0069]},"76s":{"weight":1.0,"played":[0.8315,0.1685],"evs":[0.0,-6.83393]},"77":{"weight":1.0,"played":[7.0E-4,0.9993],"evs":[0.0,7.85776]},"87o":{"weight":1.0,"played":[0.9933,0.0067],"evs":[0.0,-1.97988]},"97o":{"weight":1.0,"played":[0.969,0.031],"evs":[0.0,-2.28037]},"T7o":{"weight":1.0,"played":[0.6941,0.3059],"evs":[0.0,-0.69399]},"J7o":{"weight":1.0,"played":[0.9915,0.0085],"evs":[0.0,-1.94452]},"Q7o":{"weight":1.0,"played":[0.9272,0.0728],"evs":[0.0,-1.9879]},"K7o":{"weight":1.0,"played":[0.5384,0.4616],"evs":[0.0,-1.10807]},"A7o":{"weight":1.0,"played":[0.0578,0.9422],"evs":[0.0,4.70374]},"82s":{"weight":1.0,"played":[0.1315,0.8685],"evs":[0.0,-0.95587]},"83s":{"weight":1.0,"played":[0.9206,0.0794],"evs":[0.0,-9.0194]},"84s":{"weight":1.0,"played":[0.2706,0.7294],"evs":[0.0,-2.58099]},"85s":{"weight":1.0,"played":[0.1339,0.8661],"evs":[0.0,6.19051]},"86s":{"weight":1.0,"played":[0.3286,0.6714],"evs":[0.0,3.15249]},"87s":{"weight":1.0,"played":[0.1577,0.8423],"evs":[0.0,3.21734]},"88":{"weight":1.0,"played":[0.0,1.0],"evs":[0.0,7.33318]},"98o":{"weight":1.0,"played":[0.6403,0.3597],"evs":[0.0,0.65905]},"T8o":{"weight":1.0,"played":[0.8892,0.1108],"evs":[0.0,-1.2221]},"J8o":{"weight":1.0,"played":[0.8222,0.1778],"evs":[0.0,-2.09011]},"Q8o":{"weight":1.0,"played":[0.4486,0.5514],"evs":[0.0,-0.60867]},"K8o":{"weight":1.0,"played":[0.5475,0.4525],"evs":[0.0,-0.84369]},"A8o":{"weight":1.0,"played":[0.54,0.46],"evs":[0.0,-0.20139]},"92s":{"weight":1.0,"played":[0.758,0.242],"evs":[0.0,-3.39131]},"93s":{"weight":1.0,"played":[0.923,0.077],"evs":[0.0,-4.33492]},"94s":{"weight":1.0,"played":[0.4383,0.5617],"evs":[0.0,3.56056]},"95s":{"weight":1.0,"played":[0.3669,0.6331],"evs":[0.0,0.80703]},"96s":{"weight":1.0,"played":[0.6255,0.3745],"evs":[0.0,0.82301]},"97s":{"weight":1.0,"played":[0.215,0.785],"evs":[0.0,-1.43442]},"98s":{"weight":1.0,"played":[0.5279,0.4721],"evs":[0.0,2.0149]},"99":{"weight":1.0,"played":[5.0E-4,0.9995],"evs":[0.0,3.03533]},"T9o":{"weight":1.0,"played":[0.5957,0.4043],"evs":[0.0,-2.23306]},"J9o":{"weight":1.0,"played":[0.9569,0.0431],"evs":[0.0,-2.4717]},"Q9o":{"weight":1.0,"played":[0.8224,0.1776],"evs":[0.0,-2.66793]},"K9o":{"weight":1.0,"played":[0.5198,0.4802],"evs":[0.0,-1.74514]},"A9o":{"weight":1.0,"played":[0.8681,0.1319],"evs":[0.0,-2.74851]},"T2s":{"weight":1.0,"played":[0.5011,0.4989],"evs":[0.0,-4.06984]},"T3s":{"weight":1.0,"played":[0.7812,0.2188],"evs":[0.0,-6.1561]},"T4s":{"weight":1.0,"played":[0.9766,0.0234],"evs":[0.0,-2.66301]},"T5s":{"weight":1.0,"played":[0.2307,0.7693],"evs":[0.0,-0.25612]},"T6s":{"weight":1.0,"played":[0.0482,0.9518],"evs":[0.0,-0.2505]},"T7s":{"weight":1.0,"played":[0.9441,0.0559],"evs":[0.0,-5.24021]},"T8s":{"weight":1.0,"played":[0.6911,0.3089],"evs":[0.0,-2.70652]},"T9s":{"weight":1.0,"played":[0.6845,0.3155],"evs":[0.0,-2.52946]},"TT":{"weight":1.0,"played":[0.0244,0.9756],"evs":[0.0,14.6158]},"JTo":{"weight":1.0,"played":[0.6458,0.3542],"evs":[0.0,-1.22136]},"QTo":{"weight":1.0,"played":[0.6893,0.3107],"evs":[0.0,-3.39879]},"KTo":{"weight":1.0,"played":[0.4688,0.5312],"evs":[0.0,-1.04061]},