{"player":2,"street":0,"children":3,"sequence":[{"player":0,"type":"R","amount":400000,"street":0},{"player":1,"type":"F","amount":0,"street":0}],"actions":[{"type":"F","amount":0,"node":131},{"type":"C","amount":400000,"node":171},{"type":"R","amount":3210000,"node":243}],"hands":{"22":{"weight":1.0,"played":[1.0,0.0,0.0],"evs":[0.0,-0.23498,-0.74123]},"32o":{"weight":1.0,"played":[1.0,0.0,0.0],"evs":[0.0,-0.88686,-2.22825]},"42o":{"weight":1.0,"played":[1.0,0.0,0.0],"evs":[0.0,-0.83187,-1.99994]},"52o":{"weight":1.0,"played":[1.0,0.0,0.0],"evs":[0.0,-0.77815,-1.90754]},"62o":{"weight":1.0,"played":[1.0,0.0,0.0],"evs":[0.0,-0.8785,-2.13201]},"72o":{"weight":1.0,"played":[1.0,0.0,0.0],"evs":[0.0,-0.9678,-2.34082]},"82o":{"weight":1.0,"played":[1.0,0.0,0.0],"evs":[0.0,-0.98995,-2.32523]},"92o":{"weight":1.0,"played":[1.0,0.0,0.0],"evs":[0.0,-1.01444,-2.40144]},"T2o":{"weight":1.0,"played":[1.0,0.0,0.0],"evs":[0.0,-0.95835,-2.22907]},"J2o":{"weight":1.0,"played":[1.0,0.0,0.0],"evs":[0.0,-0.97151,-2.07936]},"Q2o":{"weight":1.0,"played":[1.0,0.0,0.0],"evs":[0.0,-0.87482,-1.66396]},"K2o":{"weight":1.0,"played":[1.0,0.0,0.0],"evs":[0.0,-0.75189,-1.31195]},"A2o":{"weight":1.0,"played":[1.0,0.0,0.0],"evs":[0.0,-0.47527,-0.69828]},"32s":{"weight":1.0,"played":[1.0,0.0,0.0],"evs":[0.0,-0.52213,-1.47087]},"33":{"weight":1.0,"played":[1.0,0.0,0.0],"evs":[0.0,-0.17042,-0.6574]},"43o":{"weight":1.0,"played":[1.0,0.0,0.0],"evs":[0.0,-0.69972,-1.72158]},"53o":{"weight":1.0,"played":[1.0,0.0,0.0],"evs":[0.0,-0.61265,-1.61409]},"63o":{"weight":1.0,"played":[1.0,0.0,0.0],"evs":[0.0,-0.72442,-1.81985]},"73o":{"weight":1.0,"played":[1.0,0.0,0.0],"evs":[0.0,-0.87202,-2.02494]},"83o":{"weight":1.0,"played":[1.0,0.0,0.0],"evs":[0.0,-0.99136,-2.33541]},"93o":{"weight":1.0,"played":[1.0,0.0,0.0],"evs":[0.0,-0.98216,-2.32035]},"T3o":{"weight":1.0,"played":[1.0,0.0,0.0],"evs":[0.0,-0.92771,-2.14164]},"J3o":{"weight":1.0,"played":[1.0,0.0,0.0],"evs":[0.0,-0.92521,-1.95721]},"Q3o":{"weight":1.0,"played":[1.0,0.0,0.0],"evs":[0.0,-0.83986,-1.58699]},"K3o":{"weight":1.0,"played":[1.0,0.0,0.0],"evs":[0.0,-0.72427,-1.24684]},"A3o":{"weight":1.0,"played":[1.0,0.0,0.0],"evs":[0.0,-0.39919,-0.62733]},"42s":{"weight":1.0,"played":[1.0,0.0,0.0],"evs":[0.0,-0.47426,-1.29703]},"43s":{"weight":1.0,"played":[1.0,0.0,0.0],"evs":[0.0,-0.30984,-1.02397]},"44":{"weight":1.0,"played":[1.0,0.0,0.0],"evs":[0.0,-0.09898,-0.2993]},"54o":{"weight":1.0,"played":[1.0,0.0,0.0],"evs":[0.0,-0.4536,-1.21444]},"64o":{"weight":1.0,"played":[1.0,0.0,0.0],"evs":[0.0,-0.56115,-1.44407]},"74o":{"weight":1.0,"played":[1.0,0.0,0.0],"evs":[0.0,-0.71481,-1.63303]},"84o":{"weight":1.0,"played":[1.0,0.0,0.0],"evs":[0.0,-0.84375,-1.91944]},"94o":{"weight":1.0,"played":[1.0,0.0,0.0],"evs":[0.0,-0.95209,-2.21721]},"T4o":{"weight":1.0,"played":[1.0,0.0,0.0],"evs":[0.0,-0.88057,-1.98248]},"J4o":{"weight":1.0,"played":[1.0,0.0,0.0],"evs":[0.0,-0.89028,-1.81643]},"Q4o":{"weight":1.0,"played":[1.0,0.0,0.0],"evs":[0.0,-0.79295,-1.43478]},"K4o":{"weight":1.0,"played":[1.0,0.0,0.0],"evs":[0.0,-0.65738,-1.05574]},"A4o":{"weight":1.0,"played":[1.0,0.0,0.0],"evs":[0.0,-0.33843,-0.465]},"52s":{"weight":1.0,"played":[1.0,0.0,0.0],"evs":[0.0,-0.41272,-1.21493]},"53s":{"weight":1.0,"played":[1.0,0.0,0.0],"evs":[0.0,-0.22446,-0.93492]},"54s":{"weight":1.0,"played":[1.0,0.0,0.0],"evs":[0.0,-0.07793,-0.5719]},"55":{"weight":1.0,"played":[3.0E-4,0.6292,0.3705],"evs":[0.0,0.07111,0.06372]},"65o":{"weight":1.0,"played":[1.0,0.0,0.0],"evs":[0.0,-0.39633,-1.10352]},"75o":{"weight":1.0,"played":[1.0,0.0,0.0],"evs":[0.0,-0.5241,-1.30167]},"85o":{"weight":1.0,"played":[1.0,0.0,0.0],"evs":[0.0,-0.64955,-1.56968]},"95o":{"weight":1.0,"played":[1.0,0.0,0.0],"evs":[0.0,-0.78607,-1.85522]},"T5o":{"weight":1.0,"played":[1.0,0.0,0.0],"evs":[0.0,-0.83443,-1.92429]},"J5o":{"weight":1.0,"played":[1.0,0.0,0.0],"evs":[0.0,-0.82342,-1.69209]},"Q5o":{"weight":1.0,"played":[1.0,0.0,0.0],"evs":[0.0,-0.72907,-1.3003]},"K5o":{"weight":1.0,"played":[1.0,0.0,0.0],"evs":[0.0,-0.59287,-0.94184]},"A5o":{"weight":1.0,"played":[1.0,0.0,0.0],"evs":[0.0,-0.21934,-0.32228]},"62s":{"weight":1.0,"played":[1.0,0.0,0.0],"evs":[0.0,-0.53303,-1.38674]},"63s":{"weight":1.0,"played":[1.0,0.0,0.0],"evs":[0.0,-0.3452,-1.11274]},"64s":{"weight":1.0,"played":[1.0,0.0,0.0],"evs":[0.0,-0.17108,-0.75801]},"65s":{"weight":1.0,"played":[1.0,0.0,0.0],"evs":[0.0,-0.01883,-0.46993]},"66":{"weight":1.0,"played":[0.0,0.315,0.685],"evs":[0.0,0.16968,0.1695]},"76o":{"weight":1.0,"played":[1.0,0.0,0.0],"evs":[0.0,-0.40796,-1.07049]},"86o":{"weight":1.0,"played":[1.0,0.0,0.0],"evs":[0.0,-0.52833,-1.31578]},"96o":{"weight":1.0,"played":[1.0,0.0,0.0],"evs":[0.0,-0.65312,-1.58957]},"T6o":{"weight":1.0,"played":[1.0,0.0,0.0],"evs":[0.0,-0.7463,-1.65775]},"J6o":{"weight":1.0,"played":[1.0,0.0,0.0],"evs":[0.0,-0.83514,-1.7048]},"Q6o":{"weight":1.0,"played":[1.0,0.0,0.0],"evs":[0.0,-0.7409,-1.26874]},"K6o":{"weight":1.0,"played":[1.0,0.0,0.0],"evs":[0.0,-0.58599,-0.90545]},"A6o":{"weight":1.0,"played":[1.0,0.0,0.0],"evs":[0.0,-0.34156,-0.56151]},"72s":{"weight":1.0,"played":[1.0,0.0,0.0],"evs":[0.0,-0.62419,-1.60681]},"73s":{"weight":1.0,"played":[1.0,0.0,0.0],"evs":[0.0,-0.49972,-1.32953]},"74s":{"weight":1.0,"played":[1.0,0.0,0.0],"evs":[0.0,-0.32305,-0.98177]},"75s":{"weight":1.0,"played":[1.0,0.0,0.0],"evs":[0.0,-0.12167,-0.64773]},"76s":{"weight":1.0,"played":[0.7398,0.2602,0.0],"evs":[0.0,-0.00536,-0.3848]},"77":{"weight":1.0,"played":[0.0,0.0,1.0],"evs":[0.0,0.30591,0.34699]},"87o":{"weight":1.0,"played":[1.0,0.0,0.0],"evs":[0.0,-0.44533,-1.10347]},"97o":{"weight":1.0,"played":[1.0,0.0,0.0],"evs":[0.0,-0.5319,-1.3764]},"T7o":{"weight":1.0,"played":[1.0,0.0,0.0],"evs":[0.0,-0.60247,-1.43226]},"J7o":{"weight":1.0,"played":[1.0,0.0,0.0],"evs":[0.0,-0.73872,-1.48231]},"Q7o":{"weight":1.0,"played":[1.0,0.0,0.0],"evs":[0.0,-0.72566,-1.26382]},"K7o":{"weight":1.0,"played":[1.0,0.0,0.0],"evs":[0.0,-0.59586,-0.86523]},"A7o":{"weight":1.0,"played":[1.0,0.0,0.0],"evs":[0.0,-0.32231,-0.45993]},"82s":{"weight":1.0,"played":[1.0,0.0,0.0],"evs":[0.0,-0.63086,-1.58859]},"83s":{"weight":1.0,"played":[1.0,0.0,0.0],"evs":[0.0,-0.61743,-1.58144]},"84s":{"weight":1.0,"played":[1.0,0.0,0.0],"evs":[0.0,-0.45392,-1.21661]},"85s":{"weight":1.0,"played":[1.0,0.0,0.0],"evs":[0.0,-0.27923,-0.89414]},"86s":{"weight":1.0,"played":[1.0,0.0,0.0],"evs":[0.0,-0.14633,-0.649]},"87s":{"weight":1.0,"played":[1.0,0.0,0.0],"evs":[0.0,-0.07737,-0.42519]},"88":{"weight":1.0,"played":[0.0,0.0698,0.9302],"evs":[0.0,0.41785,0.4395]},"98o":{"weight":1.0,"played":[1.0,0.0,0.0],"evs":[0.0,-0.49913,-1.30072]},"T8o":{"weight":1.0,"played":[1.0,0.0,0.0],"evs":[0.0,-0.55016,-1.30404]},"J8o":{"weight":1.0,"played":[1.0,0.0,0.0],"evs":[0.0,-0.67318,-1.32245]},"Q8o":{"weight":1.0,"played":[1.0,0.0,0.0],"evs":[0.0,-0.68725,-1.12533]},"K8o":{"weight":1.0,"played":[1.0,0.0,0.0],"evs":[0.0,-0.64916,-0.96165]},"A8o":{"weight":1.0,"played":[1.0,0.0,0.0],"evs":[0.0,-0.2943,-0.47996]},"92s":{"weight":1.0,"played":[1.0,0.0,0.0],"evs":[0.0,-0.64456,-1.64657]},"93s":{"weight":1.0,"played":[1.0,0.0,0.0],"evs":[0.0,-0.61073,-1.58468]},"94s":{"weight":1.0,"played":[1.0,0.0,0.0],"evs":[0.0,-0.58351,-1.50917]},"95s":{"weight":1.0,"played":[1.0,0.0,0.0],"evs":[0.0,-0.41851,-1.14146]},"96s":{"weight":1.0,"played":[1.0,0.0,0.0],"evs":[0.0,-0.25447,-0.89116]},"97s":{"weight":1.0,"played":[1.0,0.0,0.0],"evs":[0.0,-0.13549,-0.67536]},"98s":{"weight":1.0,"played":[1.0,0.0,0.0],"evs":[0.0,-0.08893,-0.58086]},"99":{"weight":1.0,"played":[0.0,0.5937,0.4063],"evs":[0.0,0.57117,0.56471]},"T9o":{"weight":1.0,"played":[1.0,0.0,0.0],"evs":[0.0,-0.49903,-1.2284]},"J9o":{"weight":1.0,"played":[1.0,0.0,0.0],"evs":[0.0,-0.58524,-1.23162]},"Q9o":{"weight":1.0,"played":[1.0,0.0,0.0],"evs":[0.0,-0.58777,-1.02104]},"K9o":{"weight":1.0,"played":[1.0,0.0,0.0],"evs":[0.0,-0.5219,-0.87723]},"A9o":{"weight":1.0,"played":[0.9998,2.0E-4,0.0],"evs":[0.0,-0.1166,-0.41843]},"T2s":{"weight":1.0,