{"player":2,"street":0,"children":3,"sequence":[{"player":0,"type":"F","amount":0,"street":0},{"player":1,"type":"F","amount":0,"street":0}],"actions":[{"type":"F","amount":0,"node":3},{"type":"R","amount":400000,"node":21},{"type":"R","amount":3210000,"node":61}],"hands":{"22":{"weight":1.0,"played":[1.0E-4,0.0,0.9999],"evs":[0.0,-0.00168,0.03886]},"32o":{"weight":1.0,"played":[1.0,0.0,0.0],"evs":[0.0,-0.59138,-1.82851]},"42o":{"weight":1.0,"played":[1.0,0.0,0.0],"evs":[0.0,-0.56209,-1.70926]},"52o":{"weight":1.0,"played":[1.0,0.0,0.0],"evs":[0.0,-0.53457,-1.59467]},"62o":{"weight":1.0,"played":[1.0,0.0,0.0],"evs":[0.0,-0.57816,-1.73613]},"72o":{"weight":1.0,"played":[1.0,0.0,0.0],"evs":[0.0,-0.60989,-1.84351]},"82o":{"weight":1.0,"played":[1.0,0.0,0.0],"evs":[0.0,-0.59314,-1.72758]},"92o":{"weight":1.0,"played":[1.0,0.0,0.0],"evs":[0.0,-0.56081,-1.63578]},"T2o":{"weight":1.0,"played":[1.0,0.0,0.0],"evs":[0.0,-0.55041,-1.50594]},"J2o":{"weight":1.0,"played":[1.0,0.0,0.0],"evs":[0.0,-0.53249,-1.39297]},"Q2o":{"weight":1.0,"played":[1.0,0.0,0.0],"evs":[0.0,-0.47129,-1.2486]},"K2o":{"weight":1.0,"played":[1.0,0.0,0.0],"evs":[0.0,-0.42524,-1.04305]},"A2o":{"weight":1.0,"played":[1.0,0.0,0.0],"evs":[0.0,-0.10293,-0.29144]},"32s":{"weight":1.0,"played":[1.0,0.0,0.0],"evs":[0.0,-0.42371,-1.23263]},"33":{"weight":1.0,"played":[0.0,0.0,1.0],"evs":[0.0,0.15057,0.29958]},"43o":{"weight":1.0,"played":[1.0,0.0,0.0],"evs":[0.0,-0.49411,-1.44063]},"53o":{"weight":1.0,"played":[1.0,0.0,0.0],"evs":[0.0,-0.4581,-1.32882]},"63o":{"weight":1.0,"played":[1.0,0.0,0.0],"evs":[0.0,-0.49471,-1.47008]},"73o":{"weight":1.0,"played":[1.0,0.0,0.0],"evs":[0.0,-0.53478,-1.57919]},"83o":{"weight":1.0,"played":[1.0,0.0,0.0],"evs":[0.0,-0.56598,-1.65916]},"93o":{"weight":1.0,"played":[1.0,0.0,0.0],"evs":[0.0,-0.52779,-1.5273]},"T3o":{"weight":1.0,"played":[1.0,0.0,0.0],"evs":[0.0,-0.51261,-1.39429]},"J3o":{"weight":1.0,"played":[1.0,0.0,0.0],"evs":[0.0,-0.49858,-1.28601]},"Q3o":{"weight":1.0,"played":[1.0,0.0,0.0],"evs":[0.0,-0.43476,-1.14239]},"K3o":{"weight":1.0,"played":[1.0,0.0,0.0],"evs":[0.0,-0.38326,-0.93471]},"A3o":{"weight":1.0,"played":[1.0,0.0,0.0],"evs":[0.0,-0.04073,-0.19604]},"42s":{"weight":1.0,"played":[1.0,0.0,0.0],"evs":[0.0,-0.3774,-1.13288]},"43s":{"weight":1.0,"played":[1.0,0.0,0.0],"evs":[0.0,-0.27424,-0.89461]},"44":{"weight":1.0,"played":[0.0,0.0,1.0],"evs":[0.0,0.516,0.61712]},"54o":{"weight":1.0,"played":[1.0,0.0,0.0],"evs":[0.0,-0.37217,-1.06647]},"64o":{"weight":1.0,"played":[1.0,0.0,0.0],"evs":[0.0,-0.42264,-1.20451]},"74o":{"weight":1.0,"played":[1.0,0.0,0.0],"evs":[0.0,-0.46123,-1.31758]},"84o":{"weight":1.0,"played":[1.0,0.0,0.0],"evs":[0.0,-0.49725,-1.39797]},"94o":{"weight":1.0,"played":[1.0,0.0,0.0],"evs":[0.0,-0.50518,-1.46786]},"T4o":{"weight":1.0,"played":[1.0,0.0,0.0],"evs":[0.0,-0.48081,-1.29427]},"J4o":{"weight":1.0,"played":[1.0,0.0,0.0],"evs":[0.0,-0.46958,-1.18773]},"Q4o":{"weight":1.0,"played":[1.0,0.0,0.0],"evs":[0.0,-0.40137,-1.04411]},"K4o":{"weight":1.0,"played":[1.0,0.0,0.0],"evs":[0.0,-0.34711,-0.83513]},"A4o":{"weight":1.0,"played":[0.5383,0.4617,0.0],"evs":[0.0,4.2E-4,-0.09554]},"52s":{"weight":1.0,"played":[1.0,0.0,0.0],"evs":[0.0,-0.34058,-1.0159]},"53s":{"weight":1.0,"played":[1.0,0.0,0.0],"evs":[0.0,-0.23487,-0.77392]},"54s":{"weight":1.0,"played":[1.0,0.0,0.0],"evs":[0.0,-0.13858,-0.52883]},"55":{"weight":1.0,"played":[0.0,0.0,1.0],"evs":[0.0,0.92115,0.96261]},"65o":{"weight":1.0,"played":[1.0,0.0,0.0],"evs":[0.0,-0.32241,-0.95006]},"75o":{"weight":1.0,"played":[1.0,0.0,0.0],"evs":[0.0,-0.37997,-1.0529]},"85o":{"weight":1.0,"played":[1.0,0.0,0.0],"evs":[0.0,-0.41839,-1.13616]},"95o":{"weight":1.0,"played":[1.0,0.0,0.0],"evs":[0.0,-0.43238,-1.21351]},"T5o":{"weight":1.0,"played":[1.0,0.0,0.0],"evs":[0.0,-0.44983,-1.22654]},"J5o":{"weight":1.0,"played":[1.0,0.0,0.0],"evs":[0.0,-0.43795,-1.08568]},"Q5o":{"weight":1.0,"played":[1.0,0.0,0.0],"evs":[0.0,-0.36026,-0.94492]},"K5o":{"weight":1.0,"played":[1.0,0.0,0.0],"evs":[0.0,-0.30369,-0.7383]},"A5o":{"weight":1.0,"played":[0.0,1.0,0.0],"evs":[0.0,0.05688,0.01249]},"62s":{"weight":1.0,"played":[1.0,0.0,0.0],"evs":[0.0,-0.41327,-1.15392]},"63s":{"weight":1.0,"played":[1.0,0.0,0.0],"evs":[0.0,-0.29406,-0.90468]},"64s":{"weight":1.0,"played":[1.0,0.0,0.0],"evs":[0.0,-0.18356,-0.66068]},"65s":{"weight":1.0,"played":[1.0,0.0,0.0],"evs":[0.0,-0.08137,-0.41994]},"66":{"weight":1.0,"played":[0.0,0.0037,0.9963],"evs":[0.0,1.25607,1.27611]},"76o":{"weight":1.0,"played":[1.0,0.0,0.0],"evs":[0.0,-0.29628,-0.82549]},"86o":{"weight":1.0,"played":[1.0,0.0,0.0],"evs":[0.0,-0.34136,-0.89324]},"96o":{"weight":1.0,"played":[1.0,0.0,0.0],"evs":[0.0,-0.36417,-0.97588]},"T6o":{"weight":1.0,"played":[1.0,0.0,0.0],"evs":[0.0,-0.39749,-1.00177]},"J6o":{"weight":1.0,"played":[1.0,0.0,0.0],"evs":[0.0,-0.4258,-1.05047]},"Q6o":{"weight":1.0,"played":[1.0,0.0,0.0],"evs":[0.0,-0.34179,-0.87229]},"K6o":{"weight":1.0,"played":[1.0,0.0,0.0],"evs":[0.0,-0.28428,-0.66277]},"A6o":{"weight":1.0,"played":[0.1001,0.8999,0.0],"evs":[0.0,0.00256,-0.07138]},"72s":{"weight":1.0,"played":[1.0,0.0,0.0],"evs":[0.0,-0.45992,-1.25822]},"73s":{"weight":1.0,"played":[1.0,0.0,0.0],"evs":[0.0,-0.36277,-1.01273]},"74s":{"weight":1.0,"played":[1.0,0.0,0.0],"evs":[0.0,-0.25783,-0.76412]},"75s":{"weight":1.0,"played":[1.0,0.0,0.0],"evs":[0.0,-0.14057,-0.52016]},"76s":{"weight":1.0,"played":[1.0,0.0,0.0],"evs":[0.0,-0.0589,-0.30189]},"77":{"weight":1.0,"played":[0.0,0.1858,0.8142],"evs":[0.0,1.59193,1.59445]},"87o":{"weight":1.0,"played":[1.0,0.0,0.0],"evs":[0.0,-0.26958,-0.706]},"97o":{"weight":1.0,"played":[1.0,0.0,0.0],"evs":[0.0,-0.28663,-0.7708]},"T7o":{"weight":1.0,"played":[1.0,0.0,0.0],"evs":[0.0,-0.31778,-0.78935]},"J7o":{"weight":1.0,"played":[1.0,0.0,0.0],"evs":[0.0,-0.35959,-0.84539]},"Q7o":{"weight":1.0,"played":[1.0,0.0,0.0],"evs":[0.0,-0.32,-0.85333]},"K7o":{"weight":1.0,"played":[1.0,0.0,0.0],"evs":[0.0,-0.25864,-0.60995]},"A7o":{"weight":1.0,"played":[0.0,0.8734,0.1266],"evs":[0.0,0.08831,0.08314]},"82s":{"weight":1.0,"played":[1.0,0.0,0.0],"evs":[0.0,-0.43084,-1.14291]},"83s":{"weight":1.0,"played":[1.0,0.0,0.0],"evs":[0.0,-0.39772,-1.08075]},"84s":{"weight":1.0,"played":[1.0,0.0,0.0],"evs":[0.0,-0.29944,-0.84151]},"85s":{"weight":1.0,"played":[1.0,0.0,0.0],"evs":[0.0,-0.18215,-0.58763]},"86s":{"weight":1.0,"played":[1.0,0.0,0.0],"evs":[0.0,-0.10255,-0.37233]},"87s":{"weight":1.0,"played":[1.0,0.0,0.0],"evs":[0.0,-0.02052,-0.187]},"88":{"weight":1.0,"played":[0.0,1.0,0.0],"evs":[0.0,2.01153,1.99089]},"98o":{"weight":1.0,"played":[1.0,0.0,0.0],"evs":[0.0,-0.19638,-0.56848]},"T8o":{"weight":1.0,"played":[1.0,0.0,0.0],"evs":[0.0,-0.21992,-0.56383]},"J8o":{"weight":1.0,"played":[1.0,0.0,0.0],"evs":[0.0,-0.25885,-0.62953]},"Q8o":{"weight":1.0,"played":[1.0,0.0,0.0],"evs":[0.0,-0.22824,-0.64868]},"K8o":{"weight":1.0,"played":[1.0,0.0,0.0],"evs":[0.0,-0.21626,-0.57826]},"A8o":{"weight":1.0,"played":[0.0,0.0175,0.9825],"evs":[0.0,0.2756,0.29513]},"92s":{"weight":1.0,"played":[1.0,0.0,0.0],"evs":[0.0,-0.37733,-1.06575]},"93s":{"weight":1.0,"played":[1.0,0.0,0.0],"evs":[0.0,-0.33473,-0.96379]},"94s":{"weight":1.0,"played":[1.0,0.0,0.0],"evs":[0.0,-0.30806,-0.91218]},"95s":{"weight":1.0,"played":[1.0,0.0,0.0],"evs":[0.0,-0.20225,-0.66654]},"96s":{"weight":1.0,"played":[1.0,0.0,0.0],"evs":[0.0,-0.11333,-0.44168]},"97s":{"weight":1.0,"played":[1.0,0.0,0.0],"evs":[0.0,-0.03795,-0.24973]},"98s":{"weight":1.0,"played":[2.0E-4,0.9998,0.0],"evs":[0.0,0.05484,-0.06285]},"99":{"weight":1.0,"played":[0.0,1.0,0.0],"evs":[0.0,2.5618,2.44303]},"T9o":{"weight":1.0,"played":[1.0,0.0,0.0],"evs":[0.0,-0.09621,-0.35323]},"J9o":{"weight":1.0,"played":[1.0,0.0,0.0],"evs":[0.0,-0.12964,-0.41052]},"Q9o":{"weight":1.0,"played":[1.0,0.0,0.0],"evs":[0.0,-0.08672,-0.42402]},"K9o":{"weight":1.0,"played":[1.0,0.0,0.0],"evs":[0.0,-0.08681,-0.36401]},"A9o":{"weight":1.0,"played":[0.0,3.0E-4,0.9997],"evs":[0.0,0.62078,0.65336]},"T2s":{"weight":1.0,