{"player":2,"street":0,"children":3,"sequence":[{"player":0,"type":"R","amount":400000,"street":0},{"player":1,"type":"C","amount":400000,"street":0}],"actions":[{"type":"F","amount":0,"node":259},{"type":"C","amount":400000,"node":324},{"type":"R","amount":3210000,"node":385}],"hands":{"22":{"weight":1.0,"played":[0.9994,0.0,6.0E-4],"evs":[0.0,-1.44198,-2.47782]},"32o":{"weight":1.0,"played":[1.0,0.0,0.0],"evs":[0.0,-2.14202,-5.19762]},"42o":{"weight":1.0,"played":[1.0,0.0,0.0],"evs":[0.0,-2.20127,-5.30145]},"52o":{"weight":1.0,"played":[1.0,0.0,0.0],"evs":[0.0,-2.08232,-5.06438]},"62o":{"weight":1.0,"played":[0.9999,1.0E-4,0.0],"evs":[0.0,-2.2087,-5.51869]},"72o":{"weight":1.0,"played":[1.0,0.0,0.0],"evs":[0.0,-2.38353,-5.98957]},"82o":{"weight":1.0,"played":[1.0,0.0,0.0],"evs":[0.0,-2.3218,-5.48335]},"92o":{"weight":1.0,"played":[0.9999,1.0E-4,0.0],"evs":[0.0,-2.10049,-5.30502]},"T2o":{"weight":1.0,"played":[1.0,0.0,0.0],"evs":[0.0,-2.2679,-5.29451]},"J2o":{"weight":1.0,"played":[1.0,0.0,0.0],"evs":[0.0,-2.22887,-5.2726]},"Q2o":{"weight":1.0,"played":[0.9999,1.0E-4,0.0],"evs":[0.0,-1.68102,-4.38604]},"K2o":{"weight":1.0,"played":[1.0,0.0,0.0],"evs":[0.0,-1.99137,-4.76001]},"A2o":{"weight":1.0,"played":[0.9996,0.0,4.0E-4],"evs":[0.0,-1.31618,-2.12868]},"32s":{"weight":1.0,"played":[0.9999,0.0,1.0E-4],"evs":[0.0,-2.17702,-4.41076]},"33":{"weight":1.0,"played":[0.9985,0.0,0.0015],"evs":[0.0,-1.26681,-1.96687]},"43o":{"weight":1.0,"played":[1.0,0.0,0.0],"evs":[0.0,-2.03718,-4.61401]},"53o":{"weight":1.0,"played":[1.0,0.0,0.0],"evs":[0.0,-2.24628,-4.54167]},"63o":{"weight":1.0,"played":[0.9999,0.0,1.0E-4],"evs":[0.0,-2.06531,-4.81836]},"73o":{"weight":1.0,"played":[0.9999,0.0,1.0E-4],"evs":[0.0,-2.17974,-5.08501]},"83o":{"weight":1.0,"played":[1.0,0.0,0.0],"evs":[0.0,-2.25139,-5.56576]},"93o":{"weight":1.0,"played":[1.0,0.0,0.0],"evs":[0.0,-1.99457,-4.96956]},"T3o":{"weight":1.0,"played":[1.0,0.0,0.0],"evs":[0.0,-2.24493,-4.80371]},"J3o":{"weight":1.0,"played":[1.0,0.0,0.0],"evs":[0.0,-2.02537,-4.91304]},"Q3o":{"weight":1.0,"played":[0.9999,1.0E-4,0.0],"evs":[0.0,-1.95166,-4.49371]},"K3o":{"weight":1.0,"played":[1.0,0.0,0.0],"evs":[0.0,-1.88348,-4.41207]},"A3o":{"weight":1.0,"played":[0.9997,1.0E-4,2.0E-4],"evs":[0.0,-1.32368,-1.73004]},"42s":{"weight":1.0,"played":[0.9991,8.0E-4,1.0E-4],"evs":[0.0,-2.2028,-3.54573]},"43s":{"weight":1.0,"played":[0.9995,0.0,5.0E-4],"evs":[0.0,-1.88762,-3.10819]},"44":{"weight":1.0,"played":[0.9971,5.0E-4,0.0024],"evs":[0.0,-1.37873,-2.27054]},"54o":{"weight":1.0,"played":[0.9996,3.0E-4,1.0E-4],"evs":[0.0,-1.88238,-4.05239]},"64o":{"weight":1.0,"played":[1.0,0.0,0.0],"evs":[0.0,-1.85956,-4.28948]},"74o":{"weight":1.0,"played":[0.9999,0.0,1.0E-4],"evs":[0.0,-1.8831,-4.49684]},"84o":{"weight":1.0,"played":[1.0,0.0,0.0],"evs":[0.0,-2.11153,-4.58538]},"94o":{"weight":1.0,"played":[1.0,0.0,0.0],"evs":[0.0,-1.93062,-4.93908]},"T4o":{"weight":1.0,"played":[1.0,0.0,0.0],"evs":[0.0,-2.00158,-4.75323]},"J4o":{"weight":1.0,"played":[1.0,0.0,0.0],"evs":[0.0,-2.28116,-5.35938]},"Q4o":{"weight":1.0,"played":[0.9999,0.0,0.0],"evs":[0.0,-1.81067,-4.20979]},"K4o":{"weight":1.0,"played":[0.9999,1.0E-4,0.0],"evs":[0.0,-1.86223,-4.05824]},"A4o":{"weight":1.0,"played":[0.9998,2.0E-4,1.0E-4],"evs":[0.0,-1.04848,-1.68675]},"52s":{"weight":1.0,"played":[0.9978,0.0016,6.0E-4],"evs":[0.0,-1.94876,-3.82663]},"53s":{"weight":1.0,"played":[0.9992,1.0E-4,8.0E-4],"evs":[0.0,-1.75046,-3.3551]},"54s":{"weight":1.0,"played":[0.9997,2.0E-4,1.0E-4],"evs":[0.0,-1.4738,-2.87469]},"55":{"weight":1.0,"played":[0.9883,0.0,0.0117],"evs":[0.0,-0.69746,-1.29499]},"65o":{"weight":1.0,"played":[1.0,0.0,0.0],"evs":[0.0,-1.81572,-3.87145]},"75o":{"weight":1.0,"played":[1.0,0.0,0.0],"evs":[0.0,-1.95648,-4.31402]},"85o":{"weight":1.0,"played":[0.9999,1.0E-4,0.0],"evs":[0.0,-1.83485,-4.15524]},"95o":{"weight":1.0,"played":[1.0,0.0,0.0],"evs":[0.0,-1.91354,-4.48251]},"T5o":{"weight":1.0,"played":[1.0,0.0,0.0],"evs":[0.0,-1.76795,-4.6372]},"J5o":{"weight":1.0,"played":[1.0,0.0,0.0],"evs":[0.0,-1.97745,-4.79469]},"Q5o":{"weight":1.0,"played":[0.9999,1.0E-4,0.0],"evs":[0.0,-1.73024,-4.16432]},"K5o":{"weight":1.0,"played":[0.9999,1.0E-4,0.0],"evs":[0.0,-1.79063,-4.41399]},"A5o":{"weight":1.0,"played":[0.9935,1.0E-4,0.0064],"evs":[0.0,-1.06815,-1.62458]},"62s":{"weight":1.0,"played":[1.0,0.0,0.0],"evs":[0.0,-1.91488,-4.29309]},"63s":{"weight":1.0,"played":[0.9999,0.0,1.0E-4],"evs":[0.0,-1.89603,-3.73624]},"64s":{"weight":1.0,"played":[0.9948,0.0014,0.0038],"evs":[0.0,-1.66231,-3.04458]},"65s":{"weight":1.0,"played":[0.9939,3.0E-4,0.0058],"evs":[0.0,-1.12352,-2.55701]},"66":{"weight":1.0,"played":[0.9871,0.0112,0.0016],"evs":[0.0,-1.00336,-1.71185]},"76o":{"weight":1.0,"played":[1.0,0.0,0.0],"evs":[0.0,-2.00179,-4.01164]},"86o":{"weight":1.0,"played":[0.9999,0.0,1.0E-4],"evs":[0.0,-1.97736,-4.04993]},"96o":{"weight":1.0,"played":[0.9999,0.0,0.0],"evs":[0.0,-1.70561,-4.16708]},"T6o":{"weight":1.0,"played":[1.0,0.0,0.0],"evs":[0.0,-1.72212,-3.94955]},"J6o":{"weight":1.0,"played":[0.9999,0.0,1.0E-4],"evs":[0.0,-1.98745,-5.01464]},"Q6o":{"weight":1.0,"played":[1.0,0.0,0.0],"evs":[0.0,-1.67293,-4.01765]},"K6o":{"weight":1.0,"played":[1.0,0.0,0.0],"evs":[0.0,-1.85752,-4.00055]},"A6o":{"weight":1.0,"played":[0.9999,1.0E-4,0.0],"evs":[0.0,-1.28592,-2.40634]},"72s":{"weight":1.0,"played":[1.0,0.0,0.0],"evs":[0.0,-2.4422,-4.4079]},"73s":{"weight":1.0,"played":[1.0,0.0,0.0],"evs":[0.0,-1.90059,-3.68929]},"74s":{"weight":1.0,"played":[1.0,0.0,0.0],"evs":[0.0,-2.1711,-3.41064]},"75s":{"weight":1.0,"played":[1.0,0.0,0.0],"evs":[0.0,-1.79259,-2.73737]},"76s":{"weight":1.0,"played":[0.9999,0.0,0.0],"evs":[0.0,-1.66109,-2.6969]},"77":{"weight":1.0,"played":[0.259,0.7012,0.0399],"evs":[0.0,0.02459,-0.62352]},"87o":{"weight":1.0,"played":[0.9991,7.0E-4,2.0E-4],"evs":[0.0,-1.60196,-3.30272]},"97o":{"weight":1.0,"played":[0.9999,1.0E-4,0.0],"evs":[0.0,-1.99279,-3.38466]},"T7o":{"weight":1.0,"played":[0.9999,0.0,1.0E-4],"evs":[0.0,-1.84266,-3.8321]},"J7o":{"weight":1.0,"played":[0.9998,2.0E-4,0.0],"evs":[0.0,-1.8037,-4.79328]},"Q7o":{"weight":1.0,"played":[1.0,0.0,0.0],"evs":[0.0,-1.52065,-3.55729]},"K7o":{"weight":1.0,"played":[1.0,0.0,0.0],"evs":[0.0,-1.65495,-3.90669]},"A7o":{"weight":1.0,"played":[0.9993,2.0E-4,5.0E-4],"evs":[0.0,-1.28816,-1.80697]},"82s":{"weight":1.0,"played":[1.0,0.0,0.0],"evs":[0.0,-1.75187,-4.39017]},"83s":{"weight":1.0,"played":[0.9995,0.0,5.0E-4],"evs":[0.0,-2.20138,-4.56987]},"84s":{"weight":1.0,"played":[0.9948,0.0052,0.0],"evs":[0.0,-1.68545,-3.15545]},"85s":{"weight":1.0,"played":[0.9996,1.0E-4,3.0E-4],"evs":[0.0,-1.81918,-3.03033]},"86s":{"weight":1.0,"played":[0.9999,1.0E-4,0.0],"evs":[0.0,-1.74038,-2.71339]},"87s":{"weight":1.0,"played":[0.9936,0.0025,0.0039],"evs":[0.0,-1.47995,-1.76997]},"88":{"weight":1.0,"played":[0.0101,0.4032,0.5867],"evs":[0.0,0.65772,0.98889]},"98o":{"weight":1.0,"played":[1.0,0.0,0.0],"evs":[0.0,-1.60332,-2.96245]},"T8o":{"weight":1.0,"played":[1.0,0.0,0.0],"evs":[0.0,-1.82743,-3.41073]},"J8o":{"weight":1.0,"played":[0.9999,1.0E-4,0.0],"evs":[0.0,-1.95603,-3.96646]},"Q8o":{"weight":1.0,"played":[0.9996,0.0,3.0E-4],"evs":[0.0,-1.81138,-3.84754]},"K8o":{"weight":1.0,"played":[0.9985,7.0E-4,8.0E-4],"evs":[0.0,-1.79847,-3.7074]},"A8o":{"weight":1.0,"played":[0.9969,0.0024,7.0E-4],"evs":[0.0,-0.61681,-0.80334]},"92s":{"weight":1.0,"played":[0.9993,7.0E-4,0.0],"evs":[0.0,-1.50143,-3.79557]},"93s":{"weight":1.0,"played":[0.9998,0.0,2.0E-4],"evs":[0.0,-1.96873,-4.36814]},"94s":{"weight":1.0,"played":[0.9975,0.0015,0.001],"evs":[0.0,-1.86864,-3.55698]},"95s":{"weight":1.0,"played":[0.9998,2.0E-4,0.0],"evs":[0.0,-1.73805,-3.5062]},"96s":{"weight":1.0,"played":[0.999,7.0E-4,3.0E-4],"evs":[0.0,-2.03038,-3.37327]},"97s":{"weight":1.0,"played":[1.0,0.0,0.0],"evs":[0.0,-1.28678,-2.54098]},"98s":{"weight":1.0,"played":[0.9893,0.0072,0.0035],"evs":[0.0,-0.93575,-1.94107]},"99":{"weight":1.0,"played":[0.0,0.0212,0.9788],"evs":[0.0,1.92583,2.51008]},