{"player":1,"street":0,"children":4,"sequence":[{"player":0,"type":"R","amount":2440000,"street":0}],"actions":[{"type":"F","amount":0,"node":10},{"type":"C","amount":2440000},{"type":"R","amount":6710000,"node":15},{"type":"R","amount":17640000,"node":21}],"hands":{"22":{"weight":1.0,"played":[0.9153,0.0013,0.0835,0.0],"evs":[0.0,-0.04199,9.4E-4,-0.01533]},"32o":{"weight":1.0,"played":[1.0,0.0,0.0,0.0],"evs":[0.0,-0.65725,-1.54618,-2.0571]},"42o":{"weight":1.0,"played":[1.0,0.0,0.0,0.0],"evs":[0.0,-0.63367,-1.51205,-1.96833]},"52o":{"weight":1.0,"played":[1.0,0.0,0.0,0.0],"evs":[0.0,-0.61184,-1.46839,-1.87456]},"62o":{"weight":1.0,"played":[1.0,0.0,0.0,0.0],"evs":[0.0,-0.65152,-1.50902,-1.99983]},"72o":{"weight":1.0,"played":[1.0,0.0,0.0,0.0],"evs":[0.0,-0.68876,-1.54346,-2.12071]},"82o":{"weight":1.0,"played":[1.0,0.0,0.0,0.0],"evs":[0.0,-0.65136,-1.50368,-1.99039]},"92o":{"weight":1.0,"played":[1.0,0.0,0.0,0.0],"evs":[0.0,-0.61424,-1.43893,-1.89696]},"T2o":{"weight":1.0,"played":[1.0,0.0,0.0,0.0],"evs":[0.0,-0.57929,-1.35202,-1.74828]},"J2o":{"weight":1.0,"played":[1.0,0.0,0.0,0.0],"evs":[0.0,-0.51853,-1.25093,-1.55989]},"Q2o":{"weight":1.0,"played":[1.0,0.0,0.0,0.0],"evs":[0.0,-0.4455,-1.14383,-1.33547]},"K2o":{"weight":1.0,"played":[1.0,0.0,0.0,0.0],"evs":[0.0,-0.33537,-0.9145,-0.97524]},"A2o":{"weight":1.0,"played":[0.5778,1.0E-4,0.2629,0.1592],"evs":[0.0,-0.01735,-4.1E-4,-2.2E-4]},"32s":{"weight":1.0,"played":[1.0,0.0,0.0,0.0],"evs":[0.0,-0.51919,-1.30996,-1.52566]},"33":{"weight":1.0,"played":[0.0,0.0,0.0,1.0],"evs":[0.0,0.23024,0.23143,0.26539]},"43o":{"weight":1.0,"played":[1.0,0.0,0.0,0.0],"evs":[0.0,-0.56756,-1.41052,-1.71965]},"53o":{"weight":1.0,"played":[1.0,0.0,0.0,0.0],"evs":[0.0,-0.54049,-1.35774,-1.62791]},"63o":{"weight":1.0,"played":[1.0,0.0,0.0,0.0],"evs":[0.0,-0.57479,-1.3992,-1.74931]},"73o":{"weight":1.0,"played":[1.0,0.0,0.0,0.0],"evs":[0.0,-0.61496,-1.43551,-1.86974]},"83o":{"weight":1.0,"played":[1.0,0.0,0.0,0.0],"evs":[0.0,-0.63817,-1.46272,-1.94032]},"93o":{"weight":1.0,"played":[1.0,0.0,0.0,0.0],"evs":[0.0,-0.59148,-1.38556,-1.80013]},"T3o":{"weight":1.0,"played":[1.0,0.0,0.0,0.0],"evs":[0.0,-0.55236,-1.29448,-1.65652]},"J3o":{"weight":1.0,"played":[1.0,0.0,0.0,0.0],"evs":[0.0,-0.49231,-1.19808,-1.47125]},"Q3o":{"weight":1.0,"played":[1.0,0.0,0.0,0.0],"evs":[0.0,-0.41626,-1.08455,-1.24467]},"K3o":{"weight":1.0,"played":[1.0,0.0,0.0,0.0],"evs":[0.0,-0.30218,-0.82812,-0.88615]},"A3o":{"weight":1.0,"played":[0.0,0.0,0.2624,0.7376],"evs":[0.0,0.0321,0.09385,0.09438]},"42s":{"weight":1.0,"played":[1.0,0.0,0.0,0.0],"evs":[0.0,-0.49574,-1.23454,-1.43877]},"43s":{"weight":1.0,"played":[1.0,0.0,0.0,0.0],"evs":[0.0,-0.43225,-1.03241,-1.20842]},"44":{"weight":1.0,"played":[0.0,0.0,0.0,1.0],"evs":[0.0,0.5339,0.51585,0.55743]},"54o":{"weight":1.0,"played":[1.0,0.0,0.0,0.0],"evs":[0.0,-0.47892,-1.19503,-1.39784]},"64o":{"weight":1.0,"played":[1.0,0.0,0.0,0.0],"evs":[0.0,-0.50785,-1.28118,-1.51502]},"74o":{"weight":1.0,"played":[1.0,0.0,0.0,0.0],"evs":[0.0,-0.54459,-1.35057,-1.6353]},"84o":{"weight":1.0,"played":[1.0,0.0,0.0,0.0],"evs":[0.0,-0.5693,-1.37831,-1.70773]},"94o":{"weight":1.0,"played":[1.0,0.0,0.0,0.0],"evs":[0.0,-0.57649,-1.36311,-1.757]},"T4o":{"weight":1.0,"played":[1.0,0.0,0.0,0.0],"evs":[0.0,-0.53031,-1.26231,-1.56916]},"J4o":{"weight":1.0,"played":[1.0,0.0,0.0,0.0],"evs":[0.0,-0.47003,-1.16226,-1.38187]},"Q4o":{"weight":1.0,"played":[1.0,0.0,0.0,0.0],"evs":[0.0,-0.39251,-1.0317,-1.1542]},"K4o":{"weight":1.0,"played":[1.0,0.0,0.0,0.0],"evs":[0.0,-0.26947,-0.76326,-0.78654]},"A4o":{"weight":1.0,"played":[0.0,0.0,0.1146,0.8854],"evs":[0.0,0.10487,0.20408,0.20462]},"52s":{"weight":1.0,"played":[1.0,0.0,0.0,0.0],"evs":[0.0,-0.47182,-1.14715,-1.35271]},"53s":{"weight":1.0,"played":[1.0,0.0,0.0,0.0],"evs":[0.0,-0.40125,-0.94545,-1.11931]},"54s":{"weight":1.0,"played":[1.0,0.0,0.0,0.0],"evs":[0.0,-0.34241,-0.74748,-0.90544]},"55":{"weight":1.0,"played":[0.0,0.0,0.0,1.0],"evs":[0.0,0.86302,0.84654,0.87909]},"65o":{"weight":1.0,"played":[1.0,0.0,0.0,0.0],"evs":[0.0,-0.44388,-1.07322,-1.28483]},"75o":{"weight":1.0,"played":[1.0,0.0,0.0,0.0],"evs":[0.0,-0.47205,-1.17438,-1.39484]},"85o":{"weight":1.0,"played":[1.0,0.0,0.0,0.0],"evs":[0.0,-0.49496,-1.24228,-1.45543]},"95o":{"weight":1.0,"played":[1.0,0.0,0.0,0.0],"evs":[0.0,-0.50041,-1.25948,-1.50499]},"T5o":{"weight":1.0,"played":[1.0,0.0,0.0,0.0],"evs":[0.0,-0.50908,-1.22251,-1.5055]},"J5o":{"weight":1.0,"played":[1.0,0.0,0.0,0.0],"evs":[0.0,-0.44132,-1.10965,-1.28074]},"Q5o":{"weight":1.0,"played":[1.0,0.0,0.0,0.0],"evs":[0.0,-0.35949,-0.95916,-1.04503]},"K5o":{"weight":1.0,"played":[1.0,0.0,0.0,0.0],"evs":[0.0,-0.22616,-0.64463,-0.66524]},"A5o":{"weight":1.0,"played":[0.0,0.0,0.3933,0.6067],"evs":[0.0,0.24559,0.34237,0.34247]},"62s":{"weight":1.0,"played":[1.0,0.0,0.0,0.0],"evs":[0.0,-0.50499,-1.25005,-1.47202]},"63s":{"weight":1.0,"played":[1.0,0.0,0.0,0.0],"evs":[0.0,-0.4366,-1.03884,-1.23657]},"64s":{"weight":1.0,"played":[1.0,0.0,0.0,0.0],"evs":[0.0,-0.36873,-0.82901,-1.01014]},"65s":{"weight":1.0,"played":[1.0,0.0,0.0,0.0],"evs":[0.0,-0.30913,-0.63293,-0.80132]},"66":{"weight":1.0,"played":[0.0,0.0,1.0E-4,0.9999],"evs":[0.0,1.17424,1.18566,1.20585]},"76o":{"weight":1.0,"played":[1.0,0.0,0.0,0.0],"evs":[0.0,-0.40674,-0.95606,-1.17209]},"86o":{"weight":1.0,"played":[1.0,0.0,0.0,0.0],"evs":[0.0,-0.42575,-1.019,-1.2323]},"96o":{"weight":1.0,"played":[1.0,0.0,0.0,0.0],"evs":[0.0,-0.43203,-1.07197,-1.27522]},"T6o":{"weight":1.0,"played":[1.0,0.0,0.0,0.0],"evs":[0.0,-0.44339,-1.08343,-1.26999]},"J6o":{"weight":1.0,"played":[1.0,0.0,0.0,0.0],"evs":[0.0,-0.42212,-1.0592,-1.22061]},"Q6o":{"weight":1.0,"played":[1.0,0.0,0.0,0.0],"evs":[0.0,-0.33016,-0.87859,-0.94061]},"K6o":{"weight":1.0,"played":[1.0,0.0,0.0,0.0],"evs":[0.0,-0.19541,-0.53852,-0.54866]},"A6o":{"weight":1.0,"played":[0.0,0.0,0.1874,0.8126],"evs":[0.0,0.2548,0.35706,0.35628]},"72s":{"weight":1.0,"played":[1.0,0.0,0.0,0.0],"evs":[0.0,-0.53889,-1.33211,-1.57803]},"73s":{"weight":1.0,"played":[1.0,0.0,0.0,0.0],"evs":[0.0,-0.47067,-1.13809,-1.35176]},"74s":{"weight":1.0,"played":[1.0,0.0,0.0,0.0],"evs":[0.0,-0.40182,-0.92769,-1.11934]},"75s":{"weight":1.0,"played":[1.0,0.0,0.0,0.0],"evs":[0.0,-0.33174,-0.72751,-0.90226]},"76s":{"weight":1.0,"played":[1.0,0.0,0.0,0.0],"evs":[0.0,-0.27113,-0.52131,-0.6918]},"77":{"weight":1.0,"played":[0.0,0.0,0.0013,0.9987],"evs":[0.0,1.4762,1.51981,1.53325]},"87o":{"weight":1.0,"played":[1.0,0.0,0.0,0.0],"evs":[0.0,-0.36628,-0.84965,-1.04967]},"97o":{"weight":1.0,"played":[1.0,0.0,0.0,0.0],"evs":[0.0,-0.36446,-0.89105,-1.08019]},"T7o":{"weight":1.0,"played":[1.0,0.0,0.0,0.0],"evs":[0.0,-0.37372,-0.88721,-1.06644]},"J7o":{"weight":1.0,"played":[1.0,0.0,0.0,0.0],"evs":[0.0,-0.35006,-0.87569,-0.9986]},"Q7o":{"weight":1.0,"played":[1.0,0.0,0.0,0.0],"evs":[0.0,-0.29615,-0.81986,-0.87912]},"K7o":{"weight":1.0,"played":[1.0,0.0,0.0,0.0],"evs":[0.0,-0.15437,-0.42374,-0.43372]},"A7o":{"weight":1.0,"played":[0.0,0.0,1.0E-4,0.9999],"evs":[0.0,0.46606,0.59017,0.59217]},"82s":{"weight":1.0,"played":[1.0,0.0,0.0,0.0],"evs":[0.0,-0.50665,-1.24286,-1.45466]},"83s":{"weight":1.0,"played":[1.0,0.0,0.0,0.0],"evs":[0.0,-0.49013,-1.21102,-1.41135]},"84s":{"weight":1.0,"played":[1.0,0.0,0.0,0.0],"evs":[0.0,-0.42579,-1.00584,-1.18985]},"85s":{"weight":1.0,"played":[1.0,0.0,0.0,0.0],"evs":[0.0,-0.34952,-0.79628,-0.96548]},"86s":{"weight":1.0,"played":[1.0,0.0,0.0,0.0],"evs":[0.0,-0.28695,-0.58212,-0.75118]},"87s":{"weight":1.0,"played":[1.0,0.0,0.0,0.0],"evs":[0.0,-0.22591,-0.41454,-0.57445]},"88":{"weight":1.0,"played":[0.0,0.0,0.415,0.585],"evs":[0.0,1.86347,1.92819,1.9292]},"98o":{"weight":1.0,"played":[1.0,0.0,0.0,0.0],"evs":[0.0,-0.29181,-0.68435,-0.8563]},"T8o":{"weight":1.0,"played":[1.0,0.0,0.0,0.0],"evs":[0.0,-0.29261,-0.65575,-0.82853]},"J8o":{"weight":1.0,"played":[1.0,0.0,0.0,0.0],"evs":[0.0,-0.26345,-0.65455,-0.76516]},"Q8o":{"weight":1.0,"played":[1.0,0.0,0.0,0.0],