{"equityUnit":"TABLE_EQUITY_PERCENT","conversionFactors":{"toUSD":32.52,"toRegularPrizePercent":1.2742946},"preHandEquity":[12.30864,9.31364,10.89913,21.26479,19.14585,11.76291,15.30505],"bubbleFactors":[[-1.0,1.056,1.062,1.61,1.583,1.037,1.519],[1.304,-1.0,1.273,1.414,1.398,1.292,1.355],[1.393,1.09,-1.0,1.53,1.508,1.38,1.452],[0.988,0.93,0.868,-1.0,1.221,0.799,0.985],[1.021,0.946,0.89,1.779,-1.0,0.822,1.049],[1.432,1.069,1.087,1.582,1.556,-1.0,1.495],[1.13,0.995,0.961,1.723,1.688,0.906,-1.0]]}