{"player":2,"street":0,"children":3,"sequence":[{"player":0,"type":"R","amount":1165000,"street":0},{"player":1,"type":"C","amount":575000,"street":0}],"actions":[{"type":"F","amount":0,"node":169},{"type":"C","amount":1165000,"node":174},{"type":"R","amount":1295000,"node":180}],"hands":{"22":{"weight":1.0,"played":[1.0,0.0,0.0],"evs":[0.0,-0.84423,-0.83139]},"32o":{"weight":1.0,"played":[1.0,0.0,0.0],"evs":[0.0,-4.42783,-4.44094]},"42o":{"weight":1.0,"played":[1.0,0.0,0.0],"evs":[0.0,-4.15613,-4.14118]},"52o":{"weight":1.0,"played":[1.0,0.0,0.0],"evs":[0.0,-3.90377,-3.89209]},"62o":{"weight":1.0,"played":[1.0,0.0,0.0],"evs":[0.0,-4.20436,-4.17614]},"72o":{"weight":1.0,"played":[1.0,0.0,0.0],"evs":[0.0,-4.79676,-4.76699]},"82o":{"weight":1.0,"played":[1.0,0.0,0.0],"evs":[0.0,-4.45847,-4.41596]},"92o":{"weight":1.0,"played":[1.0,0.0,0.0],"evs":[0.0,-4.46712,-4.44459]},"T2o":{"weight":1.0,"played":[1.0,0.0,0.0],"evs":[0.0,-4.31875,-4.27742]},"J2o":{"weight":1.0,"played":[1.0,0.0,0.0],"evs":[0.0,-4.10154,-4.0634]},"Q2o":{"weight":1.0,"played":[1.0,0.0,0.0],"evs":[0.0,-3.77508,-3.77531]},"K2o":{"weight":1.0,"played":[1.0,0.0,0.0],"evs":[0.0,-3.36186,-3.32282]},"A2o":{"weight":1.0,"played":[1.0,0.0,0.0],"evs":[0.0,-2.91372,-2.96735]},"32s":{"weight":1.0,"played":[1.0,0.0,0.0],"evs":[0.0,-2.75455,-2.74557]},"33":{"weight":1.0,"played":[0.9948,0.0014,0.0037],"evs":[0.0,-0.24095,-0.20478]},"43o":{"weight":1.0,"played":[1.0,0.0,0.0],"evs":[0.0,-3.4765,-3.46342]},"53o":{"weight":1.0,"played":[1.0,0.0,0.0],"evs":[0.0,-3.21609,-3.2043]},"63o":{"weight":1.0,"played":[1.0,0.0,0.0],"evs":[0.0,-3.44987,-3.40847]},"73o":{"weight":1.0,"played":[1.0,0.0,0.0],"evs":[0.0,-4.04167,-4.01225]},"83o":{"weight":1.0,"played":[1.0,0.0,0.0],"evs":[0.0,-4.32708,-4.29828]},"93o":{"weight":1.0,"played":[1.0,0.0,0.0],"evs":[0.0,-4.23116,-4.20249]},"T3o":{"weight":1.0,"played":[1.0,0.0,0.0],"evs":[0.0,-4.19159,-4.13791]},"J3o":{"weight":1.0,"played":[1.0,0.0,0.0],"evs":[0.0,-3.87749,-3.83818]},"Q3o":{"weight":1.0,"played":[1.0,0.0,0.0],"evs":[0.0,-3.54523,-3.52665]},"K3o":{"weight":1.0,"played":[1.0,0.0,0.0],"evs":[0.0,-3.10565,-3.07755]},"A3o":{"weight":1.0,"played":[1.0,0.0,0.0],"evs":[0.0,-2.66404,-2.70918]},"42s":{"weight":1.0,"played":[1.0,0.0,0.0],"evs":[0.0,-2.5453,-2.54119]},"43s":{"weight":1.0,"played":[1.0,0.0,0.0],"evs":[0.0,-1.85772,-1.87277]},"44":{"weight":1.0,"played":[0.0,0.2408,0.7591],"evs":[0.0,0.5035,0.54263]},"54o":{"weight":1.0,"played":[1.0,0.0,0.0],"evs":[0.0,-2.51109,-2.51349]},"64o":{"weight":1.0,"played":[1.0,0.0,0.0],"evs":[0.0,-2.76017,-2.73847]},"74o":{"weight":1.0,"played":[1.0,0.0,0.0],"evs":[0.0,-3.29674,-3.27251]},"84o":{"weight":1.0,"played":[1.0,0.0,0.0],"evs":[0.0,-3.62159,-3.60756]},"94o":{"weight":1.0,"played":[1.0,0.0,0.0],"evs":[0.0,-4.08177,-4.06031]},"T4o":{"weight":1.0,"played":[1.0,0.0,0.0],"evs":[0.0,-3.83924,-3.78004]},"J4o":{"weight":1.0,"played":[1.0,0.0,0.0],"evs":[0.0,-3.66939,-3.63798]},"Q4o":{"weight":1.0,"played":[1.0,0.0,0.0],"evs":[0.0,-3.35774,-3.35543]},"K4o":{"weight":1.0,"played":[1.0,0.0,0.0],"evs":[0.0,-2.83429,-2.80939]},"A4o":{"weight":1.0,"played":[1.0,0.0,0.0],"evs":[0.0,-2.34861,-2.39277]},"52s":{"weight":1.0,"played":[1.0,0.0,0.0],"evs":[0.0,-2.28331,-2.26759]},"53s":{"weight":1.0,"played":[1.0,0.0,0.0],"evs":[0.0,-1.59609,-1.59818]},"54s":{"weight":1.0,"played":[1.0,0.0,0.0],"evs":[0.0,-0.90973,-0.9109]},"55":{"weight":1.0,"played":[0.0,0.4915,0.5085],"evs":[0.0,1.27311,1.30301]},"65o":{"weight":1.0,"played":[1.0,0.0,0.0],"evs":[0.0,-2.07121,-2.03179]},"75o":{"weight":1.0,"played":[1.0,0.0,0.0],"evs":[0.0,-2.55878,-2.5332]},"85o":{"weight":1.0,"played":[1.0,0.0,0.0],"evs":[0.0,-2.88426,-2.85306]},"95o":{"weight":1.0,"played":[1.0,0.0,0.0],"evs":[0.0,-3.38943,-3.36082]},"T5o":{"weight":1.0,"played":[1.0,0.0,0.0],"evs":[0.0,-3.72214,-3.68745]},"J5o":{"weight":1.0,"played":[1.0,0.0,0.0],"evs":[0.0,-3.34988,-3.32747]},"Q5o":{"weight":1.0,"played":[1.0,0.0,0.0],"evs":[0.0,-3.11482,-3.11242]},"K5o":{"weight":1.0,"played":[1.0,0.0,0.0],"evs":[0.0,-2.65158,-2.61448]},"A5o":{"weight":1.0,"played":[1.0,0.0,0.0],"evs":[0.0,-2.0538,-2.08218]},"62s":{"weight":1.0,"played":[1.0,0.0,0.0],"evs":[0.0,-2.60395,-2.56978]},"63s":{"weight":1.0,"played":[1.0,0.0,0.0],"evs":[0.0,-1.85306,-1.84076]},"64s":{"weight":1.0,"played":[0.9997,1.0E-4,2.0E-4],"evs":[0.0,-1.07122,-1.06392]},"65s":{"weight":1.0,"played":[0.9973,0.0022,4.0E-4],"evs":[0.0,-0.52003,-0.49079]},"66":{"weight":1.0,"played":[0.0,0.2945,0.7055],"evs":[0.0,2.24455,2.29133]},"76o":{"weight":1.0,"played":[1.0,0.0,0.0],"evs":[0.0,-1.8046,-1.77552]},"86o":{"weight":1.0,"played":[1.0,0.0,0.0],"evs":[0.0,-2.12782,-2.08008]},"96o":{"weight":1.0,"played":[1.0,0.0,0.0],"evs":[0.0,-2.50982,-2.47963]},"T6o":{"weight":1.0,"played":[1.0,0.0,0.0],"evs":[0.0,-2.8477,-2.78132]},"J6o":{"weight":1.0,"played":[1.0,0.0,0.0],"evs":[0.0,-3.14471,-3.09505]},"Q6o":{"weight":1.0,"played":[1.0,0.0,0.0],"evs":[0.0,-2.65917,-2.64141]},"K6o":{"weight":1.0,"played":[1.0,0.0,0.0],"evs":[0.0,-2.23577,-2.19687]},"A6o":{"weight":1.0,"played":[1.0,0.0,0.0],"evs":[0.0,-2.26757,-2.31127]},"72s":{"weight":1.0,"played":[1.0,0.0,0.0],"evs":[0.0,-2.99401,-2.97688]},"73s":{"weight":1.0,"played":[1.0,0.0,0.0],"evs":[0.0,-2.28838,-2.28441]},"74s":{"weight":1.0,"played":[1.0,0.0,0.0],"evs":[0.0,-1.46374,-1.45004]},"75s":{"weight":1.0,"played":[0.9998,0.0,1.0E-4],"evs":[0.0,-1.02184,-0.98662]},"76s":{"weight":1.0,"played":[0.904,0.0054,0.0906],"evs":[0.0,-0.3371,-0.29244]},"77":{"weight":1.0,"played":[0.0,0.3462,0.6538],"evs":[0.0,3.12628,3.15216]},"87o":{"weight":1.0,"played":[1.0,0.0,0.0],"evs":[0.0,-1.71868,-1.67302]},"97o":{"weight":1.0,"played":[1.0,0.0,0.0],"evs":[0.0,-2.09533,-2.07274]},"T7o":{"weight":1.0,"played":[1.0,0.0,0.0],"evs":[0.0,-2.40604,-2.37187]},"J7o":{"weight":1.0,"played":[1.0,0.0,0.0],"evs":[0.0,-2.63218,-2.58694]},"Q7o":{"weight":1.0,"played":[1.0,0.0,0.0],"evs":[0.0,-2.78021,-2.74833]},"K7o":{"weight":1.0,"played":[1.0,0.0,0.0],"evs":[0.0,-2.18861,-2.16082]},"A7o":{"weight":1.0,"played":[1.0,0.0,0.0],"evs":[0.0,-1.92756,-1.93376]},"82s":{"weight":1.0,"played":[1.0,0.0,0.0],"evs":[0.0,-2.78363,-2.75686]},"83s":{"weight":1.0,"played":[1.0,0.0,0.0],"evs":[0.0,-2.63535,-2.59626]},"84s":{"weight":1.0,"played":[1.0,0.0,0.0],"evs":[0.0,-2.01911,-1.98482]},"85s":{"weight":1.0,"played":[1.0,0.0,0.0],"evs":[0.0,-1.22893,-1.22524]},"86s":{"weight":1.0,"played":[0.9996,1.0E-4,3.0E-4],"evs":[0.0,-0.50166,-0.47744]},"87s":{"weight":1.0,"played":[0.995,0.0014,0.0036],"evs":[0.0,-0.24287,-0.23421]},"88":{"weight":1.0,"played":[0.0,0.4968,0.5032],"evs":[0.0,4.21346,4.23971]},"98o":{"weight":1.0,"played":[1.0,0.0,0.0],"evs":[0.0,-1.5655,-1.55002]},"T8o":{"weight":1.0,"played":[1.0,0.0,0.0],"evs":[0.0,-1.65104,-1.60599]},"J8o":{"weight":1.0,"played":[1.0,0.0,0.0],"evs":[0.0,-1.9452,-1.91292]},"Q8o":{"weight":1.0,"played":[1.0,0.0,0.0],"evs":[0.0,-2.12363,-2.10805]},"K8o":{"weight":1.0,"played":[1.0,0.0,0.0],"evs":[0.0,-1.94813,-1.94865]},"A8o":{"weight":1.0,"played":[1.0,0.0,0.0],"evs":[0.0,-1.26706,-1.2846]},"92s":{"weight":1.0,"played":[1.0,0.0,0.0],"evs":[0.0,-2.70433,-2.69034]},"93s":{"weight":1.0,"played":[1.0,0.0,0.0],"evs":[0.0,-2.47937,-2.46748]},"94s":{"weight":1.0,"played":[1.0,0.0,0.0],"evs":[0.0,-2.44701,-2.44325]},"95s":{"weight":1.0,"played":[1.0,0.0,0.0],"evs":[0.0,-1.90499,-1.89607]},"96s":{"weight":1.0,"played":[0.9999,0.0,1.0E-4],"evs":[0.0,-0.97021,-0.8984]},"97s":{"weight":1.0,"played":[0.9977,0.0012,0.0011],"evs":[0.0,-0.53,-0.51661]},"98s":{"weight":1.0,"played":[0.0053,0.178,0.8167],"evs":[0.0,0.12635,0.15158]},"99":{"weight":1.0,"played":[0.0,0.2332,0.7668],"evs":[0.0,5.32575,5.38016]},"T9o":{"weight":1.0,"played":[1.0,0.0,0.0],"evs":[0.0,-1.18778,-1.17313]},"J9o":{"weight":1.0,"played":[1.0,0.0,0.0],"evs":[0.0,-1.41284,-1.39831]},"Q9o":{"weight":1.0,"played":[1.0,0.0,0.0],"evs":[0.0,-1.45645,-1.47282]},"K9o":{"weight":1.0,"played":[1.0,0.0,0.0],"evs":[0.0,-1.36643,-1.39544]},