{"player":1,"street":0,"children":3,"sequence":[{"player":0,"type":"R","amount":200000,"street":0}],"actions":[{"type":"F","amount":0,"node":36},{"type":"C","amount":200000,"node":74},{"type":"R","amount":575000,"node":134}],"hands":{"22":{"weight":1.0,"played":[1.0,0.0,0.0],"evs":[0.0,-0.64868,-0.79213]},"32o":{"weight":1.0,"played":[1.0,0.0,0.0],"evs":[0.0,-1.28456,-2.39619]},"42o":{"weight":1.0,"played":[1.0,0.0,0.0],"evs":[0.0,-1.30461,-2.37465]},"52o":{"weight":1.0,"played":[1.0,0.0,0.0],"evs":[0.0,-1.26183,-2.29795]},"62o":{"weight":1.0,"played":[1.0,0.0,0.0],"evs":[0.0,-1.37901,-2.53772]},"72o":{"weight":1.0,"played":[1.0,0.0,0.0],"evs":[0.0,-1.35053,-2.60837]},"82o":{"weight":1.0,"played":[1.0,0.0,0.0],"evs":[0.0,-1.34911,-2.58144]},"92o":{"weight":1.0,"played":[1.0,0.0,0.0],"evs":[0.0,-1.35851,-2.62588]},"T2o":{"weight":1.0,"played":[1.0,0.0,0.0],"evs":[0.0,-1.30916,-2.52374]},"J2o":{"weight":1.0,"played":[1.0,0.0,0.0],"evs":[0.0,-1.24517,-2.34439]},"Q2o":{"weight":1.0,"played":[1.0,0.0,0.0],"evs":[0.0,-1.16157,-2.06643]},"K2o":{"weight":1.0,"played":[1.0,0.0,0.0],"evs":[0.0,-1.11791,-1.78785]},"A2o":{"weight":1.0,"played":[1.0,0.0,0.0],"evs":[0.0,-0.60728,-0.65188]},"32s":{"weight":1.0,"played":[1.0,0.0,0.0],"evs":[0.0,-1.0465,-1.81381]},"33":{"weight":1.0,"played":[1.0,0.0,0.0],"evs":[0.0,-0.36664,-0.39997]},"43o":{"weight":1.0,"played":[1.0,0.0,0.0],"evs":[0.0,-1.14776,-2.02425]},"53o":{"weight":1.0,"played":[1.0,0.0,0.0],"evs":[0.0,-1.11818,-1.95006]},"63o":{"weight":1.0,"played":[1.0,0.0,0.0],"evs":[0.0,-1.237,-2.18886]},"73o":{"weight":1.0,"played":[1.0,0.0,0.0],"evs":[0.0,-1.2228,-2.27718]},"83o":{"weight":1.0,"played":[1.0,0.0,0.0],"evs":[0.0,-1.28966,-2.44513]},"93o":{"weight":1.0,"played":[1.0,0.0,0.0],"evs":[0.0,-1.29022,-2.4412]},"T3o":{"weight":1.0,"played":[1.0,0.0,0.0],"evs":[0.0,-1.24701,-2.36374]},"J3o":{"weight":1.0,"played":[1.0,0.0,0.0],"evs":[0.0,-1.1969,-2.20768]},"Q3o":{"weight":1.0,"played":[1.0,0.0,0.0],"evs":[0.0,-1.13305,-1.93977]},"K3o":{"weight":1.0,"played":[1.0,0.0,0.0],"evs":[0.0,-1.05206,-1.6237]},"A3o":{"weight":1.0,"played":[1.0,0.0,0.0],"evs":[0.0,-0.49498,-0.50427]},"42s":{"weight":1.0,"played":[1.0,0.0,0.0],"evs":[0.0,-0.98752,-1.78485]},"43s":{"weight":1.0,"played":[1.0,0.0,0.0],"evs":[0.0,-0.75349,-1.46793]},"44":{"weight":1.0,"played":[1.0,0.0,0.0],"evs":[0.0,-0.25876,-0.31322]},"54o":{"weight":1.0,"played":[1.0,0.0,0.0],"evs":[0.0,-0.99676,-1.75366]},"64o":{"weight":1.0,"played":[1.0,0.0,0.0],"evs":[0.0,-1.15428,-1.99103]},"74o":{"weight":1.0,"played":[1.0,0.0,0.0],"evs":[0.0,-1.14052,-2.03255]},"84o":{"weight":1.0,"played":[1.0,0.0,0.0],"evs":[0.0,-1.22357,-2.23763]},"94o":{"weight":1.0,"played":[1.0,0.0,0.0],"evs":[0.0,-1.29003,-2.43421]},"T4o":{"weight":1.0,"played":[1.0,0.0,0.0],"evs":[0.0,-1.27291,-2.3542]},"J4o":{"weight":1.0,"played":[1.0,0.0,0.0],"evs":[0.0,-1.15887,-2.13637]},"Q4o":{"weight":1.0,"played":[1.0,0.0,0.0],"evs":[0.0,-1.0857,-1.86636]},"K4o":{"weight":1.0,"played":[1.0,0.0,0.0],"evs":[0.0,-1.02901,-1.56814]},"A4o":{"weight":1.0,"played":[1.0,0.0,0.0],"evs":[0.0,-0.42601,-0.42051]},"52s":{"weight":1.0,"played":[1.0,0.0,0.0],"evs":[0.0,-0.96015,-1.71145]},"53s":{"weight":1.0,"played":[1.0,0.0,0.0],"evs":[0.0,-0.70157,-1.37303]},"54s":{"weight":1.0,"played":[1.0,0.0,0.0],"evs":[0.0,-0.55087,-1.21156]},"55":{"weight":1.0,"played":[0.9962,0.001,0.0029],"evs":[0.0,-0.0745,-0.1098]},"65o":{"weight":1.0,"played":[1.0,0.0,0.0],"evs":[0.0,-0.95379,-1.71471]},"75o":{"weight":1.0,"played":[1.0,0.0,0.0],"evs":[0.0,-1.04302,-1.81625]},"85o":{"weight":1.0,"played":[1.0,0.0,0.0],"evs":[0.0,-1.12287,-2.00312]},"95o":{"weight":1.0,"played":[1.0,0.0,0.0],"evs":[0.0,-1.2133,-2.21754]},"T5o":{"weight":1.0,"played":[1.0,0.0,0.0],"evs":[0.0,-1.23915,-2.31906]},"J5o":{"weight":1.0,"played":[1.0,0.0,0.0],"evs":[0.0,-1.1636,-2.10483]},"Q5o":{"weight":1.0,"played":[1.0,0.0,0.0],"evs":[0.0,-1.07854,-1.83194]},"K5o":{"weight":1.0,"played":[1.0,0.0,0.0],"evs":[0.0,-1.01843,-1.52282]},"A5o":{"weight":1.0,"played":[1.0,0.0,0.0],"evs":[0.0,-0.36047,-0.36518]},"62s":{"weight":1.0,"played":[1.0,0.0,0.0],"evs":[0.0,-1.09161,-1.94234]},"63s":{"weight":1.0,"played":[1.0,0.0,0.0],"evs":[0.0,-0.83994,-1.57247]},"64s":{"weight":1.0,"played":[1.0,0.0,0.0],"evs":[0.0,-0.65288,-1.36904]},"65s":{"weight":1.0,"played":[1.0,0.0,0.0],"evs":[0.0,-0.45951,-1.13925]},"66":{"weight":1.0,"played":[0.0492,0.4056,0.5452],"evs":[0.0,0.00354,3.2E-4]},"76o":{"weight":1.0,"played":[1.0,0.0,0.0],"evs":[0.0,-0.94632,-1.70768]},"86o":{"weight":1.0,"played":[1.0,0.0,0.0],"evs":[0.0,-1.04508,-1.86035]},"96o":{"weight":1.0,"played":[1.0,0.0,0.0],"evs":[0.0,-1.17842,-2.10638]},"T6o":{"weight":1.0,"played":[1.0,0.0,0.0],"evs":[0.0,-1.23646,-2.23116]},"J6o":{"weight":1.0,"played":[1.0,0.0,0.0],"evs":[0.0,-1.21417,-2.18037]},"Q6o":{"weight":1.0,"played":[1.0,0.0,0.0],"evs":[0.0,-1.12556,-1.85664]},"K6o":{"weight":1.0,"played":[1.0,0.0,0.0],"evs":[0.0,-1.05892,-1.56314]},"A6o":{"weight":1.0,"played":[1.0,0.0,0.0],"evs":[0.0,-0.41705,-0.38773]},"72s":{"weight":1.0,"played":[1.0,0.0,0.0],"evs":[0.0,-1.10378,-1.97947]},"73s":{"weight":1.0,"played":[1.0,0.0,0.0],"evs":[0.0,-0.91801,-1.65531]},"74s":{"weight":1.0,"played":[1.0,0.0,0.0],"evs":[0.0,-0.73221,-1.41508]},"75s":{"weight":1.0,"played":[1.0,0.0,0.0],"evs":[0.0,-0.58254,-1.23792]},"76s":{"weight":1.0,"played":[1.0,0.0,0.0],"evs":[0.0,-0.48456,-1.1615]},"77":{"weight":1.0,"played":[0.0,0.2444,0.7556],"evs":[0.0,0.26399,0.27638]},"87o":{"weight":1.0,"played":[1.0,0.0,0.0],"evs":[0.0,-0.87656,-1.5869]},"97o":{"weight":1.0,"played":[1.0,0.0,0.0],"evs":[0.0,-0.983,-1.78829]},"T7o":{"weight":1.0,"played":[1.0,0.0,0.0],"evs":[0.0,-1.03457,-1.86]},"J7o":{"weight":1.0,"played":[1.0,0.0,0.0],"evs":[0.0,-1.03456,-1.85448]},"Q7o":{"weight":1.0,"played":[1.0,0.0,0.0],"evs":[0.0,-1.03942,-1.75929]},"K7o":{"weight":1.0,"played":[1.0,0.0,0.0],"evs":[0.0,-0.95651,-1.37908]},"A7o":{"weight":1.0,"played":[0.9999,0.0,1.0E-4],"evs":[0.0,-0.2273,-0.15586]},"82s":{"weight":1.0,"played":[1.0,0.0,0.0],"evs":[0.0,-1.09501,-1.9586]},"83s":{"weight":1.0,"played":[1.0,0.0,0.0],"evs":[0.0,-1.08049,-1.88757]},"84s":{"weight":1.0,"played":[1.0,0.0,0.0],"evs":[0.0,-0.9054,-1.64736]},"85s":{"weight":1.0,"played":[1.0,0.0,0.0],"evs":[0.0,-0.72709,-1.41475]},"86s":{"weight":1.0,"played":[1.0,0.0,0.0],"evs":[0.0,-0.64186,-1.32951]},"87s":{"weight":1.0,"played":[1.0,0.0,0.0],"evs":[0.0,-0.4016,-1.03363]},"88":{"weight":1.0,"played":[0.0,0.0061,0.9939],"evs":[0.0,0.41787,0.45353]},"98o":{"weight":1.0,"played":[1.0,0.0,0.0],"evs":[0.0,-0.9094,-1.64874]},"T8o":{"weight":1.0,"played":[1.0,0.0,0.0],"evs":[0.0,-0.94429,-1.72608]},"J8o":{"weight":1.0,"played":[1.0,0.0,0.0],"evs":[0.0,-0.96509,-1.7072]},"Q8o":{"weight":1.0,"played":[1.0,0.0,0.0],"evs":[0.0,-0.98419,-1.60683]},"K8o":{"weight":1.0,"played":[1.0,0.0,0.0],"evs":[0.0,-0.94024,-1.33166]},"A8o":{"weight":1.0,"played":[0.0011,7.0E-4,0.9983],"evs":[0.0,-0.02589,0.05475]},"92s":{"weight":1.0,"played":[1.0,0.0,0.0],"evs":[0.0,-1.10068,-1.95243]},"93s":{"weight":1.0,"played":[1.0,0.0,0.0],"evs":[0.0,-0.99878,-1.79432]},"94s":{"weight":1.0,"played":[1.0,0.0,0.0],"evs":[0.0,-1.028,-1.8522]},"95s":{"weight":1.0,"played":[1.0,0.0,0.0],"evs":[0.0,-0.91238,-1.63283]},"96s":{"weight":1.0,"played":[1.0,0.0,0.0],"evs":[0.0,-0.77502,-1.51194]},"97s":{"weight":1.0,"played":[1.0,0.0,0.0],"evs":[0.0,-0.54868,-1.16472]},"98s":{"weight":1.0,"played":[1.0,0.0,0.0],"evs":[0.0,-0.46215,-1.07753]},"99":{"weight":1.0,"played":[0.0,4.0E-4,0.9996],"evs":[0.0,0.68416,0.72908]},"T9o":{"weight":1.0,"played":[1.0,0.0,0.0],"evs":[0.0,-0.82639,-1.54338]},"J9o":{"weight":1.0,"played":[1.0,0.0,0.0],"evs":[0.0,-0.82739,-1.46043]},"Q9o":{"weight":1.0,"played":[1.0,0.0,0.0],"evs":[0.0,-0.83568,-1.29364]},"K9o":{"weight":1.0,"played":[1.0,0.0,0.0],"evs":[0.0,-0.83365,-1.02635]},"A9o":{"weight":1.0,"played":[0.0,0.0,1.0],"evs":[0.0,0.21495,0.29711]},"T2s":{"weight":1.0,"played":[1.0,0.0,0.0],