{"player":0,"street":0,"children":3,"sequence":[],"actions":[{"type":"F","amount":0,"node":1},{"type":"R","amount":200000},{"type":"R","amount":1035000,"node":239}],"hands":{"22":{"weight":1.0,"played":[0.0,6.0E-4,0.9994],"evs":[0.0,0.25629,0.28207]},"32o":{"weight":1.0,"played":[1.0,0.0,0.0],"evs":[0.0,-0.961,-2.03161]},"42o":{"weight":1.0,"played":[1.0,0.0,0.0],"evs":[0.0,-0.93935,-1.90092]},"52o":{"weight":1.0,"played":[1.0,0.0,0.0],"evs":[0.0,-0.9109,-1.7766]},"62o":{"weight":1.0,"played":[1.0,0.0,0.0],"evs":[0.0,-0.93492,-1.95309]},"72o":{"weight":1.0,"played":[1.0,0.0,0.0],"evs":[0.0,-0.94387,-2.08095]},"82o":{"weight":1.0,"played":[1.0,0.0,0.0],"evs":[0.0,-0.92552,-1.93947]},"92o":{"weight":1.0,"played":[1.0,0.0,0.0],"evs":[0.0,-0.90519,-1.83728]},"T2o":{"weight":1.0,"played":[1.0,0.0,0.0],"evs":[0.0,-0.86467,-1.70993]},"J2o":{"weight":1.0,"played":[1.0,0.0,0.0],"evs":[0.0,-0.81081,-1.54112]},"Q2o":{"weight":1.0,"played":[1.0,0.0,0.0],"evs":[0.0,-0.71337,-1.29753]},"K2o":{"weight":1.0,"played":[1.0,0.0,0.0],"evs":[0.0,-0.5522,-0.91653]},"A2o":{"weight":1.0,"played":[0.0,8.0E-4,0.9992],"evs":[0.0,0.00555,0.03873]},"32s":{"weight":1.0,"played":[1.0,0.0,0.0],"evs":[0.0,-0.76666,-1.31287]},"33":{"weight":1.0,"played":[0.0,0.0,1.0],"evs":[0.0,0.51825,0.56318]},"43o":{"weight":1.0,"played":[1.0,0.0,0.0],"evs":[0.0,-0.87221,-1.60843]},"53o":{"weight":1.0,"played":[1.0,0.0,0.0],"evs":[0.0,-0.82376,-1.47653]},"63o":{"weight":1.0,"played":[1.0,0.0,0.0],"evs":[0.0,-0.86634,-1.64708]},"73o":{"weight":1.0,"played":[1.0,0.0,0.0],"evs":[0.0,-0.88821,-1.78401]},"83o":{"weight":1.0,"played":[1.0,0.0,0.0],"evs":[0.0,-0.90537,-1.89382]},"93o":{"weight":1.0,"played":[1.0,0.0,0.0],"evs":[0.0,-0.87402,-1.74342]},"T3o":{"weight":1.0,"played":[1.0,0.0,0.0],"evs":[0.0,-0.82906,-1.6128]},"J3o":{"weight":1.0,"played":[1.0,0.0,0.0],"evs":[0.0,-0.76752,-1.43971]},"Q3o":{"weight":1.0,"played":[1.0,0.0,0.0],"evs":[0.0,-0.66305,-1.19558]},"K3o":{"weight":1.0,"played":[1.0,0.0,0.0],"evs":[0.0,-0.4888,-0.80812]},"A3o":{"weight":1.0,"played":[0.0,0.0,1.0],"evs":[0.0,0.11426,0.15526]},"42s":{"weight":1.0,"played":[1.0,0.0,0.0],"evs":[0.0,-0.71407,-1.19555]},"43s":{"weight":1.0,"played":[1.0,0.0,0.0],"evs":[0.0,-0.59145,-0.92742]},"44":{"weight":1.0,"played":[0.0,0.0,1.0],"evs":[0.0,0.8533,0.91542]},"54o":{"weight":1.0,"played":[1.0,0.0,0.0],"evs":[0.0,-0.69618,-1.17871]},"64o":{"weight":1.0,"played":[1.0,0.0,0.0],"evs":[0.0,-0.75357,-1.33988]},"74o":{"weight":1.0,"played":[1.0,0.0,0.0],"evs":[0.0,-0.80489,-1.46974]},"84o":{"weight":1.0,"played":[1.0,0.0,0.0],"evs":[0.0,-0.84305,-1.58481]},"94o":{"weight":1.0,"played":[1.0,0.0,0.0],"evs":[0.0,-0.85067,-1.68164]},"T4o":{"weight":1.0,"played":[1.0,0.0,0.0],"evs":[0.0,-0.7927,-1.50159]},"J4o":{"weight":1.0,"played":[1.0,0.0,0.0],"evs":[0.0,-0.72835,-1.32757]},"Q4o":{"weight":1.0,"played":[1.0,0.0,0.0],"evs":[0.0,-0.61144,-1.07632]},"K4o":{"weight":1.0,"played":[1.0,0.0,0.0],"evs":[0.0,-0.4331,-0.69782]},"A4o":{"weight":1.0,"played":[0.0,0.0,1.0],"evs":[0.0,0.22519,0.28676]},"52s":{"weight":1.0,"played":[1.0,0.0,0.0],"evs":[0.0,-0.66613,-1.07828]},"53s":{"weight":1.0,"played":[1.0,0.0,0.0],"evs":[0.0,-0.51443,-0.79566]},"54s":{"weight":1.0,"played":[1.0,0.0,0.0],"evs":[0.0,-0.33702,-0.52331]},"55":{"weight":1.0,"played":[0.0,0.0,1.0],"evs":[0.0,1.22282,1.31237]},"65o":{"weight":1.0,"played":[1.0,0.0,0.0],"evs":[0.0,-0.62873,-1.0423]},"75o":{"weight":1.0,"played":[1.0,0.0,0.0],"evs":[0.0,-0.67623,-1.15639]},"85o":{"weight":1.0,"played":[1.0,0.0,0.0],"evs":[0.0,-0.73141,-1.26673]},"95o":{"weight":1.0,"played":[1.0,0.0,0.0],"evs":[0.0,-0.76394,-1.36694]},"T5o":{"weight":1.0,"played":[1.0,0.0,0.0],"evs":[0.0,-0.76391,-1.42513]},"J5o":{"weight":1.0,"played":[1.0,0.0,0.0],"evs":[0.0,-0.68573,-1.20858]},"Q5o":{"weight":1.0,"played":[1.0,0.0,0.0],"evs":[0.0,-0.56251,-0.95925]},"K5o":{"weight":1.0,"played":[1.0,0.0,0.0],"evs":[0.0,-0.36837,-0.56872]},"A5o":{"weight":1.0,"played":[0.0,0.0,1.0],"evs":[0.0,0.36112,0.43951]},"62s":{"weight":1.0,"played":[1.0,0.0,0.0],"evs":[0.0,-0.72619,-1.23014]},"63s":{"weight":1.0,"played":[1.0,0.0,0.0],"evs":[0.0,-0.59919,-0.95382]},"64s":{"weight":1.0,"played":[1.0,0.0,0.0],"evs":[0.0,-0.41072,-0.6591]},"65s":{"weight":1.0,"played":[1.0,0.0,0.0],"evs":[0.0,-0.24687,-0.38243]},"66":{"weight":1.0,"played":[0.0,0.0,1.0],"evs":[0.0,1.60882,1.69713]},"76o":{"weight":1.0,"played":[1.0,0.0,0.0],"evs":[0.0,-0.55605,-0.88579]},"86o":{"weight":1.0,"played":[1.0,0.0,0.0],"evs":[0.0,-0.60282,-0.97105]},"96o":{"weight":1.0,"played":[1.0,0.0,0.0],"evs":[0.0,-0.64413,-1.06278]},"T6o":{"weight":1.0,"played":[1.0,0.0,0.0],"evs":[0.0,-0.661,-1.12904]},"J6o":{"weight":1.0,"played":[1.0,0.0,0.0],"evs":[0.0,-0.65599,-1.14684]},"Q6o":{"weight":1.0,"played":[1.0,0.0,0.0],"evs":[0.0,-0.4972,-0.84074]},"K6o":{"weight":1.0,"played":[1.0,0.0,0.0],"evs":[0.0,-0.28695,-0.43406]},"A6o":{"weight":1.0,"played":[0.0,0.0,1.0],"evs":[0.0,0.35734,0.42015]},"72s":{"weight":1.0,"played":[1.0,0.0,0.0],"evs":[0.0,-0.77694,-1.36476]},"73s":{"weight":1.0,"played":[1.0,0.0,0.0],"evs":[0.0,-0.65461,-1.07654]},"74s":{"weight":1.0,"played":[1.0,0.0,0.0],"evs":[0.0,-0.50523,-0.78609]},"75s":{"weight":1.0,"played":[1.0,0.0,0.0],"evs":[0.0,-0.3254,-0.49783]},"76s":{"weight":1.0,"played":[1.0,0.0,0.0],"evs":[0.0,-0.13815,-0.22423]},"77":{"weight":1.0,"played":[0.0,0.0,1.0],"evs":[0.0,2.00501,2.07961]},"87o":{"weight":1.0,"played":[1.0,0.0,0.0],"evs":[0.0,-0.49018,-0.73699]},"97o":{"weight":1.0,"played":[1.0,0.0,0.0],"evs":[0.0,-0.52628,-0.80434]},"T7o":{"weight":1.0,"played":[1.0,0.0,0.0],"evs":[0.0,-0.53656,-0.86696]},"J7o":{"weight":1.0,"played":[1.0,0.0,0.0],"evs":[0.0,-0.53189,-0.88621]},"Q7o":{"weight":1.0,"played":[1.0,0.0,0.0],"evs":[0.0,-0.45741,-0.8002]},"K7o":{"weight":1.0,"played":[1.0,0.0,0.0],"evs":[0.0,-0.22092,-0.32765]},"A7o":{"weight":1.0,"played":[0.0,0.0,1.0],"evs":[0.0,0.59565,0.65149]},"82s":{"weight":1.0,"played":[1.0,0.0,0.0],"evs":[0.0,-0.72726,-1.22607]},"83s":{"weight":1.0,"played":[1.0,0.0,0.0],"evs":[0.0,-0.70378,-1.18049]},"84s":{"weight":1.0,"played":[1.0,0.0,0.0],"evs":[0.0,-0.57017,-0.89395]},"85s":{"weight":1.0,"played":[1.0,0.0,0.0],"evs":[0.0,-0.40165,-0.60065]},"86s":{"weight":1.0,"played":[1.0,0.0,0.0],"evs":[0.0,-0.22826,-0.32164]},"87s":{"weight":1.0,"played":[0.9999,1.0E-4,0.0],"evs":[0.0,-0.07781,-0.10305]},"88":{"weight":1.0,"played":[0.0,0.0,1.0],"evs":[0.0,2.44907,2.54095]},"98o":{"weight":1.0,"played":[1.0,0.0,0.0],"evs":[0.0,-0.39535,-0.55925]},"T8o":{"weight":1.0,"played":[1.0,0.0,0.0],"evs":[0.0,-0.40531,-0.59251]},"J8o":{"weight":1.0,"played":[1.0,0.0,0.0],"evs":[0.0,-0.39492,-0.60857]},"Q8o":{"weight":1.0,"played":[1.0,0.0,0.0],"evs":[0.0,-0.31681,-0.52454]},"K8o":{"weight":1.0,"played":[1.0,0.0,0.0],"evs":[0.0,-0.15495,-0.23017]},"A8o":{"weight":1.0,"played":[0.0,0.0,1.0],"evs":[0.0,0.85604,0.93974]},"92s":{"weight":1.0,"played":[1.0,0.0,0.0],"evs":[0.0,-0.6884,-1.12866]},"93s":{"weight":1.0,"played":[1.0,0.0,0.0],"evs":[0.0,-0.64482,-1.0436]},"94s":{"weight":1.0,"played":[1.0,0.0,0.0],"evs":[0.0,-0.61397,-0.9867]},"95s":{"weight":1.0,"played":[1.0,0.0,0.0],"evs":[0.0,-0.47118,-0.68635]},"96s":{"weight":1.0,"played":[1.0,0.0,0.0],"evs":[0.0,-0.28551,-0.40928]},"97s":{"weight":1.0,"played":[1.0,0.0,0.0],"evs":[0.0,-0.13095,-0.16192]},"98s":{"weight":1.0,"played":[0.0,0.0041,0.9959],"evs":[0.0,0.04864,0.06144]},"99":{"weight":1.0,"played":[0.0,0.0,1.0],"evs":[0.0,2.97723,3.0739]},"T9o":{"weight":1.0,"played":[1.0,0.0,0.0],"evs":[0.0,-0.21773,-0.30176]},"J9o":{"weight":1.0,"played":[1.0,0.0,0.0],"evs":[0.0,-0.21293,-0.30409]},"Q9o":{"weight":1.0,"played":[1.0,0.0,0.0],"evs":[0.0,-0.11873,-0.20655]},"K9o":{"weight":1.0,"played":[0.0,0.0,1.0],"evs":[0.0,0.09474,0.1295]},"A9o":{"weight":1.0,"played":[0.0,0.0,1.0],"evs":[0.0,1.19784,1.29993]},"T2s":{"weight":1.0,"played":[1.0,0.0,0.0],"evs":[0.0,-0.62851,-1.00196]},"T3s":{"weight":1.0,"played":[1.0,0.0,0.0],"evs":[0.0,-0.58075,-0.91301]},"T4s":{"weight":1.0,