{"player":2,"street":0,"children":2,"sequence":[{"player":0,"type":"R","amount":776800,"street":0},{"player":1,"type":"R","amount":1785000,"street":0}],"actions":[{"type":"F","amount":0,"node":144},{"type":"C","amount":105000,"node":151}],"hands":{"22":{"weight":1.0,"played":[0.0,1.0],"evs":[0.0,0.45238]},"32o":{"weight":1.0,"played":[1.0,0.0],"evs":[0.0,-0.09356]},"42o":{"weight":1.0,"played":[1.0,0.0],"evs":[0.0,-0.04768]},"52o":{"weight":1.0,"played":[0.9999,1.0E-4],"evs":[0.0,-0.01376]},"62o":{"weight":1.0,"played":[1.0,0.0],"evs":[0.0,-0.07783]},"72o":{"weight":1.0,"played":[1.0,0.0],"evs":[0.0,-0.15624]},"82o":{"weight":1.0,"played":[1.0,0.0],"evs":[0.0,-0.13241]},"92o":{"weight":1.0,"played":[1.0,0.0],"evs":[0.0,-0.1285]},"T2o":{"weight":1.0,"played":[1.0,0.0],"evs":[0.0,-0.12708]},"J2o":{"weight":1.0,"played":[1.0,0.0],"evs":[0.0,-0.0766]},"Q2o":{"weight":1.0,"played":[1.0,0.0],"evs":[0.0,-0.0301]},"K2o":{"weight":1.0,"played":[1.0E-4,0.9999],"evs":[0.0,0.02011]},"A2o":{"weight":1.0,"played":[0.0,1.0],"evs":[0.0,0.11892]},"32s":{"weight":1.0,"played":[0.0,1.0],"evs":[0.0,0.18611]},"33":{"weight":1.0,"played":[0.0,1.0],"evs":[0.0,0.55691]},"43o":{"weight":1.0,"played":[0.0,1.0],"evs":[0.0,0.07006]},"53o":{"weight":1.0,"played":[0.0,1.0],"evs":[0.0,0.11165]},"63o":{"weight":1.0,"played":[0.0,1.0],"evs":[0.0,0.04883]},"73o":{"weight":1.0,"played":[1.0,0.0],"evs":[0.0,-0.03139]},"83o":{"weight":1.0,"played":[1.0,0.0],"evs":[0.0,-0.11364]},"93o":{"weight":1.0,"played":[1.0,0.0],"evs":[0.0,-0.08714]},"T3o":{"weight":1.0,"played":[1.0,0.0],"evs":[0.0,-0.0864]},"J3o":{"weight":1.0,"played":[1.0,0.0],"evs":[0.0,-0.03467]},"Q3o":{"weight":1.0,"played":[0.0105,0.9895],"evs":[0.0,0.01368]},"K3o":{"weight":1.0,"played":[0.0,1.0],"evs":[0.0,0.06589]},"A3o":{"weight":1.0,"played":[0.0,1.0],"evs":[0.0,0.17246]},"42s":{"weight":1.0,"played":[0.0,1.0],"evs":[0.0,0.22947]},"43s":{"weight":1.0,"played":[0.0,1.0],"evs":[0.0,0.3457]},"44":{"weight":1.0,"played":[0.0,1.0],"evs":[0.0,0.66449]},"54o":{"weight":1.0,"played":[0.0,1.0],"evs":[0.0,0.22767]},"64o":{"weight":1.0,"played":[0.0,1.0],"evs":[0.0,0.17011]},"74o":{"weight":1.0,"played":[0.0,1.0],"evs":[0.0,0.09029]},"84o":{"weight":1.0,"played":[1.0E-4,0.9999],"evs":[0.0,0.00827]},"94o":{"weight":1.0,"played":[1.0,0.0],"evs":[0.0,-0.06422]},"T4o":{"weight":1.0,"played":[1.0,0.0],"evs":[0.0,-0.04115]},"J4o":{"weight":1.0,"played":[0.001,0.999],"evs":[0.0,0.00825]},"Q4o":{"weight":1.0,"played":[0.0,1.0],"evs":[0.0,0.05173]},"K4o":{"weight":1.0,"played":[0.0,1.0],"evs":[0.0,0.10942]},"A4o":{"weight":1.0,"played":[0.0,1.0],"evs":[0.0,0.22449]},"52s":{"weight":1.0,"played":[0.0,1.0],"evs":[0.0,0.25737]},"53s":{"weight":1.0,"played":[0.0,1.0],"evs":[0.0,0.38226]},"54s":{"weight":1.0,"played":[0.0,1.0],"evs":[0.0,0.49128]},"55":{"weight":1.0,"played":[0.0,1.0],"evs":[0.0,0.77381]},"65o":{"weight":1.0,"played":[0.0,1.0],"evs":[0.0,0.27496]},"75o":{"weight":1.0,"played":[0.0,1.0],"evs":[0.0,0.20304]},"85o":{"weight":1.0,"played":[0.0,1.0],"evs":[0.0,0.12247]},"95o":{"weight":1.0,"played":[0.0,1.0],"evs":[0.0,0.04346]},"T5o":{"weight":1.0,"played":[1.0,0.0],"evs":[0.0,-0.03197]},"J5o":{"weight":1.0,"played":[1.0E-4,0.9999],"evs":[0.0,0.03738]},"Q5o":{"weight":1.0,"played":[0.0,1.0],"evs":[0.0,0.08139]},"K5o":{"weight":1.0,"played":[0.0,1.0],"evs":[0.0,0.13956]},"A5o":{"weight":1.0,"played":[0.0,1.0],"evs":[0.0,0.28477]},"62s":{"weight":1.0,"played":[0.0,1.0],"evs":[0.0,0.20066]},"63s":{"weight":1.0,"played":[0.0,1.0],"evs":[0.0,0.31964]},"64s":{"weight":1.0,"played":[0.0,1.0],"evs":[0.0,0.44341]},"65s":{"weight":1.0,"played":[0.0,1.0],"evs":[0.0,0.53648]},"66":{"weight":1.0,"played":[0.0,1.0],"evs":[0.0,0.8896]},"76o":{"weight":1.0,"played":[0.0,1.0],"evs":[0.0,0.30349]},"86o":{"weight":1.0,"played":[0.0,1.0],"evs":[0.0,0.24017]},"96o":{"weight":1.0,"played":[0.0,1.0],"evs":[0.0,0.16364]},"T6o":{"weight":1.0,"played":[0.0,1.0],"evs":[0.0,0.08555]},"J6o":{"weight":1.0,"played":[0.0,1.0],"evs":[0.0,0.05761]},"Q6o":{"weight":1.0,"played":[0.0,1.0],"evs":[0.0,0.11914]},"K6o":{"weight":1.0,"played":[0.0,1.0],"evs":[0.0,0.18253]},"A6o":{"weight":1.0,"played":[0.0,1.0],"evs":[0.0,0.2365]},"72s":{"weight":1.0,"played":[0.0,1.0],"evs":[0.0,0.12518]},"73s":{"weight":1.0,"played":[0.0,1.0],"evs":[0.0,0.24297]},"74s":{"weight":1.0,"played":[0.0,1.0],"evs":[0.0,0.36541]},"75s":{"weight":1.0,"played":[0.0,1.0],"evs":[0.0,0.47211]},"76s":{"weight":1.0,"played":[0.0,1.0],"evs":[0.0,0.56188]},"77":{"weight":1.0,"played":[0.0,1.0],"evs":[0.0,1.01372]},"87o":{"weight":1.0,"played":[0.0,1.0],"evs":[0.0,0.31572]},"97o":{"weight":1.0,"played":[0.0,1.0],"evs":[0.0,0.24945]},"T7o":{"weight":1.0,"played":[0.0,1.0],"evs":[0.0,0.18617]},"J7o":{"weight":1.0,"played":[0.0,1.0],"evs":[0.0,0.15649]},"Q7o":{"weight":1.0,"played":[0.0,1.0],"evs":[0.0,0.12488]},"K7o":{"weight":1.0,"played":[0.0,1.0],"evs":[0.0,0.20914]},"A7o":{"weight":1.0,"played":[0.0,1.0],"evs":[0.0,0.33119]},"82s":{"weight":1.0,"played":[0.0,1.0],"evs":[0.0,0.15474]},"83s":{"weight":1.0,"played":[0.0,1.0],"evs":[0.0,0.17295]},"84s":{"weight":1.0,"played":[0.0,1.0],"evs":[0.0,0.2939]},"85s":{"weight":1.0,"played":[0.0,1.0],"evs":[0.0,0.39377]},"86s":{"weight":1.0,"played":[0.0,1.0],"evs":[0.0,0.50322]},"87s":{"weight":1.0,"played":[0.0,1.0],"evs":[0.0,0.58091]},"88":{"weight":1.0,"played":[0.0,1.0],"evs":[0.0,1.16298]},"98o":{"weight":1.0,"played":[0.0,1.0],"evs":[0.0,0.32209]},"T8o":{"weight":1.0,"played":[0.0,1.0],"evs":[0.0,0.28182]},"J8o":{"weight":1.0,"played":[0.0,1.0],"evs":[0.0,0.25257]},"Q8o":{"weight":1.0,"played":[0.0,1.0],"evs":[0.0,0.21762]},"K8o":{"weight":1.0,"played":[0.0,1.0],"evs":[0.0,0.23527]},"A8o":{"weight":1.0,"played":[0.0,1.0],"evs":[0.0,0.42777]},"92s":{"weight":1.0,"played":[0.0,1.0],"evs":[0.0,0.15752]},"93s":{"weight":1.0,"played":[0.0,1.0],"evs":[0.0,0.1908]},"94s":{"weight":1.0,"played":[0.0,1.0],"evs":[0.0,0.21744]},"95s":{"weight":1.0,"played":[0.0,1.0],"evs":[0.0,0.32261]},"96s":{"weight":1.0,"played":[0.0,1.0],"evs":[0.0,0.44042]},"97s":{"weight":1.0,"played":[0.0,1.0],"evs":[0.0,0.51503]},"98s":{"weight":1.0,"played":[0.0,1.0],"evs":[0.0,0.58187]},"99":{"weight":1.0,"played":[0.0,1.0],"evs":[0.0,1.36754]},"T9o":{"weight":1.0,"played":[0.0,1.0],"evs":[0.0,0.38642]},"J9o":{"weight":1.0,"played":[0.0,1.0],"evs":[0.0,0.35059]},"Q9o":{"weight":1.0,"played":[0.0,1.0],"evs":[0.0,0.32933]},"K9o":{"weight":1.0,"played":[0.0,1.0],"evs":[0.0,0.35398]},"A9o":{"weight":1.0,"played":[0.0,1.0],"evs":[0.0,0.54352]},"T2s":{"weight":1.0,"played":[0.0,1.0],"evs":[0.0,0.16587]},"T3s":{"weight":1.0,"played":[0.0,1.0],"evs":[0.0,0.19659]},"T4s":{"weight":1.0,"played":[0.0,1.0],"evs":[0.0,0.24674]},"T5s":{"weight":1.0,"played":[0.0,1.0],"evs":[0.0,0.24741]},"T6s":{"weight":1.0,"played":[0.0,1.0],"evs":[0.0,0.36675]},"T7s":{"weight":1.0,"played":[0.0,1.0],"evs":[0.0,0.45391]},"T8s":{"weight":1.0,"played":[0.0,1.0],"evs":[0.0,0.55024]},"T9s":{"weight":1.0,"played":[0.0,1.0],"evs":[0.0,0.64089]},"TT":{"weight":1.0,"played":[0.0,1.0],"evs":[0.0,1.6517]},"JTo":{"weight":1.0,"played":[0.0,1.0],"evs":[0.0,0.47246]},"QTo":{"weight":1.0,"played":[0.0,1.0],"evs":[0.0,0.47439]},"KTo":{"weight":1.0,"played":[0.0,1.0],"evs":[0.0,0.53673]},"ATo":{"weight":1.0,"played":[0.0,1.0],"evs":[0.0,0.80329]},"J2s":{"weight":1.0,"played":[0.0,1.0],"evs":[0.0,0.21457]},"J3s":{"weight":1.0,"played":[0.0,1.0],"evs":[0.0,0.25012]},"J4s":{"weight":1.0,"played":[0.0,1.0],"evs":[0.0,0.29392]},"J5s":{"weight":1.0,"played":[0.0,1.0],"evs":[0.0,0.31362]},"J6s":{"weight":1.0,"played":[0.0,1.0],"evs":[0.0,0.34669]},"J7s":{"weight":1.0,"played":[0.0,1.0],"evs":[0.0,0.42568]},"J8s":{"weight":1.0,"played":[0.0,1.0],"evs":[0.0,0.52952]},"J9s":{"weight":1.0,"played":[0.0,1.0],"evs":[0.0,0.60469]},"JTs":{"weight":1.0,"played":[0.0,1.0],"evs":[0.0,0.72074]},"JJ":{"weight":1.0,"played":[0.0,1.0],"evs":[0.0,1.99559]},"QJo":{"weight":1.0,"played":[0.0,1.0],"evs":[0.0,0.57614]},"KJo":{"weight":1.0,"played":[0.0,1.0],