{"player":3,"street":0,"children":2,"sequence":[{"player":0,"type":"R","amount":2720000,"street":0},{"player":1,"type":"R","amount":13920000,"street":0},{"player":2,"type":"C","amount":1420000,"street":0}],"actions":[{"type":"F","amount":0,"node":208},{"type":"C","amount":13920000,"node":211}],"hands":{"22":{"weight":1.0,"played":[1.0,0.0],"evs":[0.0,-8.504]},"32o":{"weight":1.0,"played":[1.0,0.0],"evs":[0.0,-14.96263]},"42o":{"weight":1.0,"played":[1.0,0.0],"evs":[0.0,-14.36255]},"52o":{"weight":1.0,"played":[1.0,0.0],"evs":[0.0,-14.65745]},"62o":{"weight":1.0,"played":[1.0,0.0],"evs":[0.0,-14.6455]},"72o":{"weight":1.0,"played":[1.0,0.0],"evs":[0.0,-14.6111]},"82o":{"weight":1.0,"played":[1.0,0.0],"evs":[0.0,-14.58792]},"92o":{"weight":1.0,"played":[1.0,0.0],"evs":[0.0,-14.33001]},"T2o":{"weight":1.0,"played":[1.0,0.0],"evs":[0.0,-15.42704]},"J2o":{"weight":1.0,"played":[1.0,0.0],"evs":[0.0,-14.70909]},"Q2o":{"weight":1.0,"played":[1.0,0.0],"evs":[0.0,-15.64595]},"K2o":{"weight":1.0,"played":[1.0,0.0],"evs":[0.0,-14.13902]},"A2o":{"weight":1.0,"played":[0.9999,1.0E-4],"evs":[0.0,-11.65832]},"32s":{"weight":1.0,"played":[1.0,0.0],"evs":[0.0,-12.43048]},"33":{"weight":1.0,"played":[1.0,0.0],"evs":[0.0,-7.28469]},"43o":{"weight":1.0,"played":[1.0,0.0],"evs":[0.0,-13.99756]},"53o":{"weight":1.0,"played":[1.0,0.0],"evs":[0.0,-13.55261]},"63o":{"weight":1.0,"played":[1.0,0.0],"evs":[0.0,-13.91987]},"73o":{"weight":1.0,"played":[1.0,0.0],"evs":[0.0,-13.68271]},"83o":{"weight":1.0,"played":[1.0,0.0],"evs":[0.0,-13.92071]},"93o":{"weight":1.0,"played":[1.0,0.0],"evs":[0.0,-13.95334]},"T3o":{"weight":1.0,"played":[1.0,0.0],"evs":[0.0,-15.26488]},"J3o":{"weight":1.0,"played":[1.0,0.0],"evs":[0.0,-14.999]},"Q3o":{"weight":1.0,"played":[1.0,0.0],"evs":[0.0,-14.93924]},"K3o":{"weight":1.0,"played":[1.0,0.0],"evs":[0.0,-13.21469]},"A3o":{"weight":1.0,"played":[1.0,0.0],"evs":[0.0,-11.0296]},"42s":{"weight":1.0,"played":[1.0,0.0],"evs":[0.0,-12.00667]},"43s":{"weight":1.0,"played":[1.0,0.0],"evs":[0.0,-11.58399]},"44":{"weight":1.0,"played":[0.9998,2.0E-4],"evs":[0.0,-7.11112]},"54o":{"weight":1.0,"played":[1.0,0.0],"evs":[0.0,-12.63767]},"64o":{"weight":1.0,"played":[1.0,0.0],"evs":[0.0,-12.93738]},"74o":{"weight":1.0,"played":[1.0,0.0],"evs":[0.0,-12.78618]},"84o":{"weight":1.0,"played":[1.0,0.0],"evs":[0.0,-13.34869]},"94o":{"weight":1.0,"played":[1.0,0.0],"evs":[0.0,-14.17441]},"T4o":{"weight":1.0,"played":[1.0,0.0],"evs":[0.0,-14.80608]},"J4o":{"weight":1.0,"played":[1.0,0.0],"evs":[0.0,-14.87905]},"Q4o":{"weight":1.0,"played":[1.0,0.0],"evs":[0.0,-14.82997]},"K4o":{"weight":1.0,"played":[1.0,0.0],"evs":[0.0,-12.92305]},"A4o":{"weight":1.0,"played":[1.0,0.0],"evs":[0.0,-10.30722]},"52s":{"weight":1.0,"played":[1.0,0.0],"evs":[0.0,-13.2184]},"53s":{"weight":1.0,"played":[1.0,0.0],"evs":[0.0,-11.04815]},"54s":{"weight":1.0,"played":[1.0,0.0],"evs":[0.0,-10.67166]},"55":{"weight":1.0,"played":[1.0,0.0],"evs":[0.0,-7.06279]},"65o":{"weight":1.0,"played":[1.0,0.0],"evs":[0.0,-12.34476]},"75o":{"weight":1.0,"played":[1.0,0.0],"evs":[0.0,-12.04158]},"85o":{"weight":1.0,"played":[1.0,0.0],"evs":[0.0,-12.25535]},"95o":{"weight":1.0,"played":[1.0,0.0],"evs":[0.0,-13.38514]},"T5o":{"weight":1.0,"played":[1.0,0.0],"evs":[0.0,-14.85439]},"J5o":{"weight":1.0,"played":[1.0,0.0],"evs":[0.0,-14.03633]},"Q5o":{"weight":1.0,"played":[1.0,0.0],"evs":[0.0,-14.3814]},"K5o":{"weight":1.0,"played":[1.0,0.0],"evs":[0.0,-13.19395]},"A5o":{"weight":1.0,"played":[1.0,0.0],"evs":[0.0,-10.68368]},"62s":{"weight":1.0,"played":[1.0,0.0],"evs":[0.0,-12.64468]},"63s":{"weight":1.0,"played":[1.0,0.0],"evs":[0.0,-11.98223]},"64s":{"weight":1.0,"played":[1.0,0.0],"evs":[0.0,-11.07476]},"65s":{"weight":1.0,"played":[1.0,0.0],"evs":[0.0,-9.31087]},"66":{"weight":1.0,"played":[0.9997,3.0E-4],"evs":[0.0,-4.53192]},"76o":{"weight":1.0,"played":[1.0,0.0],"evs":[0.0,-11.66315]},"86o":{"weight":1.0,"played":[1.0,0.0],"evs":[0.0,-12.7398]},"96o":{"weight":1.0,"played":[1.0,0.0],"evs":[0.0,-12.3289]},"T6o":{"weight":1.0,"played":[1.0,0.0],"evs":[0.0,-13.77104]},"J6o":{"weight":1.0,"played":[1.0,0.0],"evs":[0.0,-14.62958]},"Q6o":{"weight":1.0,"played":[1.0,0.0],"evs":[0.0,-14.2264]},"K6o":{"weight":1.0,"played":[1.0,0.0],"evs":[0.0,-13.51551]},"A6o":{"weight":1.0,"played":[1.0,0.0],"evs":[0.0,-11.50317]},"72s":{"weight":1.0,"played":[1.0,0.0],"evs":[0.0,-12.70393]},"73s":{"weight":1.0,"played":[1.0,0.0],"evs":[0.0,-12.79321]},"74s":{"weight":1.0,"played":[1.0,0.0],"evs":[0.0,-10.49228]},"75s":{"weight":1.0,"played":[1.0,0.0],"evs":[0.0,-10.48907]},"76s":{"weight":1.0,"played":[1.0,0.0],"evs":[0.0,-8.89477]},"77":{"weight":1.0,"played":[0.9942,0.0058],"evs":[0.0,-0.86235]},"87o":{"weight":1.0,"played":[1.0,0.0],"evs":[0.0,-10.74739]},"97o":{"weight":1.0,"played":[1.0,0.0],"evs":[0.0,-10.71621]},"T7o":{"weight":1.0,"played":[1.0,0.0],"evs":[0.0,-12.69632]},"J7o":{"weight":1.0,"played":[1.0,0.0],"evs":[0.0,-12.69027]},"Q7o":{"weight":1.0,"played":[1.0,0.0],"evs":[0.0,-13.86769]},"K7o":{"weight":1.0,"played":[1.0,0.0],"evs":[0.0,-12.06909]},"A7o":{"weight":1.0,"played":[1.0,0.0],"evs":[0.0,-9.9473]},"82s":{"weight":1.0,"played":[1.0,0.0],"evs":[0.0,-12.05178]},"83s":{"weight":1.0,"played":[1.0,0.0],"evs":[0.0,-12.29782]},"84s":{"weight":1.0,"played":[1.0,0.0],"evs":[0.0,-13.22354]},"85s":{"weight":1.0,"played":[1.0,0.0],"evs":[0.0,-10.44884]},"86s":{"weight":1.0,"played":[1.0,0.0],"evs":[0.0,-10.66817]},"87s":{"weight":1.0,"played":[1.0,0.0],"evs":[0.0,-8.742]},"88":{"weight":1.0,"played":[0.0032,0.9968],"evs":[0.0,1.85985]},"98o":{"weight":1.0,"played":[1.0,0.0],"evs":[0.0,-10.3584]},"T8o":{"weight":1.0,"played":[1.0,0.0],"evs":[0.0,-11.32607]},"J8o":{"weight":1.0,"played":[1.0,0.0],"evs":[0.0,-11.784]},"Q8o":{"weight":1.0,"played":[1.0,0.0],"evs":[0.0,-12.09447]},"K8o":{"weight":1.0,"played":[1.0,0.0],"evs":[0.0,-11.39366]},"A8o":{"weight":1.0,"played":[1.0,0.0],"evs":[0.0,-9.60739]},"92s":{"weight":1.0,"played":[1.0,0.0],"evs":[0.0,-12.09265]},"93s":{"weight":1.0,"played":[1.0,0.0],"evs":[0.0,-11.47506]},"94s":{"weight":1.0,"played":[1.0,0.0],"evs":[0.0,-11.71054]},"95s":{"weight":1.0,"played":[1.0,0.0],"evs":[0.0,-11.37658]},"96s":{"weight":1.0,"played":[1.0,0.0],"evs":[0.0,-9.77919]},"97s":{"weight":1.0,"played":[1.0,0.0],"evs":[0.0,-9.85092]},"98s":{"weight":1.0,"played":[0.9998,2.0E-4],"evs":[0.0,-9.34182]},"99":{"weight":1.0,"played":[0.0019,0.9981],"evs":[0.0,3.18305]},"T9o":{"weight":1.0,"played":[1.0,0.0],"evs":[0.0,-10.63198]},"J9o":{"weight":1.0,"played":[1.0,0.0],"evs":[0.0,-11.23491]},"Q9o":{"weight":1.0,"played":[1.0,0.0],"evs":[0.0,-12.78969]},"K9o":{"weight":1.0,"played":[1.0,0.0],"evs":[0.0,-10.85896]},"A9o":{"weight":1.0,"played":[0.9999,1.0E-4],"evs":[0.0,-9.48506]},"T2s":{"weight":1.0,"played":[1.0,0.0],"evs":[0.0,-12.8892]},"T3s":{"weight":1.0,"played":[1.0,0.0],"evs":[0.0,-12.9654]},"T4s":{"weight":1.0,"played":[0.9997,3.0E-4],"evs":[0.0,-12.42149]},"T5s":{"weight":1.0,"played":[1.0,0.0],"evs":[0.0,-11.16315]},"T6s":{"weight":1.0,"played":[0.9999,1.0E-4],"evs":[0.0,-10.66656]},"T7s":{"weight":1.0,"played":[1.0,0.0],"evs":[0.0,-11.11812]},"T8s":{"weight":1.0,"played":[1.0,0.0],"evs":[0.0,-9.66134]},"T9s":{"weight":1.0,"played":[0.9999,1.0E-4],"evs":[0.0,-8.70804]},"TT":{"weight":1.0,"played":[0.0,1.0],"evs":[0.0,4.63899]},"JTo":{"weight":1.0,"played":[1.0,0.0],"evs":[0.0,-11.71361]},"QTo":{"weight":1.0,"played":[1.0,0.0],"evs":[0.0,-11.96594]},"KTo":{"weight":1.0,"played":[1.0,0.0],"evs":[0.0,-9.17292]},"ATo":{"weight":1.0,"played":[0.9999,1.0E-4],"evs":[0.0,-5.23697]},"J2s":{"weight":1.0,"played":[1.0,0.0],"evs":[0.0,-12.58537]},"J3s":{"weight":1.0,"played":[1.0,0.0],"evs":[0.0,-12.73588]},"J4s":{"weight":1.0,"played":[1.0,0.0],"evs":[0.0,-12.96699]},"J5s":{"weight":1.0,"played":[1.0,0.0],"evs":[0.0,-12.61439]},"J6s":{"weight":1.0,"played":[1.0,0.0],"evs":[0.0,-12.05586]},"J7s":{"weight":1.0,"played":[1.0,0.0],"evs":[0.0,-10.67911]},"J8s":{"weight":1.0,"played":[1.0,0.0],