{"player":1,"street":0,"children":4,"sequence":[{"player":0,"type":"R","amount":400000,"street":0}],"actions":[{"type":"F","amount":0,"node":315},{"type":"C","amount":400000,"node":538},{"type":"R","amount":1100000,"node":844},{"type":"R","amount":7030000}],"hands":{"22":{"weight":1.0,"played":[1.0,0.0,0.0,0.0],"evs":[0.0,-0.05575,-0.09954,-0.16086]},"32o":{"weight":1.0,"played":[1.0,0.0,0.0,0.0],"evs":[0.0,-0.52145,-1.05566,-1.58696]},"42o":{"weight":1.0,"played":[1.0,0.0,0.0,0.0],"evs":[0.0,-0.49936,-1.03339,-1.52189]},"52o":{"weight":1.0,"played":[1.0,0.0,0.0,0.0],"evs":[0.0,-0.47409,-0.97775,-1.43272]},"62o":{"weight":1.0,"played":[1.0,0.0,0.0,0.0],"evs":[0.0,-0.53018,-1.04215,-1.61744]},"72o":{"weight":1.0,"played":[1.0,0.0,0.0,0.0],"evs":[0.0,-0.58261,-1.06651,-1.80282]},"82o":{"weight":1.0,"played":[1.0,0.0,0.0,0.0],"evs":[0.0,-0.58134,-1.06425,-1.77978]},"92o":{"weight":1.0,"played":[1.0,0.0,0.0,0.0],"evs":[0.0,-0.59323,-1.02774,-1.76394]},"T2o":{"weight":1.0,"played":[1.0,0.0,0.0,0.0],"evs":[0.0,-0.52584,-0.8615,-1.54468]},"J2o":{"weight":1.0,"played":[1.0,0.0,0.0,0.0],"evs":[0.0,-0.52702,-0.91874,-1.45836]},"Q2o":{"weight":1.0,"played":[1.0,0.0,0.0,0.0],"evs":[0.0,-0.43771,-0.82877,-1.21486]},"K2o":{"weight":1.0,"played":[1.0,0.0,0.0,0.0],"evs":[0.0,-0.40626,-0.73917,-0.99702]},"A2o":{"weight":1.0,"played":[1.0,0.0,0.0,0.0],"evs":[0.0,-0.30161,-0.43316,-0.53786]},"32s":{"weight":1.0,"played":[1.0,0.0,0.0,0.0],"evs":[0.0,-0.31132,-0.70398,-1.04786]},"33":{"weight":1.0,"played":[0.137,0.863,0.0,0.0],"evs":[0.0,-0.00199,-0.03711,-0.09392]},"43o":{"weight":1.0,"played":[1.0,0.0,0.0,0.0],"evs":[0.0,-0.41354,-0.88917,-1.29748]},"53o":{"weight":1.0,"played":[1.0,0.0,0.0,0.0],"evs":[0.0,-0.3911,-0.83133,-1.21533]},"63o":{"weight":1.0,"played":[1.0,0.0,0.0,0.0],"evs":[0.0,-0.44596,-0.95534,-1.40521]},"73o":{"weight":1.0,"played":[1.0,0.0,0.0,0.0],"evs":[0.0,-0.51319,-1.01075,-1.58311]},"83o":{"weight":1.0,"played":[1.0,0.0,0.0,0.0],"evs":[0.0,-0.56893,-1.0614,-1.76875]},"93o":{"weight":1.0,"played":[1.0,0.0,0.0,0.0],"evs":[0.0,-0.57546,-1.02133,-1.70845]},"T3o":{"weight":1.0,"played":[1.0,0.0,0.0,0.0],"evs":[0.0,-0.50889,-0.85583,-1.5016]},"J3o":{"weight":1.0,"played":[1.0,0.0,0.0,0.0],"evs":[0.0,-0.50532,-0.90077,-1.40173]},"Q3o":{"weight":1.0,"played":[1.0,0.0,0.0,0.0],"evs":[0.0,-0.42286,-0.79583,-1.15941]},"K3o":{"weight":1.0,"played":[1.0,0.0,0.0,0.0],"evs":[0.0,-0.38851,-0.69997,-0.94634]},"A3o":{"weight":1.0,"played":[1.0,0.0,0.0,0.0],"evs":[0.0,-0.26321,-0.38569,-0.49817]},"42s":{"weight":1.0,"played":[1.0,0.0,0.0,0.0],"evs":[0.0,-0.28636,-0.6555,-0.98904]},"43s":{"weight":1.0,"played":[1.0,0.0,0.0,0.0],"evs":[0.0,-0.19047,-0.5171,-0.78091]},"44":{"weight":1.0,"played":[0.0,0.9996,3.0E-4,1.0E-4],"evs":[0.0,0.07326,0.06263,-0.00949]},"54o":{"weight":1.0,"played":[1.0,0.0,0.0,0.0],"evs":[0.0,-0.30212,-0.67489,-0.98937]},"64o":{"weight":1.0,"played":[1.0,0.0,0.0,0.0],"evs":[0.0,-0.35894,-0.79643,-1.17568]},"74o":{"weight":1.0,"played":[1.0,0.0,0.0,0.0],"evs":[0.0,-0.42967,-0.89868,-1.35317]},"84o":{"weight":1.0,"played":[1.0,0.0,0.0,0.0],"evs":[0.0,-0.4979,-0.98778,-1.54773]},"94o":{"weight":1.0,"played":[1.0,0.0,0.0,0.0],"evs":[0.0,-0.56036,-1.00467,-1.70248]},"T4o":{"weight":1.0,"played":[1.0,0.0,0.0,0.0],"evs":[0.0,-0.48191,-0.82308,-1.4446]},"J4o":{"weight":1.0,"played":[1.0,0.0,0.0,0.0],"evs":[0.0,-0.48652,-0.88305,-1.3536]},"Q4o":{"weight":1.0,"played":[1.0,0.0,0.0,0.0],"evs":[0.0,-0.40556,-0.75267,-1.11021]},"K4o":{"weight":1.0,"played":[1.0,0.0,0.0,0.0],"evs":[0.0,-0.3618,-0.65011,-0.89055]},"A4o":{"weight":1.0,"played":[1.0,0.0,0.0,0.0],"evs":[0.0,-0.22757,-0.33098,-0.43862]},"52s":{"weight":1.0,"played":[1.0,0.0,0.0,0.0],"evs":[0.0,-0.25676,-0.59793,-0.90279]},"53s":{"weight":1.0,"played":[1.0,0.0,0.0,0.0],"evs":[0.0,-0.15308,-0.46114,-0.69948]},"54s":{"weight":1.0,"played":[1.0,0.0,0.0,0.0],"evs":[0.0,-0.03203,-0.3256,-0.50048]},"55":{"weight":1.0,"played":[0.0,0.8905,0.1095,0.0],"evs":[0.0,0.20679,0.1939,0.14263]},"65o":{"weight":1.0,"played":[1.0,0.0,0.0,0.0],"evs":[0.0,-0.26975,-0.62866,-0.95795]},"75o":{"weight":1.0,"played":[1.0,0.0,0.0,0.0],"evs":[0.0,-0.33426,-0.72855,-1.12855]},"85o":{"weight":1.0,"played":[1.0,0.0,0.0,0.0],"evs":[0.0,-0.40054,-0.84532,-1.3106]},"95o":{"weight":1.0,"played":[1.0,0.0,0.0,0.0],"evs":[0.0,-0.47926,-0.91758,-1.45835]},"T5o":{"weight":1.0,"played":[1.0,0.0,0.0,0.0],"evs":[0.0,-0.4618,-0.79777,-1.40908]},"J5o":{"weight":1.0,"played":[1.0,0.0,0.0,0.0],"evs":[0.0,-0.46332,-0.84457,-1.26931]},"Q5o":{"weight":1.0,"played":[1.0,0.0,0.0,0.0],"evs":[0.0,-0.37665,-0.69444,-1.03784]},"K5o":{"weight":1.0,"played":[1.0,0.0,0.0,0.0],"evs":[0.0,-0.3356,-0.59262,-0.8186]},"A5o":{"weight":1.0,"played":[1.0,0.0,0.0,0.0],"evs":[0.0,-0.17248,-0.24913,-0.35386]},"62s":{"weight":1.0,"played":[1.0,0.0,0.0,0.0],"evs":[0.0,-0.3341,-0.71448,-1.08057]},"63s":{"weight":1.0,"played":[1.0,0.0,0.0,0.0],"evs":[0.0,-0.22585,-0.57373,-0.87486]},"64s":{"weight":1.0,"played":[1.0,0.0,0.0,0.0],"evs":[0.0,-0.12546,-0.43059,-0.68188]},"65s":{"weight":1.0,"played":[0.0689,0.9311,0.0,0.0],"evs":[0.0,0.00278,-0.2784,-0.46696]},"66":{"weight":1.0,"played":[0.0,0.1182,0.88,0.0018],"evs":[0.0,0.28408,0.28961,0.24097]},"76o":{"weight":1.0,"played":[1.0,0.0,0.0,0.0],"evs":[0.0,-0.27141,-0.61311,-0.97963]},"86o":{"weight":1.0,"played":[1.0,0.0,0.0,0.0],"evs":[0.0,-0.32823,-0.71865,-1.14749]},"96o":{"weight":1.0,"played":[1.0,0.0,0.0,0.0],"evs":[0.0,-0.39652,-0.81069,-1.27543]},"T6o":{"weight":1.0,"played":[1.0,0.0,0.0,0.0],"evs":[0.0,-0.39348,-0.7274,-1.23218]},"J6o":{"weight":1.0,"played":[1.0,0.0,0.0,0.0],"evs":[0.0,-0.45852,-0.83833,-1.29153]},"Q6o":{"weight":1.0,"played":[1.0,0.0,0.0,0.0],"evs":[0.0,-0.36338,-0.66474,-1.00778]},"K6o":{"weight":1.0,"played":[1.0,0.0,0.0,0.0],"evs":[0.0,-0.31962,-0.55921,-0.78373]},"A6o":{"weight":1.0,"played":[1.0,0.0,0.0,0.0],"evs":[0.0,-0.23209,-0.3608,-0.54224]},"72s":{"weight":1.0,"played":[1.0,0.0,0.0,0.0],"evs":[0.0,-0.38638,-0.81707,-1.27038]},"73s":{"weight":1.0,"played":[1.0,0.0,0.0,0.0],"evs":[0.0,-0.30875,-0.69401,-1.07609]},"74s":{"weight":1.0,"played":[1.0,0.0,0.0,0.0],"evs":[0.0,-0.20561,-0.52414,-0.85112]},"75s":{"weight":1.0,"played":[1.0,0.0,0.0,0.0],"evs":[0.0,-0.07992,-0.35683,-0.60879]},"76s":{"weight":1.0,"played":[0.4822,0.5178,0.0,0.0],"evs":[0.0,0.00503,-0.25187,-0.50203]},"77":{"weight":1.0,"played":[0.0,0.316,0.6839,1.0E-4],"evs":[0.0,0.38588,0.39582,0.32491]},"87o":{"weight":1.0,"played":[1.0,0.0,0.0,0.0],"evs":[0.0,-0.28266,-0.61414,-1.03422]},"97o":{"weight":1.0,"played":[1.0,0.0,0.0,0.0],"evs":[0.0,-0.32416,-0.68753,-1.13928]},"T7o":{"weight":1.0,"played":[1.0,0.0,0.0,0.0],"evs":[0.0,-0.31659,-0.64199,-1.07769]},"J7o":{"weight":1.0,"played":[1.0,0.0,0.0,0.0],"evs":[0.0,-0.39362,-0.71793,-1.1555]},"Q7o":{"weight":1.0,"played":[1.0,0.0,0.0,0.0],"evs":[0.0,-0.35678,-0.6683,-1.04414]},"K7o":{"weight":1.0,"played":[1.0,0.0,0.0,0.0],"evs":[0.0,-0.312,-0.54344,-0.79187]},"A7o":{"weight":1.0,"played":[1.0,0.0,0.0,0.0],"evs":[0.0,-0.19421,-0.28978,-0.48681]},"82s":{"weight":1.0,"played":[1.0,0.0,0.0,0.0],"evs":[0.0,-0.38205,-0.79717,-1.23318]},"83s":{"weight":1.0,"played":[1.0,0.0,0.0,0.0],"evs":[0.0,-0.3738,-0.79452,-1.24434]},"84s":{"weight":1.0,"played":[1.0,0.0,0.0,0.0],"evs":[0.0,-0.28577,-0.64926,-1.0268]},"85s":{"weight":1.0,"played":[1.0,0.0,0.0,0.0],"evs":[0.0,-0.17594,-0.47313,-0.79621]},"86s":{"weight":1.0,"played":[0.9999,1.0E-4,0.0,0.0],"evs":[0.0,-0.07875,-0.3491,-0.63068]},"87s":{"weight":1.0,"played":[0.979,0.021,0.0,0.0],"evs":[0.0,-0.00228,-0.24029,-0.51505]},"88":{"weight":1.0,"played":[0.0,0.9994,5.0E-4,0.0],"evs":[0.0,0.5472,0.52787,0.44175]},"98o":{"weight":1.0,"played":[1.0,0.0,0.0,0.0],"evs":[0.0,-0.29385,-0.61898,-1.06647]},"T8o":{"weight":1.0,"played":[1.0,0.0,0.0,0.0],"evs":[0.0,-0.26674,-0.54523,-0.97665]},"J8o":{"weight":1.0,"played":[1.0,0.0,0.0,0.0],"evs":[0.0,-0.35046,-0.61935,-1.03965]},"Q8o":{"weight":1.0,"played":[1.0,0.0,0.0,0.0],