{"player":2,"street":0,"children":2,"sequence":[{"player":0,"type":"R","amount":2570000,"street":0},{"player":1,"type":"R","amount":7030000,"street":0}],"actions":[{"type":"F","amount":0,"node":986},{"type":"C","amount":7030000,"node":993}],"hands":{"22":{"weight":1.0,"played":[1.0,0.0],"evs":[0.0,-6.48542]},"32o":{"weight":1.0,"played":[1.0,0.0],"evs":[0.0,-11.84592]},"42o":{"weight":1.0,"played":[1.0,0.0],"evs":[0.0,-11.58155]},"52o":{"weight":1.0,"played":[1.0,0.0],"evs":[0.0,-11.50043]},"62o":{"weight":1.0,"played":[1.0,0.0],"evs":[0.0,-11.79414]},"72o":{"weight":1.0,"played":[1.0,0.0],"evs":[0.0,-12.26517]},"82o":{"weight":1.0,"played":[1.0,0.0],"evs":[0.0,-11.47894]},"92o":{"weight":1.0,"played":[1.0,0.0],"evs":[0.0,-11.04412]},"T2o":{"weight":1.0,"played":[1.0,0.0],"evs":[0.0,-11.53377]},"J2o":{"weight":1.0,"played":[1.0,0.0],"evs":[0.0,-11.25264]},"Q2o":{"weight":1.0,"played":[1.0,0.0],"evs":[0.0,-11.23277]},"K2o":{"weight":1.0,"played":[1.0,0.0],"evs":[0.0,-10.31583]},"A2o":{"weight":1.0,"played":[1.0,0.0],"evs":[0.0,-10.45366]},"32s":{"weight":1.0,"played":[1.0,0.0],"evs":[0.0,-9.84815]},"33":{"weight":1.0,"played":[1.0,0.0],"evs":[0.0,-6.20253]},"43o":{"weight":1.0,"played":[1.0,0.0],"evs":[0.0,-10.89471]},"53o":{"weight":1.0,"played":[1.0,0.0],"evs":[0.0,-10.66291]},"63o":{"weight":1.0,"played":[1.0,0.0],"evs":[0.0,-11.2478]},"73o":{"weight":1.0,"played":[1.0,0.0],"evs":[0.0,-11.42288]},"83o":{"weight":1.0,"played":[1.0,0.0],"evs":[0.0,-11.38107]},"93o":{"weight":1.0,"played":[1.0,0.0],"evs":[0.0,-10.88297]},"T3o":{"weight":1.0,"played":[1.0,0.0],"evs":[0.0,-11.29108]},"J3o":{"weight":1.0,"played":[1.0,0.0],"evs":[0.0,-11.24859]},"Q3o":{"weight":1.0,"played":[1.0,0.0],"evs":[0.0,-11.09946]},"K3o":{"weight":1.0,"played":[1.0,0.0],"evs":[0.0,-10.0815]},"A3o":{"weight":1.0,"played":[1.0,0.0],"evs":[0.0,-10.41469]},"42s":{"weight":1.0,"played":[1.0,0.0],"evs":[0.0,-9.43006]},"43s":{"weight":1.0,"played":[1.0,0.0],"evs":[0.0,-8.98523]},"44":{"weight":1.0,"played":[1.0,0.0],"evs":[0.0,-5.98516]},"54o":{"weight":1.0,"played":[1.0,0.0],"evs":[0.0,-9.92549]},"64o":{"weight":1.0,"played":[1.0,0.0],"evs":[0.0,-10.41468]},"74o":{"weight":1.0,"played":[1.0,0.0],"evs":[0.0,-10.8545]},"84o":{"weight":1.0,"played":[1.0,0.0],"evs":[0.0,-10.79046]},"94o":{"weight":1.0,"played":[1.0,0.0],"evs":[0.0,-10.96634]},"T4o":{"weight":1.0,"played":[1.0,0.0],"evs":[0.0,-11.06083]},"J4o":{"weight":1.0,"played":[1.0,0.0],"evs":[0.0,-11.04275]},"Q4o":{"weight":1.0,"played":[1.0,0.0],"evs":[0.0,-11.02336]},"K4o":{"weight":1.0,"played":[1.0,0.0],"evs":[0.0,-10.0195]},"A4o":{"weight":1.0,"played":[1.0,0.0],"evs":[0.0,-10.10562]},"52s":{"weight":1.0,"played":[1.0,0.0],"evs":[0.0,-9.2594]},"53s":{"weight":1.0,"played":[1.0,0.0],"evs":[0.0,-8.6826]},"54s":{"weight":1.0,"played":[1.0,0.0],"evs":[0.0,-7.85825]},"55":{"weight":1.0,"played":[1.0,0.0],"evs":[0.0,-5.11991]},"65o":{"weight":1.0,"played":[1.0,0.0],"evs":[0.0,-9.64569]},"75o":{"weight":1.0,"played":[1.0,0.0],"evs":[0.0,-10.01446]},"85o":{"weight":1.0,"played":[1.0,0.0],"evs":[0.0,-10.09133]},"95o":{"weight":1.0,"played":[1.0,0.0],"evs":[0.0,-10.12697]},"T5o":{"weight":1.0,"played":[1.0,0.0],"evs":[0.0,-10.974]},"J5o":{"weight":1.0,"played":[1.0,0.0],"evs":[0.0,-10.65089]},"Q5o":{"weight":1.0,"played":[1.0,0.0],"evs":[0.0,-10.70473]},"K5o":{"weight":1.0,"played":[1.0,0.0],"evs":[0.0,-9.79844]},"A5o":{"weight":1.0,"played":[1.0,0.0],"evs":[0.0,-9.93327]},"62s":{"weight":1.0,"played":[1.0,0.0],"evs":[0.0,-9.89489]},"63s":{"weight":1.0,"played":[1.0,0.0],"evs":[0.0,-9.13937]},"64s":{"weight":1.0,"played":[1.0,0.0],"evs":[0.0,-8.34752]},"65s":{"weight":1.0,"played":[1.0,0.0],"evs":[0.0,-7.78744]},"66":{"weight":1.0,"played":[1.0,0.0],"evs":[0.0,-4.14047]},"76o":{"weight":1.0,"played":[1.0,0.0],"evs":[0.0,-9.02215]},"86o":{"weight":1.0,"played":[1.0,0.0],"evs":[0.0,-9.1991]},"96o":{"weight":1.0,"played":[1.0,0.0],"evs":[0.0,-9.14673]},"T6o":{"weight":1.0,"played":[1.0,0.0],"evs":[0.0,-10.14481]},"J6o":{"weight":1.0,"played":[1.0,0.0],"evs":[0.0,-10.70933]},"Q6o":{"weight":1.0,"played":[1.0,0.0],"evs":[0.0,-10.53569]},"K6o":{"weight":1.0,"played":[1.0,0.0],"evs":[0.0,-9.39251]},"A6o":{"weight":1.0,"played":[1.0,0.0],"evs":[0.0,-10.49275]},"72s":{"weight":1.0,"played":[1.0,0.0],"evs":[0.0,-9.94169]},"73s":{"weight":1.0,"played":[1.0,0.0],"evs":[0.0,-9.43088]},"74s":{"weight":1.0,"played":[1.0,0.0],"evs":[0.0,-8.93551]},"75s":{"weight":1.0,"played":[1.0,0.0],"evs":[0.0,-8.04504]},"76s":{"weight":1.0,"played":[1.0,0.0],"evs":[0.0,-7.25556]},"77":{"weight":1.0,"played":[0.9999,1.0E-4],"evs":[0.0,-2.33512]},"87o":{"weight":1.0,"played":[1.0,0.0],"evs":[0.0,-8.28982]},"97o":{"weight":1.0,"played":[1.0,0.0],"evs":[0.0,-8.4936]},"T7o":{"weight":1.0,"played":[1.0,0.0],"evs":[0.0,-9.23649]},"J7o":{"weight":1.0,"played":[1.0,0.0],"evs":[0.0,-9.78191]},"Q7o":{"weight":1.0,"played":[1.0,0.0],"evs":[0.0,-10.21809]},"K7o":{"weight":1.0,"played":[1.0,0.0],"evs":[0.0,-9.09559]},"A7o":{"weight":1.0,"played":[1.0,0.0],"evs":[0.0,-10.02868]},"82s":{"weight":1.0,"played":[1.0,0.0],"evs":[0.0,-9.31027]},"83s":{"weight":1.0,"played":[1.0,0.0],"evs":[0.0,-9.4463]},"84s":{"weight":1.0,"played":[1.0,0.0],"evs":[0.0,-8.91089]},"85s":{"weight":1.0,"played":[1.0,0.0],"evs":[0.0,-8.13726]},"86s":{"weight":1.0,"played":[1.0,0.0],"evs":[0.0,-7.23067]},"87s":{"weight":1.0,"played":[1.0,0.0],"evs":[0.0,-6.41525]},"88":{"weight":1.0,"played":[0.8423,0.1577],"evs":[0.0,-0.0594]},"98o":{"weight":1.0,"played":[1.0,0.0],"evs":[0.0,-7.68372]},"T8o":{"weight":1.0,"played":[1.0,0.0],"evs":[0.0,-8.26776]},"J8o":{"weight":1.0,"played":[1.0,0.0],"evs":[0.0,-8.5177]},"Q8o":{"weight":1.0,"played":[1.0,0.0],"evs":[0.0,-8.88871]},"K8o":{"weight":1.0,"played":[1.0,0.0],"evs":[0.0,-8.70056]},"A8o":{"weight":1.0,"played":[1.0,0.0],"evs":[0.0,-9.16055]},"92s":{"weight":1.0,"played":[1.0,0.0],"evs":[0.0,-9.27577]},"93s":{"weight":1.0,"played":[1.0,0.0],"evs":[0.0,-8.81801]},"94s":{"weight":1.0,"played":[1.0,0.0],"evs":[0.0,-9.00427]},"95s":{"weight":1.0,"played":[1.0,0.0],"evs":[0.0,-8.25224]},"96s":{"weight":1.0,"played":[1.0,0.0],"evs":[0.0,-7.32298]},"97s":{"weight":1.0,"played":[1.0,0.0],"evs":[0.0,-6.60409]},"98s":{"weight":1.0,"played":[1.0,0.0],"evs":[0.0,-5.90207]},"99":{"weight":1.0,"played":[0.0,1.0],"evs":[0.0,1.55348]},"T9o":{"weight":1.0,"played":[1.0,0.0],"evs":[0.0,-7.23632]},"J9o":{"weight":1.0,"played":[1.0,0.0],"evs":[0.0,-7.67354]},"Q9o":{"weight":1.0,"played":[1.0,0.0],"evs":[0.0,-8.18636]},"K9o":{"weight":1.0,"played":[1.0,0.0],"evs":[0.0,-7.80747]},"A9o":{"weight":1.0,"played":[1.0,0.0],"evs":[0.0,-8.58915]},"T2s":{"weight":1.0,"played":[1.0,0.0],"evs":[0.0,-8.96262]},"T3s":{"weight":1.0,"played":[1.0,0.0],"evs":[0.0,-8.87536]},"T4s":{"weight":1.0,"played":[1.0,0.0],"evs":[0.0,-8.89334]},"T5s":{"weight":1.0,"played":[1.0,0.0],"evs":[0.0,-8.62271]},"T6s":{"weight":1.0,"played":[1.0,0.0],"evs":[0.0,-8.42552]},"T7s":{"weight":1.0,"played":[1.0,0.0],"evs":[0.0,-7.12445]},"T8s":{"weight":1.0,"played":[1.0,0.0],"evs":[0.0,-6.35653]},"T9s":{"weight":1.0,"played":[1.0,0.0],"evs":[0.0,-5.38646]},"TT":{"weight":1.0,"played":[0.0,1.0],"evs":[0.0,3.52606]},"JTo":{"weight":1.0,"played":[1.0,0.0],"evs":[0.0,-7.05403]},"QTo":{"weight":1.0,"played":[1.0,0.0],"evs":[0.0,-7.57837]},"KTo":{"weight":1.0,"played":[1.0,0.0],"evs":[0.0,-7.25965]},"ATo":{"weight":1.0,"played":[1.0,0.0],"evs":[0.0,-7.55626]},"J2s":{"weight":1.0,"played":[1.0,0.0],"evs":[0.0,-9.33301]},"J3s":{"weight":1.0,"played":[1.0,0.0],"evs":[0.0,-9.14072]},"J4s":{"weight":1.0,"played":[1.0,0.0],"evs":[0.0,-8.86967]},"J5s":{"weight":1.0,"played":[1.0,0.0],"evs":[0.0,-8.57222]},"J6s":{"weight":1.0,"played":[1.0,0.0],"evs":[0.0,-8.65785]},"J7s":{"weight":1.0,"played":[1.0,0.0],"evs":[0.0,-7.78785]},"J8s":{"weight":1.0,"played":[1.0,0.0],"evs":[0.0,-6.48188]},"J9s":{"weight":1.0,"played":[1.0,0.0],"evs":[0.0,-5.95684]},"JTs":{"weight":1.0,"played":[1.0,0.0],"evs":[0.0,-5.5544]},"JJ":{"weight":1.0,