{"equityUnit":"TABLE_EQUITY_PERCENT","conversionFactors":{"toUSD":1.9101948,"toRegularPrizePercent":0.051156797},"preHandEquity":[13.82578,13.82578,13.82578,16.50303,12.41272,29.60692],"bubbleFactors":[[-1.0,0.791,0.791,1.019,0.77,1.019],[0.791,-1.0,0.791,1.019,0.77,1.019],[0.791,0.791,-1.0,1.019,0.77,1.019],[0.791,0.791,0.791,-1.0,0.77,1.023],[1.017,1.017,1.017,1.017,-1.0,1.017],[0.788,0.788,0.788,0.821,0.766,-1.0]]}