{"player":3,"street":0,"children":2,"sequence":[{"player":0,"type":"F","amount":0,"street":0},{"player":1,"type":"C","amount":500000,"street":0},{"player":2,"type":"R","amount":5710000,"street":0}],"actions":[{"type":"F","amount":0,"node":101},{"type":"C","amount":1160000,"node":106}],"hands":{"22":{"weight":1.0,"played":[0.0,1.0],"evs":[0.0,0.98892]},"32o":{"weight":1.0,"played":[1.0,0.0],"evs":[0.0,-1.00144]},"42o":{"weight":1.0,"played":[1.0,0.0],"evs":[0.0,-0.89982]},"52o":{"weight":1.0,"played":[1.0,0.0],"evs":[0.0,-0.73551]},"62o":{"weight":1.0,"played":[1.0,0.0],"evs":[0.0,-0.80363]},"72o":{"weight":1.0,"played":[1.0,0.0],"evs":[0.0,-1.05279]},"82o":{"weight":1.0,"played":[1.0,0.0],"evs":[0.0,-1.00091]},"92o":{"weight":1.0,"played":[1.0,0.0],"evs":[0.0,-0.98635]},"T2o":{"weight":1.0,"played":[1.0,0.0],"evs":[0.0,-0.83672]},"J2o":{"weight":1.0,"played":[1.0,0.0],"evs":[0.0,-0.80233]},"Q2o":{"weight":1.0,"played":[1.0,0.0],"evs":[0.0,-0.55119]},"K2o":{"weight":1.0,"played":[1.0,0.0],"evs":[0.0,-0.44588]},"A2o":{"weight":1.0,"played":[0.0022,0.9978],"evs":[0.0,0.32003]},"32s":{"weight":1.0,"played":[0.9999,1.0E-4],"evs":[0.0,-0.43247]},"33":{"weight":1.0,"played":[0.0,1.0],"evs":[0.0,1.17871]},"43o":{"weight":1.0,"played":[1.0,0.0],"evs":[0.0,-0.56936]},"53o":{"weight":1.0,"played":[1.0,0.0],"evs":[0.0,-0.36119]},"63o":{"weight":1.0,"played":[1.0,0.0],"evs":[0.0,-0.50307]},"73o":{"weight":1.0,"played":[1.0,0.0],"evs":[0.0,-0.66934]},"83o":{"weight":1.0,"played":[1.0,0.0],"evs":[0.0,-0.90891]},"93o":{"weight":1.0,"played":[1.0,0.0],"evs":[0.0,-0.86937]},"T3o":{"weight":1.0,"played":[1.0,0.0],"evs":[0.0,-0.70602]},"J3o":{"weight":1.0,"played":[1.0,0.0],"evs":[0.0,-0.60905]},"Q3o":{"weight":1.0,"played":[1.0,0.0],"evs":[0.0,-0.46095]},"K3o":{"weight":1.0,"played":[1.0,0.0],"evs":[0.0,-0.31589]},"A3o":{"weight":1.0,"played":[0.0011,0.9989],"evs":[0.0,0.4676]},"42s":{"weight":1.0,"played":[0.9985,0.0015],"evs":[0.0,-0.17559]},"43s":{"weight":1.0,"played":[0.0333,0.9667],"evs":[0.0,0.08211]},"44":{"weight":1.0,"played":[0.0,1.0],"evs":[0.0,1.50254]},"54o":{"weight":1.0,"played":[0.9913,0.0087],"evs":[0.0,-0.02772]},"64o":{"weight":1.0,"played":[0.9992,8.0E-4],"evs":[0.0,-0.18018]},"74o":{"weight":1.0,"played":[0.9998,2.0E-4],"evs":[0.0,-0.37866]},"84o":{"weight":1.0,"played":[1.0,0.0],"evs":[0.0,-0.53487]},"94o":{"weight":1.0,"played":[1.0,0.0],"evs":[0.0,-0.78381]},"T4o":{"weight":1.0,"played":[1.0,0.0],"evs":[0.0,-0.57264]},"J4o":{"weight":1.0,"played":[1.0,0.0],"evs":[0.0,-0.51293]},"Q4o":{"weight":1.0,"played":[1.0,0.0],"evs":[0.0,-0.29292]},"K4o":{"weight":1.0,"played":[0.9991,9.0E-4],"evs":[0.0,-0.17436]},"A4o":{"weight":1.0,"played":[0.0,1.0],"evs":[0.0,0.57494]},"52s":{"weight":1.0,"played":[0.8539,0.1461],"evs":[0.0,-0.10433]},"53s":{"weight":1.0,"played":[0.0199,0.9801],"evs":[0.0,0.21835]},"54s":{"weight":1.0,"played":[2.0E-4,0.9998],"evs":[0.0,0.55805]},"55":{"weight":1.0,"played":[0.0,1.0],"evs":[0.0,1.9618]},"65o":{"weight":1.0,"played":[0.0548,0.9452],"evs":[0.0,0.10062]},"75o":{"weight":1.0,"played":[0.9842,0.0158],"evs":[0.0,-0.03555]},"85o":{"weight":1.0,"played":[0.9983,0.0017],"evs":[0.0,-0.13976]},"95o":{"weight":1.0,"played":[1.0,0.0],"evs":[0.0,-0.36329]},"T5o":{"weight":1.0,"played":[1.0,0.0],"evs":[0.0,-0.38706]},"J5o":{"weight":1.0,"played":[0.9998,2.0E-4],"evs":[0.0,-0.26684]},"Q5o":{"weight":1.0,"played":[0.9996,4.0E-4],"evs":[0.0,-0.10389]},"K5o":{"weight":1.0,"played":[0.2231,0.7769],"evs":[0.0,0.0527]},"A5o":{"weight":1.0,"played":[0.0,1.0],"evs":[0.0,0.83745]},"62s":{"weight":1.0,"played":[0.9972,0.0028],"evs":[0.0,-0.16588]},"63s":{"weight":1.0,"played":[0.0814,0.9186],"evs":[0.0,0.2021]},"64s":{"weight":1.0,"played":[0.0032,0.9968],"evs":[0.0,0.52319]},"65s":{"weight":1.0,"played":[0.0,1.0],"evs":[0.0,0.79425]},"66":{"weight":1.0,"played":[0.0,1.0],"evs":[0.0,2.1957]},"76o":{"weight":1.0,"played":[0.0,1.0],"evs":[0.0,0.22912]},"86o":{"weight":1.0,"played":[0.0,1.0],"evs":[0.0,0.07676]},"96o":{"weight":1.0,"played":[0.978,0.022],"evs":[0.0,-0.07304]},"T6o":{"weight":1.0,"played":[1.0,0.0],"evs":[0.0,-0.1952]},"J6o":{"weight":1.0,"played":[0.9999,1.0E-4],"evs":[0.0,-0.25464]},"Q6o":{"weight":1.0,"played":[0.9577,0.0423],"evs":[0.0,-0.0415]},"K6o":{"weight":1.0,"played":[0.0317,0.9683],"evs":[0.0,0.08228]},"A6o":{"weight":1.0,"played":[0.0,1.0],"evs":[0.0,0.68381]},"72s":{"weight":1.0,"played":[1.0,0.0],"evs":[0.0,-0.36985]},"73s":{"weight":1.0,"played":[0.7573,0.2427],"evs":[0.0,0.05266]},"74s":{"weight":1.0,"played":[6.0E-4,0.9994],"evs":[0.0,0.27747]},"75s":{"weight":1.0,"played":[1.0E-4,0.9999],"evs":[0.0,0.62852]},"76s":{"weight":1.0,"played":[0.0,1.0],"evs":[0.0,0.79323]},"77":{"weight":1.0,"played":[0.0,1.0],"evs":[0.0,2.45343]},"87o":{"weight":1.0,"played":[6.0E-4,0.9994],"evs":[0.0,0.25674]},"97o":{"weight":1.0,"played":[0.0293,0.9707],"evs":[0.0,0.08751]},"T7o":{"weight":1.0,"played":[0.8806,0.1194],"evs":[0.0,-0.033]},"J7o":{"weight":1.0,"played":[0.9676,0.0324],"evs":[0.0,-0.10384]},"Q7o":{"weight":1.0,"played":[1.0,0.0],"evs":[0.0,-0.05234]},"K7o":{"weight":1.0,"played":[1.0E-4,0.9999],"evs":[0.0,0.14963]},"A7o":{"weight":1.0,"played":[1.0E-4,0.9999],"evs":[0.0,0.72095]},"82s":{"weight":1.0,"played":[0.9976,0.0024],"evs":[0.0,-0.24924]},"83s":{"weight":1.0,"played":[0.999,0.001],"evs":[0.0,-0.23352]},"84s":{"weight":1.0,"played":[0.0025,0.9975],"evs":[0.0,0.23823]},"85s":{"weight":1.0,"played":[0.0017,0.9983],"evs":[0.0,0.36686]},"86s":{"weight":1.0,"played":[8.0E-4,0.9992],"evs":[0.0,0.72399]},"87s":{"weight":1.0,"played":[1.0E-4,0.9999],"evs":[0.0,0.86468]},"88":{"weight":1.0,"played":[0.0,1.0],"evs":[0.0,2.81359]},"98o":{"weight":1.0,"played":[0.0,1.0],"evs":[0.0,0.25721]},"T8o":{"weight":1.0,"played":[0.0,1.0],"evs":[0.0,0.20097]},"J8o":{"weight":1.0,"played":[0.0012,0.9988],"evs":[0.0,0.10453]},"Q8o":{"weight":1.0,"played":[2.0E-4,0.9998],"evs":[0.0,0.12482]},"K8o":{"weight":1.0,"played":[0.0141,0.9859],"evs":[0.0,0.1354]},"A8o":{"weight":1.0,"played":[0.0,1.0],"evs":[0.0,1.07046]},"92s":{"weight":1.0,"played":[0.9999,1.0E-4],"evs":[0.0,-0.32536]},"93s":{"weight":1.0,"played":[0.8838,0.1162],"evs":[0.0,-0.30842]},"94s":{"weight":1.0,"played":[0.8724,0.1276],"evs":[0.0,-0.04729]},"95s":{"weight":1.0,"played":[0.0041,0.9959],"evs":[0.0,0.32191]},"96s":{"weight":1.0,"played":[0.0,1.0],"evs":[0.0,0.52193]},"97s":{"weight":1.0,"played":[0.0,1.0],"evs":[0.0,0.66283]},"98s":{"weight":1.0,"played":[1.0E-4,0.9999],"evs":[0.0,0.89047]},"99":{"weight":1.0,"played":[0.0,1.0],"evs":[0.0,3.26991]},"T9o":{"weight":1.0,"played":[0.0,1.0],"evs":[0.0,0.42974]},"J9o":{"weight":1.0,"played":[2.0E-4,0.9998],"evs":[0.0,0.30757]},"Q9o":{"weight":1.0,"played":[4.0E-4,0.9996],"evs":[0.0,0.32695]},"K9o":{"weight":1.0,"played":[2.0E-4,0.9998],"evs":[0.0,0.38025]},"A9o":{"weight":1.0,"played":[0.0,1.0],"evs":[0.0,1.26758]},"T2s":{"weight":1.0,"played":[1.0,0.0],"evs":[0.0,-0.25769]},"T3s":{"weight":1.0,"played":[0.6738,0.3262],"evs":[0.0,0.02373]},"T4s":{"weight":1.0,"played":[0.2582,0.7418],"evs":[0.0,-0.01897]},"T5s":{"weight":1.0,"played":[0.0019,0.9981],"evs":[0.0,0.17088]},"T6s":{"weight":1.0,"played":[3.0E-4,0.9997],"evs":[0.0,0.35633]},"T7s":{"weight":1.0,"played":[1.0E-4,0.9999],"evs":[0.0,0.71104]},"T8s":{"weight":1.0,"played":[5.0E-4,0.9995],"evs":[0.0,0.78981]},"T9s":{"weight":1.0,"played":[0.0,1.0],"evs":[0.0,0.91407]},"TT":{"weight":1.0,"played":[0.0,1.0],"evs":[0.0,4.02452]},"JTo":{"weight":1.0,"played":[0.0,1.0],"evs":[0.0,0.69133]},"QTo":{"weight":1.0,"played":[0.0,1.0],"evs":[0.0,0.7866]},"KTo":{"weight":1.0,"played":[0.0,1.0],"evs":[0.0,0.83972]},"ATo":{"weight":1.0,"played":[0.0,1.0],"evs":[0.0,2.0548]},"J2s":{"weight":1.0,"played":[0.985,0.015],"evs":[0.0,-0.16579]},"J3s":{"weight":1.0,"played":[0.5454,0.4546],"evs":[0.0,0.01547]},"J4s":{"weight":1.0,"played":[0.0077,0.9923],"evs":[0.0,0.13679]},"J5s":{"weight":1.0,"played":[8.0E-4,0.9992],"evs":[0.0,0.33838]},"J6s":{"weight":1.0,"played":[4.0E-4,0.9996],