{"player":3,"street":0,"children":2,"sequence":[{"player":0,"type":"R","amount":3200000,"street":0},{"player":1,"type":"R","amount":10045000,"street":0},{"player":2,"type":"C","amount":5885000,"street":0}],"actions":[{"type":"F","amount":0,"node":376},{"type":"R","amount":23645000,"node":381}],"hands":{"22":{"weight":1.0,"played":[0.9972,0.0028],"evs":[0.0,-0.86518]},"32o":{"weight":1.0,"played":[1.0,0.0],"evs":[0.0,-3.76384]},"42o":{"weight":1.0,"played":[0.9997,3.0E-4],"evs":[0.0,-2.95806]},"52o":{"weight":1.0,"played":[0.9999,1.0E-4],"evs":[0.0,-2.68485]},"62o":{"weight":1.0,"played":[1.0,0.0],"evs":[0.0,-3.46019]},"72o":{"weight":1.0,"played":[1.0,0.0],"evs":[0.0,-3.9997]},"82o":{"weight":1.0,"played":[1.0,0.0],"evs":[0.0,-3.55127]},"92o":{"weight":1.0,"played":[1.0,0.0],"evs":[0.0,-3.98383]},"T2o":{"weight":1.0,"played":[1.0,0.0],"evs":[0.0,-4.00214]},"J2o":{"weight":1.0,"played":[1.0,0.0],"evs":[0.0,-3.81167]},"Q2o":{"weight":1.0,"played":[1.0,0.0],"evs":[0.0,-3.27435]},"K2o":{"weight":1.0,"played":[0.9983,0.0017],"evs":[0.0,-2.90302]},"A2o":{"weight":1.0,"played":[0.9999,1.0E-4],"evs":[0.0,-2.87361]},"32s":{"weight":1.0,"played":[0.9999,1.0E-4],"evs":[0.0,-2.23772]},"33":{"weight":1.0,"played":[0.9932,0.0068],"evs":[0.0,-0.94655]},"43o":{"weight":1.0,"played":[0.9995,5.0E-4],"evs":[0.0,-1.74753]},"53o":{"weight":1.0,"played":[1.0,0.0],"evs":[0.0,-2.42853]},"63o":{"weight":1.0,"played":[0.9999,1.0E-4],"evs":[0.0,-2.03261]},"73o":{"weight":1.0,"played":[1.0,0.0],"evs":[0.0,-3.39332]},"83o":{"weight":1.0,"played":[1.0,0.0],"evs":[0.0,-3.94908]},"93o":{"weight":1.0,"played":[0.9999,1.0E-4],"evs":[0.0,-3.50757]},"T3o":{"weight":1.0,"played":[1.0,0.0],"evs":[0.0,-3.60155]},"J3o":{"weight":1.0,"played":[1.0,0.0],"evs":[0.0,-3.44126]},"Q3o":{"weight":1.0,"played":[1.0,0.0],"evs":[0.0,-3.16165]},"K3o":{"weight":1.0,"played":[1.0,0.0],"evs":[0.0,-2.49321]},"A3o":{"weight":1.0,"played":[1.0,0.0],"evs":[0.0,-2.54546]},"42s":{"weight":1.0,"played":[0.992,0.008],"evs":[0.0,-1.59671]},"43s":{"weight":1.0,"played":[0.9903,0.0097],"evs":[0.0,-0.64557]},"44":{"weight":1.0,"played":[0.964,0.036],"evs":[0.0,-1.1458]},"54o":{"weight":1.0,"played":[0.9985,0.0015],"evs":[0.0,-1.76138]},"64o":{"weight":1.0,"played":[1.0,0.0],"evs":[0.0,-2.08878]},"74o":{"weight":1.0,"played":[1.0,0.0],"evs":[0.0,-2.91045]},"84o":{"weight":1.0,"played":[0.9997,3.0E-4],"evs":[0.0,-3.18382]},"94o":{"weight":1.0,"played":[1.0,0.0],"evs":[0.0,-3.6853]},"T4o":{"weight":1.0,"played":[0.9999,1.0E-4],"evs":[0.0,-3.15448]},"J4o":{"weight":1.0,"played":[1.0,0.0],"evs":[0.0,-3.30437]},"Q4o":{"weight":1.0,"played":[1.0,0.0],"evs":[0.0,-3.33215]},"K4o":{"weight":1.0,"played":[0.9999,1.0E-4],"evs":[0.0,-2.47379]},"A4o":{"weight":1.0,"played":[0.9996,4.0E-4],"evs":[0.0,-2.22324]},"52s":{"weight":1.0,"played":[0.9992,8.0E-4],"evs":[0.0,-2.51591]},"53s":{"weight":1.0,"played":[0.9841,0.0159],"evs":[0.0,-2.2361]},"54s":{"weight":1.0,"played":[0.4552,0.5448],"evs":[0.0,-0.92008]},"55":{"weight":1.0,"played":[0.8981,0.1019],"evs":[0.0,-0.73833]},"65o":{"weight":1.0,"played":[1.0,0.0],"evs":[0.0,-1.67075]},"75o":{"weight":1.0,"played":[0.9986,0.0014],"evs":[0.0,-2.21446]},"85o":{"weight":1.0,"played":[1.0,0.0],"evs":[0.0,-2.81255]},"95o":{"weight":1.0,"played":[1.0,0.0],"evs":[0.0,-2.92053]},"T5o":{"weight":1.0,"played":[1.0,0.0],"evs":[0.0,-3.3053]},"J5o":{"weight":1.0,"played":[1.0,0.0],"evs":[0.0,-3.3511]},"Q5o":{"weight":1.0,"played":[1.0,0.0],"evs":[0.0,-3.51163]},"K5o":{"weight":1.0,"played":[1.0,0.0],"evs":[0.0,-1.7768]},"A5o":{"weight":1.0,"played":[0.9998,2.0E-4],"evs":[0.0,-2.08551]},"62s":{"weight":1.0,"played":[0.9994,6.0E-4],"evs":[0.0,-2.67231]},"63s":{"weight":1.0,"played":[0.9989,0.0011],"evs":[0.0,-1.62204]},"64s":{"weight":1.0,"played":[0.6302,0.3698],"evs":[0.0,0.31506]},"65s":{"weight":1.0,"played":[0.7666,0.2334],"evs":[0.0,-0.32367]},"66":{"weight":1.0,"played":[0.9992,8.0E-4],"evs":[0.0,-0.61852]},"76o":{"weight":1.0,"played":[1.0,0.0],"evs":[0.0,-1.67189]},"86o":{"weight":1.0,"played":[1.0,0.0],"evs":[0.0,-2.09706]},"96o":{"weight":1.0,"played":[1.0,0.0],"evs":[0.0,-3.08622]},"T6o":{"weight":1.0,"played":[1.0,0.0],"evs":[0.0,-2.88766]},"J6o":{"weight":1.0,"played":[1.0,0.0],"evs":[0.0,-3.95752]},"Q6o":{"weight":1.0,"played":[1.0,0.0],"evs":[0.0,-3.40084]},"K6o":{"weight":1.0,"played":[0.9994,6.0E-4],"evs":[0.0,-2.2747]},"A6o":{"weight":1.0,"played":[1.0,0.0],"evs":[0.0,-2.87225]},"72s":{"weight":1.0,"played":[0.9749,0.0251],"evs":[0.0,-2.57872]},"73s":{"weight":1.0,"played":[0.998,0.002],"evs":[0.0,-1.91408]},"74s":{"weight":1.0,"played":[0.701,0.299],"evs":[0.0,-0.30022]},"75s":{"weight":1.0,"played":[0.7947,0.2053],"evs":[0.0,-0.80566]},"76s":{"weight":1.0,"played":[0.3838,0.6162],"evs":[0.0,-0.31509]},"77":{"weight":1.0,"played":[0.8521,0.1479],"evs":[0.0,-0.05585]},"87o":{"weight":1.0,"played":[0.9994,6.0E-4],"evs":[0.0,-1.92519]},"97o":{"weight":1.0,"played":[1.0,0.0],"evs":[0.0,-2.21402]},"T7o":{"weight":1.0,"played":[1.0,0.0],"evs":[0.0,-3.13507]},"J7o":{"weight":1.0,"played":[1.0,0.0],"evs":[0.0,-3.14283]},"Q7o":{"weight":1.0,"played":[0.9995,5.0E-4],"evs":[0.0,-3.88038]},"K7o":{"weight":1.0,"played":[0.9993,7.0E-4],"evs":[0.0,-2.15436]},"A7o":{"weight":1.0,"played":[0.9995,5.0E-4],"evs":[0.0,-2.95116]},"82s":{"weight":1.0,"played":[0.9941,0.0059],"evs":[0.0,-3.03251]},"83s":{"weight":1.0,"played":[1.0,0.0],"evs":[0.0,-2.29882]},"84s":{"weight":1.0,"played":[1.0,0.0],"evs":[0.0,-1.54096]},"85s":{"weight":1.0,"played":[0.9873,0.0127],"evs":[0.0,-0.96912]},"86s":{"weight":1.0,"played":[0.9829,0.0171],"evs":[0.0,-0.68355]},"87s":{"weight":1.0,"played":[0.9965,0.0035],"evs":[0.0,-1.07433]},"88":{"weight":1.0,"played":[0.7963,0.2037],"evs":[0.0,-1.28789]},"98o":{"weight":1.0,"played":[0.9986,0.0014],"evs":[0.0,-2.89031]},"T8o":{"weight":1.0,"played":[1.0,0.0],"evs":[0.0,-2.4749]},"J8o":{"weight":1.0,"played":[1.0,0.0],"evs":[0.0,-3.3764]},"Q8o":{"weight":1.0,"played":[1.0,0.0],"evs":[0.0,-3.38741]},"K8o":{"weight":1.0,"played":[1.0,0.0],"evs":[0.0,-2.93765]},"A8o":{"weight":1.0,"played":[0.9992,8.0E-4],"evs":[0.0,-3.3511]},"92s":{"weight":1.0,"played":[1.0,0.0],"evs":[0.0,-2.26393]},"93s":{"weight":1.0,"played":[0.9997,3.0E-4],"evs":[0.0,-1.51093]},"94s":{"weight":1.0,"played":[0.9999,1.0E-4],"evs":[0.0,-2.38135]},"95s":{"weight":1.0,"played":[0.981,0.019],"evs":[0.0,-1.49733]},"96s":{"weight":1.0,"played":[0.9869,0.0131],"evs":[0.0,-0.89013]},"97s":{"weight":1.0,"played":[0.9963,0.0037],"evs":[0.0,-0.8466]},"98s":{"weight":1.0,"played":[0.4914,0.5086],"evs":[0.0,0.36568]},"99":{"weight":1.0,"played":[0.9135,0.0865],"evs":[0.0,-1.07736]},"T9o":{"weight":1.0,"played":[0.9999,1.0E-4],"evs":[0.0,-2.17362]},"J9o":{"weight":1.0,"played":[1.0,0.0],"evs":[0.0,-2.32732]},"Q9o":{"weight":1.0,"played":[1.0,0.0],"evs":[0.0,-2.60056]},"K9o":{"weight":1.0,"played":[0.9998,2.0E-4],"evs":[0.0,-2.53786]},"A9o":{"weight":1.0,"played":[0.9991,9.0E-4],"evs":[0.0,-2.96771]},"T2s":{"weight":1.0,"played":[1.0,0.0],"evs":[0.0,-2.29277]},"T3s":{"weight":1.0,"played":[0.9997,3.0E-4],"evs":[0.0,-2.33571]},"T4s":{"weight":1.0,"played":[0.9977,0.0023],"evs":[0.0,-2.03972]},"T5s":{"weight":1.0,"played":[0.9993,7.0E-4],"evs":[0.0,-1.79121]},"T6s":{"weight":1.0,"played":[0.9979,0.0021],"evs":[0.0,-1.49139]},"T7s":{"weight":1.0,"played":[0.9982,0.0018],"evs":[0.0,-1.7373]},"T8s":{"weight":1.0,"played":[0.977,0.023],"evs":[0.0,-0.39041]},"T9s":{"weight":1.0,"played":[0.9962,0.0038],"evs":[0.0,-0.6005]},"TT":{"weight":1.0,"played":[0.1858,0.8142],"evs":[0.0,-0.19729]},"JTo":{"weight":1.0,"played":[0.9998,2.0E-4],"evs":[0.0,-2.56062]},"QTo":{"weight":1.0,"played":[1.0,0.0],"evs":[0.0,-2.98943]},"KTo":{"weight":1.0,"played":[1.0,0.0],"evs":[0.0,-2.11776]},"ATo":{"weight":1.0,"played":[0.9995,5.0E-4],"evs":[0.0,-2.50229]},"J2s":{"weight":1.0,"played":[0.9955,0.0045],"evs":[0.0,-2.78127]},"J3s":{"weight":1.0,"played":[0.9988,0.0012],"evs":[0.0,-3.30541]},"J4s":{"weight":1.0,"played":[0.9847,0.0153],