{"player":3,"street":0,"children":2,"sequence":[{"player":0,"type":"R","amount":165000,"street":0},{"player":1,"type":"C","amount":165000,"street":0},{"player":2,"type":"R","amount":2885000,"street":0}],"actions":[{"type":"F","amount":0,"node":316},{"type":"C","amount":2885000,"node":323}],"hands":{"22":{"weight":1.0,"played":[3.0E-4,0.9997],"evs":[0.0,0.83929]},"32o":{"weight":1.0,"played":[1.0,0.0],"evs":[0.0,-6.59928]},"42o":{"weight":1.0,"played":[1.0,0.0],"evs":[0.0,-6.36809]},"52o":{"weight":1.0,"played":[1.0,0.0],"evs":[0.0,-6.04254]},"62o":{"weight":1.0,"played":[1.0,0.0],"evs":[0.0,-6.61366]},"72o":{"weight":1.0,"played":[1.0,0.0],"evs":[0.0,-8.66251]},"82o":{"weight":1.0,"played":[1.0,0.0],"evs":[0.0,-7.87955]},"92o":{"weight":1.0,"played":[1.0,0.0],"evs":[0.0,-7.1901]},"T2o":{"weight":1.0,"played":[1.0,0.0],"evs":[0.0,-6.68262]},"J2o":{"weight":1.0,"played":[1.0,0.0],"evs":[0.0,-5.94106]},"Q2o":{"weight":1.0,"played":[1.0,0.0],"evs":[0.0,-4.81566]},"K2o":{"weight":1.0,"played":[1.0,0.0],"evs":[0.0,-4.06019]},"A2o":{"weight":1.0,"played":[0.9964,0.0036],"evs":[0.0,-0.94904]},"32s":{"weight":1.0,"played":[0.9995,5.0E-4],"evs":[0.0,-4.94312]},"33":{"weight":1.0,"played":[0.0,1.0],"evs":[0.0,1.88717]},"43o":{"weight":1.0,"played":[1.0,0.0],"evs":[0.0,-4.59117]},"53o":{"weight":1.0,"played":[1.0,0.0],"evs":[0.0,-4.27702]},"63o":{"weight":1.0,"played":[1.0,0.0],"evs":[0.0,-5.2555]},"73o":{"weight":1.0,"played":[1.0,0.0],"evs":[0.0,-7.05394]},"83o":{"weight":1.0,"played":[1.0,0.0],"evs":[0.0,-7.51691]},"93o":{"weight":1.0,"played":[1.0,0.0],"evs":[0.0,-6.6564]},"T3o":{"weight":1.0,"played":[0.9999,1.0E-4],"evs":[0.0,-6.3152]},"J3o":{"weight":1.0,"played":[1.0,0.0],"evs":[0.0,-5.21283]},"Q3o":{"weight":1.0,"played":[1.0,0.0],"evs":[0.0,-4.44089]},"K3o":{"weight":1.0,"played":[0.9998,2.0E-4],"evs":[0.0,-3.29483]},"A3o":{"weight":1.0,"played":[0.9846,0.0154],"evs":[0.0,-0.27796]},"42s":{"weight":1.0,"played":[0.9992,8.0E-4],"evs":[0.0,-3.753]},"43s":{"weight":1.0,"played":[0.9999,1.0E-4],"evs":[0.0,-3.04852]},"44":{"weight":1.0,"played":[0.0,1.0],"evs":[0.0,3.126]},"54o":{"weight":1.0,"played":[0.9999,1.0E-4],"evs":[0.0,-3.38882]},"64o":{"weight":1.0,"played":[1.0,0.0],"evs":[0.0,-4.21056]},"74o":{"weight":1.0,"played":[1.0,0.0],"evs":[0.0,-5.6721]},"84o":{"weight":1.0,"played":[1.0,0.0],"evs":[0.0,-6.12067]},"94o":{"weight":1.0,"played":[1.0,0.0],"evs":[0.0,-5.84984]},"T4o":{"weight":1.0,"played":[1.0,0.0],"evs":[0.0,-5.29182]},"J4o":{"weight":1.0,"played":[1.0,0.0],"evs":[0.0,-4.48768]},"Q4o":{"weight":1.0,"played":[1.0,0.0],"evs":[0.0,-3.98897]},"K4o":{"weight":1.0,"played":[0.9998,2.0E-4],"evs":[0.0,-3.0186]},"A4o":{"weight":1.0,"played":[0.5755,0.4245],"evs":[0.0,-0.0567]},"52s":{"weight":1.0,"played":[0.9988,0.0012],"evs":[0.0,-3.92223]},"53s":{"weight":1.0,"played":[0.9999,1.0E-4],"evs":[0.0,-1.6932]},"54s":{"weight":1.0,"played":[0.9873,0.0127],"evs":[0.0,-1.59704]},"55":{"weight":1.0,"played":[0.0,1.0],"evs":[0.0,4.50757]},"65o":{"weight":1.0,"played":[0.9999,1.0E-4],"evs":[0.0,-3.55997]},"75o":{"weight":1.0,"played":[0.9999,1.0E-4],"evs":[0.0,-4.22974]},"85o":{"weight":1.0,"played":[1.0,0.0],"evs":[0.0,-4.83945]},"95o":{"weight":1.0,"played":[1.0,0.0],"evs":[0.0,-5.06734]},"T5o":{"weight":1.0,"played":[1.0,0.0],"evs":[0.0,-5.088]},"J5o":{"weight":1.0,"played":[0.9998,2.0E-4],"evs":[0.0,-4.15824]},"Q5o":{"weight":1.0,"played":[0.9994,6.0E-4],"evs":[0.0,-3.48761]},"K5o":{"weight":1.0,"played":[0.9992,8.0E-4],"evs":[0.0,-2.57522]},"A5o":{"weight":1.0,"played":[0.3115,0.6885],"evs":[0.0,0.0241]},"62s":{"weight":1.0,"played":[1.0,0.0],"evs":[0.0,-4.85249]},"63s":{"weight":1.0,"played":[0.9999,1.0E-4],"evs":[0.0,-3.33588]},"64s":{"weight":1.0,"played":[0.9993,7.0E-4],"evs":[0.0,-2.10533]},"65s":{"weight":1.0,"played":[0.9936,0.0064],"evs":[0.0,-0.62323]},"66":{"weight":1.0,"played":[0.0,1.0],"evs":[0.0,6.00965]},"76o":{"weight":1.0,"played":[1.0,0.0],"evs":[0.0,-3.52118]},"86o":{"weight":1.0,"played":[0.9999,1.0E-4],"evs":[0.0,-4.18963]},"96o":{"weight":1.0,"played":[0.9998,2.0E-4],"evs":[0.0,-4.00969]},"T6o":{"weight":1.0,"played":[1.0,0.0],"evs":[0.0,-4.46083]},"J6o":{"weight":1.0,"played":[1.0,0.0],"evs":[0.0,-4.31877]},"Q6o":{"weight":1.0,"played":[0.9999,1.0E-4],"evs":[0.0,-3.26525]},"K6o":{"weight":1.0,"played":[0.9995,5.0E-4],"evs":[0.0,-2.25706]},"A6o":{"weight":1.0,"played":[0.1698,0.8302],"evs":[0.0,0.35792]},"72s":{"weight":1.0,"played":[0.9995,5.0E-4],"evs":[0.0,-5.76735]},"73s":{"weight":1.0,"played":[0.9997,3.0E-4],"evs":[0.0,-4.4193]},"74s":{"weight":1.0,"played":[0.9841,0.0159],"evs":[0.0,-2.94002]},"75s":{"weight":1.0,"played":[0.9994,6.0E-4],"evs":[0.0,-2.48658]},"76s":{"weight":1.0,"played":[0.9805,0.0195],"evs":[0.0,-1.78426]},"77":{"weight":1.0,"played":[0.0,1.0],"evs":[0.0,5.63806]},"87o":{"weight":1.0,"played":[0.9997,3.0E-4],"evs":[0.0,-3.97917]},"97o":{"weight":1.0,"played":[1.0,0.0],"evs":[0.0,-3.92509]},"T7o":{"weight":1.0,"played":[0.9999,1.0E-4],"evs":[0.0,-4.44998]},"J7o":{"weight":1.0,"played":[0.9996,4.0E-4],"evs":[0.0,-4.13425]},"Q7o":{"weight":1.0,"played":[0.9998,2.0E-4],"evs":[0.0,-3.6981]},"K7o":{"weight":1.0,"played":[0.9972,0.0028],"evs":[0.0,-2.1233]},"A7o":{"weight":1.0,"played":[0.0,1.0],"evs":[0.0,1.01614]},"82s":{"weight":1.0,"played":[0.9991,9.0E-4],"evs":[0.0,-4.96597]},"83s":{"weight":1.0,"played":[0.9985,0.0015],"evs":[0.0,-5.39596]},"84s":{"weight":1.0,"played":[0.9999,1.0E-4],"evs":[0.0,-3.37807]},"85s":{"weight":1.0,"played":[0.9985,0.0015],"evs":[0.0,-2.65148]},"86s":{"weight":1.0,"played":[0.997,0.003],"evs":[0.0,-2.01539]},"87s":{"weight":1.0,"played":[0.8783,0.1217],"evs":[0.0,-1.69672]},"88":{"weight":1.0,"played":[0.0,1.0],"evs":[0.0,7.89421]},"98o":{"weight":1.0,"played":[1.0,0.0],"evs":[0.0,-2.83298]},"T8o":{"weight":1.0,"played":[0.9997,3.0E-4],"evs":[0.0,-3.14471]},"J8o":{"weight":1.0,"played":[0.9998,2.0E-4],"evs":[0.0,-3.03529]},"Q8o":{"weight":1.0,"played":[0.9991,9.0E-4],"evs":[0.0,-2.53022]},"K8o":{"weight":1.0,"played":[0.9958,0.0042],"evs":[0.0,-2.00023]},"A8o":{"weight":1.0,"played":[0.0,1.0],"evs":[0.0,1.60166]},"92s":{"weight":1.0,"played":[0.9999,1.0E-4],"evs":[0.0,-4.39049]},"93s":{"weight":1.0,"played":[0.9999,1.0E-4],"evs":[0.0,-3.70855]},"94s":{"weight":1.0,"played":[0.9999,1.0E-4],"evs":[0.0,-3.2425]},"95s":{"weight":1.0,"played":[0.9983,0.0017],"evs":[0.0,-2.36212]},"96s":{"weight":1.0,"played":[0.997,0.003],"evs":[0.0,-1.47444]},"97s":{"weight":1.0,"played":[0.8536,0.1464],"evs":[0.0,-1.31065]},"98s":{"weight":1.0,"played":[0.8393,0.1607],"evs":[0.0,-1.03145]},"99":{"weight":1.0,"played":[0.0,1.0],"evs":[0.0,10.69032]},"T9o":{"weight":1.0,"played":[0.9997,3.0E-4],"evs":[0.0,-1.46313]},"J9o":{"weight":1.0,"played":[0.9943,0.0057],"evs":[0.0,-1.45164]},"Q9o":{"weight":1.0,"played":[0.9683,0.0317],"evs":[0.0,-0.81644]},"K9o":{"weight":1.0,"played":[0.0344,0.9656],"evs":[0.0,0.20518]},"A9o":{"weight":1.0,"played":[0.0,1.0],"evs":[0.0,3.80234]},"T2s":{"weight":1.0,"played":[1.0,0.0],"evs":[0.0,-4.32321]},"T3s":{"weight":1.0,"played":[0.9992,8.0E-4],"evs":[0.0,-3.29642]},"T4s":{"weight":1.0,"played":[0.9984,0.0016],"evs":[0.0,-2.51389]},"T5s":{"weight":1.0,"played":[0.9999,1.0E-4],"evs":[0.0,-3.11393]},"T6s":{"weight":1.0,"played":[0.9856,0.0144],"evs":[0.0,-1.31178]},"T7s":{"weight":1.0,"played":[0.9822,0.0178],"evs":[0.0,-1.20605]},"T8s":{"weight":1.0,"played":[0.8421,0.1579],"evs":[0.0,-0.48322]},"T9s":{"weight":1.0,"played":[0.031,0.969],"evs":[0.0,0.49839]},"TT":{"weight":1.0,"played":[0.0,1.0],"evs":[0.0,12.81866]},"JTo":{"weight":1.0,"played":[0.9426,0.0574],"evs":[0.0,-0.04943]},"QTo":{"weight":1.0,"played":[0.0019,0.9981],"evs":[0.0,0.56924]},"KTo":{"weight":1.0,"played":[0.0,1.0],"evs":[0.0,2.03333]},"ATo":{"weight":1.0,"played":[0.0,1.0],"evs":[0.0,5.96098]},"J2s":{"weight":1.0,"played":[0.9998,2.0E-4],"evs":[0.0,-3.9973]},"J3s":{"weight":1.0,"played":[0.998,0.002],"evs":[0.0,-2.88041]},"J4s":{"weight":1.0,"played":[0.9999,1.0E-4],"evs":[0.0,-2.64417]},