{"player":2,"street":0,"children":3,"sequence":[{"player":0,"type":"C","amount":100000,"street":0},{"player":1,"type":"R","amount":1405000,"street":0}],"actions":[{"type":"F","amount":0,"node":1708},{"type":"C","amount":1405000,"node":1729},{"type":"R","amount":1475000,"node":1759}],"hands":{"22":{"weight":1.0,"played":[1.0,0.0,0.0],"evs":[0.0,-1.17228,-1.15521]},"32o":{"weight":1.0,"played":[1.0,0.0,0.0],"evs":[0.0,-5.66827,-5.65595]},"42o":{"weight":1.0,"played":[1.0,0.0,0.0],"evs":[0.0,-5.59859,-5.59073]},"52o":{"weight":1.0,"played":[1.0,0.0,0.0],"evs":[0.0,-5.38146,-5.36935]},"62o":{"weight":1.0,"played":[1.0,0.0,0.0],"evs":[0.0,-5.73646,-5.72473]},"72o":{"weight":1.0,"played":[1.0,0.0,0.0],"evs":[0.0,-6.22828,-6.21907]},"82o":{"weight":1.0,"played":[1.0,0.0,0.0],"evs":[0.0,-5.92914,-5.92064]},"92o":{"weight":1.0,"played":[1.0,0.0,0.0],"evs":[0.0,-5.86513,-5.85302]},"T2o":{"weight":1.0,"played":[1.0,0.0,0.0],"evs":[0.0,-5.88026,-5.87202]},"J2o":{"weight":1.0,"played":[1.0,0.0,0.0],"evs":[0.0,-5.68435,-5.67929]},"Q2o":{"weight":1.0,"played":[1.0,0.0,0.0],"evs":[0.0,-5.44079,-5.44092]},"K2o":{"weight":1.0,"played":[1.0,0.0,0.0],"evs":[0.0,-4.63479,-4.63484]},"A2o":{"weight":1.0,"played":[1.0,0.0,0.0],"evs":[0.0,-3.42981,-3.42498]},"32s":{"weight":1.0,"played":[1.0,0.0,0.0],"evs":[0.0,-4.21144,-4.1952]},"33":{"weight":1.0,"played":[1.0,0.0,0.0],"evs":[0.0,-0.87172,-0.86366]},"43o":{"weight":1.0,"played":[1.0,0.0,0.0],"evs":[0.0,-5.01086,-5.00093]},"53o":{"weight":1.0,"played":[1.0,0.0,0.0],"evs":[0.0,-4.76317,-4.75235]},"63o":{"weight":1.0,"played":[1.0,0.0,0.0],"evs":[0.0,-5.10724,-5.10047]},"73o":{"weight":1.0,"played":[1.0,0.0,0.0],"evs":[0.0,-5.60827,-5.59147]},"83o":{"weight":1.0,"played":[1.0,0.0,0.0],"evs":[0.0,-5.93418,-5.92216]},"93o":{"weight":1.0,"played":[1.0,0.0,0.0],"evs":[0.0,-5.73425,-5.72247]},"T3o":{"weight":1.0,"played":[1.0,0.0,0.0],"evs":[0.0,-5.71485,-5.70576]},"J3o":{"weight":1.0,"played":[1.0,0.0,0.0],"evs":[0.0,-5.5695,-5.56504]},"Q3o":{"weight":1.0,"played":[1.0,0.0,0.0],"evs":[0.0,-5.28423,-5.28134]},"K3o":{"weight":1.0,"played":[1.0,0.0,0.0],"evs":[0.0,-4.50199,-4.49471]},"A3o":{"weight":1.0,"played":[1.0,0.0,0.0],"evs":[0.0,-3.24179,-3.24761]},"42s":{"weight":1.0,"played":[1.0,0.0,0.0],"evs":[0.0,-4.06602,-4.0504]},"43s":{"weight":1.0,"played":[1.0,0.0,0.0],"evs":[0.0,-3.53486,-3.52132]},"44":{"weight":1.0,"played":[1.0,0.0,0.0],"evs":[0.0,-0.77504,-0.7553]},"54o":{"weight":1.0,"played":[1.0,0.0,0.0],"evs":[0.0,-4.28934,-4.27689]},"64o":{"weight":1.0,"played":[1.0,0.0,0.0],"evs":[0.0,-4.59807,-4.59118]},"74o":{"weight":1.0,"played":[1.0,0.0,0.0],"evs":[0.0,-5.12173,-5.11112]},"84o":{"weight":1.0,"played":[1.0,0.0,0.0],"evs":[0.0,-5.51152,-5.50229]},"94o":{"weight":1.0,"played":[1.0,0.0,0.0],"evs":[0.0,-5.84704,-5.83483]},"T4o":{"weight":1.0,"played":[1.0,0.0,0.0],"evs":[0.0,-5.71532,-5.71023]},"J4o":{"weight":1.0,"played":[1.0,0.0,0.0],"evs":[0.0,-5.58329,-5.57434]},"Q4o":{"weight":1.0,"played":[1.0,0.0,0.0],"evs":[0.0,-5.30597,-5.30386]},"K4o":{"weight":1.0,"played":[1.0,0.0,0.0],"evs":[0.0,-4.47585,-4.47154]},"A4o":{"weight":1.0,"played":[1.0,0.0,0.0],"evs":[0.0,-3.18036,-3.17972]},"52s":{"weight":1.0,"played":[1.0,0.0,0.0],"evs":[0.0,-3.92802,-3.91601]},"53s":{"weight":1.0,"played":[1.0,0.0,0.0],"evs":[0.0,-3.32448,-3.30893]},"54s":{"weight":1.0,"played":[1.0,0.0,0.0],"evs":[0.0,-2.8322,-2.82006]},"55":{"weight":1.0,"played":[0.9995,1.0E-4,4.0E-4],"evs":[0.0,-0.21636,-0.20142]},"65o":{"weight":1.0,"played":[1.0,0.0,0.0],"evs":[0.0,-3.98396,-3.97611]},"75o":{"weight":1.0,"played":[1.0,0.0,0.0],"evs":[0.0,-4.44912,-4.43701]},"85o":{"weight":1.0,"played":[1.0,0.0,0.0],"evs":[0.0,-4.87305,-4.85396]},"95o":{"weight":1.0,"played":[1.0,0.0,0.0],"evs":[0.0,-5.2389,-5.23391]},"T5o":{"weight":1.0,"played":[1.0,0.0,0.0],"evs":[0.0,-5.68494,-5.68008]},"J5o":{"weight":1.0,"played":[1.0,0.0,0.0],"evs":[0.0,-5.4282,-5.42135]},"Q5o":{"weight":1.0,"played":[1.0,0.0,0.0],"evs":[0.0,-5.11486,-5.10892]},"K5o":{"weight":1.0,"played":[1.0,0.0,0.0],"evs":[0.0,-4.28712,-4.28471]},"A5o":{"weight":1.0,"played":[1.0,0.0,0.0],"evs":[0.0,-2.88837,-2.88952]},"62s":{"weight":1.0,"played":[1.0,0.0,0.0],"evs":[0.0,-4.17074,-4.1631]},"63s":{"weight":1.0,"played":[1.0,0.0,0.0],"evs":[0.0,-3.67053,-3.67204]},"64s":{"weight":1.0,"played":[1.0,0.0,0.0],"evs":[0.0,-3.18371,-3.16497]},"65s":{"weight":1.0,"played":[1.0,0.0,0.0],"evs":[0.0,-2.60137,-2.58728]},"66":{"weight":1.0,"played":[0.0,0.4703,0.5297],"evs":[0.0,0.51704,0.52665]},"76o":{"weight":1.0,"played":[1.0,0.0,0.0],"evs":[0.0,-3.80489,-3.79697]},"86o":{"weight":1.0,"played":[1.0,0.0,0.0],"evs":[0.0,-4.17333,-4.16486]},"96o":{"weight":1.0,"played":[1.0,0.0,0.0],"evs":[0.0,-4.50953,-4.50433]},"T6o":{"weight":1.0,"played":[1.0,0.0,0.0],"evs":[0.0,-4.9235,-4.91513]},"J6o":{"weight":1.0,"played":[1.0,0.0,0.0],"evs":[0.0,-5.16012,-5.15264]},"Q6o":{"weight":1.0,"played":[1.0,0.0,0.0],"evs":[0.0,-4.81361,-4.81772]},"K6o":{"weight":1.0,"played":[1.0,0.0,0.0],"evs":[0.0,-3.94773,-3.94801]},"A6o":{"weight":1.0,"played":[1.0,0.0,0.0],"evs":[0.0,-3.23828,-3.2386]},"72s":{"weight":1.0,"played":[1.0,0.0,0.0],"evs":[0.0,-4.57341,-4.56599]},"73s":{"weight":1.0,"played":[1.0,0.0,0.0],"evs":[0.0,-4.16043,-4.15471]},"74s":{"weight":1.0,"played":[1.0,0.0,0.0],"evs":[0.0,-3.57645,-3.56475]},"75s":{"weight":1.0,"played":[1.0,0.0,0.0],"evs":[0.0,-2.9966,-2.98885]},"76s":{"weight":1.0,"played":[1.0,0.0,0.0],"evs":[0.0,-2.37378,-2.3662]},"77":{"weight":1.0,"played":[0.0,0.1149,0.8851],"evs":[0.0,1.15548,1.16007]},"87o":{"weight":1.0,"played":[1.0,0.0,0.0],"evs":[0.0,-3.8345,-3.82318]},"97o":{"weight":1.0,"played":[1.0,0.0,0.0],"evs":[0.0,-4.10324,-4.09947]},"T7o":{"weight":1.0,"played":[1.0,0.0,0.0],"evs":[0.0,-4.44375,-4.43495]},"J7o":{"weight":1.0,"played":[1.0,0.0,0.0],"evs":[0.0,-4.72863,-4.72314]},"Q7o":{"weight":1.0,"played":[1.0,0.0,0.0],"evs":[0.0,-4.81052,-4.81538]},"K7o":{"weight":1.0,"played":[1.0,0.0,0.0],"evs":[0.0,-3.92436,-3.92076]},"A7o":{"weight":1.0,"played":[1.0,0.0,0.0],"evs":[0.0,-2.96883,-2.9694]},"82s":{"weight":1.0,"played":[1.0,0.0,0.0],"evs":[0.0,-4.41206,-4.39851]},"83s":{"weight":1.0,"played":[1.0,0.0,0.0],"evs":[0.0,-4.44197,-4.43018]},"84s":{"weight":1.0,"played":[1.0,0.0,0.0],"evs":[0.0,-4.05262,-4.03655]},"85s":{"weight":1.0,"played":[1.0,0.0,0.0],"evs":[0.0,-3.31553,-3.3114]},"86s":{"weight":1.0,"played":[1.0,0.0,0.0],"evs":[0.0,-2.7113,-2.70827]},"87s":{"weight":1.0,"played":[1.0,0.0,0.0],"evs":[0.0,-2.40219,-2.38906]},"88":{"weight":1.0,"played":[0.0,0.2425,0.7575],"evs":[0.0,1.75633,1.76868]},"98o":{"weight":1.0,"played":[1.0,0.0,0.0],"evs":[0.0,-3.7032,-3.6945]},"T8o":{"weight":1.0,"played":[1.0,0.0,0.0],"evs":[0.0,-3.93771,-3.93055]},"J8o":{"weight":1.0,"played":[1.0,0.0,0.0],"evs":[0.0,-4.15511,-4.15452]},"Q8o":{"weight":1.0,"played":[1.0,0.0,0.0],"evs":[0.0,-4.29164,-4.29534]},"K8o":{"weight":1.0,"played":[1.0,0.0,0.0],"evs":[0.0,-3.81597,-3.81601]},"A8o":{"weight":1.0,"played":[1.0,0.0,0.0],"evs":[0.0,-2.72961,-2.73788]},"92s":{"weight":1.0,"played":[1.0,0.0,0.0],"evs":[0.0,-4.3354,-4.32452]},"93s":{"weight":1.0,"played":[1.0,0.0,0.0],"evs":[0.0,-4.18119,-4.18753]},"94s":{"weight":1.0,"played":[1.0,0.0,0.0],"evs":[0.0,-4.30662,-4.29974]},"95s":{"weight":1.0,"played":[1.0,0.0,0.0],"evs":[0.0,-3.78279,-3.77768]},"96s":{"weight":1.0,"played":[1.0,0.0,0.0],"evs":[0.0,-2.97773,-2.96381]},"97s":{"weight":1.0,"played":[1.0,0.0,0.0],"evs":[0.0,-2.64106,-2.63352]},"98s":{"weight":1.0,"played":[1.0,0.0,0.0],"evs":[0.0,-2.22531,-2.21471]},"99":{"weight":1.0,"played":[0.0,0.6121,0.3879],"evs":[0.0,2.87851,2.8716]},"T9o":{"weight":1.0,"played":[1.0,0.0,0.0],"evs":[0.0,-3.43634,-3.43281]},"J9o":{"weight":1.0,"played":[1.0,0.0,0.0],"evs":[0.0,-3.72876,-3.72619]},"Q9o":{"weight":1.0,"played":[1.0,0.0,0.0],"evs":[0.0,-3.82988,-3.83845]},"K9o":{"weight":1.0,"played":[1.0,0.0,0.0],"evs":[0.0,-3.3378,-3.33659]},"A9o":{"weight":1.0,"played":[1.0,0.0,0.0],"evs":[0.0,-2.31383,-2.31558]},