{"player":2,"street":0,"children":3,"sequence":[{"player":0,"type":"F","amount":0,"street":0},{"player":1,"type":"C","amount":100000,"street":0}],"actions":[{"type":"F","amount":0,"node":55},{"type":"C","amount":100000,"node":111},{"type":"R","amount":1475000,"node":481}],"hands":{"22":{"weight":1.0,"played":[0.0,0.9998,1.0E-4],"evs":[0.0,0.27238,0.19708]},"32o":{"weight":1.0,"played":[1.0,0.0,0.0],"evs":[0.0,-0.48527,-1.74294]},"42o":{"weight":1.0,"played":[1.0,0.0,0.0],"evs":[0.0,-0.45965,-1.65623]},"52o":{"weight":1.0,"played":[1.0,0.0,0.0],"evs":[0.0,-0.43607,-1.56794]},"62o":{"weight":1.0,"played":[1.0,0.0,0.0],"evs":[0.0,-0.53361,-1.79904]},"72o":{"weight":1.0,"played":[1.0,0.0,0.0],"evs":[0.0,-0.57304,-1.98441]},"82o":{"weight":1.0,"played":[1.0,0.0,0.0],"evs":[0.0,-0.55604,-1.87081]},"92o":{"weight":1.0,"played":[1.0,0.0,0.0],"evs":[0.0,-0.52999,-1.71164]},"T2o":{"weight":1.0,"played":[1.0,0.0,0.0],"evs":[0.0,-0.51469,-1.62494]},"J2o":{"weight":1.0,"played":[1.0,0.0,0.0],"evs":[0.0,-0.47157,-1.43305]},"Q2o":{"weight":1.0,"played":[1.0,0.0,0.0],"evs":[0.0,-0.41379,-1.20448]},"K2o":{"weight":1.0,"played":[1.0,0.0,0.0],"evs":[0.0,-0.38802,-0.97943]},"A2o":{"weight":1.0,"played":[1.0,0.0,0.0],"evs":[0.0,-0.15017,-0.30922]},"32s":{"weight":1.0,"played":[1.0,0.0,0.0],"evs":[0.0,-0.23668,-1.00428]},"33":{"weight":1.0,"played":[0.0,0.9999,1.0E-4],"evs":[0.0,0.38559,0.36577]},"43o":{"weight":1.0,"played":[1.0,0.0,0.0],"evs":[0.0,-0.37578,-1.3637]},"53o":{"weight":1.0,"played":[1.0,0.0,0.0],"evs":[0.0,-0.33971,-1.26371]},"63o":{"weight":1.0,"played":[1.0,0.0,0.0],"evs":[0.0,-0.43251,-1.49384]},"73o":{"weight":1.0,"played":[1.0,0.0,0.0],"evs":[0.0,-0.50356,-1.67361]},"83o":{"weight":1.0,"played":[1.0,0.0,0.0],"evs":[0.0,-0.55332,-1.86443]},"93o":{"weight":1.0,"played":[1.0,0.0,0.0],"evs":[0.0,-0.50545,-1.63671]},"T3o":{"weight":1.0,"played":[1.0,0.0,0.0],"evs":[0.0,-0.49795,-1.53942]},"J3o":{"weight":1.0,"played":[1.0,0.0,0.0],"evs":[0.0,-0.4544,-1.34988]},"Q3o":{"weight":1.0,"played":[1.0,0.0,0.0],"evs":[0.0,-0.3912,-1.11015]},"K3o":{"weight":1.0,"played":[1.0,0.0,0.0],"evs":[0.0,-0.37332,-0.89369]},"A3o":{"weight":1.0,"played":[1.0,0.0,0.0],"evs":[0.0,-0.1057,-0.2099]},"42s":{"weight":1.0,"played":[1.0,0.0,0.0],"evs":[0.0,-0.20523,-0.93821]},"43s":{"weight":1.0,"played":[1.0,0.0,0.0],"evs":[0.0,-0.11955,-0.6548]},"44":{"weight":1.0,"played":[0.0,0.5812,0.4188],"evs":[0.0,0.52098,0.52346]},"54o":{"weight":1.0,"played":[1.0,0.0,0.0],"evs":[0.0,-0.26307,-0.9812]},"64o":{"weight":1.0,"played":[1.0,0.0,0.0],"evs":[0.0,-0.32765,-1.19778]},"74o":{"weight":1.0,"played":[1.0,0.0,0.0],"evs":[0.0,-0.42102,-1.38948]},"84o":{"weight":1.0,"played":[1.0,0.0,0.0],"evs":[0.0,-0.48507,-1.57602]},"94o":{"weight":1.0,"played":[1.0,0.0,0.0],"evs":[0.0,-0.5004,-1.62673]},"T4o":{"weight":1.0,"played":[1.0,0.0,0.0],"evs":[0.0,-0.48402,-1.47216]},"J4o":{"weight":1.0,"played":[1.0,0.0,0.0],"evs":[0.0,-0.43473,-1.28456]},"Q4o":{"weight":1.0,"played":[1.0,0.0,0.0],"evs":[0.0,-0.38145,-1.04111]},"K4o":{"weight":1.0,"played":[1.0,0.0,0.0],"evs":[0.0,-0.35741,-0.82709]},"A4o":{"weight":1.0,"played":[1.0,0.0,0.0],"evs":[0.0,-0.06744,-0.12398]},"52s":{"weight":1.0,"played":[1.0,0.0,0.0],"evs":[0.0,-0.18497,-0.85435]},"53s":{"weight":1.0,"played":[1.0,0.0,0.0],"evs":[0.0,-0.07875,-0.57446]},"54s":{"weight":1.0,"played":[0.0108,0.9892,0.0],"evs":[0.0,0.03231,-0.29631]},"55":{"weight":1.0,"played":[0.0,0.9564,0.0436],"evs":[0.0,0.73799,0.73399]},"65o":{"weight":1.0,"played":[1.0,0.0,0.0],"evs":[0.0,-0.23765,-0.90717]},"75o":{"weight":1.0,"played":[1.0,0.0,0.0],"evs":[0.0,-0.30272,-1.07973]},"85o":{"weight":1.0,"played":[1.0,0.0,0.0],"evs":[0.0,-0.38182,-1.26622]},"95o":{"weight":1.0,"played":[1.0,0.0,0.0],"evs":[0.0,-0.41947,-1.33659]},"T5o":{"weight":1.0,"played":[1.0,0.0,0.0],"evs":[0.0,-0.46812,-1.4479]},"J5o":{"weight":1.0,"played":[1.0,0.0,0.0],"evs":[0.0,-0.41029,-1.19879]},"Q5o":{"weight":1.0,"played":[1.0,0.0,0.0],"evs":[0.0,-0.35741,-0.95939]},"K5o":{"weight":1.0,"played":[1.0,0.0,0.0],"evs":[0.0,-0.32866,-0.7385]},"A5o":{"weight":1.0,"played":[0.59,0.4086,0.0013],"evs":[0.0,-0.00212,-0.04664]},"62s":{"weight":1.0,"played":[1.0,0.0,0.0],"evs":[0.0,-0.27447,-1.06927]},"63s":{"weight":1.0,"played":[1.0,0.0,0.0],"evs":[0.0,-0.16822,-0.76773]},"64s":{"weight":1.0,"played":[1.0,0.0,0.0],"evs":[0.0,-0.04651,-0.49995]},"65s":{"weight":1.0,"played":[0.0013,0.9987,0.0],"evs":[0.0,0.06299,-0.22069]},"66":{"weight":1.0,"played":[0.0,0.4764,0.5236],"evs":[0.0,0.96869,0.97256]},"76o":{"weight":1.0,"played":[1.0,0.0,0.0],"evs":[0.0,-0.24241,-0.83856]},"86o":{"weight":1.0,"played":[1.0,0.0,0.0],"evs":[0.0,-0.30539,-1.0143]},"96o":{"weight":1.0,"played":[1.0,0.0,0.0],"evs":[0.0,-0.34253,-1.05982]},"T6o":{"weight":1.0,"played":[1.0,0.0,0.0],"evs":[0.0,-0.4157,-1.18581]},"J6o":{"weight":1.0,"played":[1.0,0.0,0.0],"evs":[0.0,-0.42921,-1.19343]},"Q6o":{"weight":1.0,"played":[1.0,0.0,0.0],"evs":[0.0,-0.36162,-0.90974]},"K6o":{"weight":1.0,"played":[1.0,0.0,0.0],"evs":[0.0,-0.31957,-0.67811]},"A6o":{"weight":1.0,"played":[0.9998,2.0E-4,0.0],"evs":[0.0,-0.08529,-0.24616]},"72s":{"weight":1.0,"played":[1.0,0.0,0.0],"evs":[0.0,-0.31492,-1.2438]},"73s":{"weight":1.0,"played":[1.0,0.0,0.0],"evs":[0.0,-0.23565,-0.94201]},"74s":{"weight":1.0,"played":[1.0,0.0,0.0],"evs":[0.0,-0.14664,-0.67635]},"75s":{"weight":1.0,"played":[1.0,0.0,0.0],"evs":[0.0,-0.01657,-0.39117]},"76s":{"weight":1.0,"played":[2.0E-4,0.9998,0.0],"evs":[0.0,0.06433,-0.16259]},"77":{"weight":1.0,"played":[0.0,0.4286,0.5714],"evs":[0.0,1.25696,1.25615]},"87o":{"weight":1.0,"played":[1.0,0.0,0.0],"evs":[0.0,-0.2326,-0.8008]},"97o":{"weight":1.0,"played":[1.0,0.0,0.0],"evs":[0.0,-0.25224,-0.82505]},"T7o":{"weight":1.0,"played":[1.0,0.0,0.0],"evs":[0.0,-0.31386,-0.92486]},"J7o":{"weight":1.0,"played":[1.0,0.0,0.0],"evs":[0.0,-0.35109,-0.94493]},"Q7o":{"weight":1.0,"played":[1.0,0.0,0.0],"evs":[0.0,-0.33411,-0.90656]},"K7o":{"weight":1.0,"played":[1.0,0.0,0.0],"evs":[0.0,-0.28539,-0.63569]},"A7o":{"weight":1.0,"played":[0.5213,0.4787,0.0],"evs":[0.0,-0.00153,-0.13482]},"82s":{"weight":1.0,"played":[1.0,0.0,0.0],"evs":[0.0,-0.28557,-1.12319]},"83s":{"weight":1.0,"played":[1.0,0.0,0.0],"evs":[0.0,-0.28526,-1.1035]},"84s":{"weight":1.0,"played":[1.0,0.0,0.0],"evs":[0.0,-0.20177,-0.85273]},"85s":{"weight":1.0,"played":[1.0,0.0,0.0],"evs":[0.0,-0.09726,-0.57005]},"86s":{"weight":1.0,"played":[0.2867,0.7133,0.0],"evs":[0.0,0.00377,-0.32396]},"87s":{"weight":1.0,"played":[2.0E-4,0.9998,0.0],"evs":[0.0,0.09444,-0.10556]},"88":{"weight":1.0,"played":[0.0,0.9533,0.0467],"evs":[0.0,1.61635,1.61723]},"98o":{"weight":1.0,"played":[1.0,0.0,0.0],"evs":[0.0,-0.18905,-0.64735]},"T8o":{"weight":1.0,"played":[1.0,0.0,0.0],"evs":[0.0,-0.23433,-0.69945]},"J8o":{"weight":1.0,"played":[1.0,0.0,0.0],"evs":[0.0,-0.26513,-0.71829]},"Q8o":{"weight":1.0,"played":[1.0,0.0,0.0],"evs":[0.0,-0.27146,-0.68831]},"K8o":{"weight":1.0,"played":[1.0,0.0,0.0],"evs":[0.0,-0.2622,-0.64077]},"A8o":{"weight":1.0,"played":[0.0,1.0,0.0],"evs":[0.0,0.11977,-0.01799]},"92s":{"weight":1.0,"played":[1.0,0.0,0.0],"evs":[0.0,-0.25276,-0.98424]},"93s":{"weight":1.0,"played":[1.0,0.0,0.0],"evs":[0.0,-0.24016,-0.90714]},"94s":{"weight":1.0,"played":[1.0,0.0,0.0],"evs":[0.0,-0.22231,-0.90722]},"95s":{"weight":1.0,"played":[1.0,0.0,0.0],"evs":[0.0,-0.13979,-0.62537]},"96s":{"weight":1.0,"played":[1.0,0.0,0.0],"evs":[0.0,-0.05797,-0.38134]},"97s":{"weight":1.0,"played":[0.001,0.999,0.0],"evs":[0.0,0.05892,-0.1394]},"98s":{"weight":1.0,"played":[1.0E-4,0.9999,0.0],"evs":[0.0,0.15422,0.02346]},"99":{"weight":1.0,"played":[0.0,0.0,1.0],"evs":[0.0,2.12717,2.23888]},"T9o":{"weight":1.0,"played":[1.0,0.0,0.0],"evs":[0.0,-0.10737,-0.36627]},"J9o":{"weight":1.0,"played":[1.0,0.0,0.0],"evs":[0.0,-0.12596,-0.39826]},"Q9o":{"weight":1.0,"played":[1.0,0.0,0.0],"evs":[0.0,-0.12218,-0.36429]},"K9o":{"weight":1.0,"played":[1.0,0.0,0.0],"evs":[0.0,-0.12792,-0.331]},"A9o":{"weight":1.0,"played":[0.0,1.0,0.0],