{"player":2,"street":0,"children":3,"sequence":[{"player":0,"type":"F","amount":0,"street":0},{"player":1,"type":"F","amount":0,"street":0}],"actions":[{"type":"F","amount":0,"node":3},{"type":"R","amount":200000,"node":23},{"type":"R","amount":1635000,"node":61}],"hands":{"22":{"weight":1.0,"played":[1.0,0.0,0.0],"evs":[0.0,-0.18247,-0.16322]},"32o":{"weight":1.0,"played":[1.0,0.0,0.0],"evs":[0.0,-0.33778,-1.63388]},"42o":{"weight":1.0,"played":[1.0,0.0,0.0],"evs":[0.0,-0.31573,-1.54197]},"52o":{"weight":1.0,"played":[1.0,0.0,0.0],"evs":[0.0,-0.2974,-1.44682]},"62o":{"weight":1.0,"played":[1.0,0.0,0.0],"evs":[0.0,-0.32506,-1.56248]},"72o":{"weight":1.0,"played":[1.0,0.0,0.0],"evs":[0.0,-0.35467,-1.64469]},"82o":{"weight":1.0,"played":[1.0,0.0,0.0],"evs":[0.0,-0.33886,-1.53752]},"92o":{"weight":1.0,"played":[1.0,0.0,0.0],"evs":[0.0,-0.32952,-1.49479]},"T2o":{"weight":1.0,"played":[1.0,0.0,0.0],"evs":[0.0,-0.30243,-1.38202]},"J2o":{"weight":1.0,"played":[1.0,0.0,0.0],"evs":[0.0,-0.2931,-1.29182]},"Q2o":{"weight":1.0,"played":[1.0,0.0,0.0],"evs":[0.0,-0.25231,-1.16865]},"K2o":{"weight":1.0,"played":[1.0,0.0,0.0],"evs":[0.0,-0.23042,-0.9911]},"A2o":{"weight":1.0,"played":[1.0,0.0,0.0],"evs":[0.0,-0.09224,-0.40157]},"32s":{"weight":1.0,"played":[1.0,0.0,0.0],"evs":[0.0,-0.23693,-1.1479]},"33":{"weight":1.0,"played":[0.0454,0.0,0.9546],"evs":[0.0,-0.06817,0.01504]},"43o":{"weight":1.0,"played":[1.0,0.0,0.0],"evs":[0.0,-0.26489,-1.32887]},"53o":{"weight":1.0,"played":[1.0,0.0,0.0],"evs":[0.0,-0.23757,-1.23465]},"63o":{"weight":1.0,"played":[1.0,0.0,0.0],"evs":[0.0,-0.26362,-1.35219]},"73o":{"weight":1.0,"played":[1.0,0.0,0.0],"evs":[0.0,-0.297,-1.43652]},"83o":{"weight":1.0,"played":[1.0,0.0,0.0],"evs":[0.0,-0.31738,-1.49177]},"93o":{"weight":1.0,"played":[1.0,0.0,0.0],"evs":[0.0,-0.29958,-1.41727]},"T3o":{"weight":1.0,"played":[1.0,0.0,0.0],"evs":[0.0,-0.27215,-1.30271]},"J3o":{"weight":1.0,"played":[1.0,0.0,0.0],"evs":[0.0,-0.26355,-1.21498]},"Q3o":{"weight":1.0,"played":[1.0,0.0,0.0],"evs":[0.0,-0.22191,-1.08761]},"K3o":{"weight":1.0,"played":[1.0,0.0,0.0],"evs":[0.0,-0.20283,-0.91718]},"A3o":{"weight":1.0,"played":[1.0,0.0,0.0],"evs":[0.0,-0.05919,-0.3294]},"42s":{"weight":1.0,"played":[1.0,0.0,0.0],"evs":[0.0,-0.20859,-1.06768]},"43s":{"weight":1.0,"played":[1.0,0.0,0.0],"evs":[0.0,-0.15958,-0.88101]},"44":{"weight":1.0,"played":[0.0,0.0,1.0],"evs":[0.0,0.20485,0.25392]},"54o":{"weight":1.0,"played":[1.0,0.0,0.0],"evs":[0.0,-0.18996,-1.02839]},"64o":{"weight":1.0,"played":[1.0,0.0,0.0],"evs":[0.0,-0.20391,-1.14635]},"74o":{"weight":1.0,"played":[1.0,0.0,0.0],"evs":[0.0,-0.23949,-1.22911]},"84o":{"weight":1.0,"played":[1.0,0.0,0.0],"evs":[0.0,-0.26489,-1.28863]},"94o":{"weight":1.0,"played":[1.0,0.0,0.0],"evs":[0.0,-0.27875,-1.37352]},"T4o":{"weight":1.0,"played":[1.0,0.0,0.0],"evs":[0.0,-0.24969,-1.22408]},"J4o":{"weight":1.0,"played":[1.0,0.0,0.0],"evs":[0.0,-0.23555,-1.13344]},"Q4o":{"weight":1.0,"played":[1.0,0.0,0.0],"evs":[0.0,-0.19498,-1.00806]},"K4o":{"weight":1.0,"played":[1.0,0.0,0.0],"evs":[0.0,-0.17066,-0.84188]},"A4o":{"weight":1.0,"played":[0.9998,2.0E-4,0.0],"evs":[0.0,-0.02244,-0.2497]},"52s":{"weight":1.0,"played":[1.0,0.0,0.0],"evs":[0.0,-0.19584,-0.97949]},"53s":{"weight":1.0,"played":[1.0,0.0,0.0],"evs":[0.0,-0.13744,-0.77177]},"54s":{"weight":1.0,"played":[1.0,0.0,0.0],"evs":[0.0,-0.09258,-0.59594]},"55":{"weight":1.0,"played":[0.0,0.0054,0.9946],"evs":[0.0,0.511,0.52348]},"65o":{"weight":1.0,"played":[1.0,0.0,0.0],"evs":[0.0,-0.15312,-0.93259]},"75o":{"weight":1.0,"played":[1.0,0.0,0.0],"evs":[0.0,-0.18378,-1.00519]},"85o":{"weight":1.0,"played":[1.0,0.0,0.0],"evs":[0.0,-0.20698,-1.06267]},"95o":{"weight":1.0,"played":[1.0,0.0,0.0],"evs":[0.0,-0.22587,-1.15179]},"T5o":{"weight":1.0,"played":[1.0,0.0,0.0],"evs":[0.0,-0.22858,-1.17076]},"J5o":{"weight":1.0,"played":[1.0,0.0,0.0],"evs":[0.0,-0.21721,-1.0418]},"Q5o":{"weight":1.0,"played":[1.0,0.0,0.0],"evs":[0.0,-0.17527,-0.9232]},"K5o":{"weight":1.0,"played":[1.0,0.0,0.0],"evs":[0.0,-0.14875,-0.75029]},"A5o":{"weight":1.0,"played":[0.0786,0.9214,0.0],"evs":[0.0,-3.6E-4,-0.16182]},"62s":{"weight":1.0,"played":[1.0,0.0,0.0],"evs":[0.0,-0.2189,-1.09645]},"63s":{"weight":1.0,"played":[1.0,0.0,0.0],"evs":[0.0,-0.15791,-0.89366]},"64s":{"weight":1.0,"played":[1.0,0.0,0.0],"evs":[0.0,-0.10436,-0.69412]},"65s":{"weight":1.0,"played":[1.0,0.0,0.0],"evs":[0.0,-0.0521,-0.50654]},"66":{"weight":1.0,"played":[0.0,0.1174,0.8826],"evs":[0.0,0.74289,0.74537]},"76o":{"weight":1.0,"played":[1.0,0.0,0.0],"evs":[0.0,-0.14492,-0.8276]},"86o":{"weight":1.0,"played":[1.0,0.0,0.0],"evs":[0.0,-0.16412,-0.87995]},"96o":{"weight":1.0,"played":[1.0,0.0,0.0],"evs":[0.0,-0.18061,-0.96088]},"T6o":{"weight":1.0,"played":[1.0,0.0,0.0],"evs":[0.0,-0.19125,-0.98279]},"J6o":{"weight":1.0,"played":[1.0,0.0,0.0],"evs":[0.0,-0.2011,-1.01797]},"Q6o":{"weight":1.0,"played":[1.0,0.0,0.0],"evs":[0.0,-0.15789,-0.86909]},"K6o":{"weight":1.0,"played":[1.0,0.0,0.0],"evs":[0.0,-0.13076,-0.69134]},"A6o":{"weight":1.0,"played":[0.9993,7.0E-4,0.0],"evs":[0.0,-0.0172,-0.24135]},"72s":{"weight":1.0,"played":[1.0,0.0,0.0],"evs":[0.0,-0.24977,-1.16236]},"73s":{"weight":1.0,"played":[1.0,0.0,0.0],"evs":[0.0,-0.18907,-0.97678]},"74s":{"weight":1.0,"played":[1.0,0.0,0.0],"evs":[0.0,-0.13819,-0.77025]},"75s":{"weight":1.0,"played":[1.0,0.0,0.0],"evs":[0.0,-0.08247,-0.55686]},"76s":{"weight":1.0,"played":[1.0,0.0,0.0],"evs":[0.0,-0.04734,-0.40884]},"77":{"weight":1.0,"played":[0.0,0.5732,0.4268],"evs":[0.0,1.0278,1.02681]},"87o":{"weight":1.0,"played":[1.0,0.0,0.0],"evs":[0.0,-0.13935,-0.73563]},"97o":{"weight":1.0,"played":[1.0,0.0,0.0],"evs":[0.0,-0.15058,-0.79093]},"T7o":{"weight":1.0,"played":[1.0,0.0,0.0],"evs":[0.0,-0.15324,-0.81023]},"J7o":{"weight":1.0,"played":[1.0,0.0,0.0],"evs":[0.0,-0.16529,-0.84996]},"Q7o":{"weight":1.0,"played":[1.0,0.0,0.0],"evs":[0.0,-0.14232,-0.85306]},"K7o":{"weight":1.0,"played":[1.0,0.0,0.0],"evs":[0.0,-0.11873,-0.65361]},"A7o":{"weight":1.0,"played":[0.0165,0.9835,0.0],"evs":[0.0,0.00155,-0.1078]},"82s":{"weight":1.0,"played":[1.0,0.0,0.0],"evs":[0.0,-0.22524,-1.05658]},"83s":{"weight":1.0,"played":[1.0,0.0,0.0],"evs":[0.0,-0.21311,-1.0257]},"84s":{"weight":1.0,"played":[1.0,0.0,0.0],"evs":[0.0,-0.15998,-0.82313]},"85s":{"weight":1.0,"played":[1.0,0.0,0.0],"evs":[0.0,-0.10663,-0.62232]},"86s":{"weight":1.0,"played":[1.0,0.0,0.0],"evs":[0.0,-0.05879,-0.45087]},"87s":{"weight":1.0,"played":[1.0,0.0,0.0],"evs":[0.0,-0.03034,-0.31296]},"88":{"weight":1.0,"played":[0.0,1.0,0.0],"evs":[0.0,1.36655,1.34557]},"98o":{"weight":1.0,"played":[1.0,0.0,0.0],"evs":[0.0,-0.10795,-0.61357]},"T8o":{"weight":1.0,"played":[1.0,0.0,0.0],"evs":[0.0,-0.11102,-0.61698]},"J8o":{"weight":1.0,"played":[1.0,0.0,0.0],"evs":[0.0,-0.11767,-0.65611]},"Q8o":{"weight":1.0,"played":[1.0,0.0,0.0],"evs":[0.0,-0.1008,-0.66744]},"K8o":{"weight":1.0,"played":[1.0,0.0,0.0],"evs":[0.0,-0.0914,-0.60665]},"A8o":{"weight":1.0,"played":[0.0,0.4629,0.5371],"evs":[0.0,0.0528,0.0525]},"92s":{"weight":1.0,"played":[1.0,0.0,0.0],"evs":[0.0,-0.21181,-1.02085]},"93s":{"weight":1.0,"played":[1.0,0.0,0.0],"evs":[0.0,-0.19046,-0.94515]},"94s":{"weight":1.0,"played":[1.0,0.0,0.0],"evs":[0.0,-0.17248,-0.91242]},"95s":{"weight":1.0,"played":[1.0,0.0,0.0],"evs":[0.0,-0.1236,-0.70826]},"96s":{"weight":1.0,"played":[1.0,0.0,0.0],"evs":[0.0,-0.07816,-0.5304]},"97s":{"weight":1.0,"played":[1.0,0.0,0.0],"evs":[0.0,-0.04393,-0.37175]},"98s":{"weight":1.0,"played":[0.1801,0.8199,0.0],"evs":[0.0,0.00163,-0.20205]},"99":{"weight":1.0,"played":[0.0,1.0,0.0],"evs":[0.0,1.77913,1.67557]},"T9o":{"weight":1.0,"played":[1.0,0.0,0.0],"evs":[0.0,-0.06167,-0.45501]},"J9o":{"weight":1.0,"played":[1.0,0.0,0.0],"evs":[0.0,-0.06413,-0.49854]},"Q9o":{"weight":1.0,"played":[1.0,0.0,0.0],"evs":[0.0,-0.04082,-0.50295]},"K9o":{"weight":1.0,"played":[1.0,0.0,0.0],"evs":[0.0,-0.0384,-0.44648]},"A9o":{"weight":1.0,"played":[0.0,0.0746,0.9254],"evs":[0.0,0.28619,0.29296]},