{"equityUnit":"TABLE_EQUITY_PERCENT","conversionFactors":{"toUSD":34.82,"toRegularPrizePercent":0.93251204},"preHandEquity":[7.46204,16.59063,17.30099,21.49319,21.30132,15.85183],"bubbleFactors":[[-1.0,1.086,1.091,1.108,1.107,1.081],[0.283,-1.0,1.519,1.592,1.589,1.104],[0.279,1.201,-1.0,1.6,1.597,1.056],[0.264,1.029,1.063,-1.0,1.345,0.942],[0.264,1.033,1.068,1.618,-1.0,0.945],[0.288,1.495,1.509,1.581,1.578,-1.0]]}