{"player":2,"street":0,"children":3,"sequence":[{"player":0,"type":"F","amount":0,"street":0},{"player":1,"type":"R","amount":1225000,"street":0}],"actions":[{"type":"F","amount":0,"node":376},{"type":"C","amount":1225000,"node":383},{"type":"R","amount":1995000,"node":397}],"hands":{"22":{"weight":1.0,"played":[0.0,0.4583,0.5417],"evs":[0.0,0.46278,0.50226]},"32o":{"weight":1.0,"played":[1.0,0.0,0.0],"evs":[0.0,-5.83812,-5.81866]},"42o":{"weight":1.0,"played":[1.0,0.0,0.0],"evs":[0.0,-5.44418,-5.43231]},"52o":{"weight":1.0,"played":[1.0,0.0,0.0],"evs":[0.0,-5.10322,-5.09714]},"62o":{"weight":1.0,"played":[1.0,0.0,0.0],"evs":[0.0,-5.58019,-5.57347]},"72o":{"weight":1.0,"played":[1.0,0.0,0.0],"evs":[0.0,-5.95825,-5.95117]},"82o":{"weight":1.0,"played":[1.0,0.0,0.0],"evs":[0.0,-5.65085,-5.64687]},"92o":{"weight":1.0,"played":[1.0,0.0,0.0],"evs":[0.0,-5.56067,-5.56865]},"T2o":{"weight":1.0,"played":[1.0,0.0,0.0],"evs":[0.0,-5.48205,-5.491]},"J2o":{"weight":1.0,"played":[1.0,0.0,0.0],"evs":[0.0,-5.1446,-5.15674]},"Q2o":{"weight":1.0,"played":[1.0,0.0,0.0],"evs":[0.0,-4.74353,-4.75723]},"K2o":{"weight":1.0,"played":[1.0,0.0,0.0],"evs":[0.0,-3.72271,-3.72094]},"A2o":{"weight":1.0,"played":[1.0,0.0,0.0],"evs":[0.0,-1.61135,-1.58723]},"32s":{"weight":1.0,"played":[1.0,0.0,0.0],"evs":[0.0,-3.93653,-3.92249]},"33":{"weight":1.0,"played":[0.0,0.4234,0.5766],"evs":[0.0,1.10296,1.13974]},"43o":{"weight":1.0,"played":[1.0,0.0,0.0],"evs":[0.0,-4.81239,-4.80307]},"53o":{"weight":1.0,"played":[1.0,0.0,0.0],"evs":[0.0,-4.44547,-4.43663]},"63o":{"weight":1.0,"played":[1.0,0.0,0.0],"evs":[0.0,-4.88233,-4.87516]},"73o":{"weight":1.0,"played":[1.0,0.0,0.0],"evs":[0.0,-5.29947,-5.29319]},"83o":{"weight":1.0,"played":[1.0,0.0,0.0],"evs":[0.0,-5.64649,-5.64068]},"93o":{"weight":1.0,"played":[1.0,0.0,0.0],"evs":[0.0,-5.46328,-5.46756]},"T3o":{"weight":1.0,"played":[1.0,0.0,0.0],"evs":[0.0,-5.38212,-5.39079]},"J3o":{"weight":1.0,"played":[1.0,0.0,0.0],"evs":[0.0,-5.05152,-5.06172]},"Q3o":{"weight":1.0,"played":[1.0,0.0,0.0],"evs":[0.0,-4.6559,-4.66828]},"K3o":{"weight":1.0,"played":[1.0,0.0,0.0],"evs":[0.0,-3.59668,-3.59334]},"A3o":{"weight":1.0,"played":[1.0,0.0,0.0],"evs":[0.0,-1.34942,-1.32974]},"42s":{"weight":1.0,"played":[1.0,0.0,0.0],"evs":[0.0,-3.58165,-3.5714]},"43s":{"weight":1.0,"played":[1.0,0.0,0.0],"evs":[0.0,-2.99902,-2.99035]},"44":{"weight":1.0,"played":[0.0,0.2951,0.7049],"evs":[0.0,2.14459,2.1608]},"54o":{"weight":1.0,"played":[1.0,0.0,0.0],"evs":[0.0,-3.59075,-3.5884]},"64o":{"weight":1.0,"played":[1.0,0.0,0.0],"evs":[0.0,-4.01509,-4.01596]},"74o":{"weight":1.0,"played":[1.0,0.0,0.0],"evs":[0.0,-4.40854,-4.40577]},"84o":{"weight":1.0,"played":[1.0,0.0,0.0],"evs":[0.0,-4.81094,-4.81424]},"94o":{"weight":1.0,"played":[1.0,0.0,0.0],"evs":[0.0,-5.26256,-5.27568]},"T4o":{"weight":1.0,"played":[1.0,0.0,0.0],"evs":[0.0,-5.04112,-5.0549]},"J4o":{"weight":1.0,"played":[1.0,0.0,0.0],"evs":[0.0,-4.71012,-4.72859]},"Q4o":{"weight":1.0,"played":[1.0,0.0,0.0],"evs":[0.0,-4.29763,-4.317]},"K4o":{"weight":1.0,"played":[1.0,0.0,0.0],"evs":[0.0,-3.26159,-3.26781]},"A4o":{"weight":1.0,"played":[1.0,0.0,0.0],"evs":[0.0,-0.9862,-0.97602]},"52s":{"weight":1.0,"played":[1.0,0.0,0.0],"evs":[0.0,-3.25666,-3.25113]},"53s":{"weight":1.0,"played":[1.0,0.0,0.0],"evs":[0.0,-2.62772,-2.62075]},"54s":{"weight":1.0,"played":[1.0,0.0,0.0],"evs":[0.0,-1.8174,-1.81427]},"55":{"weight":1.0,"played":[0.0,0.2103,0.7897],"evs":[0.0,3.22176,3.21223]},"65o":{"weight":1.0,"played":[1.0,0.0,0.0],"evs":[0.0,-3.20122,-3.20706]},"75o":{"weight":1.0,"played":[1.0,0.0,0.0],"evs":[0.0,-3.56023,-3.56413]},"85o":{"weight":1.0,"played":[1.0,0.0,0.0],"evs":[0.0,-3.9387,-3.94511]},"95o":{"weight":1.0,"played":[1.0,0.0,0.0],"evs":[0.0,-4.38356,-4.39995]},"T5o":{"weight":1.0,"played":[1.0,0.0,0.0],"evs":[0.0,-4.81608,-4.83481]},"J5o":{"weight":1.0,"played":[1.0,0.0,0.0],"evs":[0.0,-4.35018,-4.3706]},"Q5o":{"weight":1.0,"played":[1.0,0.0,0.0],"evs":[0.0,-3.95391,-3.97765]},"K5o":{"weight":1.0,"played":[1.0,0.0,0.0],"evs":[0.0,-2.92397,-2.93741]},"A5o":{"weight":1.0,"played":[1.0,0.0,0.0],"evs":[0.0,-0.48034,-0.47554]},"62s":{"weight":1.0,"played":[1.0,0.0,0.0],"evs":[0.0,-3.65181,-3.64478]},"63s":{"weight":1.0,"played":[1.0,0.0,0.0],"evs":[0.0,-3.03357,-3.02888]},"64s":{"weight":1.0,"played":[1.0,0.0,0.0],"evs":[0.0,-2.21825,-2.22026]},"65s":{"weight":1.0,"played":[1.0,0.0,0.0],"evs":[0.0,-1.46272,-1.46856]},"66":{"weight":1.0,"played":[0.0,0.2661,0.7339],"evs":[0.0,4.20737,4.19052]},"76o":{"weight":1.0,"played":[1.0,0.0,0.0],"evs":[0.0,-2.82246,-2.83222]},"86o":{"weight":1.0,"played":[1.0,0.0,0.0],"evs":[0.0,-3.11123,-3.12005]},"96o":{"weight":1.0,"played":[1.0,0.0,0.0],"evs":[0.0,-3.55254,-3.57615]},"T6o":{"weight":1.0,"played":[1.0,0.0,0.0],"evs":[0.0,-3.99111,-4.01398]},"J6o":{"weight":1.0,"played":[1.0,0.0,0.0],"evs":[0.0,-4.16665,-4.18929]},"Q6o":{"weight":1.0,"played":[1.0,0.0,0.0],"evs":[0.0,-3.65527,-3.68291]},"K6o":{"weight":1.0,"played":[1.0,0.0,0.0],"evs":[0.0,-2.62302,-2.63841]},"A6o":{"weight":1.0,"played":[1.0,0.0,0.0],"evs":[0.0,-0.48416,-0.48173]},"72s":{"weight":1.0,"played":[1.0,0.0,0.0],"evs":[0.0,-4.01925,-4.01428]},"73s":{"weight":1.0,"played":[1.0,0.0,0.0],"evs":[0.0,-3.41905,-3.41673]},"74s":{"weight":1.0,"played":[1.0,0.0,0.0],"evs":[0.0,-2.58863,-2.58894]},"75s":{"weight":1.0,"played":[1.0,0.0,0.0],"evs":[0.0,-1.78933,-1.79507]},"76s":{"weight":1.0,"played":[1.0,0.0,0.0],"evs":[0.0,-1.10165,-1.11417]},"77":{"weight":1.0,"played":[0.0,0.4434,0.5566],"evs":[0.0,5.15204,5.11612]},"87o":{"weight":1.0,"played":[1.0,0.0,0.0],"evs":[0.0,-2.48887,-2.50227]},"97o":{"weight":1.0,"played":[1.0,0.0,0.0],"evs":[0.0,-2.86082,-2.88749]},"T7o":{"weight":1.0,"played":[1.0,0.0,0.0],"evs":[0.0,-3.26659,-3.29293]},"J7o":{"weight":1.0,"played":[1.0,0.0,0.0],"evs":[0.0,-3.46006,-3.48613]},"Q7o":{"weight":1.0,"played":[1.0,0.0,0.0],"evs":[0.0,-3.5776,-3.60552]},"K7o":{"weight":1.0,"played":[1.0,0.0,0.0],"evs":[0.0,-2.43445,-2.45024]},"A7o":{"weight":1.0,"played":[0.0,0.5403,0.4597],"evs":[0.0,0.33315,0.32817]},"82s":{"weight":1.0,"played":[1.0,0.0,0.0],"evs":[0.0,-3.72531,-3.72442]},"83s":{"weight":1.0,"played":[1.0,0.0,0.0],"evs":[0.0,-3.77566,-3.77409]},"84s":{"weight":1.0,"played":[1.0,0.0,0.0],"evs":[0.0,-2.96622,-2.96958]},"85s":{"weight":1.0,"played":[1.0,0.0,0.0],"evs":[0.0,-2.10749,-2.11795]},"86s":{"weight":1.0,"played":[1.0,0.0,0.0],"evs":[0.0,-1.36425,-1.38178]},"87s":{"weight":1.0,"played":[1.0,0.0,0.0],"evs":[0.0,-0.76474,-0.78021]},"88":{"weight":1.0,"played":[0.0,0.5333,0.4667],"evs":[0.0,6.28403,6.2267]},"98o":{"weight":1.0,"played":[1.0,0.0,0.0],"evs":[0.0,-2.24019,-2.27119]},"T8o":{"weight":1.0,"played":[1.0,0.0,0.0],"evs":[0.0,-2.55538,-2.5842]},"J8o":{"weight":1.0,"played":[1.0,0.0,0.0],"evs":[0.0,-2.77292,-2.80868]},"Q8o":{"weight":1.0,"played":[1.0,0.0,0.0],"evs":[0.0,-2.88693,-2.92457]},"K8o":{"weight":1.0,"played":[1.0,0.0,0.0],"evs":[0.0,-2.2485,-2.26962]},"A8o":{"weight":1.0,"played":[0.0,0.6018,0.3982],"evs":[0.0,1.29297,1.28359]},"92s":{"weight":1.0,"played":[1.0,0.0,0.0],"evs":[0.0,-3.62503,-3.64089]},"93s":{"weight":1.0,"played":[1.0,0.0,0.0],"evs":[0.0,-3.5087,-3.51887]},"94s":{"weight":1.0,"played":[1.0,0.0,0.0],"evs":[0.0,-3.33406,-3.35089]},"95s":{"weight":1.0,"played":[1.0,0.0,0.0],"evs":[0.0,-2.56678,-2.5906]},"96s":{"weight":1.0,"played":[1.0,0.0,0.0],"evs":[0.0,-1.74486,-1.77114]},"97s":{"weight":1.0,"played":[1.0,0.0,0.0],"evs":[0.0,-1.08874,-1.11714]},"98s":{"weight":1.0,"played":[0.9996,1.0E-4,3.0E-4],"evs":[0.0,-0.51999,-0.55669]},"99":{"weight":1.0,"played":[0.0,0.5699,0.4301],"evs":[0.0,7.62386,7.55541]},"T9o":{"weight":1.0,"played":[1.0,0.0,0.0],"evs":[0.0,-1.90508,-1.95206]},"J9o":{"weight":1.0,"played":[1.0,0.0,0.0],"evs":[0.0,-2.04889,-2.09949]},"Q9o":{"weight":1.0,"played":[1.0,0.0,0.0],"evs":[0.0,-2.10387,-2.15148]},"K9o":{"weight":1.0,"played":[1.0,0.0,0.0],"evs":[0.0,-1.39669,-1.42356]},"A9o":{"weight":1.0,"played":[0.0,0.6358,0.3642],