{"player":2,"street":0,"children":3,"sequence":[{"player":0,"type":"F","amount":0,"street":0},{"player":1,"type":"F","amount":0,"street":0}],"actions":[{"type":"F","amount":0},{"type":"C","amount":1600000,"node":3},{"type":"R","amount":5920000,"node":5}],"hands":{"22":{"weight":1.0,"played":[0.0,0.0,1.0],"evs":[0.0,1.63945,1.6416]},"32o":{"weight":1.0,"played":[0.0,1.0,0.0],"evs":[0.0,0.17659,0.17391]},"42o":{"weight":1.0,"played":[0.0,0.6903,0.3097],"evs":[0.0,0.21988,0.21884]},"52o":{"weight":1.0,"played":[0.0,0.0119,0.9881],"evs":[0.0,0.39861,0.39965]},"62o":{"weight":1.0,"played":[0.0,0.4833,0.5167],"evs":[0.0,0.33689,0.33718]},"72o":{"weight":1.0,"played":[0.0,0.0179,0.9821],"evs":[0.0,0.3367,0.33826]},"82o":{"weight":1.0,"played":[0.0,0.013,0.987],"evs":[0.0,0.64859,0.64967]},"92o":{"weight":1.0,"played":[0.0,8.0E-4,0.9992],"evs":[0.0,0.87309,0.87426]},"T2o":{"weight":1.0,"played":[0.0,0.0213,0.9787],"evs":[0.0,1.1023,1.10342]},"J2o":{"weight":1.0,"played":[0.0,6.0E-4,0.9994],"evs":[0.0,1.39464,1.39706]},"Q2o":{"weight":1.0,"played":[0.0,4.0E-4,0.9996],"evs":[0.0,1.65959,1.6618]},"K2o":{"weight":1.0,"played":[0.0,1.0E-4,0.9999],"evs":[0.0,1.98301,1.98504]},"A2o":{"weight":1.0,"played":[0.0,0.0,1.0],"evs":[0.0,2.37393,2.37654]},"32s":{"weight":1.0,"played":[0.0,0.587,0.413],"evs":[0.0,0.5065,0.50665]},"33":{"weight":1.0,"played":[0.0,4.0E-4,0.9996],"evs":[0.0,2.26231,2.26556]},"43o":{"weight":1.0,"played":[0.0,0.5401,0.4599],"evs":[0.0,0.57068,0.5706]},"53o":{"weight":1.0,"played":[0.0,1.0E-4,0.9999],"evs":[0.0,0.74918,0.75015]},"63o":{"weight":1.0,"played":[0.0,0.0,1.0],"evs":[0.0,0.72256,0.7233]},"73o":{"weight":1.0,"played":[0.0,0.0016,0.9984],"evs":[0.0,0.72851,0.73077]},"83o":{"weight":1.0,"played":[0.0,0.0351,0.9649],"evs":[0.0,0.86669,0.86832]},"93o":{"weight":1.0,"played":[0.0,0.0,1.0],"evs":[0.0,1.11428,1.11664]},"T3o":{"weight":1.0,"played":[0.0,4.0E-4,0.9996],"evs":[0.0,1.36705,1.36897]},"J3o":{"weight":1.0,"played":[0.0,0.0,1.0],"evs":[0.0,1.61856,1.62146]},"Q3o":{"weight":1.0,"played":[0.0,0.0,1.0],"evs":[0.0,1.89034,1.89251]},"K3o":{"weight":1.0,"played":[0.0,0.0,1.0],"evs":[0.0,2.18878,2.19183]},"A3o":{"weight":1.0,"played":[0.0,0.0,1.0],"evs":[0.0,2.58942,2.59411]},"42s":{"weight":1.0,"played":[0.0,0.8551,0.1449],"evs":[0.0,0.6063,0.60741]},"43s":{"weight":1.0,"played":[0.0,0.4517,0.5483],"evs":[0.0,0.84644,0.84665]},"44":{"weight":1.0,"played":[0.0,0.0,1.0],"evs":[0.0,2.531,2.53538]},"54o":{"weight":1.0,"played":[0.0,0.0378,0.9622],"evs":[0.0,0.88366,0.8841]},"64o":{"weight":1.0,"played":[0.0,0.0077,0.9923],"evs":[0.0,0.88765,0.88994]},"74o":{"weight":1.0,"played":[0.0,1.0E-4,0.9999],"evs":[0.0,0.90933,0.91135]},"84o":{"weight":1.0,"played":[0.0,9.0E-4,0.9991],"evs":[0.0,1.03072,1.032]},"94o":{"weight":1.0,"played":[0.0,1.0E-4,0.9999],"evs":[0.0,1.17642,1.1782]},"T4o":{"weight":1.0,"played":[0.0,1.0E-4,0.9999],"evs":[0.0,1.4383,1.44087]},"J4o":{"weight":1.0,"played":[0.0,0.0,1.0],"evs":[0.0,1.71092,1.7129]},"Q4o":{"weight":1.0,"played":[0.0,0.0,1.0],"evs":[0.0,1.95926,1.96113]},"K4o":{"weight":1.0,"played":[0.0,0.0,1.0],"evs":[0.0,2.23937,2.24295]},"A4o":{"weight":1.0,"played":[0.0,0.0,1.0],"evs":[0.0,2.64349,2.64667]},"52s":{"weight":1.0,"played":[0.0,0.1918,0.8082],"evs":[0.0,0.74522,0.74507]},"53s":{"weight":1.0,"played":[0.0,0.0081,0.9919],"evs":[0.0,1.01225,1.01382]},"54s":{"weight":1.0,"played":[0.0,0.0371,0.9629],"evs":[0.0,1.21328,1.21493]},"55":{"weight":1.0,"played":[0.0,0.0,1.0],"evs":[0.0,2.86859,2.87544]},"65o":{"weight":1.0,"played":[0.0,0.0019,0.9981],"evs":[0.0,1.10128,1.10375]},"75o":{"weight":1.0,"played":[0.0,2.0E-4,0.9998],"evs":[0.0,1.15507,1.15787]},"85o":{"weight":1.0,"played":[0.0,1.0E-4,0.9999],"evs":[0.0,1.29223,1.2952]},"95o":{"weight":1.0,"played":[0.0,1.0E-4,0.9999],"evs":[0.0,1.42414,1.42579]},"T5o":{"weight":1.0,"played":[0.0,0.0,1.0],"evs":[0.0,1.55165,1.55405]},"J5o":{"weight":1.0,"played":[0.0,0.0,1.0],"evs":[0.0,1.859,1.86254]},"Q5o":{"weight":1.0,"played":[0.0,0.0,1.0],"evs":[0.0,2.10918,2.11344]},"K5o":{"weight":1.0,"played":[0.0,0.0,1.0],"evs":[0.0,2.37277,2.37589]},"A5o":{"weight":1.0,"played":[0.0,0.0,1.0],"evs":[0.0,2.77073,2.77602]},"62s":{"weight":1.0,"played":[0.0,0.2889,0.7111],"evs":[0.0,0.65464,0.65714]},"63s":{"weight":1.0,"played":[0.0,0.0499,0.9501],"evs":[0.0,1.02764,1.02759]},"64s":{"weight":1.0,"played":[0.0,0.2427,0.7573],"evs":[0.0,1.17585,1.17739]},"65s":{"weight":1.0,"played":[0.0,0.0057,0.9943],"evs":[0.0,1.40167,1.40579]},"66":{"weight":1.0,"played":[0.0,0.0,1.0],"evs":[0.0,3.16096,3.16655]},"76o":{"weight":1.0,"played":[0.0,1.0E-4,0.9999],"evs":[0.0,1.30021,1.30295]},"86o":{"weight":1.0,"played":[0.0,4.0E-4,0.9996],"evs":[0.0,1.44099,1.4438]},"96o":{"weight":1.0,"played":[0.0,0.0,1.0],"evs":[0.0,1.57865,1.58005]},"T6o":{"weight":1.0,"played":[0.0,0.0,1.0],"evs":[0.0,1.74061,1.74358]},"J6o":{"weight":1.0,"played":[0.0,0.0,1.0],"evs":[0.0,1.89654,1.89962]},"Q6o":{"weight":1.0,"played":[0.0,0.0,1.0],"evs":[0.0,2.18821,2.19125]},"K6o":{"weight":1.0,"played":[0.0,0.0,1.0],"evs":[0.0,2.45005,2.4527]},"A6o":{"weight":1.0,"played":[0.0,0.0,1.0],"evs":[0.0,2.79043,2.79375]},"72s":{"weight":1.0,"played":[0.0,0.0251,0.9749],"evs":[0.0,0.75819,0.75893]},"73s":{"weight":1.0,"played":[0.0,0.0186,0.9814],"evs":[0.0,1.0162,1.01649]},"74s":{"weight":1.0,"played":[0.0,0.356,0.644],"evs":[0.0,1.19573,1.19625]},"75s":{"weight":1.0,"played":[0.0,0.0419,0.9581],"evs":[0.0,1.43547,1.43635]},"76s":{"weight":1.0,"played":[0.0,0.0043,0.9957],"evs":[0.0,1.59498,1.59719]},"77":{"weight":1.0,"played":[0.0,0.0,1.0],"evs":[0.0,3.35383,3.36]},"87o":{"weight":1.0,"played":[0.0,0.0,1.0],"evs":[0.0,1.60922,1.6116]},"97o":{"weight":1.0,"played":[0.0,0.0,1.0],"evs":[0.0,1.68812,1.69027]},"T7o":{"weight":1.0,"played":[0.0,0.0,1.0],"evs":[0.0,1.86504,1.86676]},"J7o":{"weight":1.0,"played":[0.0,0.0,1.0],"evs":[0.0,2.00348,2.00598]},"Q7o":{"weight":1.0,"played":[0.0,0.0,1.0],"evs":[0.0,2.20691,2.20996]},"K7o":{"weight":1.0,"played":[0.0,0.0,1.0],"evs":[0.0,2.50136,2.50462]},"A7o":{"weight":1.0,"played":[0.0,0.0,1.0],"evs":[0.0,2.89458,2.8991]},"82s":{"weight":1.0,"played":[0.0,0.2637,0.7363],"evs":[0.0,0.97311,0.97459]},"83s":{"weight":1.0,"played":[0.0,0.0,1.0],"evs":[0.0,1.20568,1.20931]},"84s":{"weight":1.0,"played":[0.0,0.0,1.0],"evs":[0.0,1.3726,1.37476]},"85s":{"weight":1.0,"played":[0.0,0.0,1.0],"evs":[0.0,1.57755,1.5802]},"86s":{"weight":1.0,"played":[0.0,2.0E-4,0.9998],"evs":[0.0,1.7385,1.74133]},"87s":{"weight":1.0,"played":[0.0,0.0,1.0],"evs":[0.0,1.8759,1.88012]},"88":{"weight":1.0,"played":[0.0,0.0,1.0],"evs":[0.0,3.67209,3.67814]},"98o":{"weight":1.0,"played":[0.0,1.0E-4,0.9999],"evs":[0.0,1.92751,1.92899]},"T8o":{"weight":1.0,"played":[0.0,1.0E-4,0.9999],"evs":[0.0,2.10573,2.11009]},"J8o":{"weight":1.0,"played":[0.0,0.0,1.0],"evs":[0.0,2.25391,2.25761]},"Q8o":{"weight":1.0,"played":[0.0,0.0,1.0],"evs":[0.0,2.48042,2.48381]},"K8o":{"weight":1.0,"played":[0.0,0.0,1.0],"evs":[0.0,2.66982,2.6742]},"A8o":{"weight":1.0,"played":[0.0,0.0,1.0],"evs":[0.0,3.01747,3.02195]},"92s":{"weight":1.0,"played":[0.0,0.5087,0.4913],"evs":[0.0,1.14099,1.14011]},"93s":{"weight":1.0,"played":[0.0,5.0E-4,0.9995],"evs":[0.0,1.43118,1.43319]},"94s":{"weight":1.0,"played":[0.0,0.1254,0.8746],"evs":[0.0,1.45676,1.459]},"95s":{"weight":1.0,"played":[0.0,1.0E-4,0.9999],"evs":[0.0,1.67989,1.6826]},"96s":{"weight":1.0,"played":[0.0,0.0,1.0],"evs":[0.0,1.79227,1.7956]},"97s":{"weight":1.0,"played":[0.0,0.003,0.997],"evs":[0.0,1.9721,1.97306]},"98s":{"weight":1.0,"played":[0.0,0.0,1.0],"evs":[0.0,2.18945,2.19335]},"99":{"weight":1.0,"played":[0.0,0.0,1.0],"evs":[0.0,3.97064,3.97713]},"T9o":{"weight":1.0,"played":[0.0,0.0,1.0],"evs":[0.0,2.26122,2.26545]},"J9o":{"weight":1.0,"played":[0.0,1.0E-4,0.9999],"evs":[0.0,2.43151,2.43542]},"Q9o":{"weight":1.0,"played":[0.0,0.0,1.0],"evs":[0.0,2.62807,2.63238]},"K9o":{"weight":1.0,"played":[0.0,0.0,1.0],"evs":[0.0,2.84231,2.84627]},"A9o":{"weight":1.0,"played":[0.0,0.0,1.0],