{"player":3,"street":0,"children":2,"sequence":[{"player":0,"type":"F","amount":0,"street":0},{"player":1,"type":"R","amount":2185000,"street":0},{"player":2,"type":"C","amount":2185000,"street":0}],"actions":[{"type":"F","amount":0,"node":237},{"type":"C","amount":745000,"node":240}],"hands":{"22":{"weight":1.0,"played":[0.8636,0.1364],"evs":[0.0,-1.44686]},"32o":{"weight":1.0,"played":[0.9997,3.0E-4],"evs":[0.0,-3.96135]},"42o":{"weight":1.0,"played":[0.9996,4.0E-4],"evs":[0.0,-3.94177]},"52o":{"weight":1.0,"played":[0.9993,7.0E-4],"evs":[0.0,-3.66411]},"62o":{"weight":1.0,"played":[0.9993,7.0E-4],"evs":[0.0,-3.97116]},"72o":{"weight":1.0,"played":[1.0,0.0],"evs":[0.0,-4.21642]},"82o":{"weight":1.0,"played":[1.0,0.0],"evs":[0.0,-3.72155]},"92o":{"weight":1.0,"played":[1.0,0.0],"evs":[0.0,-3.38725]},"T2o":{"weight":1.0,"played":[0.9985,0.0015],"evs":[0.0,-4.27048]},"J2o":{"weight":1.0,"played":[0.9999,1.0E-4],"evs":[0.0,-4.09092]},"Q2o":{"weight":1.0,"played":[0.9998,2.0E-4],"evs":[0.0,-3.86555]},"K2o":{"weight":1.0,"played":[0.998,0.002],"evs":[0.0,-3.48601]},"A2o":{"weight":1.0,"played":[0.9972,0.0028],"evs":[0.0,-2.89559]},"32s":{"weight":1.0,"played":[0.9999,1.0E-4],"evs":[0.0,-3.1013]},"33":{"weight":1.0,"played":[0.7425,0.2575],"evs":[0.0,-1.36158]},"43o":{"weight":1.0,"played":[1.0,0.0],"evs":[0.0,-3.51068]},"53o":{"weight":1.0,"played":[0.9976,0.0024],"evs":[0.0,-2.65147]},"63o":{"weight":1.0,"played":[0.9992,8.0E-4],"evs":[0.0,-3.56352]},"73o":{"weight":1.0,"played":[1.0,0.0],"evs":[0.0,-3.65216]},"83o":{"weight":1.0,"played":[1.0,0.0],"evs":[0.0,-3.69591]},"93o":{"weight":1.0,"played":[0.9996,4.0E-4],"evs":[0.0,-3.01476]},"T3o":{"weight":1.0,"played":[1.0,0.0],"evs":[0.0,-3.7326]},"J3o":{"weight":1.0,"played":[0.9999,1.0E-4],"evs":[0.0,-3.88776]},"Q3o":{"weight":1.0,"played":[0.999,0.001],"evs":[0.0,-2.85506]},"K3o":{"weight":1.0,"played":[0.9993,7.0E-4],"evs":[0.0,-2.87662]},"A3o":{"weight":1.0,"played":[0.9998,2.0E-4],"evs":[0.0,-2.87184]},"42s":{"weight":1.0,"played":[0.9994,6.0E-4],"evs":[0.0,-2.88955]},"43s":{"weight":1.0,"played":[0.7378,0.2622],"evs":[0.0,-0.88496]},"44":{"weight":1.0,"played":[0.7433,0.2567],"evs":[0.0,-1.0468]},"54o":{"weight":1.0,"played":[0.9945,0.0055],"evs":[0.0,-1.65067]},"64o":{"weight":1.0,"played":[0.9921,0.0079],"evs":[0.0,-1.92829]},"74o":{"weight":1.0,"played":[1.0,0.0],"evs":[0.0,-2.69115]},"84o":{"weight":1.0,"played":[1.0,0.0],"evs":[0.0,-4.03664]},"94o":{"weight":1.0,"played":[1.0,0.0],"evs":[0.0,-3.73313]},"T4o":{"weight":1.0,"played":[0.9954,0.0046],"evs":[0.0,-3.22187]},"J4o":{"weight":1.0,"played":[0.9977,0.0023],"evs":[0.0,-3.11413]},"Q4o":{"weight":1.0,"played":[0.9998,2.0E-4],"evs":[0.0,-2.63998]},"K4o":{"weight":1.0,"played":[1.0,0.0],"evs":[0.0,-2.85395]},"A4o":{"weight":1.0,"played":[0.9957,0.0043],"evs":[0.0,-2.06474]},"52s":{"weight":1.0,"played":[0.9986,0.0014],"evs":[0.0,-1.24691]},"53s":{"weight":1.0,"played":[0.9595,0.0405],"evs":[0.0,-2.06165]},"54s":{"weight":1.0,"played":[0.8462,0.1538],"evs":[0.0,-2.60719]},"55":{"weight":1.0,"played":[0.8932,0.1068],"evs":[0.0,0.04455]},"65o":{"weight":1.0,"played":[0.9954,0.0046],"evs":[0.0,-2.36506]},"75o":{"weight":1.0,"played":[0.9992,8.0E-4],"evs":[0.0,-2.33425]},"85o":{"weight":1.0,"played":[1.0,0.0],"evs":[0.0,-2.77158]},"95o":{"weight":1.0,"played":[0.9978,0.0022],"evs":[0.0,-3.04989]},"T5o":{"weight":1.0,"played":[0.9998,2.0E-4],"evs":[0.0,-3.73405]},"J5o":{"weight":1.0,"played":[0.9985,0.0015],"evs":[0.0,-3.01078]},"Q5o":{"weight":1.0,"played":[0.999,0.001],"evs":[0.0,-1.9433]},"K5o":{"weight":1.0,"played":[0.9999,1.0E-4],"evs":[0.0,-2.48815]},"A5o":{"weight":1.0,"played":[0.9798,0.0202],"evs":[0.0,-2.70916]},"62s":{"weight":1.0,"played":[0.9867,0.0133],"evs":[0.0,-2.64735]},"63s":{"weight":1.0,"played":[0.724,0.276],"evs":[0.0,-0.6543]},"64s":{"weight":1.0,"played":[0.9045,0.0955],"evs":[0.0,-1.403]},"65s":{"weight":1.0,"played":[0.4696,0.5304],"evs":[0.0,0.5327]},"66":{"weight":1.0,"played":[0.1315,0.8685],"evs":[0.0,1.05679]},"76o":{"weight":1.0,"played":[0.9956,0.0044],"evs":[0.0,-3.14801]},"86o":{"weight":1.0,"played":[0.9991,9.0E-4],"evs":[0.0,-2.14995]},"96o":{"weight":1.0,"played":[0.9971,0.0029],"evs":[0.0,-2.31382]},"T6o":{"weight":1.0,"played":[1.0,0.0],"evs":[0.0,-2.76666]},"J6o":{"weight":1.0,"played":[0.9992,8.0E-4],"evs":[0.0,-2.84753]},"Q6o":{"weight":1.0,"played":[0.9918,0.0082],"evs":[0.0,-2.53897]},"K6o":{"weight":1.0,"played":[0.9996,4.0E-4],"evs":[0.0,-2.33354]},"A6o":{"weight":1.0,"played":[1.0,0.0],"evs":[0.0,-2.12777]},"72s":{"weight":1.0,"played":[0.9996,4.0E-4],"evs":[0.0,-1.56078]},"73s":{"weight":1.0,"played":[0.8477,0.1523],"evs":[0.0,-1.02124]},"74s":{"weight":1.0,"played":[0.8524,0.1476],"evs":[0.0,-2.41401]},"75s":{"weight":1.0,"played":[0.8622,0.1378],"evs":[0.0,-1.83457]},"76s":{"weight":1.0,"played":[0.9952,0.0048],"evs":[0.0,-2.53887]},"77":{"weight":1.0,"played":[0.009,0.991],"evs":[0.0,1.18303]},"87o":{"weight":1.0,"played":[0.9786,0.0214],"evs":[0.0,-0.64049]},"97o":{"weight":1.0,"played":[0.9985,0.0015],"evs":[0.0,-2.08138]},"T7o":{"weight":1.0,"played":[0.9985,0.0015],"evs":[0.0,-2.07347]},"J7o":{"weight":1.0,"played":[0.9907,0.0093],"evs":[0.0,-2.17435]},"Q7o":{"weight":1.0,"played":[0.9964,0.0036],"evs":[0.0,-2.78418]},"K7o":{"weight":1.0,"played":[0.9951,0.0049],"evs":[0.0,-1.84427]},"A7o":{"weight":1.0,"played":[0.978,0.022],"evs":[0.0,-2.08536]},"82s":{"weight":1.0,"played":[0.9995,5.0E-4],"evs":[0.0,-3.30992]},"83s":{"weight":1.0,"played":[0.9998,2.0E-4],"evs":[0.0,-3.16971]},"84s":{"weight":1.0,"played":[0.9984,0.0016],"evs":[0.0,-0.98244]},"85s":{"weight":1.0,"played":[0.7639,0.2361],"evs":[0.0,-1.35649]},"86s":{"weight":1.0,"played":[0.775,0.225],"evs":[0.0,-1.08492]},"87s":{"weight":1.0,"played":[0.8964,0.1036],"evs":[0.0,-1.0791]},"88":{"weight":1.0,"played":[0.0135,0.9865],"evs":[0.0,1.58332]},"98o":{"weight":1.0,"played":[0.995,0.005],"evs":[0.0,-1.33154]},"T8o":{"weight":1.0,"played":[0.9634,0.0366],"evs":[0.0,-1.34839]},"J8o":{"weight":1.0,"played":[0.999,0.001],"evs":[0.0,-1.94257]},"Q8o":{"weight":1.0,"played":[0.9964,0.0036],"evs":[0.0,-1.72163]},"K8o":{"weight":1.0,"played":[0.9893,0.0107],"evs":[0.0,-1.20381]},"A8o":{"weight":1.0,"played":[0.9653,0.0347],"evs":[0.0,-2.16698]},"92s":{"weight":1.0,"played":[0.92,0.08],"evs":[0.0,-2.40197]},"93s":{"weight":1.0,"played":[0.9998,2.0E-4],"evs":[0.0,-2.53024]},"94s":{"weight":1.0,"played":[0.9998,2.0E-4],"evs":[0.0,-2.44185]},"95s":{"weight":1.0,"played":[0.6602,0.3398],"evs":[0.0,-1.6666]},"96s":{"weight":1.0,"played":[0.8542,0.1458],"evs":[0.0,-3.05337]},"97s":{"weight":1.0,"played":[0.2851,0.7149],"evs":[0.0,1.05506]},"98s":{"weight":1.0,"played":[0.7624,0.2376],"evs":[0.0,-0.39562]},"99":{"weight":1.0,"played":[0.0027,0.9973],"evs":[0.0,3.5055]},"T9o":{"weight":1.0,"played":[0.9995,5.0E-4],"evs":[0.0,-2.21341]},"J9o":{"weight":1.0,"played":[0.892,0.108],"evs":[0.0,-1.7766]},"Q9o":{"weight":1.0,"played":[0.9758,0.0242],"evs":[0.0,-2.94141]},"K9o":{"weight":1.0,"played":[0.983,0.017],"evs":[0.0,-1.27334]},"A9o":{"weight":1.0,"played":[0.8416,0.1584],"evs":[0.0,-1.77464]},"T2s":{"weight":1.0,"played":[0.9888,0.0112],"evs":[0.0,-3.82178]},"T3s":{"weight":1.0,"played":[0.9896,0.0104],"evs":[0.0,-2.93048]},"T4s":{"weight":1.0,"played":[0.9985,0.0015],"evs":[0.0,-1.12908]},"T5s":{"weight":1.0,"played":[0.9994,6.0E-4],"evs":[0.0,-0.98389]},"T6s":{"weight":1.0,"played":[0.665,0.335],"evs":[0.0,-0.02996]},"T7s":{"weight":1.0,"played":[0.2748,0.7252],"evs":[0.0,-0.67305]},"T8s":{"weight":1.0,"played":[0.5445,0.4555],"evs":[0.0,0.40881]},"T9s":{"weight":1.0,"played":[0.3631,0.6369],"evs":[0.0,-0.42607]},"TT":{"weight":1.0,"played":[0.0353,0.9647],"evs":[0.0,4.26542]},"JTo":{"weight":1.0,"played":[0.8911,0.1089],"evs":[0.0,-0.93719]},"QTo":{"weight":1.0,"played":[0.6961,0.3039],"evs":[0.0,0.15669]},"KTo":{"weight":1.0,"played":[0.9662,0.0338],"evs":[0.0,-0.25815]},"ATo":{"weight":1.0,"played":[0.2399,0.7601],"evs":[0.0,-0.1462]},