{"player":1,"street":0,"children":4,"sequence":[{"player":0,"type":"F","amount":0,"street":0}],"actions":[{"type":"F","amount":0,"node":2},{"type":"C","amount":100000,"node":32},{"type":"R","amount":200000},{"type":"R","amount":1805000,"node":109}],"hands":{"22":{"weight":1.0,"played":[0.0,0.3434,0.0,0.6566],"evs":[0.0,0.33236,0.24571,0.33394]},"32o":{"weight":1.0,"played":[1.0,0.0,0.0,0.0],"evs":[0.0,-0.76416,-1.11677,-4.80051]},"42o":{"weight":1.0,"played":[1.0,0.0,0.0,0.0],"evs":[0.0,-0.72883,-1.05885,-4.51392]},"52o":{"weight":1.0,"played":[1.0,0.0,0.0,0.0],"evs":[0.0,-0.7035,-1.0104,-4.28052]},"62o":{"weight":1.0,"played":[1.0,0.0,0.0,0.0],"evs":[0.0,-0.73128,-1.02962,-4.54264]},"72o":{"weight":1.0,"played":[1.0,0.0,0.0,0.0],"evs":[0.0,-0.74211,-1.0248,-4.62469]},"82o":{"weight":1.0,"played":[1.0,0.0,0.0,0.0],"evs":[0.0,-0.7192,-0.96825,-4.27444]},"92o":{"weight":1.0,"played":[1.0,0.0,0.0,0.0],"evs":[0.0,-0.69127,-0.90664,-4.0751]},"T2o":{"weight":1.0,"played":[1.0,0.0,0.0,0.0],"evs":[0.0,-0.61474,-0.78116,-3.64963]},"J2o":{"weight":1.0,"played":[1.0,0.0,0.0,0.0],"evs":[0.0,-0.55925,-0.71212,-3.21406]},"Q2o":{"weight":1.0,"played":[1.0,0.0,0.0,0.0],"evs":[0.0,-0.45829,-0.57277,-2.50315]},"K2o":{"weight":1.0,"played":[1.0,0.0,0.0,0.0],"evs":[0.0,-0.26258,-0.33328,-1.53895]},"A2o":{"weight":1.0,"played":[0.0,0.7466,0.0027,0.2507],"evs":[0.0,0.68643,0.65484,0.67829]},"32s":{"weight":1.0,"played":[1.0,0.0,0.0,0.0],"evs":[0.0,-0.57876,-0.88362,-3.33242]},"33":{"weight":1.0,"played":[0.0,0.0,0.0,1.0],"evs":[0.0,0.93746,0.9226,1.03145]},"43o":{"weight":1.0,"played":[1.0,0.0,0.0,0.0],"evs":[0.0,-0.66044,-0.9459,-3.89375]},"53o":{"weight":1.0,"played":[1.0,0.0,0.0,0.0],"evs":[0.0,-0.61448,-0.89216,-3.63515]},"63o":{"weight":1.0,"played":[1.0,0.0,0.0,0.0],"evs":[0.0,-0.65414,-0.91531,-3.90098]},"73o":{"weight":1.0,"played":[1.0,0.0,0.0,0.0],"evs":[0.0,-0.6694,-0.90243,-3.95877]},"83o":{"weight":1.0,"played":[1.0,0.0,0.0,0.0],"evs":[0.0,-0.68718,-0.91917,-4.12275]},"93o":{"weight":1.0,"played":[1.0,0.0,0.0,0.0],"evs":[0.0,-0.65028,-0.8395,-3.80379]},"T3o":{"weight":1.0,"played":[1.0,0.0,0.0,0.0],"evs":[0.0,-0.57456,-0.7187,-3.38871]},"J3o":{"weight":1.0,"played":[1.0,0.0,0.0,0.0],"evs":[0.0,-0.51434,-0.64512,-2.95506]},"Q3o":{"weight":1.0,"played":[1.0,0.0,0.0,0.0],"evs":[0.0,-0.40864,-0.50271,-2.22168]},"K3o":{"weight":1.0,"played":[1.0,0.0,0.0,0.0],"evs":[0.0,-0.20057,-0.26351,-1.28598]},"A3o":{"weight":1.0,"played":[0.0,0.0107,1.0E-4,0.9891],"evs":[0.0,0.92339,0.91371,0.96032]},"42s":{"weight":1.0,"played":[1.0,0.0,0.0,0.0],"evs":[0.0,-0.5271,-0.83782,-3.05941]},"43s":{"weight":1.0,"played":[1.0,0.0,0.0,0.0],"evs":[0.0,-0.43726,-0.73639,-2.45272]},"44":{"weight":1.0,"played":[0.0,0.0,0.0,1.0],"evs":[0.0,1.73314,1.75861,1.86223]},"54o":{"weight":1.0,"played":[1.0,0.0,0.0,0.0],"evs":[0.0,-0.50231,-0.78568,-2.99754]},"64o":{"weight":1.0,"played":[1.0,0.0,0.0,0.0],"evs":[0.0,-0.53904,-0.79958,-3.23831]},"74o":{"weight":1.0,"played":[1.0,0.0,0.0,0.0],"evs":[0.0,-0.55765,-0.79147,-3.3224]},"84o":{"weight":1.0,"played":[1.0,0.0,0.0,0.0],"evs":[0.0,-0.58521,-0.80802,-3.47594]},"94o":{"weight":1.0,"played":[1.0,0.0,0.0,0.0],"evs":[0.0,-0.6102,-0.80389,-3.6496]},"T4o":{"weight":1.0,"played":[1.0,0.0,0.0,0.0],"evs":[0.0,-0.51639,-0.6608,-3.12412]},"J4o":{"weight":1.0,"played":[1.0,0.0,0.0,0.0],"evs":[0.0,-0.45653,-0.58909,-2.70054]},"Q4o":{"weight":1.0,"played":[1.0,0.0,0.0,0.0],"evs":[0.0,-0.34821,-0.44535,-1.98953]},"K4o":{"weight":1.0,"played":[1.0,0.0,0.0,0.0],"evs":[0.0,-0.13191,-0.19779,-1.00698]},"A4o":{"weight":1.0,"played":[0.0,0.001,0.0,0.999],"evs":[0.0,1.19362,1.15508,1.22199]},"52s":{"weight":1.0,"played":[1.0,0.0,0.0,0.0],"evs":[0.0,-0.48715,-0.79074,-2.83271]},"53s":{"weight":1.0,"played":[1.0,0.0,0.0,0.0],"evs":[0.0,-0.38313,-0.6788,-2.22123]},"54s":{"weight":1.0,"played":[1.0,0.0,0.0,0.0],"evs":[0.0,-0.24572,-0.56074,-1.63746]},"55":{"weight":1.0,"played":[0.0,0.0,0.0,1.0],"evs":[0.0,2.59928,2.57899,2.69452]},"65o":{"weight":1.0,"played":[1.0,0.0,0.0,0.0],"evs":[0.0,-0.43689,-0.68777,-2.62891]},"75o":{"weight":1.0,"played":[1.0,0.0,0.0,0.0],"evs":[0.0,-0.43566,-0.67556,-2.68323]},"85o":{"weight":1.0,"played":[1.0,0.0,0.0,0.0],"evs":[0.0,-0.46712,-0.69038,-2.80804]},"95o":{"weight":1.0,"played":[1.0,0.0,0.0,0.0],"evs":[0.0,-0.49422,-0.68167,-2.98586]},"T5o":{"weight":1.0,"played":[1.0,0.0,0.0,0.0],"evs":[0.0,-0.47762,-0.62071,-2.98403]},"J5o":{"weight":1.0,"played":[1.0,0.0,0.0,0.0],"evs":[0.0,-0.40765,-0.53675,-2.4475]},"Q5o":{"weight":1.0,"played":[1.0,0.0,0.0,0.0],"evs":[0.0,-0.29626,-0.38405,-1.75015]},"K5o":{"weight":1.0,"played":[0.9996,4.0E-4,0.0,0.0],"evs":[0.0,-0.07227,-0.13588,-0.75857]},"A5o":{"weight":1.0,"played":[0.0,0.0,0.0,1.0],"evs":[0.0,1.4991,1.45993,1.53966]},"62s":{"weight":1.0,"played":[1.0,0.0,0.0,0.0],"evs":[0.0,-0.53466,-0.80529,-3.07377]},"63s":{"weight":1.0,"played":[1.0,0.0,0.0,0.0],"evs":[0.0,-0.43527,-0.6943,-2.44337]},"64s":{"weight":1.0,"played":[1.0,0.0,0.0,0.0],"evs":[0.0,-0.29777,-0.58291,-1.85657]},"65s":{"weight":1.0,"played":[1.0,0.0,0.0,0.0],"evs":[0.0,-0.19471,-0.46879,-1.31127]},"66":{"weight":1.0,"played":[0.0,0.0,0.0,1.0],"evs":[0.0,3.52703,3.47256,3.57895]},"76o":{"weight":1.0,"played":[1.0,0.0,0.0,0.0],"evs":[0.0,-0.34949,-0.57092,-2.097]},"86o":{"weight":1.0,"played":[1.0,0.0,0.0,0.0],"evs":[0.0,-0.35357,-0.57279,-2.1757]},"96o":{"weight":1.0,"played":[1.0,0.0,0.0,0.0],"evs":[0.0,-0.37878,-0.55312,-2.32449]},"T6o":{"weight":1.0,"played":[1.0,0.0,0.0,0.0],"evs":[0.0,-0.36493,-0.49159,-2.30145]},"J6o":{"weight":1.0,"played":[1.0,0.0,0.0,0.0],"evs":[0.0,-0.37201,-0.47668,-2.27155]},"Q6o":{"weight":1.0,"played":[1.0,0.0,0.0,0.0],"evs":[0.0,-0.24639,-0.30759,-1.47375]},"K6o":{"weight":1.0,"played":[0.9629,0.0369,2.0E-4,0.0],"evs":[0.0,-0.00489,-0.04161,-0.45624]},"A6o":{"weight":1.0,"played":[0.0,0.0,0.0,1.0],"evs":[0.0,1.56309,1.58335,1.6186]},"72s":{"weight":1.0,"played":[1.0,0.0,0.0,0.0],"evs":[0.0,-0.54131,-0.80944,-3.1337]},"73s":{"weight":1.0,"played":[1.0,0.0,0.0,0.0],"evs":[0.0,-0.44084,-0.68809,-2.54615]},"74s":{"weight":1.0,"played":[1.0,0.0,0.0,0.0],"evs":[0.0,-0.3181,-0.59103,-1.92512]},"75s":{"weight":1.0,"played":[1.0,0.0,0.0,0.0],"evs":[0.0,-0.19475,-0.46058,-1.35935]},"76s":{"weight":1.0,"played":[1.0,0.0,0.0,0.0],"evs":[0.0,-0.08601,-0.34855,-0.8019]},"77":{"weight":1.0,"played":[0.0,0.0068,0.0,0.9931],"evs":[0.0,4.49286,4.44432,4.51033]},"87o":{"weight":1.0,"played":[1.0,0.0,0.0,0.0],"evs":[0.0,-0.24999,-0.45975,-1.57902]},"97o":{"weight":1.0,"played":[1.0,0.0,0.0,0.0],"evs":[0.0,-0.26628,-0.43248,-1.68313]},"T7o":{"weight":1.0,"played":[1.0,0.0,0.0,0.0],"evs":[0.0,-0.25048,-0.36271,-1.65527]},"J7o":{"weight":1.0,"played":[1.0,0.0,0.0,0.0],"evs":[0.0,-0.25436,-0.34578,-1.62387]},"Q7o":{"weight":1.0,"played":[1.0,0.0,0.0,0.0],"evs":[0.0,-0.19902,-0.25306,-1.27746]},"K7o":{"weight":1.0,"played":[0.0,0.9863,0.0137,0.0],"evs":[0.0,0.08127,0.03983,-0.14766]},"A7o":{"weight":1.0,"played":[0.0,0.0,0.0,1.0],"evs":[0.0,2.13709,2.17765,2.21191]},"82s":{"weight":1.0,"played":[1.0,0.0,0.0,0.0],"evs":[0.0,-0.49517,-0.74499,-2.81394]},"83s":{"weight":1.0,"played":[1.0,0.0,0.0,0.0],"evs":[0.0,-0.46015,-0.7047,-2.69933]},"84s":{"weight":1.0,"played":[1.0,0.0,0.0,0.0],"evs":[0.0,-0.33702,-0.59127,-2.08394]},"85s":{"weight":1.0,"played":[1.0,0.0,0.0,0.0],"evs":[0.0,-0.22026,-0.49041,-1.46899]},"86s":{"weight":1.0,"played":[1.0,0.0,0.0,0.0],"evs":[0.0,-0.09971,-0.35607,-0.89264]},"87s":{"weight":1.0,"played":[0.4753,0.5246,2.0E-4,0.0],"evs":[0.0,0.0029,-0.20717,-0.30959]},"88":{"weight":1.0,"played":[0.0,0.4191,0.0,0.5808],"evs":[0.0,5.43305,5.3669,5.42294]},"98o":{"weight":1.0,"played":[1.0,0.0,0.0,0.0],"evs":[0.0,-0.15761,-0.32665,-1.13496]},"T8o":{"weight":1.0,"played":[1.0,0.0,0.0,0.0],"evs":[0.0,-0.11809,-0.23803,-1.04198]},"J8o":{"weight":1.0,"played":[1.0,0.0,0.0,0.0],"evs":[0.0,-0.12258,-0.2205,-0.98918]},"Q8o":{"weight":1.0,"played":[0.9983,0.0017,0.0,0.0],"evs":[0.0,-0.07094,-0.11841,-0.63694]},