{"equityUnit":"TABLE_EQUITY_PERCENT","conversionFactors":{"toUSD":9.0555,"toRegularPrizePercent":0.473614},"preHandEquity":[29.30663,18.72535,5.80886,28.38546,17.77371],"bubbleFactors":[[-1.0,1.027,0.473,1.224,0.944],[1.606,-1.0,0.531,1.604,1.212],[1.317,1.298,-1.0,1.317,1.293],[1.614,1.036,0.476,-1.0,0.952],[1.606,1.574,0.54,1.604,-1.0]]}