{"player":0,"street":0,"children":4,"sequence":[],"actions":[{"type":"F","amount":0,"node":1},{"type":"C","amount":100000,"node":33},{"type":"R","amount":200000},{"type":"R","amount":1795000,"node":477}],"hands":{"22":{"weight":1.0,"played":[0.0,0.4409,0.0,0.5591],"evs":[0.0,1.01494,0.77981,1.01928]},"32o":{"weight":1.0,"played":[1.0,0.0,0.0,0.0],"evs":[0.0,-0.82184,-1.25061,-3.32687]},"42o":{"weight":1.0,"played":[1.0,0.0,0.0,0.0],"evs":[0.0,-0.78105,-1.18092,-3.08368]},"52o":{"weight":1.0,"played":[1.0,0.0,0.0,0.0],"evs":[0.0,-0.74991,-1.1205,-2.84294]},"62o":{"weight":1.0,"played":[1.0,0.0,0.0,0.0],"evs":[0.0,-0.8312,-1.21973,-3.18284]},"72o":{"weight":1.0,"played":[1.0,0.0,0.0,0.0],"evs":[0.0,-0.86888,-1.28412,-3.45579]},"82o":{"weight":1.0,"played":[1.0,0.0,0.0,0.0],"evs":[0.0,-0.84815,-1.22399,-3.18444]},"92o":{"weight":1.0,"played":[1.0,0.0,0.0,0.0],"evs":[0.0,-0.81474,-1.18814,-3.00932]},"T2o":{"weight":1.0,"played":[1.0,0.0,0.0,0.0],"evs":[0.0,-0.75808,-1.08747,-2.74177]},"J2o":{"weight":1.0,"played":[1.0,0.0,0.0,0.0],"evs":[0.0,-0.69212,-0.98592,-2.44337]},"Q2o":{"weight":1.0,"played":[1.0,0.0,0.0,0.0],"evs":[0.0,-0.59268,-0.84832,-2.07499]},"K2o":{"weight":1.0,"played":[1.0,0.0,0.0,0.0],"evs":[0.0,-0.42977,-0.60459,-1.53783]},"A2o":{"weight":1.0,"played":[0.0,1.0,0.0,0.0],"evs":[0.0,0.30421,0.27449,0.15452]},"32s":{"weight":1.0,"played":[1.0,0.0,0.0,0.0],"evs":[0.0,-0.56877,-0.83704,-1.99889]},"33":{"weight":1.0,"played":[0.0,0.288,0.0,0.712],"evs":[0.0,1.48784,1.29606,1.49177]},"43o":{"weight":1.0,"played":[1.0,0.0,0.0,0.0],"evs":[0.0,-0.68456,-1.02064,-2.54362]},"53o":{"weight":1.0,"played":[1.0,0.0,0.0,0.0],"evs":[0.0,-0.63782,-0.93304,-2.29792]},"63o":{"weight":1.0,"played":[1.0,0.0,0.0,0.0],"evs":[0.0,-0.72315,-1.04401,-2.6287]},"73o":{"weight":1.0,"played":[1.0,0.0,0.0,0.0],"evs":[0.0,-0.78224,-1.12053,-2.90767]},"83o":{"weight":1.0,"played":[1.0,0.0,0.0,0.0],"evs":[0.0,-0.8254,-1.18344,-3.10709]},"93o":{"weight":1.0,"played":[1.0,0.0,0.0,0.0],"evs":[0.0,-0.78559,-1.12874,-2.8411]},"T3o":{"weight":1.0,"played":[1.0,0.0,0.0,0.0],"evs":[0.0,-0.72082,-1.02242,-2.56749]},"J3o":{"weight":1.0,"played":[1.0,0.0,0.0,0.0],"evs":[0.0,-0.64996,-0.91925,-2.25597]},"Q3o":{"weight":1.0,"played":[1.0,0.0,0.0,0.0],"evs":[0.0,-0.5508,-0.77296,-1.88562]},"K3o":{"weight":1.0,"played":[1.0,0.0,0.0,0.0],"evs":[0.0,-0.37025,-0.51283,-1.35323]},"A3o":{"weight":1.0,"played":[0.0,0.999,0.001,0.0],"evs":[0.0,0.42427,0.4006,0.35052]},"42s":{"weight":1.0,"played":[1.0,0.0,0.0,0.0],"evs":[0.0,-0.51682,-0.74493,-1.77306]},"43s":{"weight":1.0,"played":[1.0,0.0,0.0,0.0],"evs":[0.0,-0.37027,-0.51781,-1.2796]},"44":{"weight":1.0,"played":[0.0,0.0013,0.0,0.9987],"evs":[0.0,2.06911,1.93802,2.08725]},"54o":{"weight":1.0,"played":[1.0,0.0,0.0,0.0],"evs":[0.0,-0.5166,-0.72603,-1.73914]},"64o":{"weight":1.0,"played":[1.0,0.0,0.0,0.0],"evs":[0.0,-0.5987,-0.84104,-2.0466]},"74o":{"weight":1.0,"played":[1.0,0.0,0.0,0.0],"evs":[0.0,-0.66776,-0.93923,-2.32642]},"84o":{"weight":1.0,"played":[1.0,0.0,0.0,0.0],"evs":[0.0,-0.71799,-1.01257,-2.53029]},"94o":{"weight":1.0,"played":[1.0,0.0,0.0,0.0],"evs":[0.0,-0.75419,-1.08324,-2.71875]},"T4o":{"weight":1.0,"played":[1.0,0.0,0.0,0.0],"evs":[0.0,-0.67942,-0.96237,-2.3527]},"J4o":{"weight":1.0,"played":[1.0,0.0,0.0,0.0],"evs":[0.0,-0.60945,-0.85792,-2.05238]},"Q4o":{"weight":1.0,"played":[1.0,0.0,0.0,0.0],"evs":[0.0,-0.50003,-0.69575,-1.67724]},"K4o":{"weight":1.0,"played":[1.0,0.0,0.0,0.0],"evs":[0.0,-0.30649,-0.42391,-1.14466]},"A4o":{"weight":1.0,"played":[0.0,0.2832,1.0E-4,0.7167],"evs":[0.0,0.56908,0.54026,0.57021]},"52s":{"weight":1.0,"played":[1.0,0.0,0.0,0.0],"evs":[0.0,-0.46579,-0.66108,-1.56045]},"53s":{"weight":1.0,"played":[1.0,0.0,0.0,0.0],"evs":[0.0,-0.27561,-0.40073,-1.03616]},"54s":{"weight":1.0,"played":[1.0,0.0,0.0,0.0],"evs":[0.0,-0.02908,-0.12876,-0.50813]},"55":{"weight":1.0,"played":[0.0,0.0178,0.0,0.9822],"evs":[0.0,2.79605,2.7002,2.81194]},"65o":{"weight":1.0,"played":[1.0,0.0,0.0,0.0],"evs":[0.0,-0.46475,-0.61294,-1.47941]},"75o":{"weight":1.0,"played":[1.0,0.0,0.0,0.0],"evs":[0.0,-0.52611,-0.7164,-1.73548]},"85o":{"weight":1.0,"played":[1.0,0.0,0.0,0.0],"evs":[0.0,-0.59403,-0.80725,-1.93425]},"95o":{"weight":1.0,"played":[1.0,0.0,0.0,0.0],"evs":[0.0,-0.64446,-0.89849,-2.12879]},"T5o":{"weight":1.0,"played":[1.0,0.0,0.0,0.0],"evs":[0.0,-0.64528,-0.90997,-2.21981]},"J5o":{"weight":1.0,"played":[1.0,0.0,0.0,0.0],"evs":[0.0,-0.5633,-0.76737,-1.82134]},"Q5o":{"weight":1.0,"played":[1.0,0.0,0.0,0.0],"evs":[0.0,-0.44606,-0.60047,-1.45142]},"K5o":{"weight":1.0,"played":[1.0,0.0,0.0,0.0],"evs":[0.0,-0.22699,-0.31026,-0.90395]},"A5o":{"weight":1.0,"played":[0.0,0.0,0.0,1.0],"evs":[0.0,0.76088,0.72882,0.84052]},"62s":{"weight":1.0,"played":[1.0,0.0,0.0,0.0],"evs":[0.0,-0.56759,-0.79053,-1.85873]},"63s":{"weight":1.0,"played":[1.0,0.0,0.0,0.0],"evs":[0.0,-0.41426,-0.54824,-1.35036]},"64s":{"weight":1.0,"played":[1.0,0.0,0.0,0.0],"evs":[0.0,-0.18038,-0.28159,-0.80645]},"65s":{"weight":1.0,"played":[0.0,1.0,0.0,0.0],"evs":[0.0,0.08405,0.017,-0.27935]},"66":{"weight":1.0,"played":[0.0,0.2296,0.0,0.7704],"evs":[0.0,3.483,3.42186,3.48631]},"76o":{"weight":1.0,"played":[1.0,0.0,0.0,0.0],"evs":[0.0,-0.39505,-0.50212,-1.24015]},"86o":{"weight":1.0,"played":[1.0,0.0,0.0,0.0],"evs":[0.0,-0.45655,-0.58579,-1.41351]},"96o":{"weight":1.0,"played":[1.0,0.0,0.0,0.0],"evs":[0.0,-0.51869,-0.6884,-1.59664]},"T6o":{"weight":1.0,"played":[1.0,0.0,0.0,0.0],"evs":[0.0,-0.54656,-0.71874,-1.68471]},"J6o":{"weight":1.0,"played":[1.0,0.0,0.0,0.0],"evs":[0.0,-0.53942,-0.7145,-1.72614]},"Q6o":{"weight":1.0,"played":[1.0,0.0,0.0,0.0],"evs":[0.0,-0.40505,-0.51284,-1.26291]},"K6o":{"weight":1.0,"played":[1.0,0.0,0.0,0.0],"evs":[0.0,-0.16385,-0.2053,-0.69157]},"A6o":{"weight":1.0,"played":[0.0,0.5836,0.0,0.4164],"evs":[0.0,0.73186,0.71759,0.7299]},"72s":{"weight":1.0,"played":[1.0,0.0,0.0,0.0],"evs":[0.0,-0.61935,-0.88215,-2.12156]},"73s":{"weight":1.0,"played":[1.0,0.0,0.0,0.0],"evs":[0.0,-0.49183,-0.66738,-1.6147]},"74s":{"weight":1.0,"played":[1.0,0.0,0.0,0.0],"evs":[0.0,-0.31183,-0.42506,-1.0627]},"75s":{"weight":1.0,"played":[1.0,0.0,0.0,0.0],"evs":[0.0,-0.06265,-0.13975,-0.53307]},"76s":{"weight":1.0,"played":[0.0,1.0,0.0,0.0],"evs":[0.0,0.21247,0.15954,-0.06152]},"77":{"weight":1.0,"played":[0.0,0.0049,0.0,0.9951],"evs":[0.0,4.21935,4.18647,4.23972]},"87o":{"weight":1.0,"played":[1.0,0.0,0.0,0.0],"evs":[0.0,-0.30443,-0.39423,-0.99563]},"97o":{"weight":1.0,"played":[1.0,0.0,0.0,0.0],"evs":[0.0,-0.37172,-0.47976,-1.14801]},"T7o":{"weight":1.0,"played":[1.0,0.0,0.0,0.0],"evs":[0.0,-0.38639,-0.50423,-1.21758]},"J7o":{"weight":1.0,"played":[1.0,0.0,0.0,0.0],"evs":[0.0,-0.39016,-0.51,-1.26852]},"Q7o":{"weight":1.0,"played":[1.0,0.0,0.0,0.0],"evs":[0.0,-0.35234,-0.45823,-1.21937]},"K7o":{"weight":1.0,"played":[0.9999,1.0E-4,0.0,0.0],"evs":[0.0,-0.06512,-0.10155,-0.55219]},"A7o":{"weight":1.0,"played":[0.0,0.0028,0.0,0.9972],"evs":[0.0,1.13527,1.06825,1.148]},"82s":{"weight":1.0,"played":[1.0,0.0,0.0,0.0],"evs":[0.0,-0.57589,-0.8006,-1.87111]},"83s":{"weight":1.0,"played":[1.0,0.0,0.0,0.0],"evs":[0.0,-0.551,-0.75872,-1.8036]},"84s":{"weight":1.0,"played":[1.0,0.0,0.0,0.0],"evs":[0.0,-0.40145,-0.53561,-1.26539]},"85s":{"weight":1.0,"played":[1.0,0.0,0.0,0.0],"evs":[0.0,-0.1814,-0.26758,-0.70997]},"86s":{"weight":1.0,"played":[1.0E-4,0.9999,0.0,0.0],"evs":[0.0,0.073,0.02748,-0.21385]},"87s":{"weight":1.0,"played":[0.0,0.9978,0.0022,0.0],"evs":[0.0,0.34543,0.31927,0.16413]},"88":{"weight":1.0,"played":[0.0,0.4158,0.0,0.5842],"evs":[0.0,5.11374,5.08179,5.11427]},"98o":{"weight":1.0,"played":[1.0,0.0,0.0,0.0],"evs":[0.0,-0.19083,-0.25948,-0.68884]},"T8o":{"weight":1.0,"played":[1.0,0.0,0.0,0.0],"evs":[0.0,-0.18282,-0.26514,-0.71056]},"J8o":{"weight":1.0,"played":[1.0,0.0,0.0,0.0],"evs":[0.0,-0.19328,-0.27147,-0.76305]},"Q8o":{"weight":1.0,"played":[1.0,0.0,0.0,0.0],"evs":[0.0,-0.16379,-0.21391,-0.70781]},"K8o":{"weight":1.0,"played":[0.0,0.9971,0.0029,0.0],