{"player":1,"street":0,"children":4,"sequence":[{"player":0,"type":"C","amount":100000,"street":0}],"actions":[{"type":"F","amount":0,"node":34},{"type":"C","amount":100000,"node":137},{"type":"R","amount":300000},{"type":"R","amount":1795000,"node":446}],"hands":{"22":{"weight":1.0,"played":[2.0E-4,0.9998,0.0,0.0],"evs":[0.0,0.44695,0.05383,-0.10481]},"32o":{"weight":1.0,"played":[1.0,0.0,0.0,0.0],"evs":[0.0,-0.88583,-1.63537,-3.89904]},"42o":{"weight":1.0,"played":[1.0,0.0,0.0,0.0],"evs":[0.0,-0.81572,-1.52229,-3.63243]},"52o":{"weight":1.0,"played":[1.0,0.0,0.0,0.0],"evs":[0.0,-0.78673,-1.44053,-3.46306]},"62o":{"weight":1.0,"played":[1.0,0.0,0.0,0.0],"evs":[0.0,-0.91287,-1.59829,-3.88698]},"72o":{"weight":1.0,"played":[1.0,0.0,0.0,0.0],"evs":[0.0,-0.98425,-1.71796,-4.23724]},"82o":{"weight":1.0,"played":[1.0,0.0,0.0,0.0],"evs":[0.0,-0.97073,-1.62577,-3.97234]},"92o":{"weight":1.0,"played":[1.0,0.0,0.0,0.0],"evs":[0.0,-0.97982,-1.69046,-3.88163]},"T2o":{"weight":1.0,"played":[1.0,0.0,0.0,0.0],"evs":[0.0,-0.88836,-1.46832,-3.37154]},"J2o":{"weight":1.0,"played":[1.0,0.0,0.0,0.0],"evs":[0.0,-0.80438,-1.27204,-2.8032]},"Q2o":{"weight":1.0,"played":[1.0,0.0,0.0,0.0],"evs":[0.0,-0.73826,-1.15684,-2.37007]},"K2o":{"weight":1.0,"played":[1.0,0.0,0.0,0.0],"evs":[0.0,-0.5827,-0.9434,-1.72927]},"A2o":{"weight":1.0,"played":[0.1965,0.8035,0.0,0.0],"evs":[0.0,0.00233,-0.13746,-0.33431]},"32s":{"weight":1.0,"played":[1.0,0.0,0.0,0.0],"evs":[0.0,-0.56854,-1.1176,-2.59705]},"33":{"weight":1.0,"played":[0.0,0.9999,0.0,1.0E-4],"evs":[0.0,0.74913,0.45714,0.49004]},"43o":{"weight":1.0,"played":[1.0,0.0,0.0,0.0],"evs":[0.0,-0.69518,-1.28088,-3.04344]},"53o":{"weight":1.0,"played":[1.0,0.0,0.0,0.0],"evs":[0.0,-0.6341,-1.17557,-2.81342]},"63o":{"weight":1.0,"played":[1.0,0.0,0.0,0.0],"evs":[0.0,-0.77088,-1.34634,-3.22482]},"73o":{"weight":1.0,"played":[1.0,0.0,0.0,0.0],"evs":[0.0,-0.86789,-1.48555,-3.59651]},"83o":{"weight":1.0,"played":[1.0,0.0,0.0,0.0],"evs":[0.0,-0.95104,-1.58904,-3.85366]},"93o":{"weight":1.0,"played":[1.0,0.0,0.0,0.0],"evs":[0.0,-0.94895,-1.6181,-3.65726]},"T3o":{"weight":1.0,"played":[1.0,0.0,0.0,0.0],"evs":[0.0,-0.84256,-1.36169,-3.12691]},"J3o":{"weight":1.0,"played":[1.0,0.0,0.0,0.0],"evs":[0.0,-0.75936,-1.19254,-2.57044]},"Q3o":{"weight":1.0,"played":[1.0,0.0,0.0,0.0],"evs":[0.0,-0.67659,-1.06771,-2.12835]},"K3o":{"weight":1.0,"played":[1.0,0.0,0.0,0.0],"evs":[0.0,-0.54408,-0.8613,-1.51984]},"A3o":{"weight":1.0,"played":[0.0,1.0,0.0,0.0],"evs":[0.0,0.10071,-0.00177,-0.10432]},"42s":{"weight":1.0,"played":[1.0,0.0,0.0,0.0],"evs":[0.0,-0.49415,-0.98594,-2.31493]},"43s":{"weight":1.0,"played":[1.0,0.0,0.0,0.0],"evs":[0.0,-0.31597,-0.73627,-1.7735]},"44":{"weight":1.0,"played":[0.0,0.9991,0.0,9.0E-4],"evs":[0.0,1.131,0.97118,1.10185]},"54o":{"weight":1.0,"played":[1.0,0.0,0.0,0.0],"evs":[0.0,-0.48022,-0.91986,-2.22662]},"64o":{"weight":1.0,"played":[1.0,0.0,0.0,0.0],"evs":[0.0,-0.59787,-1.07062,-2.60132]},"74o":{"weight":1.0,"played":[1.0,0.0,0.0,0.0],"evs":[0.0,-0.70237,-1.19313,-2.95323]},"84o":{"weight":1.0,"played":[1.0,0.0,0.0,0.0],"evs":[0.0,-0.80663,-1.30917,-3.21028]},"94o":{"weight":1.0,"played":[1.0,0.0,0.0,0.0],"evs":[0.0,-0.89469,-1.52514,-3.48376]},"T4o":{"weight":1.0,"played":[1.0,0.0,0.0,0.0],"evs":[0.0,-0.78537,-1.25842,-2.87004]},"J4o":{"weight":1.0,"played":[1.0,0.0,0.0,0.0],"evs":[0.0,-0.69265,-1.06762,-2.3228]},"Q4o":{"weight":1.0,"played":[1.0,0.0,0.0,0.0],"evs":[0.0,-0.61226,-0.93586,-1.86533]},"K4o":{"weight":1.0,"played":[1.0,0.0,0.0,0.0],"evs":[0.0,-0.46428,-0.72317,-1.23666]},"A4o":{"weight":1.0,"played":[0.0,1.0,0.0,0.0],"evs":[0.0,0.2074,0.12879,0.15194]},"52s":{"weight":1.0,"played":[1.0,0.0,0.0,0.0],"evs":[0.0,-0.43267,-0.90078,-2.15974]},"53s":{"weight":1.0,"played":[1.0,0.0,0.0,0.0],"evs":[0.0,-0.22084,-0.65026,-1.58684]},"54s":{"weight":1.0,"played":[1.0,0.0,0.0,0.0],"evs":[0.0,-0.01174,-0.33313,-1.01126]},"55":{"weight":1.0,"played":[0.0,0.563,0.0,0.4369],"evs":[0.0,1.64131,1.46215,1.65707]},"65o":{"weight":1.0,"played":[1.0,0.0,0.0,0.0],"evs":[0.0,-0.43838,-0.81623,-2.06685]},"75o":{"weight":1.0,"played":[1.0,0.0,0.0,0.0],"evs":[0.0,-0.5299,-0.93633,-2.38424]},"85o":{"weight":1.0,"played":[1.0,0.0,0.0,0.0],"evs":[0.0,-0.6457,-1.052,-2.63238]},"95o":{"weight":1.0,"played":[1.0,0.0,0.0,0.0],"evs":[0.0,-0.77757,-1.29477,-2.92596]},"T5o":{"weight":1.0,"played":[1.0,0.0,0.0,0.0],"evs":[0.0,-0.74703,-1.19943,-2.79665]},"J5o":{"weight":1.0,"played":[1.0,0.0,0.0,0.0],"evs":[0.0,-0.64171,-0.97889,-2.14058]},"Q5o":{"weight":1.0,"played":[1.0,0.0,0.0,0.0],"evs":[0.0,-0.54423,-0.82116,-1.65619]},"K5o":{"weight":1.0,"played":[1.0,0.0,0.0,0.0],"evs":[0.0,-0.37046,-0.58124,-1.05226]},"A5o":{"weight":1.0,"played":[0.0,0.7134,0.0054,0.2812],"evs":[0.0,0.35782,0.30687,0.34379]},"62s":{"weight":1.0,"played":[1.0,0.0,0.0,0.0],"evs":[0.0,-0.58412,-1.06735,-2.55048]},"63s":{"weight":1.0,"played":[1.0,0.0,0.0,0.0],"evs":[0.0,-0.38529,-0.80215,-1.94451]},"64s":{"weight":1.0,"played":[1.0,0.0,0.0,0.0],"evs":[0.0,-0.16867,-0.49693,-1.34972]},"65s":{"weight":1.0,"played":[0.0271,0.9729,0.0,0.0],"evs":[0.0,0.05135,-0.18598,-0.86793]},"66":{"weight":1.0,"played":[0.0,0.9805,0.0,0.0195],"evs":[0.0,2.21172,1.98416,2.17645]},"76o":{"weight":1.0,"played":[1.0,0.0,0.0,0.0],"evs":[0.0,-0.39617,-0.74628,-1.96049]},"86o":{"weight":1.0,"played":[1.0,0.0,0.0,0.0],"evs":[0.0,-0.51204,-0.85158,-2.16679]},"96o":{"weight":1.0,"played":[1.0,0.0,0.0,0.0],"evs":[0.0,-0.64992,-1.09421,-2.47723]},"T6o":{"weight":1.0,"played":[1.0,0.0,0.0,0.0],"evs":[0.0,-0.63945,-0.99747,-2.33277]},"J6o":{"weight":1.0,"played":[1.0,0.0,0.0,0.0],"evs":[0.0,-0.62684,-0.95445,-2.10101]},"Q6o":{"weight":1.0,"played":[1.0,0.0,0.0,0.0],"evs":[0.0,-0.52258,-0.76971,-1.5621]},"K6o":{"weight":1.0,"played":[1.0,0.0,0.0,0.0],"evs":[0.0,-0.34112,-0.50455,-0.91869]},"A6o":{"weight":1.0,"played":[0.0,1.0,0.0,0.0],"evs":[0.0,0.267,0.21333,0.06465]},"72s":{"weight":1.0,"played":[1.0,0.0,0.0,0.0],"evs":[0.0,-0.65472,-1.15622,-2.84914]},"73s":{"weight":1.0,"played":[1.0,0.0,0.0,0.0],"evs":[0.0,-0.49468,-0.93352,-2.28286]},"74s":{"weight":1.0,"played":[1.0,0.0,0.0,0.0],"evs":[0.0,-0.28394,-0.64099,-1.66721]},"75s":{"weight":1.0,"played":[1.0,0.0,0.0,0.0],"evs":[0.0,-0.07037,-0.35092,-1.15359]},"76s":{"weight":1.0,"played":[0.0075,0.9924,1.0E-4,0.0],"evs":[0.0,0.1158,-0.09746,-0.74854]},"77":{"weight":1.0,"played":[0.0,0.3615,0.0,0.6385],"evs":[0.0,2.8638,2.66468,2.86426]},"87o":{"weight":1.0,"played":[1.0,0.0,0.0,0.0],"evs":[0.0,-0.37094,-0.65995,-1.77148]},"97o":{"weight":1.0,"played":[1.0,0.0,0.0,0.0],"evs":[0.0,-0.50168,-0.87172,-2.02865]},"T7o":{"weight":1.0,"played":[1.0,0.0,0.0,0.0],"evs":[0.0,-0.46943,-0.74066,-1.85421]},"J7o":{"weight":1.0,"played":[1.0,0.0,0.0,0.0],"evs":[0.0,-0.48205,-0.70804,-1.65986]},"Q7o":{"weight":1.0,"played":[1.0,0.0,0.0,0.0],"evs":[0.0,-0.46321,-0.68485,-1.5274]},"K7o":{"weight":1.0,"played":[1.0,0.0,0.0,0.0],"evs":[0.0,-0.26306,-0.37291,-0.82236]},"A7o":{"weight":1.0,"played":[0.0,0.9992,8.0E-4,0.0],"evs":[0.0,0.53908,0.46068,0.39753]},"82s":{"weight":1.0,"played":[1.0,0.0,0.0,0.0],"evs":[0.0,-0.62077,-1.08669,-2.60536]},"83s":{"weight":1.0,"played":[1.0,0.0,0.0,0.0],"evs":[0.0,-0.59347,-1.03223,-2.48553]},"84s":{"weight":1.0,"played":[1.0,0.0,0.0,0.0],"evs":[0.0,-0.40056,-0.75456,-1.89624]},"85s":{"weight":1.0,"played":[1.0,0.0,0.0,0.0],"evs":[0.0,-0.17684,-0.49626,-1.35307]},"86s":{"weight":1.0,"played":[1.0,0.0,0.0,0.0],"evs":[0.0,-0.01754,-0.24364,-0.93003]},"87s":{"weight":1.0,"played":[0.0023,0.9977,0.0,0.0],"evs":[0.0,0.16271,0.00737,-0.53463]},"88":{"weight":1.0,"played":[0.0,0.2014,0.0,0.7986],"evs":[0.0,3.69108,3.52485,3.694]},"98o":{"weight":1.0,"played":[1.0,0.0,0.0,0.0],"evs":[0.0,-0.36915,-0.67841,-1.59646]},"T8o":{"weight":1.0,"played":[1.0,0.0,0.0,0.0],"evs":[0.0,-0.31329,-0.53231,-1.37927]},"J8o":{"weight":1.0,"played":[1.0,0.0,0.0,0.0],"evs":[0.0,-0.31737,-0.45938,-1.14867]},"Q8o":{"weight":1.0,"played":[1.0,0.0,0.0,0.0],