{"player":1,"street":0,"children":3,"sequence":[{"player":0,"type":"R","amount":4820000,"street":0}],"actions":[{"type":"F","amount":0,"node":34},{"type":"C","amount":4820000,"node":68},{"type":"R","amount":8820000,"node":97}],"hands":{"22":{"weight":1.0,"played":[1.0,0.0,0.0],"evs":[0.0,-0.31797,-0.30209]},"32o":{"weight":1.0,"played":[1.0,0.0,0.0],"evs":[0.0,-3.51164,-3.62204]},"42o":{"weight":1.0,"played":[1.0,0.0,0.0],"evs":[0.0,-3.38308,-3.482]},"52o":{"weight":1.0,"played":[1.0,0.0,0.0],"evs":[0.0,-3.25669,-3.34965]},"62o":{"weight":1.0,"played":[1.0,0.0,0.0],"evs":[0.0,-3.45034,-3.56835]},"72o":{"weight":1.0,"played":[1.0,0.0,0.0],"evs":[0.0,-3.64532,-3.79528]},"82o":{"weight":1.0,"played":[1.0,0.0,0.0],"evs":[0.0,-3.44818,-3.59847]},"92o":{"weight":1.0,"played":[1.0,0.0,0.0],"evs":[0.0,-3.36359,-3.47909]},"T2o":{"weight":1.0,"played":[1.0,0.0,0.0],"evs":[0.0,-3.24397,-3.33325]},"J2o":{"weight":1.0,"played":[1.0,0.0,0.0],"evs":[0.0,-3.19219,-3.25699]},"Q2o":{"weight":1.0,"played":[1.0,0.0,0.0],"evs":[0.0,-2.97149,-3.02805]},"K2o":{"weight":1.0,"played":[1.0,0.0,0.0],"evs":[0.0,-2.65711,-2.70327]},"A2o":{"weight":1.0,"played":[1.0,0.0,0.0],"evs":[0.0,-1.53982,-1.57615]},"32s":{"weight":1.0,"played":[1.0,0.0,0.0],"evs":[0.0,-2.6188,-2.63841]},"33":{"weight":1.0,"played":[0.5222,1.0E-4,0.4777],"evs":[0.0,-0.01273,0.00315]},"43o":{"weight":1.0,"played":[1.0,0.0,0.0],"evs":[0.0,-3.03577,-3.09952]},"53o":{"weight":1.0,"played":[1.0,0.0,0.0],"evs":[0.0,-2.90083,-2.95406]},"63o":{"weight":1.0,"played":[1.0,0.0,0.0],"evs":[0.0,-3.09951,-3.18333]},"73o":{"weight":1.0,"played":[1.0,0.0,0.0],"evs":[0.0,-3.29527,-3.40661]},"83o":{"weight":1.0,"played":[1.0,0.0,0.0],"evs":[0.0,-3.42644,-3.57445]},"93o":{"weight":1.0,"played":[1.0,0.0,0.0],"evs":[0.0,-3.28059,-3.38745]},"T3o":{"weight":1.0,"played":[1.0,0.0,0.0],"evs":[0.0,-3.15237,-3.23157]},"J3o":{"weight":1.0,"played":[1.0,0.0,0.0],"evs":[0.0,-3.10231,-3.16065]},"Q3o":{"weight":1.0,"played":[1.0,0.0,0.0],"evs":[0.0,-2.88313,-2.93458]},"K3o":{"weight":1.0,"played":[1.0,0.0,0.0],"evs":[0.0,-2.56998,-2.60704]},"A3o":{"weight":1.0,"played":[1.0,0.0,0.0],"evs":[0.0,-1.43367,-1.46115]},"42s":{"weight":1.0,"played":[1.0,0.0,0.0],"evs":[0.0,-2.49758,-2.5097]},"43s":{"weight":1.0,"played":[1.0,0.0,0.0],"evs":[0.0,-2.18534,-2.1671]},"44":{"weight":1.0,"played":[0.0,0.0,1.0],"evs":[0.0,0.45205,0.46624]},"54o":{"weight":1.0,"played":[1.0,0.0,0.0],"evs":[0.0,-2.52867,-2.54789]},"64o":{"weight":1.0,"played":[1.0,0.0,0.0],"evs":[0.0,-2.71923,-2.76848]},"74o":{"weight":1.0,"played":[1.0,0.0,0.0],"evs":[0.0,-2.92228,-3.00148]},"84o":{"weight":1.0,"played":[1.0,0.0,0.0],"evs":[0.0,-3.05707,-3.16746]},"94o":{"weight":1.0,"played":[1.0,0.0,0.0],"evs":[0.0,-3.2334,-3.3406]},"T4o":{"weight":1.0,"played":[1.0,0.0,0.0],"evs":[0.0,-3.04291,-3.11512]},"J4o":{"weight":1.0,"played":[1.0,0.0,0.0],"evs":[0.0,-2.99046,-3.04047]},"Q4o":{"weight":1.0,"played":[1.0,0.0,0.0],"evs":[0.0,-2.76766,-2.80702]},"K4o":{"weight":1.0,"played":[1.0,0.0,0.0],"evs":[0.0,-2.45832,-2.48938]},"A4o":{"weight":1.0,"played":[1.0,0.0,0.0],"evs":[0.0,-1.2827,-1.30182]},"52s":{"weight":1.0,"played":[1.0,0.0,0.0],"evs":[0.0,-2.38776,-2.39197]},"53s":{"weight":1.0,"played":[1.0,0.0,0.0],"evs":[0.0,-2.05073,-2.02494]},"54s":{"weight":1.0,"played":[1.0,0.0,0.0],"evs":[0.0,-1.67106,-1.64837]},"55":{"weight":1.0,"played":[0.0,0.0016,0.9984],"evs":[0.0,0.95785,0.96989]},"65o":{"weight":1.0,"played":[1.0,0.0,0.0],"evs":[0.0,-2.36978,-2.38942]},"75o":{"weight":1.0,"played":[1.0,0.0,0.0],"evs":[0.0,-2.55047,-2.59346]},"85o":{"weight":1.0,"played":[1.0,0.0,0.0],"evs":[0.0,-2.68693,-2.76429]},"95o":{"weight":1.0,"played":[1.0,0.0,0.0],"evs":[0.0,-2.87234,-2.94741]},"T5o":{"weight":1.0,"played":[1.0,0.0,0.0],"evs":[0.0,-3.00723,-3.07722]},"J5o":{"weight":1.0,"played":[1.0,0.0,0.0],"evs":[0.0,-2.88676,-2.92868]},"Q5o":{"weight":1.0,"played":[1.0,0.0,0.0],"evs":[0.0,-2.66291,-2.69698]},"K5o":{"weight":1.0,"played":[1.0,0.0,0.0],"evs":[0.0,-2.35045,-2.37304]},"A5o":{"weight":1.0,"played":[1.0,0.0,0.0],"evs":[0.0,-1.04816,-1.05639]},"62s":{"weight":1.0,"played":[1.0,0.0,0.0],"evs":[0.0,-2.56262,-2.5941]},"63s":{"weight":1.0,"played":[1.0,0.0,0.0],"evs":[0.0,-2.24145,-2.2365]},"64s":{"weight":1.0,"played":[1.0,0.0,0.0],"evs":[0.0,-1.86926,-1.84496]},"65s":{"weight":1.0,"played":[1.0,0.0,0.0],"evs":[0.0,-1.51235,-1.49046]},"66":{"weight":1.0,"played":[0.0,0.0,1.0],"evs":[0.0,1.44332,1.45802]},"76o":{"weight":1.0,"played":[1.0,0.0,0.0],"evs":[0.0,-2.19287,-2.21494]},"86o":{"weight":1.0,"played":[1.0,0.0,0.0],"evs":[0.0,-2.30312,-2.35834]},"96o":{"weight":1.0,"played":[1.0,0.0,0.0],"evs":[0.0,-2.47042,-2.51824]},"T6o":{"weight":1.0,"played":[1.0,0.0,0.0],"evs":[0.0,-2.60953,-2.65391]},"J6o":{"weight":1.0,"played":[1.0,0.0,0.0],"evs":[0.0,-2.80949,-2.85405]},"Q6o":{"weight":1.0,"played":[1.0,0.0,0.0],"evs":[0.0,-2.52443,-2.55513]},"K6o":{"weight":1.0,"played":[1.0,0.0,0.0],"evs":[0.0,-2.20331,-2.22438]},"A6o":{"weight":1.0,"played":[1.0,0.0,0.0],"evs":[0.0,-1.06309,-1.10212]},"72s":{"weight":1.0,"played":[1.0,0.0,0.0],"evs":[0.0,-2.74335,-2.80252]},"73s":{"weight":1.0,"played":[1.0,0.0,0.0],"evs":[0.0,-2.42333,-2.44583]},"74s":{"weight":1.0,"played":[1.0,0.0,0.0],"evs":[0.0,-2.07405,-2.06759]},"75s":{"weight":1.0,"played":[1.0,0.0,0.0],"evs":[0.0,-1.72193,-1.69141]},"76s":{"weight":1.0,"played":[1.0,0.0,0.0],"evs":[0.0,-1.35149,-1.32302]},"77":{"weight":1.0,"played":[0.0,0.0,1.0],"evs":[0.0,1.91317,1.94046]},"87o":{"weight":1.0,"played":[1.0,0.0,0.0],"evs":[0.0,-2.00275,-2.04205]},"97o":{"weight":1.0,"played":[1.0,0.0,0.0],"evs":[0.0,-2.15425,-2.18253]},"T7o":{"weight":1.0,"played":[1.0,0.0,0.0],"evs":[0.0,-2.26701,-2.28881]},"J7o":{"weight":1.0,"played":[1.0,0.0,0.0],"evs":[0.0,-2.47013,-2.49498]},"Q7o":{"weight":1.0,"played":[1.0,0.0,0.0],"evs":[0.0,-2.49767,-2.5316]},"K7o":{"weight":1.0,"played":[1.0,0.0,0.0],"evs":[0.0,-2.11766,-2.1365]},"A7o":{"weight":1.0,"played":[1.0,0.0,0.0],"evs":[0.0,-0.60775,-0.63467]},"82s":{"weight":1.0,"played":[1.0,0.0,0.0],"evs":[0.0,-2.54478,-2.60784]},"83s":{"weight":1.0,"played":[1.0,0.0,0.0],"evs":[0.0,-2.54072,-2.59713]},"84s":{"weight":1.0,"played":[1.0,0.0,0.0],"evs":[0.0,-2.18022,-2.20697]},"85s":{"weight":1.0,"played":[1.0,0.0,0.0],"evs":[0.0,-1.84432,-1.83695]},"86s":{"weight":1.0,"played":[1.0,0.0,0.0],"evs":[0.0,-1.47724,-1.46371]},"87s":{"weight":1.0,"played":[1.0,0.0,0.0],"evs":[0.0,-1.17523,-1.15807]},"88":{"weight":1.0,"played":[0.0,0.5592,0.4408],"evs":[0.0,2.50229,2.5028]},"98o":{"weight":1.0,"played":[1.0,0.0,0.0],"evs":[0.0,-1.82,-1.84713]},"T8o":{"weight":1.0,"played":[1.0,0.0,0.0],"evs":[0.0,-1.89802,-1.91158]},"J8o":{"weight":1.0,"played":[1.0,0.0,0.0],"evs":[0.0,-2.10146,-2.11574]},"Q8o":{"weight":1.0,"played":[1.0,0.0,0.0],"evs":[0.0,-2.13387,-2.16096]},"K8o":{"weight":1.0,"played":[1.0,0.0,0.0],"evs":[0.0,-2.03624,-2.06867]},"A8o":{"weight":1.0,"played":[1.0,0.0,0.0],"evs":[0.0,-0.0748,-0.10788]},"92s":{"weight":1.0,"played":[1.0,0.0,0.0],"evs":[0.0,-2.47245,-2.50048]},"93s":{"weight":1.0,"played":[1.0,0.0,0.0],"evs":[0.0,-2.39306,-2.41335]},"94s":{"weight":1.0,"played":[1.0,0.0,0.0],"evs":[0.0,-2.35756,-2.37884]},"95s":{"weight":1.0,"played":[1.0,0.0,0.0],"evs":[0.0,-2.02621,-2.01439]},"96s":{"weight":1.0,"played":[1.0,0.0,0.0],"evs":[0.0,-1.62907,-1.60772]},"97s":{"weight":1.0,"played":[1.0,0.0,0.0],"evs":[0.0,-1.32023,-1.29295]},"98s":{"weight":1.0,"played":[1.0,0.0,0.0],"evs":[0.0,-0.99442,-0.97892]},"99":{"weight":1.0,"played":[0.0,1.0E-4,0.9999],"evs":[0.0,3.21793,3.22658]},"T9o":{"weight":1.0,"played":[1.0,0.0,0.0],"evs":[0.0,-1.56255,-1.54013]},"J9o":{"weight":1.0,"played":[1.0,0.0,0.0],"evs":[0.0,-1.75935,-1.73102]},"Q9o":{"weight":1.0,"played":[1.0,0.0,0.0],"evs":[0.0,-1.79644,-1.77659]},"K9o":{"weight":1.0,"played":[1.0,0.0,0.0],"evs":[0.0,-1.65176,-1.64068]},"A9o":{"weight":1.0,"played":[0.0,0.6164,0.3836],"evs":[0.0,0.53819,0.53808]},"T2s":{"weight":1.0,"played":[1.0,0.0,0.0],"evs":[0.0,-2.34833,-2.34699]},