{"player":1,"street":0,"children":3,"sequence":[{"player":0,"type":"R","amount":685000,"street":0}],"actions":[{"type":"F","amount":0,"node":164},{"type":"C","amount":685000},{"type":"R","amount":1435000,"node":189}],"hands":{"22":{"weight":1.0,"played":[0.0,0.0528,0.9472],"evs":[0.0,1.01446,1.01779]},"32o":{"weight":1.0,"played":[1.0,0.0,0.0],"evs":[0.0,-4.92341,-4.96771]},"42o":{"weight":1.0,"played":[1.0,0.0,0.0],"evs":[0.0,-4.54928,-4.57175]},"52o":{"weight":1.0,"played":[1.0,0.0,0.0],"evs":[0.0,-4.22261,-4.25465]},"62o":{"weight":1.0,"played":[1.0,0.0,0.0],"evs":[0.0,-4.75648,-4.79459]},"72o":{"weight":1.0,"played":[1.0,0.0,0.0],"evs":[0.0,-5.36373,-5.39929]},"82o":{"weight":1.0,"played":[1.0,0.0,0.0],"evs":[0.0,-5.03791,-5.05995]},"92o":{"weight":1.0,"played":[1.0,0.0,0.0],"evs":[0.0,-4.97905,-4.97766]},"T2o":{"weight":1.0,"played":[1.0,0.0,0.0],"evs":[0.0,-4.57424,-4.56678]},"J2o":{"weight":1.0,"played":[1.0,0.0,0.0],"evs":[0.0,-4.07561,-4.06946]},"Q2o":{"weight":1.0,"played":[1.0,0.0,0.0],"evs":[0.0,-3.37252,-3.3838]},"K2o":{"weight":1.0,"played":[1.0,0.0,0.0],"evs":[0.0,-2.49218,-2.47293]},"A2o":{"weight":1.0,"played":[0.0,0.0529,0.9471],"evs":[0.0,0.11054,0.11254]},"32s":{"weight":1.0,"played":[1.0,0.0,0.0],"evs":[0.0,-2.80698,-2.83358]},"33":{"weight":1.0,"played":[0.0,0.0144,0.9856],"evs":[0.0,1.87879,1.90485]},"43o":{"weight":1.0,"played":[1.0,0.0,0.0],"evs":[0.0,-3.67963,-3.69939]},"53o":{"weight":1.0,"played":[1.0,0.0,0.0],"evs":[0.0,-3.30513,-3.32945]},"63o":{"weight":1.0,"played":[1.0,0.0,0.0],"evs":[0.0,-3.82863,-3.86365]},"73o":{"weight":1.0,"played":[1.0,0.0,0.0],"evs":[0.0,-4.45359,-4.48134]},"83o":{"weight":1.0,"played":[1.0,0.0,0.0],"evs":[0.0,-4.86458,-4.89335]},"93o":{"weight":1.0,"played":[1.0,0.0,0.0],"evs":[0.0,-4.67554,-4.67836]},"T3o":{"weight":1.0,"played":[1.0,0.0,0.0],"evs":[0.0,-4.27895,-4.2721]},"J3o":{"weight":1.0,"played":[1.0,0.0,0.0],"evs":[0.0,-3.7691,-3.76403]},"Q3o":{"weight":1.0,"played":[1.0,0.0,0.0],"evs":[0.0,-3.08599,-3.0871]},"K3o":{"weight":1.0,"played":[1.0,0.0,0.0],"evs":[0.0,-2.1798,-2.16559]},"A3o":{"weight":1.0,"played":[0.0,6.0E-4,0.9994],"evs":[0.0,0.50235,0.51837]},"42s":{"weight":1.0,"played":[1.0,0.0,0.0],"evs":[0.0,-2.4822,-2.49631]},"43s":{"weight":1.0,"played":[1.0,0.0,0.0],"evs":[0.0,-1.64992,-1.65167]},"44":{"weight":1.0,"played":[0.0,0.0,1.0],"evs":[0.0,2.85714,2.90424]},"54o":{"weight":1.0,"played":[1.0,0.0,0.0],"evs":[0.0,-2.41149,-2.40321]},"64o":{"weight":1.0,"played":[1.0,0.0,0.0],"evs":[0.0,-2.88398,-2.88923]},"74o":{"weight":1.0,"played":[1.0,0.0,0.0],"evs":[0.0,-3.47512,-3.48232]},"84o":{"weight":1.0,"played":[1.0,0.0,0.0],"evs":[0.0,-3.93694,-3.93818]},"94o":{"weight":1.0,"played":[1.0,0.0,0.0],"evs":[0.0,-4.47365,-4.4597]},"T4o":{"weight":1.0,"played":[1.0,0.0,0.0],"evs":[0.0,-3.94041,-3.91139]},"J4o":{"weight":1.0,"played":[1.0,0.0,0.0],"evs":[0.0,-3.46975,-3.44555]},"Q4o":{"weight":1.0,"played":[1.0,0.0,0.0],"evs":[0.0,-2.73624,-2.73122]},"K4o":{"weight":1.0,"played":[1.0,0.0,0.0],"evs":[0.0,-1.84192,-1.82166]},"A4o":{"weight":1.0,"played":[0.0,0.0017,0.9983],"evs":[0.0,0.86422,0.87837]},"52s":{"weight":1.0,"played":[1.0,0.0,0.0],"evs":[0.0,-2.13816,-2.14748]},"53s":{"weight":1.0,"played":[1.0,0.0,0.0],"evs":[0.0,-1.31611,-1.33093]},"54s":{"weight":1.0,"played":[1.0,0.0,0.0],"evs":[0.0,-0.51644,-0.5031]},"55":{"weight":1.0,"played":[0.0,0.0021,0.9979],"evs":[0.0,3.91029,3.96713]},"65o":{"weight":1.0,"played":[1.0,0.0,0.0],"evs":[0.0,-2.05067,-2.06197]},"75o":{"weight":1.0,"played":[1.0,0.0,0.0],"evs":[0.0,-2.5758,-2.5865]},"85o":{"weight":1.0,"played":[1.0,0.0,0.0],"evs":[0.0,-2.97969,-2.97812]},"95o":{"weight":1.0,"played":[1.0,0.0,0.0],"evs":[0.0,-3.56844,-3.54135]},"T5o":{"weight":1.0,"played":[1.0,0.0,0.0],"evs":[0.0,-3.75262,-3.73136]},"J5o":{"weight":1.0,"played":[1.0,0.0,0.0],"evs":[0.0,-3.12136,-3.09969]},"Q5o":{"weight":1.0,"played":[1.0,0.0,0.0],"evs":[0.0,-2.40091,-2.39249]},"K5o":{"weight":1.0,"played":[1.0,0.0,0.0],"evs":[0.0,-1.44753,-1.42249]},"A5o":{"weight":1.0,"played":[0.0,0.0,1.0],"evs":[0.0,1.3491,1.36943]},"62s":{"weight":1.0,"played":[1.0,0.0,0.0],"evs":[0.0,-2.6527,-2.66863]},"63s":{"weight":1.0,"played":[1.0,0.0,0.0],"evs":[0.0,-1.77548,-1.78617]},"64s":{"weight":1.0,"played":[1.0,0.0,0.0],"evs":[0.0,-0.86622,-0.85128]},"65s":{"weight":1.0,"played":[0.9948,0.004,0.0012],"evs":[0.0,-0.10962,-0.09486]},"66":{"weight":1.0,"played":[0.0,9.0E-4,0.9991],"evs":[0.0,4.89669,4.9511]},"76o":{"weight":1.0,"played":[1.0,0.0,0.0],"evs":[0.0,-1.79208,-1.79211]},"86o":{"weight":1.0,"played":[1.0,0.0,0.0],"evs":[0.0,-2.12271,-2.11291]},"96o":{"weight":1.0,"played":[1.0,0.0,0.0],"evs":[0.0,-2.66308,-2.63969]},"T6o":{"weight":1.0,"played":[1.0,0.0,0.0],"evs":[0.0,-2.87548,-2.84527]},"J6o":{"weight":1.0,"played":[1.0,0.0,0.0],"evs":[0.0,-2.92466,-2.91412]},"Q6o":{"weight":1.0,"played":[1.0,0.0,0.0],"evs":[0.0,-2.08599,-2.08203]},"K6o":{"weight":1.0,"played":[1.0,0.0,0.0],"evs":[0.0,-1.07854,-1.05831]},"A6o":{"weight":1.0,"played":[0.0,1.0E-4,0.9999],"evs":[0.0,1.19451,1.20297]},"72s":{"weight":1.0,"played":[1.0,0.0,0.0],"evs":[0.0,-3.16503,-3.17989]},"73s":{"weight":1.0,"played":[1.0,0.0,0.0],"evs":[0.0,-2.29343,-2.30241]},"74s":{"weight":1.0,"played":[1.0,0.0,0.0],"evs":[0.0,-1.43445,-1.42146]},"75s":{"weight":1.0,"played":[1.0,0.0,0.0],"evs":[0.0,-0.54548,-0.54223]},"76s":{"weight":1.0,"played":[0.0,0.2368,0.7632],"evs":[0.0,0.17849,0.18993]},"77":{"weight":1.0,"played":[0.0,0.0041,0.9959],"evs":[0.0,5.95016,6.01477]},"87o":{"weight":1.0,"played":[1.0,0.0,0.0],"evs":[0.0,-1.56231,-1.54949]},"97o":{"weight":1.0,"played":[1.0,0.0,0.0],"evs":[0.0,-2.01162,-1.96525]},"T7o":{"weight":1.0,"played":[1.0,0.0,0.0],"evs":[0.0,-2.17286,-2.12777]},"J7o":{"weight":1.0,"played":[1.0,0.0,0.0],"evs":[0.0,-2.27019,-2.23663]},"Q7o":{"weight":1.0,"played":[1.0,0.0,0.0],"evs":[0.0,-2.03172,-2.00919]},"K7o":{"weight":1.0,"played":[1.0,0.0,0.0],"evs":[0.0,-0.751,-0.71083]},"A7o":{"weight":1.0,"played":[0.0,0.006,0.994],"evs":[0.0,1.95332,1.97493]},"82s":{"weight":1.0,"played":[1.0,0.0,0.0],"evs":[0.0,-2.83243,-2.83785]},"83s":{"weight":1.0,"played":[1.0,0.0,0.0],"evs":[0.0,-2.7042,-2.71294]},"84s":{"weight":1.0,"played":[1.0,0.0,0.0],"evs":[0.0,-1.81787,-1.80337]},"85s":{"weight":1.0,"played":[1.0,0.0,0.0],"evs":[0.0,-0.93044,-0.92737]},"86s":{"weight":1.0,"played":[0.9889,0.0051,0.0059],"evs":[0.0,-0.18052,-0.16311]},"87s":{"weight":1.0,"played":[0.0,0.0385,0.9615],"evs":[0.0,0.40117,0.4295]},"88":{"weight":1.0,"played":[0.0,0.01,0.99],"evs":[0.0,7.27131,7.35239]},"98o":{"weight":1.0,"played":[1.0,0.0,0.0],"evs":[0.0,-1.30176,-1.24727]},"T8o":{"weight":1.0,"played":[1.0,0.0,0.0],"evs":[0.0,-1.34323,-1.30101]},"J8o":{"weight":1.0,"played":[1.0,0.0,0.0],"evs":[0.0,-1.40045,-1.37691]},"Q8o":{"weight":1.0,"played":[1.0,0.0,0.0],"evs":[0.0,-1.15575,-1.14599]},"K8o":{"weight":1.0,"played":[1.0,0.0,0.0],"evs":[0.0,-0.41255,-0.38183]},"A8o":{"weight":1.0,"played":[0.0,1.0E-4,0.9999],"evs":[0.0,2.74021,2.75776]},"92s":{"weight":1.0,"played":[1.0,0.0,0.0],"evs":[0.0,-2.80818,-2.77956]},"93s":{"weight":1.0,"played":[1.0,0.0,0.0],"evs":[0.0,-2.54581,-2.5242]},"94s":{"weight":1.0,"played":[1.0,0.0,0.0],"evs":[0.0,-2.36528,-2.32013]},"95s":{"weight":1.0,"played":[1.0,0.0,0.0],"evs":[0.0,-1.45528,-1.41333]},"96s":{"weight":1.0,"played":[1.0,0.0,0.0],"evs":[0.0,-0.64587,-0.60793]},"97s":{"weight":1.0,"played":[0.2115,0.0011,0.7873],"evs":[0.0,-0.00268,0.04172]},"98s":{"weight":1.0,"played":[0.0,0.0079,0.9921],"evs":[0.0,0.6307,0.6842]},"99":{"weight":1.0,"played":[0.0,0.0115,0.9885],"evs":[0.0,8.97272,9.04915]},"T9o":{"weight":1.0,"played":[1.0,0.0,0.0],"evs":[0.0,-0.55107,-0.49662]},"J9o":{"weight":1.0,"played":[1.0,0.0,0.0],"evs":[0.0,-0.53156,-0.49535]},"Q9o":{"weight":1.0,"played":[0.9992,3.0E-4,5.0E-4],"evs":[0.0,-0.18515,-0.16551]},"K9o":{"weight":1.0,"played":[0.0,0.0012,0.9988],"evs":[0.0,0.76678,0.8041]},"A9o":{"weight":1.0,"played":[0.0,1.0E-4,0.9999],"evs":[0.0,3.80971,3.82797]},