{"player":2,"street":0,"children":3,"sequence":[{"player":0,"type":"F","amount":0,"street":0},{"player":1,"type":"C","amount":100000,"street":0}],"actions":[{"type":"F","amount":0,"node":46},{"type":"C","amount":100000,"node":72},{"type":"R","amount":1235000,"node":131}],"hands":{"22":{"weight":1.0,"played":[0.0086,0.9913,0.0],"evs":[0.0,0.13638,-0.25766]},"32o":{"weight":1.0,"played":[1.0,0.0,0.0],"evs":[0.0,-1.14905,-4.81086]},"42o":{"weight":1.0,"played":[1.0,0.0,0.0],"evs":[0.0,-1.08124,-4.55714]},"52o":{"weight":1.0,"played":[1.0,0.0,0.0],"evs":[0.0,-1.07429,-4.44037]},"62o":{"weight":1.0,"played":[1.0,0.0,0.0],"evs":[0.0,-1.21509,-4.89135]},"72o":{"weight":1.0,"played":[1.0,0.0,0.0],"evs":[0.0,-1.28283,-5.21458]},"82o":{"weight":1.0,"played":[1.0,0.0,0.0],"evs":[0.0,-1.28816,-4.95703]},"92o":{"weight":1.0,"played":[1.0,0.0,0.0],"evs":[0.0,-1.2685,-4.6838]},"T2o":{"weight":1.0,"played":[1.0,0.0,0.0],"evs":[0.0,-1.10766,-3.91024]},"J2o":{"weight":1.0,"played":[1.0,0.0,0.0],"evs":[0.0,-1.01198,-3.31721]},"Q2o":{"weight":1.0,"played":[1.0,0.0,0.0],"evs":[0.0,-0.88337,-2.64598]},"K2o":{"weight":1.0,"played":[1.0,0.0,0.0],"evs":[0.0,-0.78729,-2.05742]},"A2o":{"weight":1.0,"played":[0.0,0.9281,0.0718],"evs":[0.0,0.50297,0.44238]},"32s":{"weight":1.0,"played":[1.0,0.0,0.0],"evs":[0.0,-0.7987,-3.33429]},"33":{"weight":1.0,"played":[1.0E-4,0.9997,2.0E-4],"evs":[0.0,0.61289,0.48133]},"43o":{"weight":1.0,"played":[1.0,0.0,0.0],"evs":[0.0,-0.91546,-3.84926]},"53o":{"weight":1.0,"played":[1.0,0.0,0.0],"evs":[0.0,-0.8836,-3.66558]},"63o":{"weight":1.0,"played":[1.0,0.0,0.0],"evs":[0.0,-1.03096,-4.11928]},"73o":{"weight":1.0,"played":[1.0,0.0,0.0],"evs":[0.0,-1.13418,-4.45196]},"83o":{"weight":1.0,"played":[1.0,0.0,0.0],"evs":[0.0,-1.22098,-4.74227]},"93o":{"weight":1.0,"played":[1.0,0.0,0.0],"evs":[0.0,-1.20335,-4.37099]},"T3o":{"weight":1.0,"played":[1.0,0.0,0.0],"evs":[0.0,-1.02275,-3.57515]},"J3o":{"weight":1.0,"played":[1.0,0.0,0.0],"evs":[0.0,-0.9305,-3.01978]},"Q3o":{"weight":1.0,"played":[1.0,0.0,0.0],"evs":[0.0,-0.80906,-2.30804]},"K3o":{"weight":1.0,"played":[1.0,0.0,0.0],"evs":[0.0,-0.70448,-1.71835]},"A3o":{"weight":1.0,"played":[0.0,0.2012,0.7988],"evs":[0.0,0.67078,0.69606]},"42s":{"weight":1.0,"played":[1.0,0.0,0.0],"evs":[0.0,-0.72972,-3.12672]},"43s":{"weight":1.0,"played":[1.0,0.0,0.0],"evs":[0.0,-0.55738,-2.47794]},"44":{"weight":1.0,"played":[0.0,0.6864,0.3136],"evs":[0.0,1.05856,1.08459]},"54o":{"weight":1.0,"played":[1.0,0.0,0.0],"evs":[0.0,-0.73569,-3.03935]},"64o":{"weight":1.0,"played":[1.0,0.0,0.0],"evs":[0.0,-0.85492,-3.4607]},"74o":{"weight":1.0,"played":[1.0,0.0,0.0],"evs":[0.0,-0.97181,-3.79481]},"84o":{"weight":1.0,"played":[1.0,0.0,0.0],"evs":[0.0,-1.0707,-4.07864]},"94o":{"weight":1.0,"played":[1.0,0.0,0.0],"evs":[0.0,-1.16369,-4.22126]},"T4o":{"weight":1.0,"played":[1.0,0.0,0.0],"evs":[0.0,-0.984,-3.36664]},"J4o":{"weight":1.0,"played":[1.0,0.0,0.0],"evs":[0.0,-0.85943,-2.80552]},"Q4o":{"weight":1.0,"played":[1.0,0.0,0.0],"evs":[0.0,-0.75697,-2.09234]},"K4o":{"weight":1.0,"played":[1.0,0.0,0.0],"evs":[0.0,-0.63598,-1.54099]},"A4o":{"weight":1.0,"played":[0.0,0.0012,0.9988],"evs":[0.0,0.82729,0.90554]},"52s":{"weight":1.0,"played":[1.0,0.0,0.0],"evs":[0.0,-0.69914,-2.95555]},"53s":{"weight":1.0,"played":[1.0,0.0,0.0],"evs":[0.0,-0.50479,-2.21814]},"54s":{"weight":1.0,"played":[1.0,0.0,0.0],"evs":[0.0,-0.37062,-1.64489]},"55":{"weight":1.0,"played":[0.0,0.591,0.409],"evs":[0.0,1.61352,1.61082]},"65o":{"weight":1.0,"played":[1.0,0.0,0.0],"evs":[0.0,-0.72444,-2.89976]},"75o":{"weight":1.0,"played":[1.0,0.0,0.0],"evs":[0.0,-0.82095,-3.22237]},"85o":{"weight":1.0,"played":[1.0,0.0,0.0],"evs":[0.0,-0.93867,-3.50163]},"95o":{"weight":1.0,"played":[1.0,0.0,0.0],"evs":[0.0,-1.05734,-3.67999]},"T5o":{"weight":1.0,"played":[1.0,0.0,0.0],"evs":[0.0,-0.96701,-3.30724]},"J5o":{"weight":1.0,"played":[1.0,0.0,0.0],"evs":[0.0,-0.84653,-2.62912]},"Q5o":{"weight":1.0,"played":[1.0,0.0,0.0],"evs":[0.0,-0.71792,-1.92163]},"K5o":{"weight":1.0,"played":[1.0,0.0,0.0],"evs":[0.0,-0.53876,-1.27761]},"A5o":{"weight":1.0,"played":[0.0,0.0014,0.9986],"evs":[0.0,1.02974,1.09266]},"62s":{"weight":1.0,"played":[1.0,0.0,0.0],"evs":[0.0,-0.83245,-3.38948]},"63s":{"weight":1.0,"played":[1.0,0.0,0.0],"evs":[0.0,-0.64768,-2.6632]},"64s":{"weight":1.0,"played":[1.0,0.0,0.0],"evs":[0.0,-0.46255,-2.05427]},"65s":{"weight":1.0,"played":[1.0,0.0,0.0],"evs":[0.0,-0.25033,-1.48567]},"66":{"weight":1.0,"played":[0.0,0.8557,0.1443],"evs":[0.0,2.22524,2.20786]},"76o":{"weight":1.0,"played":[1.0,0.0,0.0],"evs":[0.0,-0.6863,-2.7439]},"86o":{"weight":1.0,"played":[1.0,0.0,0.0],"evs":[0.0,-0.79441,-2.95031]},"96o":{"weight":1.0,"played":[1.0,0.0,0.0],"evs":[0.0,-0.89343,-3.08264]},"T6o":{"weight":1.0,"played":[1.0,0.0,0.0],"evs":[0.0,-0.83147,-2.7593]},"J6o":{"weight":1.0,"played":[1.0,0.0,0.0],"evs":[0.0,-0.83957,-2.57305]},"Q6o":{"weight":1.0,"played":[1.0,0.0,0.0],"evs":[0.0,-0.6685,-1.75279]},"K6o":{"weight":1.0,"played":[1.0,0.0,0.0],"evs":[0.0,-0.4394,-1.05953]},"A6o":{"weight":1.0,"played":[0.0,0.8937,0.1063],"evs":[0.0,0.91931,0.90839]},"72s":{"weight":1.0,"played":[1.0,0.0,0.0],"evs":[0.0,-0.89455,-3.64407]},"73s":{"weight":1.0,"played":[1.0,0.0,0.0],"evs":[0.0,-0.74185,-2.9791]},"74s":{"weight":1.0,"played":[1.0,0.0,0.0],"evs":[0.0,-0.55808,-2.32096]},"75s":{"weight":1.0,"played":[1.0,0.0,0.0],"evs":[0.0,-0.37802,-1.73635]},"76s":{"weight":1.0,"played":[1.0,0.0,0.0],"evs":[0.0,-0.19168,-1.32607]},"77":{"weight":1.0,"played":[0.0,0.2591,0.7409],"evs":[0.0,2.91923,2.91132]},"87o":{"weight":1.0,"played":[1.0,0.0,0.0],"evs":[0.0,-0.68281,-2.51576]},"97o":{"weight":1.0,"played":[1.0,0.0,0.0],"evs":[0.0,-0.75884,-2.53135]},"T7o":{"weight":1.0,"played":[1.0,0.0,0.0],"evs":[0.0,-0.67179,-2.17741]},"J7o":{"weight":1.0,"played":[1.0,0.0,0.0],"evs":[0.0,-0.6591,-1.96371]},"Q7o":{"weight":1.0,"played":[1.0,0.0,0.0],"evs":[0.0,-0.59032,-1.61972]},"K7o":{"weight":1.0,"played":[1.0,0.0,0.0],"evs":[0.0,-0.29127,-0.84361]},"A7o":{"weight":1.0,"played":[0.0,0.4103,0.5897],"evs":[0.0,1.30825,1.32022]},"82s":{"weight":1.0,"played":[1.0,0.0,0.0],"evs":[0.0,-0.90089,-3.42513]},"83s":{"weight":1.0,"played":[1.0,0.0,0.0],"evs":[0.0,-0.82202,-3.18312]},"84s":{"weight":1.0,"played":[1.0,0.0,0.0],"evs":[0.0,-0.69271,-2.63564]},"85s":{"weight":1.0,"played":[1.0,0.0,0.0],"evs":[0.0,-0.53566,-2.07036]},"86s":{"weight":1.0,"played":[1.0,0.0,0.0],"evs":[0.0,-0.31088,-1.55606]},"87s":{"weight":1.0,"played":[1.0,0.0,0.0],"evs":[0.0,-0.13128,-1.11925]},"88":{"weight":1.0,"played":[0.0,0.0123,0.9877],"evs":[0.0,3.66231,3.74802]},"98o":{"weight":1.0,"played":[1.0,0.0,0.0],"evs":[0.0,-0.63826,-2.02878]},"T8o":{"weight":1.0,"played":[1.0,0.0,0.0],"evs":[0.0,-0.50461,-1.64671]},"J8o":{"weight":1.0,"played":[1.0,0.0,0.0],"evs":[0.0,-0.48956,-1.34419]},"Q8o":{"weight":1.0,"played":[1.0,0.0,0.0],"evs":[0.0,-0.37968,-1.00678]},"K8o":{"weight":1.0,"played":[0.9739,0.0261,0.0],"evs":[0.0,-0.01346,-0.59657]},"A8o":{"weight":1.0,"played":[0.0,0.1078,0.8922],"evs":[0.0,1.70688,1.73151]},"92s":{"weight":1.0,"played":[1.0,0.0,0.0],"evs":[0.0,-0.87735,-3.1429]},"93s":{"weight":1.0,"played":[1.0,0.0,0.0],"evs":[0.0,-0.7735,-2.86058]},"94s":{"weight":1.0,"played":[1.0,0.0,0.0],"evs":[0.0,-0.73868,-2.67611]},"95s":{"weight":1.0,"played":[1.0,0.0,0.0],"evs":[0.0,-0.61581,-2.24057]},"96s":{"weight":1.0,"played":[1.0,0.0,0.0],"evs":[0.0,-0.45855,-1.68043]},"97s":{"weight":1.0,"played":[1.0,0.0,0.0],"evs":[0.0,-0.27171,-1.21778]},"98s":{"weight":1.0,"played":[1.0,0.0,0.0],"evs":[0.0,-0.08729,-0.71668]},"99":{"weight":1.0,"played":[0.0,5.0E-4,0.9995],"evs":[0.0,4.71593,5.0377]},"T9o":{"weight":1.0,"played":[1.0,0.0,0.0],"evs":[0.0,-0.30214,-0.95606]},"J9o":{"weight":1.0,"played":[1.0,0.0,0.0],"evs":[0.0,-0.25596,-0.74552]},"Q9o":{"weight":1.0,"played":[0.6888,0.3112,0.0],"evs":[0.0,0.00232,-0.44099]},"K9o":{"weight":1.0,"played":[0.0,1.0,0.0],"evs":[0.0,0.6509,0.13922]},"A9o":{"weight":1.0,"played":[0.0,0.2662,0.7338],