{"equityUnit":"TABLE_EQUITY_PERCENT","conversionFactors":{"toUSD":6.150061,"toRegularPrizePercent":0.40567687},"preHandEquity":[10.22879,34.88662,12.73614,10.40643,31.74203],"bubbleFactors":[[-1.0,1.54,1.473,1.451,1.536],[0.762,-1.0,0.814,0.645,1.338],[1.053,1.611,-1.0,0.933,1.605],[1.153,1.546,1.479,-1.0,1.542],[0.775,1.751,0.829,0.658,-1.0]]}