{"equityUnit":"TABLE_EQUITY_PERCENT","conversionFactors":{"toUSD":3.7886484,"toRegularPrizePercent":0.101463534},"preHandEquity":[14.37832,8.40501,18.82837,29.66007,9.57094,19.15729],"bubbleFactors":[[-1.0,0.837,1.087,1.088,0.792,1.087],[1.052,-1.0,1.052,1.053,1.051,1.052],[0.884,0.831,-1.0,1.114,0.786,1.112],[0.867,0.818,0.886,-1.0,0.771,0.85],[1.059,0.843,1.059,1.06,-1.0,1.059],[0.883,0.831,0.905,1.116,0.785,-1.0]]}