{"equityUnit":"TABLE_EQUITY_PERCENT","conversionFactors":{"toUSD":10.839043,"toRegularPrizePercent":0.29027966},"preHandEquity":[15.15227,16.36226,10.55766,29.78094,10.85873,17.28814],"bubbleFactors":[[-1.0,1.415,1.01,1.43,0.89,1.417],[1.079,-1.0,0.986,1.441,0.867,1.426],[1.349,1.351,-1.0,1.363,1.341,1.352],[0.858,0.861,0.858,-1.0,0.739,0.956],[1.355,1.357,1.117,1.369,-1.0,1.358],[1.049,1.082,0.97,1.447,0.851,-1.0]]}