{"player":2,"street":0,"children":3,"sequence":[{"player":0,"type":"F","amount":0,"street":0},{"player":1,"type":"F","amount":0,"street":0}],"actions":[{"type":"F","amount":0,"node":3},{"type":"R","amount":400000},{"type":"R","amount":1370000,"node":20}],"hands":{"22":{"weight":1.0,"played":[0.0,0.001,0.999],"evs":[0.0,0.023,0.03786]},"32o":{"weight":1.0,"played":[1.0,0.0,0.0],"evs":[0.0,-1.12211,-1.571]},"42o":{"weight":1.0,"played":[1.0,0.0,0.0],"evs":[0.0,-1.1128,-1.48513]},"52o":{"weight":1.0,"played":[1.0,0.0,0.0],"evs":[0.0,-1.09872,-1.39804]},"62o":{"weight":1.0,"played":[1.0,0.0,0.0],"evs":[0.0,-1.11204,-1.50229]},"72o":{"weight":1.0,"played":[1.0,0.0,0.0],"evs":[0.0,-1.11545,-1.54107]},"82o":{"weight":1.0,"played":[1.0,0.0,0.0],"evs":[0.0,-1.08634,-1.4068]},"92o":{"weight":1.0,"played":[1.0,0.0,0.0],"evs":[0.0,-1.04149,-1.27122]},"T2o":{"weight":1.0,"played":[1.0,0.0,0.0],"evs":[0.0,-0.9637,-1.08833]},"J2o":{"weight":1.0,"played":[1.0,0.0,0.0],"evs":[0.0,-0.8592,-0.90522]},"Q2o":{"weight":1.0,"played":[1.0,0.0,0.0],"evs":[0.0,-0.64288,-0.65374]},"K2o":{"weight":1.0,"played":[1.0,0.0,0.0],"evs":[0.0,-0.34942,-0.32614]},"A2o":{"weight":1.0,"played":[0.0,0.0,1.0],"evs":[0.0,0.3337,0.37106]},"32s":{"weight":1.0,"played":[1.0,0.0,0.0],"evs":[0.0,-0.94826,-1.09668]},"33":{"weight":1.0,"played":[0.0,2.0E-4,0.9998],"evs":[0.0,0.2617,0.27891]},"43o":{"weight":1.0,"played":[1.0,0.0,0.0],"evs":[0.0,-1.07289,-1.29559]},"53o":{"weight":1.0,"played":[1.0,0.0,0.0],"evs":[0.0,-1.02459,-1.19752]},"63o":{"weight":1.0,"played":[1.0,0.0,0.0],"evs":[0.0,-1.06823,-1.29518]},"73o":{"weight":1.0,"played":[1.0,0.0,0.0],"evs":[0.0,-1.07557,-1.33743]},"83o":{"weight":1.0,"played":[1.0,0.0,0.0],"evs":[0.0,-1.06289,-1.3605]},"93o":{"weight":1.0,"played":[1.0,0.0,0.0],"evs":[0.0,-1.01182,-1.19465]},"T3o":{"weight":1.0,"played":[1.0,0.0,0.0],"evs":[0.0,-0.92365,-1.00453]},"J3o":{"weight":1.0,"played":[1.0,0.0,0.0],"evs":[0.0,-0.79188,-0.82141]},"Q3o":{"weight":1.0,"played":[1.0,0.0,0.0],"evs":[0.0,-0.5574,-0.57185]},"K3o":{"weight":1.0,"played":[1.0,0.0,0.0],"evs":[0.0,-0.2576,-0.23949]},"A3o":{"weight":1.0,"played":[0.0,0.0,1.0],"evs":[0.0,0.43475,0.46622]},"42s":{"weight":1.0,"played":[1.0,0.0,0.0],"evs":[0.0,-0.87566,-1.01518]},"43s":{"weight":1.0,"played":[1.0,0.0,0.0],"evs":[0.0,-0.70557,-0.83585]},"44":{"weight":1.0,"played":[0.0,0.0,1.0],"evs":[0.0,0.53817,0.5591]},"54o":{"weight":1.0,"played":[1.0,0.0,0.0],"evs":[0.0,-0.86766,-1.00641]},"64o":{"weight":1.0,"played":[1.0,0.0,0.0],"evs":[0.0,-0.95414,-1.09444]},"74o":{"weight":1.0,"played":[1.0,0.0,0.0],"evs":[0.0,-0.99536,-1.13317]},"84o":{"weight":1.0,"played":[1.0,0.0,0.0],"evs":[0.0,-1.01319,-1.15436]},"94o":{"weight":1.0,"played":[1.0,0.0,0.0],"evs":[0.0,-0.99446,-1.14225]},"T4o":{"weight":1.0,"played":[1.0,0.0,0.0],"evs":[0.0,-0.88775,-0.9183]},"J4o":{"weight":1.0,"played":[1.0,0.0,0.0],"evs":[0.0,-0.71911,-0.732]},"Q4o":{"weight":1.0,"played":[1.0,0.0,0.0],"evs":[0.0,-0.47669,-0.48076]},"K4o":{"weight":1.0,"played":[1.0,0.0,0.0],"evs":[0.0,-0.17442,-0.14471]},"A4o":{"weight":1.0,"played":[0.0,0.0,1.0],"evs":[0.0,0.5227,0.5689]},"52s":{"weight":1.0,"played":[1.0,0.0,0.0],"evs":[0.0,-0.80347,-0.93413]},"53s":{"weight":1.0,"played":[1.0,0.0,0.0],"evs":[0.0,-0.6264,-0.74002]},"54s":{"weight":1.0,"played":[1.0,0.0,0.0],"evs":[0.0,-0.45473,-0.56517]},"55":{"weight":1.0,"played":[0.0,0.0,1.0],"evs":[0.0,0.82462,0.86162]},"65o":{"weight":1.0,"played":[1.0,0.0,0.0],"evs":[0.0,-0.77948,-0.89339]},"75o":{"weight":1.0,"played":[1.0,0.0,0.0],"evs":[0.0,-0.82119,-0.92026]},"85o":{"weight":1.0,"played":[1.0,0.0,0.0],"evs":[0.0,-0.86542,-0.93696]},"95o":{"weight":1.0,"played":[1.0,0.0,0.0],"evs":[0.0,-0.88111,-0.92296]},"T5o":{"weight":1.0,"played":[1.0,0.0,0.0],"evs":[0.0,-0.83584,-0.84989]},"J5o":{"weight":1.0,"played":[1.0,0.0,0.0],"evs":[0.0,-0.63771,-0.63616]},"Q5o":{"weight":1.0,"played":[1.0,0.0,0.0],"evs":[0.0,-0.38753,-0.37856]},"K5o":{"weight":1.0,"played":[1.0,0.0,0.0],"evs":[0.0,-0.08216,-0.04171]},"A5o":{"weight":1.0,"played":[0.0,0.0,1.0],"evs":[0.0,0.62742,0.68304]},"62s":{"weight":1.0,"played":[1.0,0.0,0.0],"evs":[0.0,-0.9063,-1.03161]},"63s":{"weight":1.0,"played":[1.0,0.0,0.0],"evs":[0.0,-0.72385,-0.83667]},"64s":{"weight":1.0,"played":[1.0,0.0,0.0],"evs":[0.0,-0.5445,-0.65179]},"65s":{"weight":1.0,"played":[1.0,0.0,0.0],"evs":[0.0,-0.36785,-0.46236]},"66":{"weight":1.0,"played":[0.0,0.0,1.0],"evs":[0.0,1.11175,1.15755]},"76o":{"weight":1.0,"played":[1.0,0.0,0.0],"evs":[0.0,-0.64045,-0.72487]},"86o":{"weight":1.0,"played":[1.0,0.0,0.0],"evs":[0.0,-0.67385,-0.73144]},"96o":{"weight":1.0,"played":[1.0,0.0,0.0],"evs":[0.0,-0.69104,-0.71884]},"T6o":{"weight":1.0,"played":[1.0,0.0,0.0],"evs":[0.0,-0.65614,-0.64889]},"J6o":{"weight":1.0,"played":[1.0,0.0,0.0],"evs":[0.0,-0.58578,-0.58293]},"Q6o":{"weight":1.0,"played":[1.0,0.0,0.0],"evs":[0.0,-0.31103,-0.29832]},"K6o":{"weight":1.0,"played":[0.0,0.0,1.0],"evs":[0.0,0.01225,0.05064]},"A6o":{"weight":1.0,"played":[0.0,0.0,1.0],"evs":[0.0,0.63989,0.68384]},"72s":{"weight":1.0,"played":[1.0,0.0,0.0],"evs":[0.0,-0.94854,-1.0642]},"73s":{"weight":1.0,"played":[1.0,0.0,0.0],"evs":[0.0,-0.77765,-0.87465]},"74s":{"weight":1.0,"played":[1.0,0.0,0.0],"evs":[0.0,-0.59441,-0.68814]},"75s":{"weight":1.0,"played":[1.0,0.0,0.0],"evs":[0.0,-0.40685,-0.48543]},"76s":{"weight":1.0,"played":[1.0,0.0,0.0],"evs":[0.0,-0.23944,-0.3067]},"77":{"weight":1.0,"played":[0.0,0.0,1.0],"evs":[0.0,1.41721,1.4685]},"87o":{"weight":1.0,"played":[1.0,0.0,0.0],"evs":[0.0,-0.49701,-0.54588]},"97o":{"weight":1.0,"played":[1.0,0.0,0.0],"evs":[0.0,-0.49988,-0.51982]},"T7o":{"weight":1.0,"played":[1.0,0.0,0.0],"evs":[0.0,-0.453,-0.44258]},"J7o":{"weight":1.0,"played":[1.0,0.0,0.0],"evs":[0.0,-0.37529,-0.36971]},"Q7o":{"weight":1.0,"played":[1.0,0.0,0.0],"evs":[0.0,-0.24548,-0.23012]},"K7o":{"weight":1.0,"played":[0.0,0.0,1.0],"evs":[0.0,0.12511,0.16167]},"A7o":{"weight":1.0,"played":[0.0,0.0,1.0],"evs":[0.0,0.80867,0.85454]},"82s":{"weight":1.0,"played":[1.0,0.0,0.0],"evs":[0.0,-0.85622,-0.93963]},"83s":{"weight":1.0,"played":[1.0,0.0,0.0],"evs":[0.0,-0.8218,-0.8966]},"84s":{"weight":1.0,"played":[1.0,0.0,0.0],"evs":[0.0,-0.63838,-0.70672]},"85s":{"weight":1.0,"played":[1.0,0.0,0.0],"evs":[0.0,-0.44742,-0.5017]},"86s":{"weight":1.0,"played":[1.0,0.0,0.0],"evs":[0.0,-0.26935,-0.31344]},"87s":{"weight":1.0,"played":[1.0,0.0,0.0],"evs":[0.0,-0.1022,-0.13838]},"88":{"weight":1.0,"played":[0.0,0.0,1.0],"evs":[0.0,1.75772,1.80937]},"98o":{"weight":1.0,"played":[1.0,0.0,0.0],"evs":[0.0,-0.31842,-0.31952]},"T8o":{"weight":1.0,"played":[1.0,0.0,0.0],"evs":[0.0,-0.22941,-0.21761]},"J8o":{"weight":1.0,"played":[1.0,0.0,0.0],"evs":[0.0,-0.1521,-0.14144]},"Q8o":{"weight":1.0,"played":[0.1106,0.0,0.8894],"evs":[0.0,-0.02182,0.00151]},"K8o":{"weight":1.0,"played":[0.0,0.0,1.0],"evs":[0.0,0.23788,0.27076]},"A8o":{"weight":1.0,"played":[0.0,0.0,1.0],"evs":[0.0,0.9911,1.03952]},"92s":{"weight":1.0,"played":[1.0,0.0,0.0],"evs":[0.0,-0.76275,-0.81056]},"93s":{"weight":1.0,"played":[1.0,0.0,0.0],"evs":[0.0,-0.69876,-0.74299]},"94s":{"weight":1.0,"played":[1.0,0.0,0.0],"evs":[0.0,-0.64908,-0.69099]},"95s":{"weight":1.0,"played":[1.0,0.0,0.0],"evs":[0.0,-0.46405,-0.48928]},"96s":{"weight":1.0,"played":[1.0,0.0,0.0],"evs":[0.0,-0.28275,-0.30014]},"97s":{"weight":1.0,"played":[1.0,0.0,0.0],"evs":[0.0,-0.10342,-0.11133]},"98s":{"weight":1.0,"played":[0.0,0.0018,0.9982],"evs":[0.0,0.06858,0.0752]},"99":{"weight":1.0,"played":[0.0,0.0,1.0],"evs":[0.0,2.14638,2.20676]},"T9o":{"weight":1.0,"played":[0.0,0.0,1.0],"evs":[0.0,0.01562,0.02126]},"J9o":{"weight":1.0,"played":[0.0,0.0,1.0],"evs":[0.0,0.09397,0.10453]},"Q9o":{"weight":1.0,"played":[0.0,0.0,1.0],"evs":[0.0,0.23042,0.25929]},"K9o":{"weight":1.0,"played":[0.0,3.0E-4,0.9997],"evs":[0.0,0.52157,0.55377]},"A9o":{"weight":1.0,"played":[0.0,0.0,1.0],"evs":[0.0,1.18059,1.23282]},"T2s":{"weight":1.0,"played":[1.0,0.0,0.0],"evs":[0.0,-0.62378,-0.63707]},"T3s":{"weight":1.0,