{"equityUnit":"TABLE_EQUITY_PERCENT","conversionFactors":{"toUSD":30.81,"toRegularPrizePercent":1.2072884},"preHandEquity":[28.1505,20.41006,12.34942,14.78004,12.15499,12.15499],"bubbleFactors":[[-1.0,0.985,0.718,0.825,0.887,0.822],[1.897,-1.0,0.733,0.878,0.922,0.848],[1.606,1.528,-1.0,1.409,1.144,1.068],[1.768,1.655,0.857,-1.0,1.047,0.971],[1.589,1.515,1.325,1.398,-1.0,1.076],[1.589,1.515,1.325,1.398,1.152,-1.0]]}