{"player":1,"street":0,"children":3,"sequence":[{"player":0,"type":"F","amount":0,"street":0}],"actions":[{"type":"F","amount":0,"node":2},{"type":"R","amount":1200000,"node":40},{"type":"R","amount":8910000,"node":92}],"hands":{"22":{"weight":1.0,"played":[1.0,0.0,0.0],"evs":[0.0,-0.08021,-0.12454]},"32o":{"weight":1.0,"played":[1.0,0.0,0.0],"evs":[0.0,-0.28385,-1.10802]},"42o":{"weight":1.0,"played":[1.0,0.0,0.0],"evs":[0.0,-0.26883,-1.04615]},"52o":{"weight":1.0,"played":[1.0,0.0,0.0],"evs":[0.0,-0.24187,-0.99531]},"62o":{"weight":1.0,"played":[1.0,0.0,0.0],"evs":[0.0,-0.26647,-1.06869]},"72o":{"weight":1.0,"played":[1.0,0.0,0.0],"evs":[0.0,-0.28025,-1.12776]},"82o":{"weight":1.0,"played":[1.0,0.0,0.0],"evs":[0.0,-0.27572,-1.04558]},"92o":{"weight":1.0,"played":[1.0,0.0,0.0],"evs":[0.0,-0.2777,-0.98605]},"T2o":{"weight":1.0,"played":[1.0,0.0,0.0],"evs":[0.0,-0.24008,-0.91242]},"J2o":{"weight":1.0,"played":[1.0,0.0,0.0],"evs":[0.0,-0.22669,-0.83682]},"Q2o":{"weight":1.0,"played":[1.0,0.0,0.0],"evs":[0.0,-0.19082,-0.73934]},"K2o":{"weight":1.0,"played":[1.0,0.0,0.0],"evs":[0.0,-0.16275,-0.6271]},"A2o":{"weight":1.0,"played":[1.0,0.0,0.0],"evs":[0.0,-0.08293,-0.29522]},"32s":{"weight":1.0,"played":[1.0,0.0,0.0],"evs":[0.0,-0.21323,-0.76946]},"33":{"weight":1.0,"played":[1.0,0.0,0.0],"evs":[0.0,-0.02296,-0.07545]},"43o":{"weight":1.0,"played":[1.0,0.0,0.0],"evs":[0.0,-0.23489,-0.92253]},"53o":{"weight":1.0,"played":[1.0,0.0,0.0],"evs":[0.0,-0.20575,-0.867]},"63o":{"weight":1.0,"played":[1.0,0.0,0.0],"evs":[0.0,-0.22468,-0.94851]},"73o":{"weight":1.0,"played":[1.0,0.0,0.0],"evs":[0.0,-0.24326,-1.00231]},"83o":{"weight":1.0,"played":[1.0,0.0,0.0],"evs":[0.0,-0.26259,-1.04156]},"93o":{"weight":1.0,"played":[1.0,0.0,0.0],"evs":[0.0,-0.25909,-0.95068]},"T3o":{"weight":1.0,"played":[1.0,0.0,0.0],"evs":[0.0,-0.22322,-0.88244]},"J3o":{"weight":1.0,"played":[1.0,0.0,0.0],"evs":[0.0,-0.21334,-0.80114]},"Q3o":{"weight":1.0,"played":[1.0,0.0,0.0],"evs":[0.0,-0.17859,-0.70605]},"K3o":{"weight":1.0,"played":[1.0,0.0,0.0],"evs":[0.0,-0.15083,-0.59482]},"A3o":{"weight":1.0,"played":[1.0,0.0,0.0],"evs":[0.0,-0.06305,-0.26256]},"42s":{"weight":1.0,"played":[1.0,0.0,0.0],"evs":[0.0,-0.20297,-0.7167]},"43s":{"weight":1.0,"played":[1.0,0.0,0.0],"evs":[0.0,-0.16669,-0.59789]},"44":{"weight":1.0,"played":[8.0E-4,0.9992,0.0],"evs":[0.0,0.02456,0.01876]},"54o":{"weight":1.0,"played":[1.0,0.0,0.0],"evs":[0.0,-0.17291,-0.72947]},"64o":{"weight":1.0,"played":[1.0,0.0,0.0],"evs":[0.0,-0.18649,-0.80186]},"74o":{"weight":1.0,"played":[1.0,0.0,0.0],"evs":[0.0,-0.2076,-0.86567]},"84o":{"weight":1.0,"played":[1.0,0.0,0.0],"evs":[0.0,-0.22929,-0.89733]},"94o":{"weight":1.0,"played":[1.0,0.0,0.0],"evs":[0.0,-0.24669,-0.92822]},"T4o":{"weight":1.0,"played":[1.0,0.0,0.0],"evs":[0.0,-0.20777,-0.83489]},"J4o":{"weight":1.0,"played":[1.0,0.0,0.0],"evs":[0.0,-0.20158,-0.75065]},"Q4o":{"weight":1.0,"played":[1.0,0.0,0.0],"evs":[0.0,-0.16699,-0.66272]},"K4o":{"weight":1.0,"played":[1.0,0.0,0.0],"evs":[0.0,-0.13495,-0.54361]},"A4o":{"weight":1.0,"played":[1.0,0.0,0.0],"evs":[0.0,-0.0443,-0.21628]},"52s":{"weight":1.0,"played":[1.0,0.0,0.0],"evs":[0.0,-0.17194,-0.66572]},"53s":{"weight":1.0,"played":[1.0,0.0,0.0],"evs":[0.0,-0.13982,-0.55131]},"54s":{"weight":1.0,"played":[1.0,0.0,0.0],"evs":[0.0,-0.10391,-0.41991]},"55":{"weight":1.0,"played":[0.0,0.0046,0.9954],"evs":[0.0,0.12586,0.14031]},"65o":{"weight":1.0,"played":[1.0,0.0,0.0],"evs":[0.0,-0.13328,-0.67156]},"75o":{"weight":1.0,"played":[1.0,0.0,0.0],"evs":[0.0,-0.14634,-0.72497]},"85o":{"weight":1.0,"played":[1.0,0.0,0.0],"evs":[0.0,-0.17354,-0.75918]},"95o":{"weight":1.0,"played":[1.0,0.0,0.0],"evs":[0.0,-0.19876,-0.78965]},"T5o":{"weight":1.0,"played":[1.0,0.0,0.0],"evs":[0.0,-0.17838,-0.81054]},"J5o":{"weight":1.0,"played":[1.0,0.0,0.0],"evs":[0.0,-0.16956,-0.70662]},"Q5o":{"weight":1.0,"played":[1.0,0.0,0.0],"evs":[0.0,-0.13221,-0.61268]},"K5o":{"weight":1.0,"played":[1.0,0.0,0.0],"evs":[0.0,-0.10252,-0.49912]},"A5o":{"weight":1.0,"played":[0.9984,0.0016,0.0],"evs":[0.0,-0.0097,-0.17372]},"62s":{"weight":1.0,"played":[1.0,0.0,0.0],"evs":[0.0,-0.19209,-0.74074]},"63s":{"weight":1.0,"played":[1.0,0.0,0.0],"evs":[0.0,-0.15134,-0.62291]},"64s":{"weight":1.0,"played":[1.0,0.0,0.0],"evs":[0.0,-0.11539,-0.49006]},"65s":{"weight":1.0,"played":[1.0,0.0,0.0],"evs":[0.0,-0.06712,-0.35935]},"66":{"weight":1.0,"played":[0.0,0.0011,0.9989],"evs":[0.0,0.25207,0.2789]},"76o":{"weight":1.0,"played":[1.0,0.0,0.0],"evs":[0.0,-0.12221,-0.59791]},"86o":{"weight":1.0,"played":[1.0,0.0,0.0],"evs":[0.0,-0.14558,-0.62093]},"96o":{"weight":1.0,"played":[1.0,0.0,0.0],"evs":[0.0,-0.16621,-0.65523]},"T6o":{"weight":1.0,"played":[1.0,0.0,0.0],"evs":[0.0,-0.15725,-0.67899]},"J6o":{"weight":1.0,"played":[1.0,0.0,0.0],"evs":[0.0,-0.16445,-0.68551]},"Q6o":{"weight":1.0,"played":[1.0,0.0,0.0],"evs":[0.0,-0.13151,-0.57047]},"K6o":{"weight":1.0,"played":[1.0,0.0,0.0],"evs":[0.0,-0.09813,-0.45371]},"A6o":{"weight":1.0,"played":[1.0,0.0,0.0],"evs":[0.0,-0.02757,-0.24117]},"72s":{"weight":1.0,"played":[1.0,0.0,0.0],"evs":[0.0,-0.20314,-0.79506]},"73s":{"weight":1.0,"played":[1.0,0.0,0.0],"evs":[0.0,-0.16816,-0.68112]},"74s":{"weight":1.0,"played":[1.0,0.0,0.0],"evs":[0.0,-0.12885,-0.53146]},"75s":{"weight":1.0,"played":[1.0,0.0,0.0],"evs":[0.0,-0.07434,-0.41648]},"76s":{"weight":1.0,"played":[1.0,0.0,0.0],"evs":[0.0,-0.04855,-0.29209]},"77":{"weight":1.0,"played":[0.0,0.2732,0.7268],"evs":[0.0,0.45427,0.45812]},"87o":{"weight":1.0,"played":[1.0,0.0,0.0],"evs":[0.0,-0.11958,-0.50766]},"97o":{"weight":1.0,"played":[1.0,0.0,0.0],"evs":[0.0,-0.1333,-0.5359]},"T7o":{"weight":1.0,"played":[1.0,0.0,0.0],"evs":[0.0,-0.12212,-0.55405]},"J7o":{"weight":1.0,"played":[1.0,0.0,0.0],"evs":[0.0,-0.13194,-0.56065]},"Q7o":{"weight":1.0,"played":[1.0,0.0,0.0],"evs":[0.0,-0.11802,-0.54584]},"K7o":{"weight":1.0,"played":[1.0,0.0,0.0],"evs":[0.0,-0.08751,-0.41652]},"A7o":{"weight":1.0,"played":[0.9998,2.0E-4,0.0],"evs":[0.0,-0.01256,-0.17967]},"82s":{"weight":1.0,"played":[1.0,0.0,0.0],"evs":[0.0,-0.19239,-0.71219]},"83s":{"weight":1.0,"played":[1.0,0.0,0.0],"evs":[0.0,-0.1856,-0.70321]},"84s":{"weight":1.0,"played":[1.0,0.0,0.0],"evs":[0.0,-0.1508,-0.57494]},"85s":{"weight":1.0,"played":[1.0,0.0,0.0],"evs":[0.0,-0.09656,-0.45018]},"86s":{"weight":1.0,"played":[1.0,0.0,0.0],"evs":[0.0,-0.07074,-0.3258]},"87s":{"weight":1.0,"played":[1.0,0.0,0.0],"evs":[0.0,-0.04766,-0.21672]},"88":{"weight":1.0,"played":[0.0,0.2922,0.7078],"evs":[0.0,0.71597,0.71968]},"98o":{"weight":1.0,"played":[1.0,0.0,0.0],"evs":[0.0,-0.117,-0.41808]},"T8o":{"weight":1.0,"played":[1.0,0.0,0.0],"evs":[0.0,-0.09959,-0.41412]},"J8o":{"weight":1.0,"played":[1.0,0.0,0.0],"evs":[0.0,-0.10939,-0.42625]},"Q8o":{"weight":1.0,"played":[1.0,0.0,0.0],"evs":[0.0,-0.10156,-0.41864]},"K8o":{"weight":1.0,"played":[1.0,0.0,0.0],"evs":[0.0,-0.08358,-0.38764]},"A8o":{"weight":1.0,"played":[0.4397,0.5603,0.0],"evs":[0.0,2.3E-4,-0.11445]},"92s":{"weight":1.0,"played":[1.0,0.0,0.0],"evs":[0.0,-0.19414,-0.64766]},"93s":{"weight":1.0,"played":[1.0,0.0,0.0],"evs":[0.0,-0.18045,-0.62178]},"94s":{"weight":1.0,"played":[1.0,0.0,0.0],"evs":[0.0,-0.1734,-0.60313]},"95s":{"weight":1.0,"played":[1.0,0.0,0.0],"evs":[0.0,-0.11875,-0.4774]},"96s":{"weight":1.0,"played":[1.0,0.0,0.0],"evs":[0.0,-0.08444,-0.35249]},"97s":{"weight":1.0,"played":[1.0,0.0,0.0],"evs":[0.0,-0.05864,-0.23183]},"98s":{"weight":1.0,"played":[1.0,0.0,0.0],"evs":[0.0,-0.03466,-0.12598]},"99":{"weight":1.0,"played":[0.0,0.4906,0.5094],"evs":[0.0,1.00029,1.00088]},"T9o":{"weight":1.0,"played":[1.0,0.0,0.0],"evs":[0.0,-0.07946,-0.26891]},"J9o":{"weight":1.0,"played":[1.0,0.0,0.0],"evs":[0.0,-0.09339,-0.28602]},"Q9o":{"weight":1.0,"played":[1.0,0.0,0.0],"evs":[0.0,-0.08162,-0.28464]},"K9o":{"weight":1.0,"played":[1.0,0.0,0.0],"evs":[0.0,-0.07424,-0.2559]},"A9o":{"weight":1.0,"played":[0.0,1.0,0.0],"evs":[0.0,0.0292,-0.04374]},"T2s":{"weight":1.0,"played":[1.0,0.0,0.0],