{"player":2,"street":0,"children":3,"sequence":[{"player":0,"type":"R","amount":200000,"street":0},{"player":1,"type":"F","amount":0,"street":0}],"actions":[{"type":"F","amount":0,"node":90},{"type":"C","amount":200000,"node":157},{"type":"R","amount":985000,"node":277}],"hands":{"22":{"weight":1.0,"played":[1.0,0.0,0.0],"evs":[0.0,-0.61541,-1.11723]},"32o":{"weight":1.0,"played":[1.0,0.0,0.0],"evs":[0.0,-1.35533,-4.14976]},"42o":{"weight":1.0,"played":[1.0,0.0,0.0],"evs":[0.0,-1.33226,-4.02332]},"52o":{"weight":1.0,"played":[1.0,0.0,0.0],"evs":[0.0,-1.27612,-3.85278]},"62o":{"weight":1.0,"played":[1.0,0.0,0.0],"evs":[0.0,-1.35535,-4.18287]},"72o":{"weight":1.0,"played":[1.0,0.0,0.0],"evs":[0.0,-1.44448,-4.49872]},"82o":{"weight":1.0,"played":[1.0,0.0,0.0],"evs":[0.0,-1.45519,-4.54828]},"92o":{"weight":1.0,"played":[1.0,0.0,0.0],"evs":[0.0,-1.46122,-4.51864]},"T2o":{"weight":1.0,"played":[1.0,0.0,0.0],"evs":[0.0,-1.38066,-4.32045]},"J2o":{"weight":1.0,"played":[1.0,0.0,0.0],"evs":[0.0,-1.3357,-4.04794]},"Q2o":{"weight":1.0,"played":[1.0,0.0,0.0],"evs":[0.0,-1.21241,-3.6348]},"K2o":{"weight":1.0,"played":[1.0,0.0,0.0],"evs":[0.0,-1.06184,-2.71848]},"A2o":{"weight":1.0,"played":[1.0,0.0,0.0],"evs":[0.0,-0.73552,-1.3645]},"32s":{"weight":1.0,"played":[1.0,0.0,0.0],"evs":[0.0,-1.06256,-3.22072]},"33":{"weight":1.0,"played":[1.0,0.0,0.0],"evs":[0.0,-0.43621,-0.6713]},"43o":{"weight":1.0,"played":[1.0,0.0,0.0],"evs":[0.0,-1.19606,-3.56702]},"53o":{"weight":1.0,"played":[1.0,0.0,0.0],"evs":[0.0,-1.13117,-3.38393]},"63o":{"weight":1.0,"played":[1.0,0.0,0.0],"evs":[0.0,-1.21848,-3.71822]},"73o":{"weight":1.0,"played":[1.0,0.0,0.0],"evs":[0.0,-1.30553,-4.00923]},"83o":{"weight":1.0,"played":[1.0,0.0,0.0],"evs":[0.0,-1.41857,-4.41093]},"93o":{"weight":1.0,"played":[1.0,0.0,0.0],"evs":[0.0,-1.40261,-4.29335]},"T3o":{"weight":1.0,"played":[1.0,0.0,0.0],"evs":[0.0,-1.3331,-4.11228]},"J3o":{"weight":1.0,"played":[1.0,0.0,0.0],"evs":[0.0,-1.27807,-3.82776]},"Q3o":{"weight":1.0,"played":[1.0,0.0,0.0],"evs":[0.0,-1.14944,-3.42036]},"K3o":{"weight":1.0,"played":[1.0,0.0,0.0],"evs":[0.0,-1.01785,-2.54397]},"A3o":{"weight":1.0,"played":[1.0,0.0,0.0],"evs":[0.0,-0.64826,-1.20754]},"42s":{"weight":1.0,"played":[1.0,0.0,0.0],"evs":[0.0,-1.04068,-3.11227]},"43s":{"weight":1.0,"played":[1.0,0.0,0.0],"evs":[0.0,-0.86958,-2.66446]},"44":{"weight":1.0,"played":[1.0,0.0,0.0],"evs":[0.0,-0.25783,-0.39074]},"54o":{"weight":1.0,"played":[1.0,0.0,0.0],"evs":[0.0,-1.01924,-3.02236]},"64o":{"weight":1.0,"played":[1.0,0.0,0.0],"evs":[0.0,-1.09089,-3.33161]},"74o":{"weight":1.0,"played":[1.0,0.0,0.0],"evs":[0.0,-1.19725,-3.61267]},"84o":{"weight":1.0,"played":[1.0,0.0,0.0],"evs":[0.0,-1.31006,-4.02106]},"94o":{"weight":1.0,"played":[1.0,0.0,0.0],"evs":[0.0,-1.39218,-4.26727]},"T4o":{"weight":1.0,"played":[1.0,0.0,0.0],"evs":[0.0,-1.30013,-4.0098]},"J4o":{"weight":1.0,"played":[1.0,0.0,0.0],"evs":[0.0,-1.2583,-3.74036]},"Q4o":{"weight":1.0,"played":[1.0,0.0,0.0],"evs":[0.0,-1.13137,-3.32248]},"K4o":{"weight":1.0,"played":[1.0,0.0,0.0],"evs":[0.0,-0.98313,-2.4436]},"A4o":{"weight":1.0,"played":[1.0,0.0,0.0],"evs":[0.0,-0.60628,-1.08084]},"52s":{"weight":1.0,"played":[1.0,0.0,0.0],"evs":[0.0,-0.98218,-2.95278]},"53s":{"weight":1.0,"played":[1.0,0.0,0.0],"evs":[0.0,-0.81233,-2.52416]},"54s":{"weight":1.0,"played":[1.0,0.0,0.0],"evs":[0.0,-0.60523,-2.19094]},"55":{"weight":1.0,"played":[0.9997,3.0E-4,0.0],"evs":[0.0,-0.07945,-0.11414]},"65o":{"weight":1.0,"played":[1.0,0.0,0.0],"evs":[0.0,-0.94169,-2.89609]},"75o":{"weight":1.0,"played":[1.0,0.0,0.0],"evs":[0.0,-1.04587,-3.15809]},"85o":{"weight":1.0,"played":[1.0,0.0,0.0],"evs":[0.0,-1.16671,-3.56844]},"95o":{"weight":1.0,"played":[1.0,0.0,0.0],"evs":[0.0,-1.26079,-3.80181]},"T5o":{"weight":1.0,"played":[1.0,0.0,0.0],"evs":[0.0,-1.2506,-3.88478]},"J5o":{"weight":1.0,"played":[1.0,0.0,0.0],"evs":[0.0,-1.2059,-3.54332]},"Q5o":{"weight":1.0,"played":[1.0,0.0,0.0],"evs":[0.0,-1.08026,-3.12732]},"K5o":{"weight":1.0,"played":[1.0,0.0,0.0],"evs":[0.0,-0.92578,-2.26964]},"A5o":{"weight":1.0,"played":[1.0,0.0,0.0],"evs":[0.0,-0.52483,-0.93118]},"62s":{"weight":1.0,"played":[1.0,0.0,0.0],"evs":[0.0,-1.08018,-3.27204]},"63s":{"weight":1.0,"played":[1.0,0.0,0.0],"evs":[0.0,-0.91607,-2.8328]},"64s":{"weight":1.0,"played":[1.0,0.0,0.0],"evs":[0.0,-0.73495,-2.45064]},"65s":{"weight":1.0,"played":[1.0,0.0,0.0],"evs":[0.0,-0.53244,-2.06558]},"66":{"weight":1.0,"played":[4.0E-4,0.895,0.1046],"evs":[0.0,0.04059,0.02284]},"76o":{"weight":1.0,"played":[1.0,0.0,0.0],"evs":[0.0,-0.94165,-2.91585]},"86o":{"weight":1.0,"played":[1.0,0.0,0.0],"evs":[0.0,-1.05388,-3.26769]},"96o":{"weight":1.0,"played":[1.0,0.0,0.0],"evs":[0.0,-1.14717,-3.50309]},"T6o":{"weight":1.0,"played":[1.0,0.0,0.0],"evs":[0.0,-1.16216,-3.56951]},"J6o":{"weight":1.0,"played":[1.0,0.0,0.0],"evs":[0.0,-1.19841,-3.579]},"Q6o":{"weight":1.0,"played":[1.0,0.0,0.0],"evs":[0.0,-1.06841,-3.09248]},"K6o":{"weight":1.0,"played":[1.0,0.0,0.0],"evs":[0.0,-0.90056,-2.20813]},"A6o":{"weight":1.0,"played":[1.0,0.0,0.0],"evs":[0.0,-0.59916,-1.09985]},"72s":{"weight":1.0,"played":[1.0,0.0,0.0],"evs":[0.0,-1.1668,-3.56979]},"73s":{"weight":1.0,"played":[1.0,0.0,0.0],"evs":[0.0,-1.01854,-3.0981]},"74s":{"weight":1.0,"played":[1.0,0.0,0.0],"evs":[0.0,-0.89418,-2.73038]},"75s":{"weight":1.0,"played":[1.0,0.0,0.0],"evs":[0.0,-0.67557,-2.3195]},"76s":{"weight":1.0,"played":[1.0,0.0,0.0],"evs":[0.0,-0.52778,-2.07753]},"77":{"weight":1.0,"played":[0.0,0.0071,0.9929],"evs":[0.0,0.17386,0.19354]},"87o":{"weight":1.0,"played":[1.0,0.0,0.0],"evs":[0.0,-0.99487,-3.06354]},"97o":{"weight":1.0,"played":[1.0,0.0,0.0],"evs":[0.0,-1.06063,-3.28241]},"T7o":{"weight":1.0,"played":[1.0,0.0,0.0],"evs":[0.0,-1.0677,-3.33557]},"J7o":{"weight":1.0,"played":[1.0,0.0,0.0],"evs":[0.0,-1.13253,-3.35609]},"Q7o":{"weight":1.0,"played":[1.0,0.0,0.0],"evs":[0.0,-1.06921,-3.16518]},"K7o":{"weight":1.0,"played":[1.0,0.0,0.0],"evs":[0.0,-0.90875,-2.21928]},"A7o":{"weight":1.0,"played":[1.0,0.0,0.0],"evs":[0.0,-0.53113,-0.88561]},"82s":{"weight":1.0,"played":[1.0,0.0,0.0],"evs":[0.0,-1.18644,-3.62367]},"83s":{"weight":1.0,"played":[1.0,0.0,0.0],"evs":[0.0,-1.14897,-3.51181]},"84s":{"weight":1.0,"played":[1.0,0.0,0.0],"evs":[0.0,-1.0374,-3.13306]},"85s":{"weight":1.0,"played":[1.0,0.0,0.0],"evs":[0.0,-0.85281,-2.69968]},"86s":{"weight":1.0,"played":[1.0,0.0,0.0],"evs":[0.0,-0.69123,-2.41293]},"87s":{"weight":1.0,"played":[1.0,0.0,0.0],"evs":[0.0,-0.5898,-2.19879]},"88":{"weight":1.0,"played":[0.0,0.3397,0.6603],"evs":[0.0,0.39018,0.39078]},"98o":{"weight":1.0,"played":[1.0,0.0,0.0],"evs":[0.0,-1.05132,-3.2199]},"T8o":{"weight":1.0,"played":[1.0,0.0,0.0],"evs":[0.0,-1.02211,-3.21141]},"J8o":{"weight":1.0,"played":[1.0,0.0,0.0],"evs":[0.0,-1.08946,-3.23736]},"Q8o":{"weight":1.0,"played":[1.0,0.0,0.0],"evs":[0.0,-1.06521,-3.04637]},"K8o":{"weight":1.0,"played":[1.0,0.0,0.0],"evs":[0.0,-0.9782,-2.34174]},"A8o":{"weight":1.0,"played":[1.0,0.0,0.0],"evs":[0.0,-0.39397,-0.59833]},"92s":{"weight":1.0,"played":[1.0,0.0,0.0],"evs":[0.0,-1.15943,-3.57509]},"93s":{"weight":1.0,"played":[1.0,0.0,0.0],"evs":[0.0,-1.11541,-3.36822]},"94s":{"weight":1.0,"played":[1.0,0.0,0.0],"evs":[0.0,-1.08951,-3.30509]},"95s":{"weight":1.0,"played":[1.0,0.0,0.0],"evs":[0.0,-0.93972,-2.88678]},"96s":{"weight":1.0,"played":[1.0,0.0,0.0],"evs":[0.0,-0.79507,-2.60927]},"97s":{"weight":1.0,"played":[1.0,0.0,0.0],"evs":[0.0,-0.68201,-2.40496]},"98s":{"weight":1.0,"played":[1.0,0.0,0.0],"evs":[0.0,-0.63503,-2.35074]},"99":{"weight":1.0,"played":[0.0,3.0E-4,0.9997],"evs":[0.0,0.71112,0.92587]},"T9o":{"weight":1.0,"played":[1.0,0.0,0.0],"evs":[0.0,-0.92016,-2.91543]},"J9o":{"weight":1.0,"played":[1.0,0.0,0.0],"evs":[0.0,-0.94218,-2.79539]},"Q9o":{"weight":1.0,"played":[1.0,0.0,0.0],"evs":[0.0,-0.89872,-2.5504]},"K9o":{"weight":1.0,"played":[1.0,0.0,0.0],"evs":[0.0,-0.79014,-1.70869]},"A9o":{"weight":1.0,"played":[0.4901,2.0E-4,0.5097],"evs":[0.0,-0.03994,0.01114]},"T2s":{"weight":1.0,