{"player":2,"street":0,"children":3,"sequence":[{"player":0,"type":"R","amount":200000,"street":0},{"player":1,"type":"C","amount":200000,"street":0}],"actions":[{"type":"F","amount":0,"node":493},{"type":"C","amount":200000,"node":574},{"type":"R","amount":2985000,"node":649}],"hands":{"22":{"weight":1.0,"played":[0.0179,0.9821,0.0],"evs":[0.0,0.02799,-0.46742]},"32o":{"weight":1.0,"played":[1.0,0.0,0.0],"evs":[0.0,-0.59218,-2.44125]},"42o":{"weight":1.0,"played":[1.0,0.0,0.0],"evs":[0.0,-0.53759,-2.28953]},"52o":{"weight":1.0,"played":[1.0,0.0,0.0],"evs":[0.0,-0.58297,-2.09931]},"62o":{"weight":1.0,"played":[1.0,0.0,0.0],"evs":[0.0,-0.61343,-2.25918]},"72o":{"weight":1.0,"played":[1.0,0.0,0.0],"evs":[0.0,-0.65991,-2.48937]},"82o":{"weight":1.0,"played":[1.0,0.0,0.0],"evs":[0.0,-0.68346,-2.40491]},"92o":{"weight":1.0,"played":[1.0,0.0,0.0],"evs":[0.0,-0.66747,-2.31452]},"T2o":{"weight":1.0,"played":[1.0,0.0,0.0],"evs":[0.0,-0.70657,-2.22057]},"J2o":{"weight":1.0,"played":[1.0,0.0,0.0],"evs":[0.0,-0.76778,-2.3034]},"Q2o":{"weight":1.0,"played":[1.0,0.0,0.0],"evs":[0.0,-0.69115,-2.02334]},"K2o":{"weight":1.0,"played":[1.0,0.0,0.0],"evs":[0.0,-0.69944,-1.92243]},"A2o":{"weight":1.0,"played":[1.0,0.0,0.0],"evs":[0.0,-0.50948,-1.03153]},"32s":{"weight":1.0,"played":[1.0,0.0,0.0],"evs":[0.0,-0.37999,-1.61728]},"33":{"weight":1.0,"played":[0.1041,0.8959,0.0],"evs":[0.0,0.01691,-0.45827]},"43o":{"weight":1.0,"played":[1.0,0.0,0.0],"evs":[0.0,-0.47541,-2.03091]},"53o":{"weight":1.0,"played":[1.0,0.0,0.0],"evs":[0.0,-0.44168,-1.74509]},"63o":{"weight":1.0,"played":[1.0,0.0,0.0],"evs":[0.0,-0.49054,-1.92312]},"73o":{"weight":1.0,"played":[1.0,0.0,0.0],"evs":[0.0,-0.5894,-2.22226]},"83o":{"weight":1.0,"played":[1.0,0.0,0.0],"evs":[0.0,-0.65645,-2.38817]},"93o":{"weight":1.0,"played":[1.0,0.0,0.0],"evs":[0.0,-0.69416,-2.23962]},"T3o":{"weight":1.0,"played":[1.0,0.0,0.0],"evs":[0.0,-0.69273,-2.17919]},"J3o":{"weight":1.0,"played":[1.0,0.0,0.0],"evs":[0.0,-0.76364,-2.23944]},"Q3o":{"weight":1.0,"played":[1.0,0.0,0.0],"evs":[0.0,-0.66945,-1.9444]},"K3o":{"weight":1.0,"played":[1.0,0.0,0.0],"evs":[0.0,-0.66765,-1.81131]},"A3o":{"weight":1.0,"played":[1.0,0.0,0.0],"evs":[0.0,-0.47395,-0.9923]},"42s":{"weight":1.0,"played":[1.0,0.0,0.0],"evs":[0.0,-0.37296,-1.53028]},"43s":{"weight":1.0,"played":[1.0,0.0,0.0],"evs":[0.0,-0.29512,-1.28087]},"44":{"weight":1.0,"played":[0.0172,0.9828,0.0],"evs":[0.0,0.06895,-0.33059]},"54o":{"weight":1.0,"played":[1.0,0.0,0.0],"evs":[0.0,-0.36099,-1.45761]},"64o":{"weight":1.0,"played":[1.0,0.0,0.0],"evs":[0.0,-0.3651,-1.59883]},"74o":{"weight":1.0,"played":[1.0,0.0,0.0],"evs":[0.0,-0.48436,-1.8473]},"84o":{"weight":1.0,"played":[1.0,0.0,0.0],"evs":[0.0,-0.61782,-2.08882]},"94o":{"weight":1.0,"played":[1.0,0.0,0.0],"evs":[0.0,-0.65444,-2.23521]},"T4o":{"weight":1.0,"played":[1.0,0.0,0.0],"evs":[0.0,-0.69367,-2.11688]},"J4o":{"weight":1.0,"played":[1.0,0.0,0.0],"evs":[0.0,-0.75379,-2.19341]},"Q4o":{"weight":1.0,"played":[1.0,0.0,0.0],"evs":[0.0,-0.67155,-1.91199]},"K4o":{"weight":1.0,"played":[1.0,0.0,0.0],"evs":[0.0,-0.65881,-1.70997]},"A4o":{"weight":1.0,"played":[1.0,0.0,0.0],"evs":[0.0,-0.45866,-0.87694]},"52s":{"weight":1.0,"played":[1.0,0.0,0.0],"evs":[0.0,-0.33209,-1.21146]},"53s":{"weight":1.0,"played":[1.0,0.0,0.0],"evs":[0.0,-0.20608,-0.93011]},"54s":{"weight":1.0,"played":[1.0,0.0,0.0],"evs":[0.0,-0.1346,-0.74104]},"55":{"weight":1.0,"played":[0.0,1.0,0.0],"evs":[0.0,0.31491,0.18838]},"65o":{"weight":1.0,"played":[1.0,0.0,0.0],"evs":[0.0,-0.27894,-1.12897]},"75o":{"weight":1.0,"played":[1.0,0.0,0.0],"evs":[0.0,-0.34892,-1.44992]},"85o":{"weight":1.0,"played":[1.0,0.0,0.0],"evs":[0.0,-0.50892,-1.66364]},"95o":{"weight":1.0,"played":[1.0,0.0,0.0],"evs":[0.0,-0.60994,-1.89793]},"T5o":{"weight":1.0,"played":[1.0,0.0,0.0],"evs":[0.0,-0.6687,-2.08224]},"J5o":{"weight":1.0,"played":[1.0,0.0,0.0],"evs":[0.0,-0.74745,-2.07546]},"Q5o":{"weight":1.0,"played":[1.0,0.0,0.0],"evs":[0.0,-0.68658,-1.75132]},"K5o":{"weight":1.0,"played":[1.0,0.0,0.0],"evs":[0.0,-0.66675,-1.61433]},"A5o":{"weight":1.0,"played":[1.0,0.0,0.0],"evs":[0.0,-0.41395,-0.69924]},"62s":{"weight":1.0,"played":[1.0,0.0,0.0],"evs":[0.0,-0.35965,-1.43495]},"63s":{"weight":1.0,"played":[1.0,0.0,0.0],"evs":[0.0,-0.22313,-1.09181]},"64s":{"weight":1.0,"played":[1.0,0.0,0.0],"evs":[0.0,-0.17977,-0.79942]},"65s":{"weight":1.0,"played":[0.434,0.566,0.0],"evs":[0.0,-0.00773,-0.41071]},"66":{"weight":1.0,"played":[0.0,0.0242,0.9757],"evs":[0.0,0.63798,0.7807]},"76o":{"weight":1.0,"played":[1.0,0.0,0.0],"evs":[0.0,-0.27352,-1.07339]},"86o":{"weight":1.0,"played":[1.0,0.0,0.0],"evs":[0.0,-0.32941,-1.26731]},"96o":{"weight":1.0,"played":[1.0,0.0,0.0],"evs":[0.0,-0.42937,-1.41556]},"T6o":{"weight":1.0,"played":[1.0,0.0,0.0],"evs":[0.0,-0.57636,-1.63379]},"J6o":{"weight":1.0,"played":[1.0,0.0,0.0],"evs":[0.0,-0.69259,-1.91706]},"Q6o":{"weight":1.0,"played":[1.0,0.0,0.0],"evs":[0.0,-0.61654,-1.58345]},"K6o":{"weight":1.0,"played":[1.0,0.0,0.0],"evs":[0.0,-0.56856,-1.37879]},"A6o":{"weight":1.0,"played":[1.0,0.0,0.0],"evs":[0.0,-0.45588,-0.89886]},"72s":{"weight":1.0,"played":[1.0,0.0,0.0],"evs":[0.0,-0.43361,-1.68867]},"73s":{"weight":1.0,"played":[1.0,0.0,0.0],"evs":[0.0,-0.34451,-1.37823]},"74s":{"weight":1.0,"played":[1.0,0.0,0.0],"evs":[0.0,-0.23115,-1.10186]},"75s":{"weight":1.0,"played":[1.0,0.0,0.0],"evs":[0.0,-0.07369,-0.58768]},"76s":{"weight":1.0,"played":[0.1455,0.8545,0.0],"evs":[0.0,0.06226,-0.37015]},"77":{"weight":1.0,"played":[0.0,0.4085,0.5915],"evs":[0.0,0.74136,0.75852]},"87o":{"weight":1.0,"played":[1.0,0.0,0.0],"evs":[0.0,-0.31418,-1.08192]},"97o":{"weight":1.0,"played":[1.0,0.0,0.0],"evs":[0.0,-0.35761,-1.22124]},"T7o":{"weight":1.0,"played":[1.0,0.0,0.0],"evs":[0.0,-0.44772,-1.39107]},"J7o":{"weight":1.0,"played":[1.0,0.0,0.0],"evs":[0.0,-0.61533,-1.66633]},"Q7o":{"weight":1.0,"played":[1.0,0.0,0.0],"evs":[0.0,-0.60354,-1.58436]},"K7o":{"weight":1.0,"played":[1.0,0.0,0.0],"evs":[0.0,-0.58857,-1.41335]},"A7o":{"weight":1.0,"played":[1.0,0.0,0.0],"evs":[0.0,-0.44685,-0.77523]},"82s":{"weight":1.0,"played":[1.0,0.0,0.0],"evs":[0.0,-0.46633,-1.51659]},"83s":{"weight":1.0,"played":[1.0,0.0,0.0],"evs":[0.0,-0.4144,-1.59478]},"84s":{"weight":1.0,"played":[1.0,0.0,0.0],"evs":[0.0,-0.34891,-1.22146]},"85s":{"weight":1.0,"played":[1.0,0.0,0.0],"evs":[0.0,-0.20244,-0.8709]},"86s":{"weight":1.0,"played":[1.0,0.0,0.0],"evs":[0.0,-0.08539,-0.40935]},"87s":{"weight":1.0,"played":[0.9182,0.0818,0.0],"evs":[0.0,0.0013,-0.34228]},"88":{"weight":1.0,"played":[0.0,0.4529,0.5471],"evs":[0.0,1.14563,1.17215]},"98o":{"weight":1.0,"played":[1.0,0.0,0.0],"evs":[0.0,-0.32172,-1.03379]},"T8o":{"weight":1.0,"played":[1.0,0.0,0.0],"evs":[0.0,-0.40137,-1.15881]},"J8o":{"weight":1.0,"played":[1.0,0.0,0.0],"evs":[0.0,-0.56206,-1.40189]},"Q8o":{"weight":1.0,"played":[1.0,0.0,0.0],"evs":[0.0,-0.58066,-1.39367]},"K8o":{"weight":1.0,"played":[1.0,0.0,0.0],"evs":[0.0,-0.59886,-1.3994]},"A8o":{"weight":1.0,"played":[1.0,0.0,0.0],"evs":[0.0,-0.40741,-0.74207]},"92s":{"weight":1.0,"played":[1.0,0.0,0.0],"evs":[0.0,-0.47861,-1.61314]},"93s":{"weight":1.0,"played":[1.0,0.0,0.0],"evs":[0.0,-0.39125,-1.407]},"94s":{"weight":1.0,"played":[1.0,0.0,0.0],"evs":[0.0,-0.47928,-1.4446]},"95s":{"weight":1.0,"played":[1.0,0.0,0.0],"evs":[0.0,-0.32908,-1.00662]},"96s":{"weight":1.0,"played":[1.0,0.0,0.0],"evs":[0.0,-0.19128,-0.6354]},"97s":{"weight":1.0,"played":[0.9998,1.0E-4,1.0E-4],"evs":[0.0,-0.04043,-0.47597]},"98s":{"weight":1.0,"played":[0.7995,0.2005,0.0],"evs":[0.0,-0.03238,-0.27766]},"99":{"weight":1.0,"played":[0.0,1.0E-4,0.9999],"evs":[0.0,1.49932,1.90497]},"T9o":{"weight":1.0,"played":[1.0,0.0,0.0],"evs":[0.0,-0.37264,-0.88051]},"J9o":{"weight":1.0,"played":[1.0,0.0,0.0],"evs":[0.0,-0.47299,-1.07047]},"Q9o":{"weight":1.0,"played":[1.0,0.0,0.0],"evs":[0.0,-0.52329,-1.05723]},"K9o":{"weight":1.0,"played":[1.0,0.0,0.0],"evs":[0.0,-0.58218,-1.12526]},"A9o":{"weight":1.0,"played":[1.0,0.0,0.0],