{"player":3,"street":0,"children":2,"sequence":[{"player":0,"type":"R","amount":200000,"street":0},{"player":1,"type":"C","amount":200000,"street":0},{"player":2,"type":"C","amount":200000,"street":0}],"actions":[{"type":"F","amount":0,"node":575},{"type":"R","amount":2985000,"node":618}],"hands":{"22":{"weight":1.0,"played":[0.9927,0.0073],"evs":[0.0,-1.32388]},"32o":{"weight":1.0,"played":[1.0,0.0],"evs":[0.0,-3.87928]},"42o":{"weight":1.0,"played":[1.0,0.0],"evs":[0.0,-3.59941]},"52o":{"weight":1.0,"played":[1.0,0.0],"evs":[0.0,-3.40303]},"62o":{"weight":1.0,"played":[1.0,0.0],"evs":[0.0,-3.61073]},"72o":{"weight":1.0,"played":[1.0,0.0],"evs":[0.0,-3.7917]},"82o":{"weight":1.0,"played":[1.0,0.0],"evs":[0.0,-3.62613]},"92o":{"weight":1.0,"played":[1.0,0.0],"evs":[0.0,-3.32354]},"T2o":{"weight":1.0,"played":[1.0,0.0],"evs":[0.0,-3.58529]},"J2o":{"weight":1.0,"played":[1.0,0.0],"evs":[0.0,-3.82306]},"Q2o":{"weight":1.0,"played":[1.0,0.0],"evs":[0.0,-3.59357]},"K2o":{"weight":1.0,"played":[1.0,0.0],"evs":[0.0,-3.00626]},"A2o":{"weight":1.0,"played":[0.9999,1.0E-4],"evs":[0.0,-2.01051]},"32s":{"weight":1.0,"played":[0.9999,1.0E-4],"evs":[0.0,-2.73506]},"33":{"weight":1.0,"played":[0.9999,1.0E-4],"evs":[0.0,-1.14639]},"43o":{"weight":1.0,"played":[1.0,0.0],"evs":[0.0,-3.55934]},"53o":{"weight":1.0,"played":[1.0,0.0],"evs":[0.0,-3.06102]},"63o":{"weight":1.0,"played":[1.0,0.0],"evs":[0.0,-3.04875]},"73o":{"weight":1.0,"played":[1.0,0.0],"evs":[0.0,-3.52379]},"83o":{"weight":1.0,"played":[1.0,0.0],"evs":[0.0,-3.54617]},"93o":{"weight":1.0,"played":[1.0,0.0],"evs":[0.0,-3.20861]},"T3o":{"weight":1.0,"played":[1.0,0.0],"evs":[0.0,-3.53523]},"J3o":{"weight":1.0,"played":[1.0,0.0],"evs":[0.0,-3.76205]},"Q3o":{"weight":1.0,"played":[1.0,0.0],"evs":[0.0,-3.38759]},"K3o":{"weight":1.0,"played":[1.0,0.0],"evs":[0.0,-2.97868]},"A3o":{"weight":1.0,"played":[1.0,0.0],"evs":[0.0,-1.69391]},"42s":{"weight":1.0,"played":[0.9999,1.0E-4],"evs":[0.0,-2.49561]},"43s":{"weight":1.0,"played":[0.9999,1.0E-4],"evs":[0.0,-1.72377]},"44":{"weight":1.0,"played":[0.9998,2.0E-4],"evs":[0.0,-0.73042]},"54o":{"weight":1.0,"played":[1.0,0.0],"evs":[0.0,-2.47057]},"64o":{"weight":1.0,"played":[0.9999,1.0E-4],"evs":[0.0,-2.66606]},"74o":{"weight":1.0,"played":[1.0,0.0],"evs":[0.0,-2.94595]},"84o":{"weight":1.0,"played":[1.0,0.0],"evs":[0.0,-2.95924]},"94o":{"weight":1.0,"played":[1.0,0.0],"evs":[0.0,-3.26628]},"T4o":{"weight":1.0,"played":[1.0,0.0],"evs":[0.0,-3.31407]},"J4o":{"weight":1.0,"played":[1.0,0.0],"evs":[0.0,-3.42993]},"Q4o":{"weight":1.0,"played":[1.0,0.0],"evs":[0.0,-3.49544]},"K4o":{"weight":1.0,"played":[1.0,0.0],"evs":[0.0,-2.70839]},"A4o":{"weight":1.0,"played":[0.9999,1.0E-4],"evs":[0.0,-1.32879]},"52s":{"weight":1.0,"played":[1.0,0.0],"evs":[0.0,-2.57133]},"53s":{"weight":1.0,"played":[0.9999,1.0E-4],"evs":[0.0,-1.92393]},"54s":{"weight":1.0,"played":[0.9999,1.0E-4],"evs":[0.0,-1.00244]},"55":{"weight":1.0,"played":[0.5924,0.4076],"evs":[0.0,-0.19573]},"65o":{"weight":1.0,"played":[0.9999,1.0E-4],"evs":[0.0,-2.27944]},"75o":{"weight":1.0,"played":[1.0,0.0],"evs":[0.0,-2.46416]},"85o":{"weight":1.0,"played":[1.0,0.0],"evs":[0.0,-2.57343]},"95o":{"weight":1.0,"played":[1.0,0.0],"evs":[0.0,-3.1082]},"T5o":{"weight":1.0,"played":[1.0,0.0],"evs":[0.0,-3.44227]},"J5o":{"weight":1.0,"played":[1.0,0.0],"evs":[0.0,-3.4158]},"Q5o":{"weight":1.0,"played":[1.0,0.0],"evs":[0.0,-3.25518]},"K5o":{"weight":1.0,"played":[1.0,0.0],"evs":[0.0,-2.69507]},"A5o":{"weight":1.0,"played":[0.9997,3.0E-4],"evs":[0.0,-1.27173]},"62s":{"weight":1.0,"played":[0.9999,1.0E-4],"evs":[0.0,-2.44173]},"63s":{"weight":1.0,"played":[1.0,0.0],"evs":[0.0,-2.0735]},"64s":{"weight":1.0,"played":[0.9974,0.0026],"evs":[0.0,-1.69823]},"65s":{"weight":1.0,"played":[0.9923,0.0077],"evs":[0.0,-1.05911]},"66":{"weight":1.0,"played":[5.0E-4,0.9995],"evs":[0.0,0.60776]},"76o":{"weight":1.0,"played":[1.0,0.0],"evs":[0.0,-1.6811]},"86o":{"weight":1.0,"played":[1.0,0.0],"evs":[0.0,-1.81222]},"96o":{"weight":1.0,"played":[0.9999,1.0E-4],"evs":[0.0,-2.34161]},"T6o":{"weight":1.0,"played":[1.0,0.0],"evs":[0.0,-2.85413]},"J6o":{"weight":1.0,"played":[1.0,0.0],"evs":[0.0,-3.13218]},"Q6o":{"weight":1.0,"played":[1.0,0.0],"evs":[0.0,-2.56287]},"K6o":{"weight":1.0,"played":[1.0,0.0],"evs":[0.0,-2.26504]},"A6o":{"weight":1.0,"played":[0.9998,2.0E-4],"evs":[0.0,-1.52131]},"72s":{"weight":1.0,"played":[1.0,0.0],"evs":[0.0,-3.0152]},"73s":{"weight":1.0,"played":[0.9999,1.0E-4],"evs":[0.0,-2.13521]},"74s":{"weight":1.0,"played":[1.0,0.0],"evs":[0.0,-2.1098]},"75s":{"weight":1.0,"played":[0.9687,0.0313],"evs":[0.0,-1.48971]},"76s":{"weight":1.0,"played":[0.9868,0.0132],"evs":[0.0,-0.60802]},"77":{"weight":1.0,"played":[0.0,1.0],"evs":[0.0,1.18385]},"87o":{"weight":1.0,"played":[0.9999,1.0E-4],"evs":[0.0,-1.64694]},"97o":{"weight":1.0,"played":[1.0,0.0],"evs":[0.0,-1.79257]},"T7o":{"weight":1.0,"played":[1.0,0.0],"evs":[0.0,-2.25474]},"J7o":{"weight":1.0,"played":[1.0,0.0],"evs":[0.0,-2.51771]},"Q7o":{"weight":1.0,"played":[1.0,0.0],"evs":[0.0,-2.94181]},"K7o":{"weight":1.0,"played":[1.0,0.0],"evs":[0.0,-2.14073]},"A7o":{"weight":1.0,"played":[0.9998,2.0E-4],"evs":[0.0,-1.1651]},"82s":{"weight":1.0,"played":[1.0,0.0],"evs":[0.0,-2.58881]},"83s":{"weight":1.0,"played":[1.0,0.0],"evs":[0.0,-2.5261]},"84s":{"weight":1.0,"played":[0.9999,1.0E-4],"evs":[0.0,-2.2376]},"85s":{"weight":1.0,"played":[1.0,0.0],"evs":[0.0,-1.75742]},"86s":{"weight":1.0,"played":[0.9994,6.0E-4],"evs":[0.0,-1.32933]},"87s":{"weight":1.0,"played":[0.9998,2.0E-4],"evs":[0.0,-0.73718]},"88":{"weight":1.0,"played":[0.0,1.0],"evs":[0.0,2.19773]},"98o":{"weight":1.0,"played":[1.0,0.0],"evs":[0.0,-1.21056]},"T8o":{"weight":1.0,"played":[1.0,0.0],"evs":[0.0,-1.82659]},"J8o":{"weight":1.0,"played":[1.0,0.0],"evs":[0.0,-2.04587]},"Q8o":{"weight":1.0,"played":[0.9999,1.0E-4],"evs":[0.0,-2.2856]},"K8o":{"weight":1.0,"played":[1.0,0.0],"evs":[0.0,-1.96689]},"A8o":{"weight":1.0,"played":[1.0,0.0],"evs":[0.0,-0.8058]},"92s":{"weight":1.0,"played":[1.0,0.0],"evs":[0.0,-2.91858]},"93s":{"weight":1.0,"played":[1.0,0.0],"evs":[0.0,-2.4093]},"94s":{"weight":1.0,"played":[1.0,0.0],"evs":[0.0,-2.29865]},"95s":{"weight":1.0,"played":[1.0,0.0],"evs":[0.0,-1.57083]},"96s":{"weight":1.0,"played":[0.9995,5.0E-4],"evs":[0.0,-1.00325]},"97s":{"weight":1.0,"played":[0.9986,0.0014],"evs":[0.0,-0.65224]},"98s":{"weight":1.0,"played":[0.8805,0.1195],"evs":[0.0,-0.14645]},"99":{"weight":1.0,"played":[0.0,1.0],"evs":[0.0,2.88116]},"T9o":{"weight":1.0,"played":[1.0,0.0],"evs":[0.0,-0.82518]},"J9o":{"weight":1.0,"played":[1.0,0.0],"evs":[0.0,-1.65279]},"Q9o":{"weight":1.0,"played":[1.0,0.0],"evs":[0.0,-2.073]},"K9o":{"weight":1.0,"played":[0.9999,1.0E-4],"evs":[0.0,-1.75904]},"A9o":{"weight":1.0,"played":[1.0,0.0],"evs":[0.0,-0.88767]},"T2s":{"weight":1.0,"played":[1.0,0.0],"evs":[0.0,-1.9672]},"T3s":{"weight":1.0,"played":[0.9999,1.0E-4],"evs":[0.0,-2.47408]},"T4s":{"weight":1.0,"played":[1.0,0.0],"evs":[0.0,-2.19655]},"T5s":{"weight":1.0,"played":[0.9999,1.0E-4],"evs":[0.0,-2.48653]},"T6s":{"weight":1.0,"played":[1.0,0.0],"evs":[0.0,-1.67923]},"T7s":{"weight":1.0,"played":[0.9872,0.0128],"evs":[0.0,-1.40718]},"T8s":{"weight":1.0,"played":[0.9997,3.0E-4],"evs":[0.0,-0.35054]},"T9s":{"weight":1.0,"played":[0.8713,0.1287],"evs":[0.0,-0.28931]},"TT":{"weight":1.0,"played":[0.0,1.0],"evs":[0.0,4.03078]},"JTo":{"weight":1.0,"played":[0.9999,1.0E-4],"evs":[0.0,-1.32307]},"QTo":{"weight":1.0,"played":[1.0,0.0],"evs":[0.0,-1.52516]},"KTo":{"weight":1.0,"played":[1.0,0.0],"evs":[0.0,-1.3976]},"ATo":{"weight":1.0,"played":[0.8004,0.1996],"evs":[0.0,-0.29731]},"J2s":{"weight":1.0,"played":[1.0,0.0],"evs":[0.0,-2.70303]},"J3s":{"weight":1.0,"played":[0.9999,1.0E-4],"evs":[0.0,-2.33876]},"J4s":{"weight":1.0,"played":[0.9999,1.0E-4],"evs":[0.0,-2.33167]},"J5s":{"weight":1.0,"played":[0.9996,4.0E-4],"evs":[0.0,-2.17918]},"J6s":{"weight":1.0,"played":[0.9998,2.0E-4],"evs":[0.0,-1.42086]},"J7s":{"weight":1.0,