{"equityUnit":"TABLE_EQUITY_PERCENT","conversionFactors":{"toUSD":1.7052618,"toRegularPrizePercent":0.0456685},"preHandEquity":[16.69833,35.71508,16.69833,15.86246,15.02581],"bubbleFactors":[[-1.0,1.019,0.728,0.795,0.784],[0.801,-1.0,0.724,0.791,0.781],[0.804,1.019,-1.0,0.795,0.784],[1.018,1.018,1.018,-1.0,0.784],[1.017,1.017,1.017,1.017,-1.0]]}