{"player":1,"street":0,"children":4,"sequence":[{"player":0,"type":"F","amount":0,"street":0}],"actions":[{"type":"F","amount":0,"node":2},{"type":"C","amount":100000,"node":35},{"type":"R","amount":200000},{"type":"R","amount":2065000,"node":91}],"hands":{"22":{"weight":1.0,"played":[0.0,0.0,0.0,1.0],"evs":[0.0,1.06705,1.09688,1.26058]},"32o":{"weight":1.0,"played":[1.0,0.0,0.0,0.0],"evs":[0.0,-0.6203,-1.23662,-4.06685]},"42o":{"weight":1.0,"played":[1.0,0.0,0.0,0.0],"evs":[0.0,-0.58877,-1.18209,-3.79521]},"52o":{"weight":1.0,"played":[1.0,0.0,0.0,0.0],"evs":[0.0,-0.56206,-1.13198,-3.54634]},"62o":{"weight":1.0,"played":[1.0,0.0,0.0,0.0],"evs":[0.0,-0.63784,-1.19957,-3.91884]},"72o":{"weight":1.0,"played":[1.0,0.0,0.0,0.0],"evs":[0.0,-0.67367,-1.21659,-4.18121]},"82o":{"weight":1.0,"played":[1.0,0.0,0.0,0.0],"evs":[0.0,-0.63153,-1.15153,-3.8302]},"92o":{"weight":1.0,"played":[1.0,0.0,0.0,0.0],"evs":[0.0,-0.58254,-1.07485,-3.61675]},"T2o":{"weight":1.0,"played":[1.0,0.0,0.0,0.0],"evs":[0.0,-0.49077,-0.94855,-3.2588]},"J2o":{"weight":1.0,"played":[1.0,0.0,0.0,0.0],"evs":[0.0,-0.42713,-0.86057,-2.89073]},"Q2o":{"weight":1.0,"played":[1.0,0.0,0.0,0.0],"evs":[0.0,-0.32445,-0.69762,-2.3332]},"K2o":{"weight":1.0,"played":[1.0,0.0,0.0,0.0],"evs":[0.0,-0.13272,-0.46067,-1.46326]},"A2o":{"weight":1.0,"played":[0.0,0.7023,0.0061,0.2916],"evs":[0.0,0.94555,0.94135,0.94355]},"32s":{"weight":1.0,"played":[1.0,0.0,0.0,0.0],"evs":[0.0,-0.41558,-0.98958,-2.50687]},"33":{"weight":1.0,"played":[0.0,0.0,0.0,1.0],"evs":[0.0,1.71845,1.78082,2.02455]},"43o":{"weight":1.0,"played":[1.0,0.0,0.0,0.0],"evs":[0.0,-0.50679,-1.06629,-3.14229]},"53o":{"weight":1.0,"played":[1.0,0.0,0.0,0.0],"evs":[0.0,-0.46672,-1.00462,-2.86901]},"63o":{"weight":1.0,"played":[1.0,0.0,0.0,0.0],"evs":[0.0,-0.54213,-1.07083,-3.23796]},"73o":{"weight":1.0,"played":[1.0,0.0,0.0,0.0],"evs":[0.0,-0.58651,-1.099,-3.51704]},"83o":{"weight":1.0,"played":[1.0,0.0,0.0,0.0],"evs":[0.0,-0.60451,-1.10217,-3.70326]},"93o":{"weight":1.0,"played":[1.0,0.0,0.0,0.0],"evs":[0.0,-0.54608,-1.00764,-3.38125]},"T3o":{"weight":1.0,"played":[1.0,0.0,0.0,0.0],"evs":[0.0,-0.44992,-0.87219,-3.01749]},"J3o":{"weight":1.0,"played":[1.0,0.0,0.0,0.0],"evs":[0.0,-0.38119,-0.78271,-2.65393]},"Q3o":{"weight":1.0,"played":[1.0,0.0,0.0,0.0],"evs":[0.0,-0.27784,-0.61851,-2.10405]},"K3o":{"weight":1.0,"played":[1.0,0.0,0.0,0.0],"evs":[0.0,-0.08336,-0.37348,-1.23161]},"A3o":{"weight":1.0,"played":[0.0,1.0E-4,0.0,0.9999],"evs":[0.0,1.16878,1.17747,1.20238]},"42s":{"weight":1.0,"played":[1.0,0.0,0.0,0.0],"evs":[0.0,-0.38113,-0.93043,-2.2353]},"43s":{"weight":1.0,"played":[1.0,0.0,0.0,0.0],"evs":[0.0,-0.29439,-0.78554,-1.63306]},"44":{"weight":1.0,"played":[0.0,0.0,0.0,1.0],"evs":[0.0,2.5731,2.60951,2.81752]},"54o":{"weight":1.0,"played":[1.0,0.0,0.0,0.0],"evs":[0.0,-0.38536,-0.897,-2.20958]},"64o":{"weight":1.0,"played":[1.0,0.0,0.0,0.0],"evs":[0.0,-0.45006,-0.95195,-2.55672]},"74o":{"weight":1.0,"played":[1.0,0.0,0.0,0.0],"evs":[0.0,-0.49512,-0.97891,-2.8295]},"84o":{"weight":1.0,"played":[1.0,0.0,0.0,0.0],"evs":[0.0,-0.5224,-0.98907,-3.02699]},"94o":{"weight":1.0,"played":[1.0,0.0,0.0,0.0],"evs":[0.0,-0.51976,-0.96339,-3.24009]},"T4o":{"weight":1.0,"played":[1.0,0.0,0.0,0.0],"evs":[0.0,-0.41256,-0.81277,-2.76186]},"J4o":{"weight":1.0,"played":[1.0,0.0,0.0,0.0],"evs":[0.0,-0.3496,-0.72985,-2.3975]},"Q4o":{"weight":1.0,"played":[1.0,0.0,0.0,0.0],"evs":[0.0,-0.24221,-0.56309,-1.8444]},"K4o":{"weight":1.0,"played":[1.0,0.0,0.0,0.0],"evs":[0.0,-0.04415,-0.30886,-0.98951]},"A4o":{"weight":1.0,"played":[0.0,0.0,0.0,1.0],"evs":[0.0,1.4053,1.42252,1.4639]},"52s":{"weight":1.0,"played":[1.0,0.0,0.0,0.0],"evs":[0.0,-0.34676,-0.86806,-2.02388]},"53s":{"weight":1.0,"played":[1.0,0.0,0.0,0.0],"evs":[0.0,-0.24571,-0.67795,-1.40681]},"54s":{"weight":1.0,"played":[1.0,0.0,0.0,0.0],"evs":[0.0,-0.10784,-0.31562,-0.7591]},"55":{"weight":1.0,"played":[0.0,0.0,0.0,1.0],"evs":[0.0,3.5233,3.53496,3.65241]},"65o":{"weight":1.0,"played":[1.0,0.0,0.0,0.0],"evs":[0.0,-0.36109,-0.81618,-1.92356]},"75o":{"weight":1.0,"played":[1.0,0.0,0.0,0.0],"evs":[0.0,-0.39813,-0.85165,-2.17246]},"85o":{"weight":1.0,"played":[1.0,0.0,0.0,0.0],"evs":[0.0,-0.42412,-0.86602,-2.36062]},"95o":{"weight":1.0,"played":[1.0,0.0,0.0,0.0],"evs":[0.0,-0.42614,-0.84631,-2.57565]},"T5o":{"weight":1.0,"played":[1.0,0.0,0.0,0.0],"evs":[0.0,-0.37909,-0.76951,-2.63267]},"J5o":{"weight":1.0,"played":[1.0,0.0,0.0,0.0],"evs":[0.0,-0.30558,-0.67301,-2.17768]},"Q5o":{"weight":1.0,"played":[1.0,0.0,0.0,0.0],"evs":[0.0,-0.19786,-0.49591,-1.61599]},"K5o":{"weight":1.0,"played":[0.9239,0.0761,0.0,0.0],"evs":[0.0,-0.00306,-0.23292,-0.7587]},"A5o":{"weight":1.0,"played":[0.0,0.0,0.0,1.0],"evs":[0.0,1.70263,1.74534,1.79422]},"62s":{"weight":1.0,"played":[1.0,0.0,0.0,0.0],"evs":[0.0,-0.42312,-0.95209,-2.35418]},"63s":{"weight":1.0,"played":[1.0,0.0,0.0,0.0],"evs":[0.0,-0.32554,-0.79798,-1.73711]},"64s":{"weight":1.0,"played":[1.0,0.0,0.0,0.0],"evs":[0.0,-0.20283,-0.5261,-1.07782]},"65s":{"weight":1.0,"played":[1.0,0.0,0.0,0.0],"evs":[0.0,-0.05377,-0.15504,-0.49662]},"66":{"weight":1.0,"played":[0.0,0.0,0.0,1.0],"evs":[0.0,4.39526,4.35186,4.43648]},"76o":{"weight":1.0,"played":[1.0,0.0,0.0,0.0],"evs":[0.0,-0.32442,-0.71981,-1.55791]},"86o":{"weight":1.0,"played":[1.0,0.0,0.0,0.0],"evs":[0.0,-0.34263,-0.74813,-1.71293]},"96o":{"weight":1.0,"played":[1.0,0.0,0.0,0.0],"evs":[0.0,-0.34625,-0.74004,-1.91791]},"T6o":{"weight":1.0,"played":[1.0,0.0,0.0,0.0],"evs":[0.0,-0.30771,-0.67751,-1.98725]},"J6o":{"weight":1.0,"played":[1.0,0.0,0.0,0.0],"evs":[0.0,-0.28873,-0.65154,-2.036]},"Q6o":{"weight":1.0,"played":[1.0,0.0,0.0,0.0],"evs":[0.0,-0.17891,-0.4577,-1.38542]},"K6o":{"weight":1.0,"played":[0.0,1.0,0.0,0.0],"evs":[0.0,0.00757,-0.13267,-0.49561]},"A6o":{"weight":1.0,"played":[0.0,0.0,0.0,1.0],"evs":[0.0,1.71612,1.74286,1.80222]},"72s":{"weight":1.0,"played":[1.0,0.0,0.0,0.0],"evs":[0.0,-0.45586,-0.97135,-2.603]},"73s":{"weight":1.0,"played":[1.0,0.0,0.0,0.0],"evs":[0.0,-0.36133,-0.84312,-1.99318]},"74s":{"weight":1.0,"played":[1.0,0.0,0.0,0.0],"evs":[0.0,-0.26639,-0.67925,-1.34312]},"75s":{"weight":1.0,"played":[1.0,0.0,0.0,0.0],"evs":[0.0,-0.123,-0.29692,-0.73062]},"76s":{"weight":1.0,"played":[0.0,1.0,0.0,0.0],"evs":[0.0,0.11942,0.04262,-0.16483]},"77":{"weight":1.0,"played":[0.0,0.0255,0.0,0.9745],"evs":[0.0,5.26754,5.21648,5.2694]},"87o":{"weight":1.0,"played":[1.0,0.0,0.0,0.0],"evs":[0.0,-0.25936,-0.57644,-1.17822]},"97o":{"weight":1.0,"played":[1.0,0.0,0.0,0.0],"evs":[0.0,-0.25573,-0.61251,-1.35019]},"T7o":{"weight":1.0,"played":[1.0,0.0,0.0,0.0],"evs":[0.0,-0.20937,-0.55601,-1.40892]},"J7o":{"weight":1.0,"played":[1.0,0.0,0.0,0.0],"evs":[0.0,-0.19742,-0.52445,-1.47239]},"Q7o":{"weight":1.0,"played":[1.0,0.0,0.0,0.0],"evs":[0.0,-0.13165,-0.40681,-1.31652]},"K7o":{"weight":1.0,"played":[0.0,1.0,0.0,0.0],"evs":[0.0,0.06011,-0.00846,-0.29182]},"A7o":{"weight":1.0,"played":[0.0,0.0,0.0,1.0],"evs":[0.0,2.21731,2.28456,2.39702]},"82s":{"weight":1.0,"played":[1.0,0.0,0.0,0.0],"evs":[0.0,-0.40661,-0.9022,-2.26359]},"83s":{"weight":1.0,"played":[1.0,0.0,0.0,0.0],"evs":[0.0,-0.38136,-0.85567,-2.15039]},"84s":{"weight":1.0,"played":[1.0,0.0,0.0,0.0],"evs":[0.0,-0.29583,-0.71551,-1.53038]},"85s":{"weight":1.0,"played":[1.0,0.0,0.0,0.0],"evs":[0.0,-0.17148,-0.39746,-0.9001]},"86s":{"weight":1.0,"played":[0.1408,0.8592,0.0,0.0],"evs":[0.0,0.00685,-0.04711,-0.29365]},"87s":{"weight":1.0,"played":[0.0,0.9971,0.0029,0.0],"evs":[0.0,0.32414,0.29749,0.20512]},"88":{"weight":1.0,"played":[0.0,0.0012,0.0,0.9987],"evs":[0.0,6.22741,6.18925,6.23713]},"98o":{"weight":1.0,"played":[1.0,0.0,0.0,0.0],"evs":[0.0,-0.14269,-0.33738,-0.77524]},"T8o":{"weight":1.0,"played":[1.0,0.0,0.0,0.0],"evs":[0.0,-0.07602,-0.29855,-0.77719]},"J8o":{"weight":1.0,"played":[0.9998,2.0E-4,0.0,0.0],"evs":[0.0,-0.06023,-0.33571,-0.84457]},"Q8o":{"weight":1.0,"played":[0.3579,0.6421,0.0,0.0],"evs":[0.0,-9.5E-4,-0.24696,-0.68205]},"K8o":{"weight":1.0,