{"player":2,"street":0,"children":3,"sequence":[{"player":0,"type":"F","amount":0,"street":0},{"player":1,"type":"C","amount":100000,"street":0}],"actions":[{"type":"F","amount":0,"node":36},{"type":"C","amount":100000,"node":49},{"type":"R","amount":1435000,"node":81}],"hands":{"22":{"weight":1.0,"played":[0.0,1.0,0.0],"evs":[0.0,0.81138,0.30315]},"32o":{"weight":1.0,"played":[1.0,0.0,0.0],"evs":[0.0,-0.61484,-4.26734]},"42o":{"weight":1.0,"played":[1.0,0.0,0.0],"evs":[0.0,-0.57647,-4.00851]},"52o":{"weight":1.0,"played":[1.0,0.0,0.0],"evs":[0.0,-0.56559,-3.81553]},"62o":{"weight":1.0,"played":[1.0,0.0,0.0],"evs":[0.0,-0.67456,-4.42654]},"72o":{"weight":1.0,"played":[1.0,0.0,0.0],"evs":[0.0,-0.74049,-4.83918]},"82o":{"weight":1.0,"played":[1.0,0.0,0.0],"evs":[0.0,-0.71174,-4.39792]},"92o":{"weight":1.0,"played":[1.0,0.0,0.0],"evs":[0.0,-0.70307,-4.23271]},"T2o":{"weight":1.0,"played":[1.0,0.0,0.0],"evs":[0.0,-0.57403,-3.49953]},"J2o":{"weight":1.0,"played":[1.0,0.0,0.0],"evs":[0.0,-0.50286,-2.94424]},"Q2o":{"weight":1.0,"played":[1.0,0.0,0.0],"evs":[0.0,-0.44301,-2.51984]},"K2o":{"weight":1.0,"played":[1.0,0.0,0.0],"evs":[0.0,-0.19237,-1.53808]},"A2o":{"weight":1.0,"played":[0.0,0.3227,0.6773],"evs":[0.0,1.06321,1.06854]},"32s":{"weight":1.0,"played":[1.0,0.0,0.0],"evs":[0.0,-0.36139,-2.80442]},"33":{"weight":1.0,"played":[0.0,0.9988,0.0012],"evs":[0.0,1.18199,1.08202]},"43o":{"weight":1.0,"played":[1.0,0.0,0.0],"evs":[0.0,-0.47825,-3.24856]},"53o":{"weight":1.0,"played":[1.0,0.0,0.0],"evs":[0.0,-0.43377,-3.03117]},"63o":{"weight":1.0,"played":[1.0,0.0,0.0],"evs":[0.0,-0.55826,-3.59355]},"73o":{"weight":1.0,"played":[1.0,0.0,0.0],"evs":[0.0,-0.64555,-4.006]},"83o":{"weight":1.0,"played":[1.0,0.0,0.0],"evs":[0.0,-0.68661,-4.14391]},"93o":{"weight":1.0,"played":[1.0,0.0,0.0],"evs":[0.0,-0.667,-3.85957]},"T3o":{"weight":1.0,"played":[1.0,0.0,0.0],"evs":[0.0,-0.5251,-3.12927]},"J3o":{"weight":1.0,"played":[1.0,0.0,0.0],"evs":[0.0,-0.45774,-2.56607]},"Q3o":{"weight":1.0,"played":[1.0,0.0,0.0],"evs":[0.0,-0.38142,-2.15815]},"K3o":{"weight":1.0,"played":[1.0,0.0,0.0],"evs":[0.0,-0.13339,-1.18201]},"A3o":{"weight":1.0,"played":[0.0,1.0E-4,0.9999],"evs":[0.0,1.20015,1.33606]},"42s":{"weight":1.0,"played":[1.0,0.0,0.0],"evs":[0.0,-0.32966,-2.55375]},"43s":{"weight":1.0,"played":[1.0,0.0,0.0],"evs":[0.0,-0.21206,-1.82083]},"44":{"weight":1.0,"played":[0.0,0.5033,0.4967],"evs":[0.0,1.6739,1.67918]},"54o":{"weight":1.0,"played":[1.0,0.0,0.0],"evs":[0.0,-0.34684,-2.42296]},"64o":{"weight":1.0,"played":[1.0,0.0,0.0],"evs":[0.0,-0.45229,-2.95074]},"74o":{"weight":1.0,"played":[1.0,0.0,0.0],"evs":[0.0,-0.54154,-3.33987]},"84o":{"weight":1.0,"played":[1.0,0.0,0.0],"evs":[0.0,-0.59401,-3.47411]},"94o":{"weight":1.0,"played":[1.0,0.0,0.0],"evs":[0.0,-0.6487,-3.71021]},"T4o":{"weight":1.0,"played":[1.0,0.0,0.0],"evs":[0.0,-0.50054,-2.89138]},"J4o":{"weight":1.0,"played":[1.0,0.0,0.0],"evs":[0.0,-0.43056,-2.34282]},"Q4o":{"weight":1.0,"played":[1.0,0.0,0.0],"evs":[0.0,-0.34368,-1.90083]},"K4o":{"weight":1.0,"played":[1.0,0.0,0.0],"evs":[0.0,-0.08689,-0.96348]},"A4o":{"weight":1.0,"played":[0.0,0.0,1.0],"evs":[0.0,1.32454,1.51258]},"52s":{"weight":1.0,"played":[1.0,0.0,0.0],"evs":[0.0,-0.29688,-2.40349]},"53s":{"weight":1.0,"played":[1.0,0.0,0.0],"evs":[0.0,-0.1852,-1.62632]},"54s":{"weight":1.0,"played":[0.0027,0.9973,0.0],"evs":[0.0,0.02334,-1.08371]},"55":{"weight":1.0,"played":[0.0,0.0221,0.9779],"evs":[0.0,2.21238,2.24316]},"65o":{"weight":1.0,"played":[1.0,0.0,0.0],"evs":[0.0,-0.36438,-2.37058]},"75o":{"weight":1.0,"played":[1.0,0.0,0.0],"evs":[0.0,-0.43792,-2.73523]},"85o":{"weight":1.0,"played":[1.0,0.0,0.0],"evs":[0.0,-0.48979,-2.84598]},"95o":{"weight":1.0,"played":[1.0,0.0,0.0],"evs":[0.0,-0.56271,-3.11592]},"T5o":{"weight":1.0,"played":[1.0,0.0,0.0],"evs":[0.0,-0.46401,-2.81259]},"J5o":{"weight":1.0,"played":[1.0,0.0,0.0],"evs":[0.0,-0.39449,-2.15417]},"Q5o":{"weight":1.0,"played":[1.0,0.0,0.0],"evs":[0.0,-0.30262,-1.70831]},"K5o":{"weight":1.0,"played":[0.9999,1.0E-4,0.0],"evs":[0.0,-0.05449,-0.73792]},"A5o":{"weight":1.0,"played":[0.0,1.0E-4,0.9999],"evs":[0.0,1.534,1.80589]},"62s":{"weight":1.0,"played":[1.0,0.0,0.0],"evs":[0.0,-0.41752,-2.91561]},"63s":{"weight":1.0,"played":[1.0,0.0,0.0],"evs":[0.0,-0.29458,-2.16154]},"64s":{"weight":1.0,"played":[1.0,0.0,0.0],"evs":[0.0,-0.15346,-1.51988]},"65s":{"weight":1.0,"played":[0.0343,0.9657,0.0],"evs":[0.0,0.05116,-1.00127]},"66":{"weight":1.0,"played":[0.0,0.3806,0.6194],"evs":[0.0,2.64025,2.64858]},"76o":{"weight":1.0,"played":[1.0,0.0,0.0],"evs":[0.0,-0.37593,-2.32868]},"86o":{"weight":1.0,"played":[1.0,0.0,0.0],"evs":[0.0,-0.42621,-2.40513]},"96o":{"weight":1.0,"played":[1.0,0.0,0.0],"evs":[0.0,-0.4972,-2.62544]},"T6o":{"weight":1.0,"played":[1.0,0.0,0.0],"evs":[0.0,-0.42237,-2.35059]},"J6o":{"weight":1.0,"played":[1.0,0.0,0.0],"evs":[0.0,-0.40269,-2.16544]},"Q6o":{"weight":1.0,"played":[1.0,0.0,0.0],"evs":[0.0,-0.30235,-1.55809]},"K6o":{"weight":1.0,"played":[0.9826,0.0174,0.0],"evs":[0.0,-0.01408,-0.47251]},"A6o":{"weight":1.0,"played":[0.0,0.0,1.0],"evs":[0.0,1.41585,1.66215]},"72s":{"weight":1.0,"played":[1.0,0.0,0.0],"evs":[0.0,-0.47895,-3.26709]},"73s":{"weight":1.0,"played":[1.0,0.0,0.0],"evs":[0.0,-0.35794,-2.49018]},"74s":{"weight":1.0,"played":[1.0,0.0,0.0],"evs":[0.0,-0.24409,-1.86744]},"75s":{"weight":1.0,"played":[1.0,0.0,0.0],"evs":[0.0,-0.08022,-1.33626]},"76s":{"weight":1.0,"played":[0.0,1.0,0.0],"evs":[0.0,0.08313,-0.92714]},"77":{"weight":1.0,"played":[0.0,0.0,1.0],"evs":[0.0,3.07021,3.35503]},"87o":{"weight":1.0,"played":[1.0,0.0,0.0],"evs":[0.0,-0.37095,-1.9862]},"97o":{"weight":1.0,"played":[1.0,0.0,0.0],"evs":[0.0,-0.42172,-2.16934]},"T7o":{"weight":1.0,"played":[1.0,0.0,0.0],"evs":[0.0,-0.31618,-1.79939]},"J7o":{"weight":1.0,"played":[1.0,0.0,0.0],"evs":[0.0,-0.30869,-1.53593]},"Q7o":{"weight":1.0,"played":[1.0,0.0,0.0],"evs":[0.0,-0.26148,-1.34795]},"K7o":{"weight":1.0,"played":[0.0,1.0,0.0],"evs":[0.0,0.06407,-0.23388]},"A7o":{"weight":1.0,"played":[0.0,0.0,1.0],"evs":[0.0,1.76243,2.24407]},"82s":{"weight":1.0,"played":[1.0,0.0,0.0],"evs":[0.0,-0.43167,-2.9163]},"83s":{"weight":1.0,"played":[1.0,0.0,0.0],"evs":[0.0,-0.41562,-2.6422]},"84s":{"weight":1.0,"played":[1.0,0.0,0.0],"evs":[0.0,-0.32125,-2.07486]},"85s":{"weight":1.0,"played":[1.0,0.0,0.0],"evs":[0.0,-0.21732,-1.4658]},"86s":{"weight":1.0,"played":[1.0,0.0,0.0],"evs":[0.0,-0.02557,-1.0689]},"87s":{"weight":1.0,"played":[5.0E-4,0.9995,0.0],"evs":[0.0,0.15771,-0.59853]},"88":{"weight":1.0,"played":[0.0,0.0,1.0],"evs":[0.0,3.78826,4.30749]},"98o":{"weight":1.0,"played":[1.0,0.0,0.0],"evs":[0.0,-0.31629,-1.53735]},"T8o":{"weight":1.0,"played":[1.0,0.0,0.0],"evs":[0.0,-0.18828,-1.20707]},"J8o":{"weight":1.0,"played":[1.0,0.0,0.0],"evs":[0.0,-0.1781,-0.97478]},"Q8o":{"weight":1.0,"played":[0.9993,7.0E-4,0.0],"evs":[0.0,-0.10863,-0.82174]},"K8o":{"weight":1.0,"played":[0.0,1.0,0.0],"evs":[0.0,0.20159,-0.07327]},"A8o":{"weight":1.0,"played":[0.0,0.0,1.0],"evs":[0.0,2.20709,2.60675]},"92s":{"weight":1.0,"played":[1.0,0.0,0.0],"evs":[0.0,-0.40783,-2.70542]},"93s":{"weight":1.0,"played":[1.0,0.0,0.0],"evs":[0.0,-0.37374,-2.35221]},"94s":{"weight":1.0,"played":[1.0,0.0,0.0],"evs":[0.0,-0.34733,-2.23324]},"95s":{"weight":1.0,"played":[1.0,0.0,0.0],"evs":[0.0,-0.25139,-1.65239]},"96s":{"weight":1.0,"played":[1.0,0.0,0.0],"evs":[0.0,-0.1856,-1.2419]},"97s":{"weight":1.0,"played":[0.2049,0.7951,0.0],"evs":[0.0,0.00832,-0.76684]},"98s":{"weight":1.0,"played":[0.0,1.0,0.0],"evs":[0.0,0.25229,-0.2385]},"99":{"weight":1.0,"played":[0.0,0.0,1.0],"evs":[0.0,4.34317,5.17358]},"T9o":{"weight":1.0,"played":[0.9776,0.0224,0.0],"evs":[0.0,-0.06554,-0.64193]},"J9o":{"weight":1.0,"played":[1.0E-4,0.9999,0.0],"evs":[0.0,0.01352,-0.40396]},"Q9o":{"weight":1.0,"played":[0.0,1.0,0.0],"evs":[0.0,0.14167,-0.24506]},"K9o":{"weight":1.0,"played":[0.0,0.102,0.898],"evs":[0.0,0.56473,0.57091]},"A9o":{"weight":1.0,"played":[0.0,0.0,1.0],