{"player":3,"street":0,"children":2,"sequence":[{"player":0,"type":"R","amount":1740000,"street":0},{"player":1,"type":"R","amount":8940000,"street":0},{"player":2,"type":"C","amount":2340000,"street":0}],"actions":[{"type":"F","amount":0,"node":83},{"type":"C","amount":1580000,"node":84}],"hands":{"22":{"weight":1.0,"played":[1.0,0.0],"evs":[0.0,-4.59314]},"32o":{"weight":1.0,"played":[1.0,0.0],"evs":[0.0,-5.04184]},"42o":{"weight":1.0,"played":[0.9976,0.0024],"evs":[0.0,-4.49409]},"52o":{"weight":1.0,"played":[1.0,0.0],"evs":[0.0,-5.63722]},"62o":{"weight":1.0,"played":[0.9998,2.0E-4],"evs":[0.0,-5.64406]},"72o":{"weight":1.0,"played":[0.9974,0.0026],"evs":[0.0,-6.80392]},"82o":{"weight":1.0,"played":[0.9999,1.0E-4],"evs":[0.0,-6.25907]},"92o":{"weight":1.0,"played":[0.9948,0.0052],"evs":[0.0,-5.07614]},"T2o":{"weight":1.0,"played":[0.9998,2.0E-4],"evs":[0.0,-5.95094]},"J2o":{"weight":1.0,"played":[0.9997,3.0E-4],"evs":[0.0,-6.19453]},"Q2o":{"weight":1.0,"played":[0.9971,0.0029],"evs":[0.0,-6.59665]},"K2o":{"weight":1.0,"played":[1.0,0.0],"evs":[0.0,-6.13554]},"A2o":{"weight":1.0,"played":[0.9999,1.0E-4],"evs":[0.0,-4.51581]},"32s":{"weight":1.0,"played":[1.0,0.0],"evs":[0.0,-4.88347]},"33":{"weight":1.0,"played":[1.0,0.0],"evs":[0.0,-1.78518]},"43o":{"weight":1.0,"played":[1.0,0.0],"evs":[0.0,-4.61715]},"53o":{"weight":1.0,"played":[1.0,0.0],"evs":[0.0,-5.49622]},"63o":{"weight":1.0,"played":[0.9997,3.0E-4],"evs":[0.0,-5.74401]},"73o":{"weight":1.0,"played":[0.9997,3.0E-4],"evs":[0.0,-5.15558]},"83o":{"weight":1.0,"played":[0.9998,2.0E-4],"evs":[0.0,-6.63725]},"93o":{"weight":1.0,"played":[1.0,0.0],"evs":[0.0,-6.03768]},"T3o":{"weight":1.0,"played":[1.0,0.0],"evs":[0.0,-5.22974]},"J3o":{"weight":1.0,"played":[0.9998,2.0E-4],"evs":[0.0,-5.50551]},"Q3o":{"weight":1.0,"played":[0.9998,2.0E-4],"evs":[0.0,-6.81804]},"K3o":{"weight":1.0,"played":[1.0,0.0],"evs":[0.0,-6.6027]},"A3o":{"weight":1.0,"played":[0.9988,0.0012],"evs":[0.0,-6.52438]},"42s":{"weight":1.0,"played":[1.0,0.0],"evs":[0.0,-6.97324]},"43s":{"weight":1.0,"played":[0.9887,0.0113],"evs":[0.0,-3.88676]},"44":{"weight":1.0,"played":[0.998,0.002],"evs":[0.0,-4.57097]},"54o":{"weight":1.0,"played":[0.9987,0.0013],"evs":[0.0,-5.37273]},"64o":{"weight":1.0,"played":[0.9999,1.0E-4],"evs":[0.0,-4.90351]},"74o":{"weight":1.0,"played":[0.9999,1.0E-4],"evs":[0.0,-4.98598]},"84o":{"weight":1.0,"played":[0.999,0.001],"evs":[0.0,-5.51593]},"94o":{"weight":1.0,"played":[0.9998,2.0E-4],"evs":[0.0,-6.74548]},"T4o":{"weight":1.0,"played":[0.9999,1.0E-4],"evs":[0.0,-4.74922]},"J4o":{"weight":1.0,"played":[1.0,0.0],"evs":[0.0,-5.73507]},"Q4o":{"weight":1.0,"played":[1.0,0.0],"evs":[0.0,-5.86217]},"K4o":{"weight":1.0,"played":[1.0,0.0],"evs":[0.0,-6.01952]},"A4o":{"weight":1.0,"played":[0.9997,3.0E-4],"evs":[0.0,-7.26637]},"52s":{"weight":1.0,"played":[0.9933,0.0067],"evs":[0.0,-6.68924]},"53s":{"weight":1.0,"played":[0.8781,0.1219],"evs":[0.0,-5.6125]},"54s":{"weight":1.0,"played":[0.9939,0.0061],"evs":[0.0,-4.3316]},"55":{"weight":1.0,"played":[0.9785,0.0215],"evs":[0.0,-1.85055]},"65o":{"weight":1.0,"played":[1.0,0.0],"evs":[0.0,-5.40552]},"75o":{"weight":1.0,"played":[0.9996,4.0E-4],"evs":[0.0,-5.96631]},"85o":{"weight":1.0,"played":[0.9998,2.0E-4],"evs":[0.0,-5.99554]},"95o":{"weight":1.0,"played":[0.9996,4.0E-4],"evs":[0.0,-6.93598]},"T5o":{"weight":1.0,"played":[0.9999,1.0E-4],"evs":[0.0,-6.40309]},"J5o":{"weight":1.0,"played":[0.9998,2.0E-4],"evs":[0.0,-6.03976]},"Q5o":{"weight":1.0,"played":[0.9998,2.0E-4],"evs":[0.0,-7.0457]},"K5o":{"weight":1.0,"played":[0.9995,5.0E-4],"evs":[0.0,-5.75162]},"A5o":{"weight":1.0,"played":[0.9991,9.0E-4],"evs":[0.0,-6.06285]},"62s":{"weight":1.0,"played":[0.9996,4.0E-4],"evs":[0.0,-5.26689]},"63s":{"weight":1.0,"played":[1.0,0.0],"evs":[0.0,-4.71797]},"64s":{"weight":1.0,"played":[0.9839,0.0161],"evs":[0.0,-2.38672]},"65s":{"weight":1.0,"played":[0.9069,0.0931],"evs":[0.0,-3.48753]},"66":{"weight":1.0,"played":[0.997,0.003],"evs":[0.0,-3.24175]},"76o":{"weight":1.0,"played":[0.9982,0.0018],"evs":[0.0,-3.59271]},"86o":{"weight":1.0,"played":[1.0,0.0],"evs":[0.0,-6.43687]},"96o":{"weight":1.0,"played":[1.0,0.0],"evs":[0.0,-5.51098]},"T6o":{"weight":1.0,"played":[0.9991,9.0E-4],"evs":[0.0,-5.80631]},"J6o":{"weight":1.0,"played":[0.9999,1.0E-4],"evs":[0.0,-5.39543]},"Q6o":{"weight":1.0,"played":[0.9957,0.0043],"evs":[0.0,-6.13634]},"K6o":{"weight":1.0,"played":[0.9993,7.0E-4],"evs":[0.0,-4.38307]},"A6o":{"weight":1.0,"played":[1.0,0.0],"evs":[0.0,-7.06964]},"72s":{"weight":1.0,"played":[1.0,0.0],"evs":[0.0,-3.80641]},"73s":{"weight":1.0,"played":[1.0,0.0],"evs":[0.0,-4.17088]},"74s":{"weight":1.0,"played":[0.9942,0.0058],"evs":[0.0,-1.01041]},"75s":{"weight":1.0,"played":[0.9882,0.0118],"evs":[0.0,-2.60189]},"76s":{"weight":1.0,"played":[0.9996,4.0E-4],"evs":[0.0,-5.12113]},"77":{"weight":1.0,"played":[0.9849,0.0151],"evs":[0.0,-4.7448]},"87o":{"weight":1.0,"played":[1.0,0.0],"evs":[0.0,-5.13873]},"97o":{"weight":1.0,"played":[1.0,0.0],"evs":[0.0,-7.13269]},"T7o":{"weight":1.0,"played":[0.9994,6.0E-4],"evs":[0.0,-5.31998]},"J7o":{"weight":1.0,"played":[0.9997,3.0E-4],"evs":[0.0,-4.85916]},"Q7o":{"weight":1.0,"played":[0.9998,2.0E-4],"evs":[0.0,-6.33409]},"K7o":{"weight":1.0,"played":[1.0,0.0],"evs":[0.0,-5.01083]},"A7o":{"weight":1.0,"played":[1.0,0.0],"evs":[0.0,-6.91563]},"82s":{"weight":1.0,"played":[0.9998,2.0E-4],"evs":[0.0,-6.48239]},"83s":{"weight":1.0,"played":[0.9955,0.0045],"evs":[0.0,-6.60142]},"84s":{"weight":1.0,"played":[0.9942,0.0058],"evs":[0.0,-2.38315]},"85s":{"weight":1.0,"played":[0.9548,0.0452],"evs":[0.0,-4.60776]},"86s":{"weight":1.0,"played":[0.9989,0.0011],"evs":[0.0,-2.50846]},"87s":{"weight":1.0,"played":[0.9982,0.0018],"evs":[0.0,-4.81491]},"88":{"weight":1.0,"played":[0.9986,0.0014],"evs":[0.0,-4.61795]},"98o":{"weight":1.0,"played":[1.0,0.0],"evs":[0.0,-5.51648]},"T8o":{"weight":1.0,"played":[0.9999,1.0E-4],"evs":[0.0,-4.92418]},"J8o":{"weight":1.0,"played":[0.9972,0.0028],"evs":[0.0,-5.65674]},"Q8o":{"weight":1.0,"played":[0.9999,1.0E-4],"evs":[0.0,-5.19545]},"K8o":{"weight":1.0,"played":[1.0,0.0],"evs":[0.0,-7.62982]},"A8o":{"weight":1.0,"played":[1.0,0.0],"evs":[0.0,-6.44384]},"92s":{"weight":1.0,"played":[0.9955,0.0045],"evs":[0.0,-2.6725]},"93s":{"weight":1.0,"played":[0.9997,3.0E-4],"evs":[0.0,-4.99463]},"94s":{"weight":1.0,"played":[1.0,0.0],"evs":[0.0,-4.69725]},"95s":{"weight":1.0,"played":[0.9865,0.0135],"evs":[0.0,-2.105]},"96s":{"weight":1.0,"played":[0.9976,0.0024],"evs":[0.0,-4.19664]},"97s":{"weight":1.0,"played":[0.9976,0.0024],"evs":[0.0,-2.38196]},"98s":{"weight":1.0,"played":[0.9944,0.0056],"evs":[0.0,-4.29119]},"99":{"weight":1.0,"played":[0.9824,0.0176],"evs":[0.0,-1.79317]},"T9o":{"weight":1.0,"played":[0.9996,4.0E-4],"evs":[0.0,-4.63935]},"J9o":{"weight":1.0,"played":[0.9995,5.0E-4],"evs":[0.0,-6.06619]},"Q9o":{"weight":1.0,"played":[1.0,0.0],"evs":[0.0,-5.79778]},"K9o":{"weight":1.0,"played":[1.0,0.0],"evs":[0.0,-6.46844]},"A9o":{"weight":1.0,"played":[0.9969,0.0031],"evs":[0.0,-6.9599]},"T2s":{"weight":1.0,"played":[1.0,0.0],"evs":[0.0,-4.88094]},"T3s":{"weight":1.0,"played":[0.9933,0.0067],"evs":[0.0,-5.63479]},"T4s":{"weight":1.0,"played":[0.9599,0.0401],"evs":[0.0,-5.4673]},"T5s":{"weight":1.0,"played":[0.999,0.001],"evs":[0.0,-4.40359]},"T6s":{"weight":1.0,"played":[1.0,0.0],"evs":[0.0,-4.18168]},"T7s":{"weight":1.0,"played":[1.0,0.0],"evs":[0.0,-5.29336]},"T8s":{"weight":1.0,"played":[0.9881,0.0119],"evs":[0.0,-3.45339]},"T9s":{"weight":1.0,"played":[0.9186,0.0814],"evs":[0.0,-2.36361]},"TT":{"weight":1.0,"played":[0.9947,0.0053],"evs":[0.0,-2.6354]},"JTo":{"weight":1.0,"played":[0.9991,9.0E-4],"evs":[0.0,-5.34658]},"QTo":{"weight":1.0,"played":[1.0,0.0],"evs":[0.0,-5.71868]},"KTo":{"weight":1.0,"played":[0.9998,2.0E-4],"evs":[0.0,-4.5207]},"ATo":{"weight":1.0,"played":[0.9997,3.0E-4],"evs":[0.0,-5.42602]},"J2s":{"weight":1.0,"played":[0.9984,0.0016],"evs":[0.0,-5.9529]},"J3s":{"weight":1.0,"played":[1.0,0.0],