{"player":3,"street":0,"children":2,"sequence":[{"player":0,"type":"F","amount":0,"street":0},{"player":1,"type":"R","amount":1000000,"street":0},{"player":2,"type":"R","amount":5710000,"street":0}],"actions":[{"type":"F","amount":0,"node":143},{"type":"C","amount":1160000,"node":146}],"hands":{"22":{"weight":1.0,"played":[0.002,0.998],"evs":[0.0,0.72852]},"32o":{"weight":1.0,"played":[1.0,0.0],"evs":[0.0,-1.07202]},"42o":{"weight":1.0,"played":[1.0,0.0],"evs":[0.0,-0.94263]},"52o":{"weight":1.0,"played":[1.0,0.0],"evs":[0.0,-0.66589]},"62o":{"weight":1.0,"played":[1.0,0.0],"evs":[0.0,-0.97898]},"72o":{"weight":1.0,"played":[1.0,0.0],"evs":[0.0,-1.11373]},"82o":{"weight":1.0,"played":[1.0,0.0],"evs":[0.0,-0.98983]},"92o":{"weight":1.0,"played":[1.0,0.0],"evs":[0.0,-0.89645]},"T2o":{"weight":1.0,"played":[0.9999,1.0E-4],"evs":[0.0,-0.91705]},"J2o":{"weight":1.0,"played":[1.0,0.0],"evs":[0.0,-0.80646]},"Q2o":{"weight":1.0,"played":[1.0,0.0],"evs":[0.0,-0.60109]},"K2o":{"weight":1.0,"played":[1.0,0.0],"evs":[0.0,-0.4974]},"A2o":{"weight":1.0,"played":[0.1128,0.8872],"evs":[0.0,0.06089]},"32s":{"weight":1.0,"played":[0.9791,0.0209],"evs":[0.0,-0.35199]},"33":{"weight":1.0,"played":[4.0E-4,0.9996],"evs":[0.0,0.93615]},"43o":{"weight":1.0,"played":[1.0,0.0],"evs":[0.0,-0.52168]},"53o":{"weight":1.0,"played":[1.0,0.0],"evs":[0.0,-0.36525]},"63o":{"weight":1.0,"played":[1.0,0.0],"evs":[0.0,-0.60685]},"73o":{"weight":1.0,"played":[1.0,0.0],"evs":[0.0,-0.78551]},"83o":{"weight":1.0,"played":[1.0,0.0],"evs":[0.0,-0.96467]},"93o":{"weight":1.0,"played":[1.0,0.0],"evs":[0.0,-0.87623]},"T3o":{"weight":1.0,"played":[1.0,0.0],"evs":[0.0,-0.80292]},"J3o":{"weight":1.0,"played":[0.9999,1.0E-4],"evs":[0.0,-0.65876]},"Q3o":{"weight":1.0,"played":[0.9997,3.0E-4],"evs":[0.0,-0.57474]},"K3o":{"weight":1.0,"played":[0.9998,2.0E-4],"evs":[0.0,-0.36082]},"A3o":{"weight":1.0,"played":[0.0251,0.9749],"evs":[0.0,0.34203]},"42s":{"weight":1.0,"played":[0.9719,0.0281],"evs":[0.0,-0.38989]},"43s":{"weight":1.0,"played":[0.3984,0.6016],"evs":[0.0,0.0204]},"44":{"weight":1.0,"played":[0.0,1.0],"evs":[0.0,1.16289]},"54o":{"weight":1.0,"played":[0.8874,0.1126],"evs":[0.0,-0.06449]},"64o":{"weight":1.0,"played":[0.9999,1.0E-4],"evs":[0.0,-0.2573]},"74o":{"weight":1.0,"played":[0.9999,1.0E-4],"evs":[0.0,-0.40974]},"84o":{"weight":1.0,"played":[1.0,0.0],"evs":[0.0,-0.5915]},"94o":{"weight":1.0,"played":[1.0,0.0],"evs":[0.0,-0.84228]},"T4o":{"weight":1.0,"played":[1.0,0.0],"evs":[0.0,-0.64356]},"J4o":{"weight":1.0,"played":[1.0,0.0],"evs":[0.0,-0.52774]},"Q4o":{"weight":1.0,"played":[0.9998,2.0E-4],"evs":[0.0,-0.49696]},"K4o":{"weight":1.0,"played":[0.9991,9.0E-4],"evs":[0.0,-0.40462]},"A4o":{"weight":1.0,"played":[0.0144,0.9856],"evs":[0.0,0.34344]},"52s":{"weight":1.0,"played":[0.9992,8.0E-4],"evs":[0.0,-0.02472]},"53s":{"weight":1.0,"played":[0.0285,0.9715],"evs":[0.0,0.27556]},"54s":{"weight":1.0,"played":[4.0E-4,0.9996],"evs":[0.0,0.50631]},"55":{"weight":1.0,"played":[0.0,1.0],"evs":[0.0,1.57713]},"65o":{"weight":1.0,"played":[0.1519,0.8481],"evs":[0.0,0.05689]},"75o":{"weight":1.0,"played":[0.9814,0.0186],"evs":[0.0,-0.16115]},"85o":{"weight":1.0,"played":[0.9984,0.0016],"evs":[0.0,-0.24544]},"95o":{"weight":1.0,"played":[1.0,0.0],"evs":[0.0,-0.46725]},"T5o":{"weight":1.0,"played":[1.0,0.0],"evs":[0.0,-0.52546]},"J5o":{"weight":1.0,"played":[0.9991,9.0E-4],"evs":[0.0,-0.40633]},"Q5o":{"weight":1.0,"played":[0.9999,1.0E-4],"evs":[0.0,-0.27536]},"K5o":{"weight":1.0,"played":[0.7489,0.2511],"evs":[0.0,-0.04546]},"A5o":{"weight":1.0,"played":[0.0,1.0],"evs":[0.0,0.48663]},"62s":{"weight":1.0,"played":[0.9957,0.0043],"evs":[0.0,-0.15506]},"63s":{"weight":1.0,"played":[0.0142,0.9858],"evs":[0.0,0.21359]},"64s":{"weight":1.0,"played":[0.0034,0.9966],"evs":[0.0,0.64695]},"65s":{"weight":1.0,"played":[0.0,1.0],"evs":[0.0,0.61964]},"66":{"weight":1.0,"played":[0.0,1.0],"evs":[0.0,1.84919]},"76o":{"weight":1.0,"played":[0.0302,0.9698],"evs":[0.0,0.12382]},"86o":{"weight":1.0,"played":[0.2127,0.7873],"evs":[0.0,-0.02063]},"96o":{"weight":1.0,"played":[0.8965,0.1035],"evs":[0.0,-0.14908]},"T6o":{"weight":1.0,"played":[0.9998,2.0E-4],"evs":[0.0,-0.34912]},"J6o":{"weight":1.0,"played":[0.999,0.001],"evs":[0.0,-0.33326]},"Q6o":{"weight":1.0,"played":[0.9256,0.0744],"evs":[0.0,-0.17061]},"K6o":{"weight":1.0,"played":[0.8528,0.1472],"evs":[0.0,-0.04536]},"A6o":{"weight":1.0,"played":[0.0052,0.9948],"evs":[0.0,0.28115]},"72s":{"weight":1.0,"played":[0.9987,0.0013],"evs":[0.0,-0.45204]},"73s":{"weight":1.0,"played":[0.3978,0.6022],"evs":[0.0,-0.0068]},"74s":{"weight":1.0,"played":[0.0057,0.9943],"evs":[0.0,0.30867]},"75s":{"weight":1.0,"played":[0.0026,0.9974],"evs":[0.0,0.60496]},"76s":{"weight":1.0,"played":[8.0E-4,0.9992],"evs":[0.0,0.66826]},"77":{"weight":1.0,"played":[0.0,1.0],"evs":[0.0,2.09779]},"87o":{"weight":1.0,"played":[0.0011,0.9989],"evs":[0.0,0.1229]},"97o":{"weight":1.0,"played":[0.0869,0.9131],"evs":[0.0,0.00167]},"T7o":{"weight":1.0,"played":[0.4357,0.5643],"evs":[0.0,-0.06184]},"J7o":{"weight":1.0,"played":[0.9134,0.0866],"evs":[0.0,-0.1587]},"Q7o":{"weight":1.0,"played":[0.9985,0.0015],"evs":[0.0,-0.21171]},"K7o":{"weight":1.0,"played":[0.7724,0.2276],"evs":[0.0,-0.01804]},"A7o":{"weight":1.0,"played":[0.0059,0.9941],"evs":[0.0,0.45657]},"82s":{"weight":1.0,"played":[0.9976,0.0024],"evs":[0.0,-0.11446]},"83s":{"weight":1.0,"played":[0.9987,0.0013],"evs":[0.0,-0.40081]},"84s":{"weight":1.0,"played":[0.0561,0.9439],"evs":[0.0,0.00516]},"85s":{"weight":1.0,"played":[4.0E-4,0.9996],"evs":[0.0,0.195]},"86s":{"weight":1.0,"played":[3.0E-4,0.9997],"evs":[0.0,0.69681]},"87s":{"weight":1.0,"played":[0.0,1.0],"evs":[0.0,0.67847]},"88":{"weight":1.0,"played":[0.0,1.0],"evs":[0.0,2.52525]},"98o":{"weight":1.0,"played":[1.0E-4,0.9999],"evs":[0.0,0.19115]},"T8o":{"weight":1.0,"played":[0.0235,0.9765],"evs":[0.0,0.05633]},"J8o":{"weight":1.0,"played":[0.0065,0.9935],"evs":[0.0,0.08687]},"Q8o":{"weight":1.0,"played":[0.3087,0.6913],"evs":[0.0,-0.01292]},"K8o":{"weight":1.0,"played":[0.3474,0.6526],"evs":[0.0,0.00341]},"A8o":{"weight":1.0,"played":[0.0012,0.9988],"evs":[0.0,0.63453]},"92s":{"weight":1.0,"played":[0.8986,0.1014],"evs":[0.0,-0.25755]},"93s":{"weight":1.0,"played":[0.8697,0.1303],"evs":[0.0,-0.14362]},"94s":{"weight":1.0,"played":[0.6207,0.3793],"evs":[0.0,-0.24011]},"95s":{"weight":1.0,"played":[0.0723,0.9277],"evs":[0.0,0.48526]},"96s":{"weight":1.0,"played":[3.0E-4,0.9997],"evs":[0.0,0.58124]},"97s":{"weight":1.0,"played":[0.0,1.0],"evs":[0.0,0.58296]},"98s":{"weight":1.0,"played":[0.0,1.0],"evs":[0.0,0.90765]},"99":{"weight":1.0,"played":[0.0,1.0],"evs":[0.0,2.88435]},"T9o":{"weight":1.0,"played":[0.0,1.0],"evs":[0.0,0.31393]},"J9o":{"weight":1.0,"played":[0.0012,0.9988],"evs":[0.0,0.27672]},"Q9o":{"weight":1.0,"played":[1.0E-4,0.9999],"evs":[0.0,0.40017]},"K9o":{"weight":1.0,"played":[0.0014,0.9986],"evs":[0.0,0.19677]},"A9o":{"weight":1.0,"played":[0.0,1.0],"evs":[0.0,0.7854]},"T2s":{"weight":1.0,"played":[0.9876,0.0124],"evs":[0.0,-0.19517]},"T3s":{"weight":1.0,"played":[0.9671,0.0329],"evs":[0.0,-0.16469]},"T4s":{"weight":1.0,"played":[0.9684,0.0316],"evs":[0.0,0.01814]},"T5s":{"weight":1.0,"played":[0.5246,0.4754],"evs":[0.0,-0.03773]},"T6s":{"weight":1.0,"played":[0.014,0.986],"evs":[0.0,0.33219]},"T7s":{"weight":1.0,"played":[6.0E-4,0.9994],"evs":[0.0,0.483]},"T8s":{"weight":1.0,"played":[3.0E-4,0.9997],"evs":[0.0,0.67172]},"T9s":{"weight":1.0,"played":[0.0,1.0],"evs":[0.0,1.00446]},"TT":{"weight":1.0,"played":[0.0,1.0],"evs":[0.0,3.79912]},"JTo":{"weight":1.0,"played":[0.0,1.0],"evs":[0.0,0.59628]},"QTo":{"weight":1.0,"played":[1.0E-4,0.9999],"evs":[0.0,0.57132]},"KTo":{"weight":1.0,"played":[0.0,1.0],"evs":[0.0,0.59673]},"ATo":{"weight":1.0,"played":[0.0,1.0],"evs":[0.0,1.34261]},"J2s":{"weight":1.0,"played":[0.9885,0.0115],"evs":[0.0,-0.16321]},"J3s":{"weight":1.0,"played":[0.8723,0.1277],"evs":[0.0,-0.08705]},"J4s":{"weight":1.0,"played":[1.0E-4,0.9999],