{"player":0,"street":0,"children":2,"sequence":[],"actions":[{"type":"F","amount":0,"node":1},{"type":"R","amount":25120000,"node":27}],"hands":{"22":{"weight":1.0,"played":[0.0,1.0],"evs":[0.0,1.26806]},"32o":{"weight":1.0,"played":[1.0,0.0],"evs":[0.0,-0.36029]},"42o":{"weight":1.0,"played":[1.0,0.0],"evs":[0.0,-0.28695]},"52o":{"weight":1.0,"played":[1.0,0.0],"evs":[0.0,-0.22963]},"62o":{"weight":1.0,"played":[1.0,0.0],"evs":[0.0,-0.33245]},"72o":{"weight":1.0,"played":[1.0,0.0],"evs":[0.0,-0.39702]},"82o":{"weight":1.0,"played":[1.0,0.0],"evs":[0.0,-0.29868]},"92o":{"weight":1.0,"played":[1.0,0.0],"evs":[0.0,-0.20314]},"T2o":{"weight":1.0,"played":[1.0,0.0],"evs":[0.0,-0.08589]},"J2o":{"weight":1.0,"played":[0.0,1.0],"evs":[0.0,0.06683]},"Q2o":{"weight":1.0,"played":[0.0,1.0],"evs":[0.0,0.2903]},"K2o":{"weight":1.0,"played":[0.0,1.0],"evs":[0.0,0.61358]},"A2o":{"weight":1.0,"played":[0.0,1.0],"evs":[0.0,1.28525]},"32s":{"weight":1.0,"played":[0.0,1.0],"evs":[0.0,0.07805]},"33":{"weight":1.0,"played":[0.0,1.0],"evs":[0.0,1.43451]},"43o":{"weight":1.0,"played":[1.0,0.0],"evs":[0.0,-0.10769]},"53o":{"weight":1.0,"played":[0.9999,1.0E-4],"evs":[0.0,-0.04959]},"63o":{"weight":1.0,"played":[1.0,0.0],"evs":[0.0,-0.15087]},"73o":{"weight":1.0,"played":[1.0,0.0],"evs":[0.0,-0.2148]},"83o":{"weight":1.0,"played":[1.0,0.0],"evs":[0.0,-0.26961]},"93o":{"weight":1.0,"played":[1.0,0.0],"evs":[0.0,-0.14594]},"T3o":{"weight":1.0,"played":[0.9943,0.0057],"evs":[0.0,-0.02449]},"J3o":{"weight":1.0,"played":[0.0,1.0],"evs":[0.0,0.12196]},"Q3o":{"weight":1.0,"played":[0.0,1.0],"evs":[0.0,0.35582]},"K3o":{"weight":1.0,"played":[0.0,1.0],"evs":[0.0,0.67548]},"A3o":{"weight":1.0,"played":[0.0,1.0],"evs":[0.0,1.34885]},"42s":{"weight":1.0,"played":[0.0,1.0],"evs":[0.0,0.13633]},"43s":{"weight":1.0,"played":[0.0,1.0],"evs":[0.0,0.30995]},"44":{"weight":1.0,"played":[0.0,1.0],"evs":[0.0,1.64113]},"54o":{"weight":1.0,"played":[0.0,1.0],"evs":[0.0,0.1344]},"64o":{"weight":1.0,"played":[0.0,1.0],"evs":[0.0,0.03981]},"74o":{"weight":1.0,"played":[0.9995,5.0E-4],"evs":[0.0,-0.02424]},"84o":{"weight":1.0,"played":[1.0,0.0],"evs":[0.0,-0.07756]},"94o":{"weight":1.0,"played":[1.0,0.0],"evs":[0.0,-0.10678]},"T4o":{"weight":1.0,"played":[0.0,1.0],"evs":[0.0,0.0508]},"J4o":{"weight":1.0,"played":[0.0,1.0],"evs":[0.0,0.19823]},"Q4o":{"weight":1.0,"played":[0.0,1.0],"evs":[0.0,0.43176]},"K4o":{"weight":1.0,"played":[0.0,1.0],"evs":[0.0,0.75794]},"A4o":{"weight":1.0,"played":[0.0,1.0],"evs":[0.0,1.43136]},"52s":{"weight":1.0,"played":[0.0,1.0],"evs":[0.0,0.1948]},"53s":{"weight":1.0,"played":[0.0,1.0],"evs":[0.0,0.36738]},"54s":{"weight":1.0,"played":[0.0,1.0],"evs":[0.0,0.53339]},"55":{"weight":1.0,"played":[0.0,1.0],"evs":[0.0,1.83323]},"65o":{"weight":1.0,"played":[0.0,1.0],"evs":[0.0,0.21137]},"75o":{"weight":1.0,"played":[0.0,1.0],"evs":[0.0,0.15103]},"85o":{"weight":1.0,"played":[0.0,1.0],"evs":[0.0,0.10262]},"95o":{"weight":1.0,"played":[0.0,1.0],"evs":[0.0,0.07343]},"T5o":{"weight":1.0,"played":[0.0,1.0],"evs":[0.0,0.0811]},"J5o":{"weight":1.0,"played":[0.0,1.0],"evs":[0.0,0.26]},"Q5o":{"weight":1.0,"played":[0.0,1.0],"evs":[0.0,0.49829]},"K5o":{"weight":1.0,"played":[0.0,1.0],"evs":[0.0,0.82299]},"A5o":{"weight":1.0,"played":[0.0,1.0],"evs":[0.0,1.50838]},"62s":{"weight":1.0,"played":[0.0,1.0],"evs":[0.0,0.10105]},"63s":{"weight":1.0,"played":[0.0,1.0],"evs":[0.0,0.27589]},"64s":{"weight":1.0,"played":[0.0,1.0],"evs":[0.0,0.44784]},"65s":{"weight":1.0,"played":[0.0,1.0],"evs":[0.0,0.6051]},"66":{"weight":1.0,"played":[0.0,1.0],"evs":[0.0,2.07018]},"76o":{"weight":1.0,"played":[0.0,1.0],"evs":[0.0,0.32211]},"86o":{"weight":1.0,"played":[0.0,1.0],"evs":[0.0,0.28333]},"96o":{"weight":1.0,"played":[0.0,1.0],"evs":[0.0,0.25365]},"T6o":{"weight":1.0,"played":[0.0,1.0],"evs":[0.0,0.26275]},"J6o":{"weight":1.0,"played":[0.0,1.0],"evs":[0.0,0.29977]},"Q6o":{"weight":1.0,"played":[0.0,1.0],"evs":[0.0,0.57208]},"K6o":{"weight":1.0,"played":[0.0,1.0],"evs":[0.0,0.90897]},"A6o":{"weight":1.0,"played":[0.0,1.0],"evs":[0.0,1.48965]},"72s":{"weight":1.0,"played":[0.0,1.0],"evs":[0.0,0.03756]},"73s":{"weight":1.0,"played":[0.0,1.0],"evs":[0.0,0.21071]},"74s":{"weight":1.0,"played":[0.0,1.0],"evs":[0.0,0.38945]},"75s":{"weight":1.0,"played":[0.0,1.0],"evs":[0.0,0.55287]},"76s":{"weight":1.0,"played":[0.0,1.0],"evs":[0.0,0.71383]},"77":{"weight":1.0,"played":[0.0,1.0],"evs":[0.0,2.34921]},"87o":{"weight":1.0,"played":[0.0,1.0],"evs":[0.0,0.44398]},"97o":{"weight":1.0,"played":[0.0,1.0],"evs":[0.0,0.43232]},"T7o":{"weight":1.0,"played":[0.0,1.0],"evs":[0.0,0.4507]},"J7o":{"weight":1.0,"played":[0.0,1.0],"evs":[0.0,0.4947]},"Q7o":{"weight":1.0,"played":[0.0,1.0],"evs":[0.0,0.64267]},"K7o":{"weight":1.0,"played":[0.0,1.0],"evs":[0.0,1.01823]},"A7o":{"weight":1.0,"played":[0.0,1.0],"evs":[0.0,1.6362]},"82s":{"weight":1.0,"played":[0.0,1.0],"evs":[0.0,0.12749]},"83s":{"weight":1.0,"played":[0.0,1.0],"evs":[0.0,0.16325]},"84s":{"weight":1.0,"played":[0.0,1.0],"evs":[0.0,0.33973]},"85s":{"weight":1.0,"played":[0.0,1.0],"evs":[0.0,0.49754]},"86s":{"weight":1.0,"played":[0.0,1.0],"evs":[0.0,0.66761]},"87s":{"weight":1.0,"played":[0.0,1.0],"evs":[0.0,0.83067]},"88":{"weight":1.0,"played":[0.0,1.0],"evs":[0.0,2.68035]},"98o":{"weight":1.0,"played":[0.0,1.0],"evs":[0.0,0.60372]},"T8o":{"weight":1.0,"played":[0.0,1.0],"evs":[0.0,0.64095]},"J8o":{"weight":1.0,"played":[0.0,1.0],"evs":[0.0,0.69954]},"Q8o":{"weight":1.0,"played":[0.0,1.0],"evs":[0.0,0.85281]},"K8o":{"weight":1.0,"played":[0.0,1.0],"evs":[0.0,1.11126]},"A8o":{"weight":1.0,"played":[0.0,1.0],"evs":[0.0,1.8184]},"92s":{"weight":1.0,"played":[0.0,1.0],"evs":[0.0,0.22804]},"93s":{"weight":1.0,"played":[0.0,1.0],"evs":[0.0,0.27483]},"94s":{"weight":1.0,"played":[0.0,1.0],"evs":[0.0,0.31102]},"95s":{"weight":1.0,"played":[0.0,1.0],"evs":[0.0,0.47953]},"96s":{"weight":1.0,"played":[0.0,1.0],"evs":[0.0,0.65105]},"97s":{"weight":1.0,"played":[0.0,1.0],"evs":[0.0,0.81753]},"98s":{"weight":1.0,"played":[0.0,1.0],"evs":[0.0,0.96496]},"99":{"weight":1.0,"played":[0.0,1.0],"evs":[0.0,3.03657]},"T9o":{"weight":1.0,"played":[0.0,1.0],"evs":[0.0,0.85135]},"J9o":{"weight":1.0,"played":[0.0,1.0],"evs":[0.0,0.90918]},"Q9o":{"weight":1.0,"played":[0.0,1.0],"evs":[0.0,1.07269]},"K9o":{"weight":1.0,"played":[0.0,1.0],"evs":[0.0,1.33576]},"A9o":{"weight":1.0,"played":[0.0,1.0],"evs":[0.0,2.02063]},"T2s":{"weight":1.0,"played":[0.0,1.0],"evs":[0.0,0.34514]},"T3s":{"weight":1.0,"played":[0.0,1.0],"evs":[0.0,0.3959]},"T4s":{"weight":1.0,"played":[0.0,1.0],"evs":[0.0,0.46436]},"T5s":{"weight":1.0,"played":[0.0,1.0],"evs":[0.0,0.48263]},"T6s":{"weight":1.0,"played":[0.0,1.0],"evs":[0.0,0.65463]},"T7s":{"weight":1.0,"played":[0.0,1.0],"evs":[0.0,0.83085]},"T8s":{"weight":1.0,"played":[0.0,1.0],"evs":[0.0,1.01491]},"T9s":{"weight":1.0,"played":[0.0,1.0],"evs":[0.0,1.20321]},"TT":{"weight":1.0,"played":[0.0,1.0],"evs":[0.0,3.45488]},"JTo":{"weight":1.0,"played":[0.0,1.0],"evs":[0.0,1.17865]},"QTo":{"weight":1.0,"played":[0.0,1.0],"evs":[0.0,1.34734]},"KTo":{"weight":1.0,"played":[0.0,1.0],"evs":[0.0,1.63141]},"ATo":{"weight":1.0,"played":[0.0,1.0],"evs":[0.0,2.40093]},"J2s":{"weight":1.0,"played":[0.0,1.0],"evs":[0.0,0.4763]},"J3s":{"weight":1.0,"played":[0.0,1.0],"evs":[0.0,0.53822]},"J4s":{"weight":1.0,"played":[0.0,1.0],"evs":[0.0,0.60062]},"J5s":{"weight":1.0,"played":[0.0,1.0],"evs":[0.0,0.65811]},"J6s":{"weight":1.0,"played":[0.0,1.0],"evs":[0.0,0.69785]},"J7s":{"weight":1.0,"played":[0.0,1.0],"evs":[0.0,0.88122]},"J8s":{"weight":1.0,"played":[0.0,1.0],"evs":[0.0,1.06156]},"J9s":{"weight":1.0,"played":[0.0,1.0],"evs":[0.0,1.26843]},"JTs":{"weight":1.0,"played":[0.0,1.0],"evs":[0.0,1.51416]},"JJ":{"weight":1.0,"played":[0.0,1.0],"evs":[0.0,3.84913]},"QJo":{"weight":1.0,"played":[0.0,1.0],"evs":[0.0,1.46437]},"KJo":{"weight":1.0,"played":[0.0,1.0],"evs":[0.0,1.8177]},"AJo":{"weight":1.0,"played":[0.0,1.0],"evs":[0.0,2.67022]},"Q2s":{"weight":1.0,"played":[0.0,1.0],