{"player":1,"street":0,"children":3,"sequence":[{"player":0,"type":"F","amount":0,"street":0}],"actions":[{"type":"F","amount":0,"node":2},{"type":"R","amount":800000,"node":20},{"type":"R","amount":8060000,"node":72}],"hands":{"22":{"weight":1.0,"played":[1.0,0.0,0.0],"evs":[0.0,-0.15744,-0.1039]},"32o":{"weight":1.0,"played":[1.0,0.0,0.0],"evs":[0.0,-0.39466,-1.16599]},"42o":{"weight":1.0,"played":[1.0,0.0,0.0],"evs":[0.0,-0.37335,-1.13652]},"52o":{"weight":1.0,"played":[1.0,0.0,0.0],"evs":[0.0,-0.35284,-1.08872]},"62o":{"weight":1.0,"played":[1.0,0.0,0.0],"evs":[0.0,-0.36147,-1.1545]},"72o":{"weight":1.0,"played":[1.0,0.0,0.0],"evs":[0.0,-0.36103,-1.20267]},"82o":{"weight":1.0,"played":[1.0,0.0,0.0],"evs":[0.0,-0.34372,-1.12588]},"92o":{"weight":1.0,"played":[1.0,0.0,0.0],"evs":[0.0,-0.33291,-1.05673]},"T2o":{"weight":1.0,"played":[1.0,0.0,0.0],"evs":[0.0,-0.31372,-0.97801]},"J2o":{"weight":1.0,"played":[1.0,0.0,0.0],"evs":[0.0,-0.29602,-0.89501]},"Q2o":{"weight":1.0,"played":[1.0,0.0,0.0],"evs":[0.0,-0.26502,-0.76553]},"K2o":{"weight":1.0,"played":[1.0,0.0,0.0],"evs":[0.0,-0.22303,-0.63843]},"A2o":{"weight":1.0,"played":[1.0,0.0,0.0],"evs":[0.0,-0.0926,-0.25085]},"32s":{"weight":1.0,"played":[1.0,0.0,0.0],"evs":[0.0,-0.31107,-0.84731]},"33":{"weight":1.0,"played":[0.9984,0.0,0.0016],"evs":[0.0,-0.08658,-0.05138]},"43o":{"weight":1.0,"played":[1.0,0.0,0.0],"evs":[0.0,-0.33457,-1.01457]},"53o":{"weight":1.0,"played":[1.0,0.0,0.0],"evs":[0.0,-0.31058,-0.9668]},"63o":{"weight":1.0,"played":[1.0,0.0,0.0],"evs":[0.0,-0.32426,-1.02994]},"73o":{"weight":1.0,"played":[1.0,0.0,0.0],"evs":[0.0,-0.32333,-1.07986]},"83o":{"weight":1.0,"played":[1.0,0.0,0.0],"evs":[0.0,-0.32707,-1.11726]},"93o":{"weight":1.0,"played":[1.0,0.0,0.0],"evs":[0.0,-0.31243,-1.02112]},"T3o":{"weight":1.0,"played":[1.0,0.0,0.0],"evs":[0.0,-0.29466,-0.93575]},"J3o":{"weight":1.0,"played":[1.0,0.0,0.0],"evs":[0.0,-0.27714,-0.86027]},"Q3o":{"weight":1.0,"played":[1.0,0.0,0.0],"evs":[0.0,-0.24268,-0.7272]},"K3o":{"weight":1.0,"played":[1.0,0.0,0.0],"evs":[0.0,-0.19772,-0.60617]},"A3o":{"weight":1.0,"played":[1.0,0.0,0.0],"evs":[0.0,-0.06401,-0.22623]},"42s":{"weight":1.0,"played":[1.0,0.0,0.0],"evs":[0.0,-0.28346,-0.81409]},"43s":{"weight":1.0,"played":[1.0,0.0,0.0],"evs":[0.0,-0.235,-0.70552]},"44":{"weight":1.0,"played":[0.2503,0.2138,0.5359],"evs":[0.0,-0.00207,-0.00142]},"54o":{"weight":1.0,"played":[1.0,0.0,0.0],"evs":[0.0,-0.25882,-0.8541]},"64o":{"weight":1.0,"played":[1.0,0.0,0.0],"evs":[0.0,-0.27691,-0.91153]},"74o":{"weight":1.0,"played":[1.0,0.0,0.0],"evs":[0.0,-0.28527,-0.96291]},"84o":{"weight":1.0,"played":[1.0,0.0,0.0],"evs":[0.0,-0.28597,-1.00279]},"94o":{"weight":1.0,"played":[1.0,0.0,0.0],"evs":[0.0,-0.29252,-1.01526]},"T4o":{"weight":1.0,"played":[1.0,0.0,0.0],"evs":[0.0,-0.26946,-0.91408]},"J4o":{"weight":1.0,"played":[1.0,0.0,0.0],"evs":[0.0,-0.25039,-0.83201]},"Q4o":{"weight":1.0,"played":[1.0,0.0,0.0],"evs":[0.0,-0.21382,-0.70607]},"K4o":{"weight":1.0,"played":[1.0,0.0,0.0],"evs":[0.0,-0.16417,-0.583]},"A4o":{"weight":1.0,"played":[0.9999,1.0E-4,0.0],"evs":[0.0,-0.028,-0.2032]},"52s":{"weight":1.0,"played":[1.0,0.0,0.0],"evs":[0.0,-0.2598,-0.76685]},"53s":{"weight":1.0,"played":[1.0,0.0,0.0],"evs":[0.0,-0.2088,-0.66378]},"54s":{"weight":1.0,"played":[1.0,0.0,0.0],"evs":[0.0,-0.16072,-0.55152]},"55":{"weight":1.0,"played":[0.0,0.9918,0.0082],"evs":[0.0,0.0934,0.07502]},"65o":{"weight":1.0,"played":[1.0,0.0,0.0],"evs":[0.0,-0.22329,-0.78904]},"75o":{"weight":1.0,"played":[1.0,0.0,0.0],"evs":[0.0,-0.2336,-0.83655]},"85o":{"weight":1.0,"played":[1.0,0.0,0.0],"evs":[0.0,-0.24026,-0.86989]},"95o":{"weight":1.0,"played":[1.0,0.0,0.0],"evs":[0.0,-0.24842,-0.89319]},"T5o":{"weight":1.0,"played":[1.0,0.0,0.0],"evs":[0.0,-0.24772,-0.89616]},"J5o":{"weight":1.0,"played":[1.0,0.0,0.0],"evs":[0.0,-0.22199,-0.79344]},"Q5o":{"weight":1.0,"played":[1.0,0.0,0.0],"evs":[0.0,-0.18091,-0.66407]},"K5o":{"weight":1.0,"played":[1.0,0.0,0.0],"evs":[0.0,-0.13244,-0.54089]},"A5o":{"weight":1.0,"played":[0.0,1.0,0.0],"evs":[0.0,0.01148,-0.16529]},"62s":{"weight":1.0,"played":[1.0,0.0,0.0],"evs":[0.0,-0.28256,-0.834]},"63s":{"weight":1.0,"played":[1.0,0.0,0.0],"evs":[0.0,-0.22978,-0.72025]},"64s":{"weight":1.0,"played":[1.0,0.0,0.0],"evs":[0.0,-0.18051,-0.606]},"65s":{"weight":1.0,"played":[1.0,0.0,0.0],"evs":[0.0,-0.12709,-0.49779]},"66":{"weight":1.0,"played":[0.0,0.007,0.993],"evs":[0.0,0.22612,0.23572]},"76o":{"weight":1.0,"played":[1.0,0.0,0.0],"evs":[0.0,-0.19098,-0.7058]},"86o":{"weight":1.0,"played":[1.0,0.0,0.0],"evs":[0.0,-0.20236,-0.73486]},"96o":{"weight":1.0,"played":[1.0,0.0,0.0],"evs":[0.0,-0.2084,-0.75221]},"T6o":{"weight":1.0,"played":[1.0,0.0,0.0],"evs":[0.0,-0.20458,-0.76376]},"J6o":{"weight":1.0,"played":[1.0,0.0,0.0],"evs":[0.0,-0.21312,-0.76221]},"Q6o":{"weight":1.0,"played":[1.0,0.0,0.0],"evs":[0.0,-0.16298,-0.61664]},"K6o":{"weight":1.0,"played":[1.0,0.0,0.0],"evs":[0.0,-0.11222,-0.4901]},"A6o":{"weight":1.0,"played":[0.0,1.0,0.0],"evs":[0.0,0.00637,-0.21182]},"72s":{"weight":1.0,"played":[1.0,0.0,0.0],"evs":[0.0,-0.28754,-0.87861]},"73s":{"weight":1.0,"played":[1.0,0.0,0.0],"evs":[0.0,-0.23698,-0.76561]},"74s":{"weight":1.0,"played":[1.0,0.0,0.0],"evs":[0.0,-0.18615,-0.65109]},"75s":{"weight":1.0,"played":[1.0,0.0,0.0],"evs":[0.0,-0.1367,-0.53776]},"76s":{"weight":1.0,"played":[1.0,0.0,0.0],"evs":[0.0,-0.09829,-0.40998]},"77":{"weight":1.0,"played":[0.0,0.9998,2.0E-4],"evs":[0.0,0.49381,0.46256]},"87o":{"weight":1.0,"played":[1.0,0.0,0.0],"evs":[0.0,-0.15941,-0.62001]},"97o":{"weight":1.0,"played":[1.0,0.0,0.0],"evs":[0.0,-0.15931,-0.63094]},"T7o":{"weight":1.0,"played":[1.0,0.0,0.0],"evs":[0.0,-0.15214,-0.63292]},"J7o":{"weight":1.0,"played":[1.0,0.0,0.0],"evs":[0.0,-0.15494,-0.63929]},"Q7o":{"weight":1.0,"played":[1.0,0.0,0.0],"evs":[0.0,-0.13851,-0.5933]},"K7o":{"weight":1.0,"played":[1.0,0.0,0.0],"evs":[0.0,-0.07832,-0.44682]},"A7o":{"weight":1.0,"played":[0.0,1.0,0.0],"evs":[0.0,0.06016,-0.12482]},"82s":{"weight":1.0,"played":[1.0,0.0,0.0],"evs":[0.0,-0.27138,-0.80794]},"83s":{"weight":1.0,"played":[1.0,0.0,0.0],"evs":[0.0,-0.2502,-0.79169]},"84s":{"weight":1.0,"played":[1.0,0.0,0.0],"evs":[0.0,-0.20213,-0.68952]},"85s":{"weight":1.0,"played":[1.0,0.0,0.0],"evs":[0.0,-0.14687,-0.56705]},"86s":{"weight":1.0,"played":[1.0,0.0,0.0],"evs":[0.0,-0.10488,-0.44293]},"87s":{"weight":1.0,"played":[1.0,0.0,0.0],"evs":[0.0,-0.06127,-0.33664]},"88":{"weight":1.0,"played":[0.0,1.0,0.0],"evs":[0.0,0.92075,0.72833]},"98o":{"weight":1.0,"played":[1.0,0.0,0.0],"evs":[0.0,-0.11096,-0.50912]},"T8o":{"weight":1.0,"played":[1.0,0.0,0.0],"evs":[0.0,-0.10229,-0.49869]},"J8o":{"weight":1.0,"played":[1.0,0.0,0.0],"evs":[0.0,-0.10371,-0.49963]},"Q8o":{"weight":1.0,"played":[1.0,0.0,0.0],"evs":[0.0,-0.08844,-0.45834]},"K8o":{"weight":1.0,"played":[1.0,0.0,0.0],"evs":[0.0,-0.06109,-0.41021]},"A8o":{"weight":1.0,"played":[0.0,1.0,0.0],"evs":[0.0,0.11106,-0.01941]},"92s":{"weight":1.0,"played":[1.0,0.0,0.0],"evs":[0.0,-0.24753,-0.74471]},"93s":{"weight":1.0,"played":[1.0,0.0,0.0],"evs":[0.0,-0.22475,-0.71221]},"94s":{"weight":1.0,"played":[1.0,0.0,0.0],"evs":[0.0,-0.20413,-0.7032]},"95s":{"weight":1.0,"played":[1.0,0.0,0.0],"evs":[0.0,-0.1487,-0.58847]},"96s":{"weight":1.0,"played":[1.0,0.0,0.0],"evs":[0.0,-0.10869,-0.46495]},"97s":{"weight":1.0,"played":[1.0,0.0,0.0],"evs":[0.0,-0.05925,-0.35039]},"98s":{"weight":1.0,"played":[0.9991,9.0E-4,0.0],"evs":[0.0,-0.00791,-0.22995]},"99":{"weight":1.0,"played":[0.0,1.0,0.0],"evs":[0.0,1.39389,1.02779]},"T9o":{"weight":1.0,"played":[1.0,0.0,0.0],"evs":[0.0,-0.04216,-0.35727]},"J9o":{"weight":1.0,"played":[1.0,0.0,0.0],"evs":[0.0,-0.04071,-0.37139]},"Q9o":{"weight":1.0,"played":[1.0,0.0,0.0],"evs":[0.0,-0.02221,-0.32232]},"K9o":{"weight":1.0,"played":[0.0104,0.9896,0.0],"evs":[0.0,0.00454,-0.28341]},"A9o":{"weight":1.0,"played":[0.0,1.0,0.0],"evs":[0.0,0.1813,0.15383]},"T2s":{"weight":1.0,"played":[1.0,0.0,0.0],"evs":[0.0,-0.2171,-0.66628]},