{"player":1,"street":0,"children":3,"sequence":[{"player":0,"type":"R","amount":800000,"street":0}],"actions":[{"type":"F","amount":0,"node":80},{"type":"C","amount":800000,"node":153},{"type":"R","amount":8060000,"node":298}],"hands":{"22":{"weight":1.0,"played":[1.0,0.0,0.0],"evs":[0.0,-0.1633,-0.11262]},"32o":{"weight":1.0,"played":[1.0,0.0,0.0],"evs":[0.0,-0.50316,-1.21836]},"42o":{"weight":1.0,"played":[1.0,0.0,0.0],"evs":[0.0,-0.48174,-1.18489]},"52o":{"weight":1.0,"played":[1.0,0.0,0.0],"evs":[0.0,-0.4519,-1.14519]},"62o":{"weight":1.0,"played":[1.0,0.0,0.0],"evs":[0.0,-0.50403,-1.27299]},"72o":{"weight":1.0,"played":[1.0,0.0,0.0],"evs":[0.0,-0.55561,-1.35971]},"82o":{"weight":1.0,"played":[1.0,0.0,0.0],"evs":[0.0,-0.5203,-1.22849]},"92o":{"weight":1.0,"played":[1.0,0.0,0.0],"evs":[0.0,-0.54198,-1.23245]},"T2o":{"weight":1.0,"played":[1.0,0.0,0.0],"evs":[0.0,-0.52533,-1.13013]},"J2o":{"weight":1.0,"played":[1.0,0.0,0.0],"evs":[0.0,-0.49067,-1.02194]},"Q2o":{"weight":1.0,"played":[1.0,0.0,0.0],"evs":[0.0,-0.45885,-0.8923]},"K2o":{"weight":1.0,"played":[1.0,0.0,0.0],"evs":[0.0,-0.39191,-0.745]},"A2o":{"weight":1.0,"played":[1.0,0.0,0.0],"evs":[0.0,-0.34894,-0.44654]},"32s":{"weight":1.0,"played":[1.0,0.0,0.0],"evs":[0.0,-0.31887,-0.82336]},"33":{"weight":1.0,"played":[1.0,0.0,0.0],"evs":[0.0,-0.13335,-0.09598]},"43o":{"weight":1.0,"played":[1.0,0.0,0.0],"evs":[0.0,-0.41235,-1.06999]},"53o":{"weight":1.0,"played":[1.0,0.0,0.0],"evs":[0.0,-0.383,-1.02246]},"63o":{"weight":1.0,"played":[1.0,0.0,0.0],"evs":[0.0,-0.42904,-1.14201]},"73o":{"weight":1.0,"played":[1.0,0.0,0.0],"evs":[0.0,-0.49429,-1.22466]},"83o":{"weight":1.0,"played":[1.0,0.0,0.0],"evs":[0.0,-0.52688,-1.26149]},"93o":{"weight":1.0,"played":[1.0,0.0,0.0],"evs":[0.0,-0.52624,-1.21245]},"T3o":{"weight":1.0,"played":[1.0,0.0,0.0],"evs":[0.0,-0.51371,-1.13065]},"J3o":{"weight":1.0,"played":[1.0,0.0,0.0],"evs":[0.0,-0.47375,-1.0159]},"Q3o":{"weight":1.0,"played":[1.0,0.0,0.0],"evs":[0.0,-0.45235,-0.88747]},"K3o":{"weight":1.0,"played":[1.0,0.0,0.0],"evs":[0.0,-0.3835,-0.72984]},"A3o":{"weight":1.0,"played":[1.0,0.0,0.0],"evs":[0.0,-0.32023,-0.43171]},"42s":{"weight":1.0,"played":[1.0,0.0,0.0],"evs":[0.0,-0.29677,-0.79481]},"43s":{"weight":1.0,"played":[1.0,0.0,0.0],"evs":[0.0,-0.22991,-0.66658]},"44":{"weight":1.0,"played":[1.0,0.0,0.0],"evs":[0.0,-0.07205,-0.05219]},"54o":{"weight":1.0,"played":[1.0,0.0,0.0],"evs":[0.0,-0.30423,-0.87174]},"64o":{"weight":1.0,"played":[1.0,0.0,0.0],"evs":[0.0,-0.34227,-1.00288]},"74o":{"weight":1.0,"played":[1.0,0.0,0.0],"evs":[0.0,-0.41988,-1.08314]},"84o":{"weight":1.0,"played":[1.0,0.0,0.0],"evs":[0.0,-0.45112,-1.11194]},"94o":{"weight":1.0,"played":[1.0,0.0,0.0],"evs":[0.0,-0.51476,-1.22532]},"T4o":{"weight":1.0,"played":[1.0,0.0,0.0],"evs":[0.0,-0.48738,-1.09197]},"J4o":{"weight":1.0,"played":[1.0,0.0,0.0],"evs":[0.0,-0.45192,-0.98688]},"Q4o":{"weight":1.0,"played":[1.0,0.0,0.0],"evs":[0.0,-0.41782,-0.85543]},"K4o":{"weight":1.0,"played":[1.0,0.0,0.0],"evs":[0.0,-0.3585,-0.69964]},"A4o":{"weight":1.0,"played":[1.0,0.0,0.0],"evs":[0.0,-0.28587,-0.39872]},"52s":{"weight":1.0,"played":[1.0,0.0,0.0],"evs":[0.0,-0.27019,-0.75346]},"53s":{"weight":1.0,"played":[1.0,0.0,0.0],"evs":[0.0,-0.18848,-0.62751]},"54s":{"weight":1.0,"played":[1.0,0.0,0.0],"evs":[0.0,-0.11651,-0.50746]},"55":{"weight":1.0,"played":[0.0798,0.5784,0.3419],"evs":[0.0,4.7E-4,-9.7E-4]},"65o":{"weight":1.0,"played":[1.0,0.0,0.0],"evs":[0.0,-0.26768,-0.85477]},"75o":{"weight":1.0,"played":[1.0,0.0,0.0],"evs":[0.0,-0.32106,-0.92408]},"85o":{"weight":1.0,"played":[1.0,0.0,0.0],"evs":[0.0,-0.36953,-0.95757]},"95o":{"weight":1.0,"played":[1.0,0.0,0.0],"evs":[0.0,-0.44335,-1.06151]},"T5o":{"weight":1.0,"played":[1.0,0.0,0.0],"evs":[0.0,-0.47774,-1.08453]},"J5o":{"weight":1.0,"played":[1.0,0.0,0.0],"evs":[0.0,-0.42995,-0.94451]},"Q5o":{"weight":1.0,"played":[1.0,0.0,0.0],"evs":[0.0,-0.39654,-0.80868]},"K5o":{"weight":1.0,"played":[1.0,0.0,0.0],"evs":[0.0,-0.32973,-0.65891]},"A5o":{"weight":1.0,"played":[1.0,0.0,0.0],"evs":[0.0,-0.23911,-0.35679]},"62s":{"weight":1.0,"played":[1.0,0.0,0.0],"evs":[0.0,-0.31892,-0.87937]},"63s":{"weight":1.0,"played":[1.0,0.0,0.0],"evs":[0.0,-0.24225,-0.74963]},"64s":{"weight":1.0,"played":[1.0,0.0,0.0],"evs":[0.0,-0.1594,-0.61535]},"65s":{"weight":1.0,"played":[1.0,0.0,0.0],"evs":[0.0,-0.07799,-0.48392]},"66":{"weight":1.0,"played":[0.0,0.6083,0.3917],"evs":[0.0,0.06733,0.06567]},"76o":{"weight":1.0,"played":[1.0,0.0,0.0],"evs":[0.0,-0.25524,-0.81222]},"86o":{"weight":1.0,"played":[1.0,0.0,0.0],"evs":[0.0,-0.29465,-0.83566]},"96o":{"weight":1.0,"played":[1.0,0.0,0.0],"evs":[0.0,-0.36715,-0.93001]},"T6o":{"weight":1.0,"played":[1.0,0.0,0.0],"evs":[0.0,-0.41818,-0.94664]},"J6o":{"weight":1.0,"played":[1.0,0.0,0.0],"evs":[0.0,-0.41976,-0.94724]},"Q6o":{"weight":1.0,"played":[1.0,0.0,0.0],"evs":[0.0,-0.37845,-0.78786]},"K6o":{"weight":1.0,"played":[1.0,0.0,0.0],"evs":[0.0,-0.30477,-0.63755]},"A6o":{"weight":1.0,"played":[1.0,0.0,0.0],"evs":[0.0,-0.29065,-0.49234]},"72s":{"weight":1.0,"played":[1.0,0.0,0.0],"evs":[0.0,-0.36186,-0.9484]},"73s":{"weight":1.0,"played":[1.0,0.0,0.0],"evs":[0.0,-0.29028,-0.83109]},"74s":{"weight":1.0,"played":[1.0,0.0,0.0],"evs":[0.0,-0.23339,-0.69705]},"75s":{"weight":1.0,"played":[1.0,0.0,0.0],"evs":[0.0,-0.13282,-0.54311]},"76s":{"weight":1.0,"played":[1.0,0.0,0.0],"evs":[0.0,-0.05701,-0.4282]},"77":{"weight":1.0,"played":[0.0,0.2454,0.7546],"evs":[0.0,0.24649,0.24869]},"87o":{"weight":1.0,"played":[1.0,0.0,0.0],"evs":[0.0,-0.2354,-0.69037]},"97o":{"weight":1.0,"played":[1.0,0.0,0.0],"evs":[0.0,-0.28548,-0.79063]},"T7o":{"weight":1.0,"played":[1.0,0.0,0.0],"evs":[0.0,-0.32816,-0.8094]},"J7o":{"weight":1.0,"played":[1.0,0.0,0.0],"evs":[0.0,-0.33459,-0.79874]},"Q7o":{"weight":1.0,"played":[1.0,0.0,0.0],"evs":[0.0,-0.3569,-0.7636]},"K7o":{"weight":1.0,"played":[1.0,0.0,0.0],"evs":[0.0,-0.28144,-0.59525]},"A7o":{"weight":1.0,"played":[1.0,0.0,0.0],"evs":[0.0,-0.24686,-0.41703]},"82s":{"weight":1.0,"played":[1.0,0.0,0.0],"evs":[0.0,-0.33233,-0.82848]},"83s":{"weight":1.0,"played":[1.0,0.0,0.0],"evs":[0.0,-0.33574,-0.86022]},"84s":{"weight":1.0,"played":[1.0,0.0,0.0],"evs":[0.0,-0.26468,-0.72298]},"85s":{"weight":1.0,"played":[1.0,0.0,0.0],"evs":[0.0,-0.17887,-0.56438]},"86s":{"weight":1.0,"played":[1.0,0.0,0.0],"evs":[0.0,-0.10046,-0.45061]},"87s":{"weight":1.0,"played":[1.0,0.0,0.0],"evs":[0.0,-0.05387,-0.33437]},"88":{"weight":1.0,"played":[0.0,0.0987,0.9013],"evs":[0.0,0.59166,0.601]},"98o":{"weight":1.0,"played":[1.0,0.0,0.0],"evs":[0.0,-0.22805,-0.6323]},"T8o":{"weight":1.0,"played":[1.0,0.0,0.0],"evs":[0.0,-0.24578,-0.61821]},"J8o":{"weight":1.0,"played":[1.0,0.0,0.0],"evs":[0.0,-0.26506,-0.60985]},"Q8o":{"weight":1.0,"played":[1.0,0.0,0.0],"evs":[0.0,-0.28938,-0.59546]},"K8o":{"weight":1.0,"played":[1.0,0.0,0.0],"evs":[0.0,-0.27282,-0.53087]},"A8o":{"weight":1.0,"played":[1.0,0.0,0.0],"evs":[0.0,-0.20721,-0.33672]},"92s":{"weight":1.0,"played":[1.0,0.0,0.0],"evs":[0.0,-0.35036,-0.82031]},"93s":{"weight":1.0,"played":[1.0,0.0,0.0],"evs":[0.0,-0.33809,-0.81496]},"94s":{"weight":1.0,"played":[1.0,0.0,0.0],"evs":[0.0,-0.32058,-0.81893]},"95s":{"weight":1.0,"played":[1.0,0.0,0.0],"evs":[0.0,-0.24932,-0.67949]},"96s":{"weight":1.0,"played":[1.0,0.0,0.0],"evs":[0.0,-0.17212,-0.54718]},"97s":{"weight":1.0,"played":[1.0,0.0,0.0],"evs":[0.0,-0.09266,-0.41681]},"98s":{"weight":1.0,"played":[1.0,0.0,0.0],"evs":[0.0,-0.04215,-0.28097]},"99":{"weight":1.0,"played":[0.0,0.0485,0.9515],"evs":[0.0,0.9111,0.91437]},"T9o":{"weight":1.0,"played":[1.0,0.0,0.0],"evs":[0.0,-0.20222,-0.50024]},"J9o":{"weight":1.0,"played":[1.0,0.0,0.0],"evs":[0.0,-0.20724,-0.49919]},"Q9o":{"weight":1.0,"played":[1.0,0.0,0.0],"evs":[0.0,-0.221,-0.4745]},"K9o":{"weight":1.0,"played":[1.0,0.0,0.0],"evs":[0.0,-0.21445,-0.42939]},"A9o":{"weight":1.0,"played":[1.0,0.0,0.0],"evs":[0.0,-0.14135,-0.31976]},"T2s":{"weight":1.0,"played":[1.0,0.0,0.0],"evs":[0.0,-0.32439,-0.72986]},