{"player":2,"street":0,"children":3,"sequence":[{"player":0,"type":"R","amount":800000,"street":0},{"player":1,"type":"F","amount":0,"street":0}],"actions":[{"type":"F","amount":0,"node":81},{"type":"C","amount":800000,"node":95},{"type":"R","amount":6100000,"node":146}],"hands":{"22":{"weight":1.0,"played":[1.0,0.0,0.0],"evs":[0.0,-0.15146,-0.05102]},"32o":{"weight":1.0,"played":[1.0,0.0,0.0],"evs":[0.0,-0.51779,-1.38945]},"42o":{"weight":1.0,"played":[1.0,0.0,0.0],"evs":[0.0,-0.48023,-1.34311]},"52o":{"weight":1.0,"played":[1.0,0.0,0.0],"evs":[0.0,-0.43528,-1.22268]},"62o":{"weight":1.0,"played":[1.0,0.0,0.0],"evs":[0.0,-0.51222,-1.32396]},"72o":{"weight":1.0,"played":[1.0,0.0,0.0],"evs":[0.0,-0.56846,-1.41889]},"82o":{"weight":1.0,"played":[1.0,0.0,0.0],"evs":[0.0,-0.51893,-1.30669]},"92o":{"weight":1.0,"played":[1.0,0.0,0.0],"evs":[0.0,-0.55215,-1.31705]},"T2o":{"weight":1.0,"played":[1.0,0.0,0.0],"evs":[0.0,-0.53014,-1.23285]},"J2o":{"weight":1.0,"played":[1.0,0.0,0.0],"evs":[0.0,-0.4961,-1.13316]},"Q2o":{"weight":1.0,"played":[1.0,0.0,0.0],"evs":[0.0,-0.46692,-1.01549]},"K2o":{"weight":1.0,"played":[1.0,0.0,0.0],"evs":[0.0,-0.41396,-0.87974]},"A2o":{"weight":1.0,"played":[1.0,0.0,0.0],"evs":[0.0,-0.30188,-0.43455]},"32s":{"weight":1.0,"played":[1.0,0.0,0.0],"evs":[0.0,-0.33069,-0.96694]},"33":{"weight":1.0,"played":[1.0,0.0,0.0],"evs":[0.0,-0.08624,-0.04826]},"43o":{"weight":1.0,"played":[1.0,0.0,0.0],"evs":[0.0,-0.40076,-1.23277]},"53o":{"weight":1.0,"played":[1.0,0.0,0.0],"evs":[0.0,-0.36002,-1.09696]},"63o":{"weight":1.0,"played":[1.0,0.0,0.0],"evs":[0.0,-0.4289,-1.20192]},"73o":{"weight":1.0,"played":[1.0,0.0,0.0],"evs":[0.0,-0.49481,-1.30513]},"83o":{"weight":1.0,"played":[1.0,0.0,0.0],"evs":[0.0,-0.52097,-1.34316]},"93o":{"weight":1.0,"played":[1.0,0.0,0.0],"evs":[0.0,-0.52969,-1.3239]},"T3o":{"weight":1.0,"played":[1.0,0.0,0.0],"evs":[0.0,-0.51359,-1.23481]},"J3o":{"weight":1.0,"played":[1.0,0.0,0.0],"evs":[0.0,-0.4826,-1.13643]},"Q3o":{"weight":1.0,"played":[1.0,0.0,0.0],"evs":[0.0,-0.45989,-1.01107]},"K3o":{"weight":1.0,"played":[1.0,0.0,0.0],"evs":[0.0,-0.39166,-0.88343]},"A3o":{"weight":1.0,"played":[1.0,0.0,0.0],"evs":[0.0,-0.26141,-0.42793]},"42s":{"weight":1.0,"played":[1.0,0.0,0.0],"evs":[0.0,-0.29274,-0.91966]},"43s":{"weight":1.0,"played":[1.0,0.0,0.0],"evs":[0.0,-0.21925,-0.79899]},"44":{"weight":1.0,"played":[0.0101,0.0652,0.9247],"evs":[0.0,0.02319,0.03213]},"54o":{"weight":1.0,"played":[1.0,0.0,0.0],"evs":[0.0,-0.26678,-0.93655]},"64o":{"weight":1.0,"played":[1.0,0.0,0.0],"evs":[0.0,-0.32159,-1.04017]},"74o":{"weight":1.0,"played":[1.0,0.0,0.0],"evs":[0.0,-0.39678,-1.13843]},"84o":{"weight":1.0,"played":[1.0,0.0,0.0],"evs":[0.0,-0.43037,-1.18764]},"94o":{"weight":1.0,"played":[1.0,0.0,0.0],"evs":[0.0,-0.50014,-1.31599]},"T4o":{"weight":1.0,"played":[1.0,0.0,0.0],"evs":[0.0,-0.47012,-1.19549]},"J4o":{"weight":1.0,"played":[1.0,0.0,0.0],"evs":[0.0,-0.45303,-1.0999]},"Q4o":{"weight":1.0,"played":[1.0,0.0,0.0],"evs":[0.0,-0.42358,-0.97284]},"K4o":{"weight":1.0,"played":[1.0,0.0,0.0],"evs":[0.0,-0.35685,-0.83405]},"A4o":{"weight":1.0,"played":[1.0,0.0,0.0],"evs":[0.0,-0.2262,-0.3882]},"52s":{"weight":1.0,"played":[1.0,0.0,0.0],"evs":[0.0,-0.2473,-0.80353]},"53s":{"weight":1.0,"played":[1.0,0.0,0.0],"evs":[0.0,-0.18238,-0.67966]},"54s":{"weight":1.0,"played":[1.0,0.0,0.0],"evs":[0.0,-0.08847,-0.53541]},"55":{"weight":1.0,"played":[0.0,0.0239,0.9761],"evs":[0.0,0.2458,0.25016]},"65o":{"weight":1.0,"played":[1.0,0.0,0.0],"evs":[0.0,-0.22323,-0.82645]},"75o":{"weight":1.0,"played":[1.0,0.0,0.0],"evs":[0.0,-0.28277,-0.92148]},"85o":{"weight":1.0,"played":[1.0,0.0,0.0],"evs":[0.0,-0.32449,-0.96647]},"95o":{"weight":1.0,"played":[1.0,0.0,0.0],"evs":[0.0,-0.4084,-1.09001]},"T5o":{"weight":1.0,"played":[1.0,0.0,0.0],"evs":[0.0,-0.44071,-1.12426]},"J5o":{"weight":1.0,"played":[1.0,0.0,0.0],"evs":[0.0,-0.41602,-0.98966]},"Q5o":{"weight":1.0,"played":[1.0,0.0,0.0],"evs":[0.0,-0.38622,-0.86893]},"K5o":{"weight":1.0,"played":[1.0,0.0,0.0],"evs":[0.0,-0.31754,-0.73673]},"A5o":{"weight":1.0,"played":[1.0,0.0,0.0],"evs":[0.0,-0.15695,-0.28199]},"62s":{"weight":1.0,"played":[1.0,0.0,0.0],"evs":[0.0,-0.32627,-0.90624]},"63s":{"weight":1.0,"played":[1.0,0.0,0.0],"evs":[0.0,-0.24825,-0.7989]},"64s":{"weight":1.0,"played":[1.0,0.0,0.0],"evs":[0.0,-0.1455,-0.63238]},"65s":{"weight":1.0,"played":[1.0,0.0,0.0],"evs":[0.0,-0.0465,-0.4403]},"66":{"weight":1.0,"played":[0.0,0.0098,0.9902],"evs":[0.0,0.46046,0.48183]},"76o":{"weight":1.0,"played":[1.0,0.0,0.0],"evs":[0.0,-0.22458,-0.75522]},"86o":{"weight":1.0,"played":[1.0,0.0,0.0],"evs":[0.0,-0.25739,-0.79252]},"96o":{"weight":1.0,"played":[1.0,0.0,0.0],"evs":[0.0,-0.34318,-0.91023]},"T6o":{"weight":1.0,"played":[1.0,0.0,0.0],"evs":[0.0,-0.3967,-0.95068]},"J6o":{"weight":1.0,"played":[1.0,0.0,0.0],"evs":[0.0,-0.42182,-0.96753]},"Q6o":{"weight":1.0,"played":[1.0,0.0,0.0],"evs":[0.0,-0.39055,-0.81234]},"K6o":{"weight":1.0,"played":[1.0,0.0,0.0],"evs":[0.0,-0.31356,-0.68321]},"A6o":{"weight":1.0,"played":[1.0,0.0,0.0],"evs":[0.0,-0.21288,-0.37202]},"72s":{"weight":1.0,"played":[1.0,0.0,0.0],"evs":[0.0,-0.37416,-0.98244]},"73s":{"weight":1.0,"played":[1.0,0.0,0.0],"evs":[0.0,-0.30506,-0.86459]},"74s":{"weight":1.0,"played":[1.0,0.0,0.0],"evs":[0.0,-0.21541,-0.72317]},"75s":{"weight":1.0,"played":[1.0,0.0,0.0],"evs":[0.0,-0.10349,-0.51474]},"76s":{"weight":1.0,"played":[1.0,0.0,0.0],"evs":[0.0,-0.04074,-0.35809]},"77":{"weight":1.0,"played":[0.0,0.0,1.0],"evs":[0.0,0.69347,0.74768]},"87o":{"weight":1.0,"played":[1.0,0.0,0.0],"evs":[0.0,-0.2128,-0.66073]},"97o":{"weight":1.0,"played":[1.0,0.0,0.0],"evs":[0.0,-0.26626,-0.77178]},"T7o":{"weight":1.0,"played":[1.0,0.0,0.0],"evs":[0.0,-0.31912,-0.80228]},"J7o":{"weight":1.0,"played":[1.0,0.0,0.0],"evs":[0.0,-0.35082,-0.81636]},"Q7o":{"weight":1.0,"played":[1.0,0.0,0.0],"evs":[0.0,-0.36543,-0.80571]},"K7o":{"weight":1.0,"played":[1.0,0.0,0.0],"evs":[0.0,-0.29447,-0.64132]},"A7o":{"weight":1.0,"played":[1.0,0.0,0.0],"evs":[0.0,-0.1588,-0.30451]},"82s":{"weight":1.0,"played":[1.0,0.0,0.0],"evs":[0.0,-0.33155,-0.87432]},"83s":{"weight":1.0,"played":[1.0,0.0,0.0],"evs":[0.0,-0.32502,-0.91169]},"84s":{"weight":1.0,"played":[1.0,0.0,0.0],"evs":[0.0,-0.24758,-0.76847]},"85s":{"weight":1.0,"played":[1.0,0.0,0.0],"evs":[0.0,-0.13707,-0.56023]},"86s":{"weight":1.0,"played":[1.0,0.0,0.0],"evs":[0.0,-0.07694,-0.39872]},"87s":{"weight":1.0,"played":[0.9999,1.0E-4,0.0],"evs":[0.0,-0.03547,-0.26149]},"88":{"weight":1.0,"played":[0.0,0.0,1.0],"evs":[0.0,0.98415,1.11165]},"98o":{"weight":1.0,"played":[1.0,0.0,0.0],"evs":[0.0,-0.2088,-0.59546]},"T8o":{"weight":1.0,"played":[1.0,0.0,0.0],"evs":[0.0,-0.23467,-0.60569]},"J8o":{"weight":1.0,"played":[1.0,0.0,0.0],"evs":[0.0,-0.25495,-0.63332]},"Q8o":{"weight":1.0,"played":[1.0,0.0,0.0],"evs":[0.0,-0.28397,-0.63385]},"K8o":{"weight":1.0,"played":[1.0,0.0,0.0],"evs":[0.0,-0.2678,-0.60972]},"A8o":{"weight":1.0,"played":[1.0,0.0,0.0],"evs":[0.0,-0.08536,-0.19687]},"92s":{"weight":1.0,"played":[1.0,0.0,0.0],"evs":[0.0,-0.36417,-0.88221]},"93s":{"weight":1.0,"played":[1.0,0.0,0.0],"evs":[0.0,-0.35072,-0.89963]},"94s":{"weight":1.0,"played":[1.0,0.0,0.0],"evs":[0.0,-0.32237,-0.87775]},"95s":{"weight":1.0,"played":[1.0,0.0,0.0],"evs":[0.0,-0.21684,-0.65659]},"96s":{"weight":1.0,"played":[1.0,0.0,0.0],"evs":[0.0,-0.16305,-0.51349]},"97s":{"weight":1.0,"played":[1.0,0.0,0.0],"evs":[0.0,-0.09576,-0.37519]},"98s":{"weight":1.0,"played":[1.0,0.0,0.0],"evs":[0.0,-0.03059,-0.20309]},"99":{"weight":1.0,"played":[0.0,0.0,1.0],"evs":[0.0,1.20842,1.40563]},"T9o":{"weight":1.0,"played":[1.0,0.0,0.0],"evs":[0.0,-0.19126,-0.50133]},"J9o":{"weight":1.0,"played":[1.0,0.0,0.0],"evs":[0.0,-0.2006,-0.51567]},"Q9o":{"weight":1.0,"played":[1.0,0.0,0.0],"evs":[0.0,-0.21578,-0.51517]},"K9o":{"weight":1.0,"played":[1.0,0.0,0.0],"evs":[0.0,-0.22155,-0.49586]},"A9o":{"weight":1.0,"played":[0.9524,0.0476,0.0],"evs":[0.0,-0.0046,-0.13282]},"T2s":{"weight":1.0,