{"equityUnit":"TABLE_EQUITY_PERCENT","conversionFactors":{"toUSD":9.464205,"toRegularPrizePercent":0.25346023},"preHandEquity":[16.82335,15.78393,13.98332,15.78393,37.62548],"bubbleFactors":[[-1.0,1.028,0.922,1.157,1.643],[1.634,-1.0,0.99,1.301,1.659],[1.665,1.663,-1.0,1.663,1.688],[1.634,1.157,0.99,-1.0,1.659],[0.83,0.717,0.716,0.821,-1.0]]}