{"equityUnit":"TABLE_EQUITY_PERCENT","conversionFactors":{"toUSD":34.82,"toRegularPrizePercent":0.93251204},"preHandEquity":[19.16889,17.2381,21.45686,20.80729,14.37248,6.95638],"bubbleFactors":[[-1.0,1.127,1.626,1.615,0.887,0.197],[1.577,-1.0,1.616,1.605,0.922,0.205],[1.174,1.052,-1.0,1.242,0.861,0.192],[1.209,1.068,1.627,-1.0,0.867,0.193],[1.543,1.507,1.579,1.57,-1.0,0.223],[1.075,1.068,1.08,1.079,1.049,-1.0]]}