{"player":2,"street":0,"children":3,"sequence":[{"player":0,"type":"C","amount":100000,"street":0},{"player":1,"type":"C","amount":100000,"street":0}],"actions":[{"type":"F","amount":0,"node":398},{"type":"C","amount":100000},{"type":"R","amount":205000,"node":565}],"hands":{"22":{"weight":1.0,"played":[0.0,0.0,1.0],"evs":[0.0,0.17428,0.4562]},"32o":{"weight":1.0,"played":[1.0,0.0,0.0],"evs":[0.0,-0.44441,-0.42478]},"42o":{"weight":1.0,"played":[1.0,0.0,0.0],"evs":[0.0,-0.38164,-0.35524]},"52o":{"weight":1.0,"played":[1.0,0.0,0.0],"evs":[0.0,-0.33038,-0.29233]},"62o":{"weight":1.0,"played":[1.0,0.0,0.0],"evs":[0.0,-0.39766,-0.38204]},"72o":{"weight":1.0,"played":[1.0,0.0,0.0],"evs":[0.0,-0.51579,-0.53405]},"82o":{"weight":1.0,"played":[1.0,0.0,0.0],"evs":[0.0,-0.46035,-0.46709]},"92o":{"weight":1.0,"played":[1.0,0.0,0.0],"evs":[0.0,-0.46148,-0.4851]},"T2o":{"weight":1.0,"played":[1.0,0.0,0.0],"evs":[0.0,-0.44536,-0.45816]},"J2o":{"weight":1.0,"played":[1.0,0.0,0.0],"evs":[0.0,-0.39192,-0.40172]},"Q2o":{"weight":1.0,"played":[1.0,0.0,0.0],"evs":[0.0,-0.33342,-0.31141]},"K2o":{"weight":1.0,"played":[1.0,0.0,0.0],"evs":[0.0,-0.27486,-0.2251]},"A2o":{"weight":1.0,"played":[0.0,0.0,1.0],"evs":[0.0,-0.11408,0.03076]},"32s":{"weight":1.0,"played":[0.9985,0.0,0.0015],"evs":[0.0,-0.1096,-0.04252]},"33":{"weight":1.0,"played":[0.0,0.0,1.0],"evs":[0.0,0.29793,0.5799]},"43o":{"weight":1.0,"played":[1.0,0.0,0.0],"evs":[0.0,-0.24417,-0.19683]},"53o":{"weight":1.0,"played":[1.0,0.0,0.0],"evs":[0.0,-0.18112,-0.12609]},"63o":{"weight":1.0,"played":[1.0,0.0,0.0],"evs":[0.0,-0.24598,-0.21319]},"73o":{"weight":1.0,"played":[1.0,0.0,0.0],"evs":[0.0,-0.37052,-0.35956]},"83o":{"weight":1.0,"played":[1.0,0.0,0.0],"evs":[0.0,-0.44453,-0.44806]},"93o":{"weight":1.0,"played":[1.0,0.0,0.0],"evs":[0.0,-0.42328,-0.43796]},"T3o":{"weight":1.0,"played":[1.0,0.0,0.0],"evs":[0.0,-0.40396,-0.40431]},"J3o":{"weight":1.0,"played":[1.0,0.0,0.0],"evs":[0.0,-0.35132,-0.34444]},"Q3o":{"weight":1.0,"played":[1.0,0.0,0.0],"evs":[0.0,-0.29456,-0.26617]},"K3o":{"weight":1.0,"played":[1.0,0.0,0.0],"evs":[0.0,-0.23219,-0.17313]},"A3o":{"weight":1.0,"played":[0.0,0.0,1.0],"evs":[0.0,-0.05123,0.0911]},"42s":{"weight":1.0,"played":[0.006,0.0,0.994],"evs":[0.0,-0.04287,0.02556]},"43s":{"weight":1.0,"played":[0.0,0.0,1.0],"evs":[0.0,0.08584,0.17136]},"44":{"weight":1.0,"played":[0.0,0.0,1.0],"evs":[0.0,0.45926,0.73838]},"54o":{"weight":1.0,"played":[0.0,0.0,1.0],"evs":[0.0,-0.029,0.03925]},"64o":{"weight":1.0,"played":[1.0,0.0,0.0],"evs":[0.0,-0.08543,-0.03831]},"74o":{"weight":1.0,"played":[1.0,0.0,0.0],"evs":[0.0,-0.20864,-0.18295]},"84o":{"weight":1.0,"played":[1.0,0.0,0.0],"evs":[0.0,-0.29102,-0.2742]},"94o":{"weight":1.0,"played":[1.0,0.0,0.0],"evs":[0.0,-0.39092,-0.40655]},"T4o":{"weight":1.0,"played":[1.0,0.0,0.0],"evs":[0.0,-0.34928,-0.34435]},"J4o":{"weight":1.0,"played":[1.0,0.0,0.0],"evs":[0.0,-0.30039,-0.28823]},"Q4o":{"weight":1.0,"played":[1.0,0.0,0.0],"evs":[0.0,-0.22983,-0.19625]},"K4o":{"weight":1.0,"played":[1.0,0.0,0.0],"evs":[0.0,-0.16534,-0.10904]},"A4o":{"weight":1.0,"played":[0.0,0.0,1.0],"evs":[0.0,0.02833,0.16994]},"52s":{"weight":1.0,"played":[0.0,0.0,1.0],"evs":[0.0,0.01044,0.0911]},"53s":{"weight":1.0,"played":[0.0,0.0,1.0],"evs":[0.0,0.15696,0.24912]},"54s":{"weight":1.0,"played":[0.0,0.0,1.0],"evs":[0.0,0.30476,0.4028]},"55":{"weight":1.0,"played":[0.0,0.0,1.0],"evs":[0.0,0.65124,0.92716]},"65o":{"weight":1.0,"played":[0.0,0.0,1.0],"evs":[0.0,0.04984,0.11334]},"75o":{"weight":1.0,"played":[0.7438,0.0,0.2562],"evs":[0.0,-0.04734,-0.00515]},"85o":{"weight":1.0,"played":[1.0,0.0,0.0],"evs":[0.0,-0.12824,-0.09491]},"95o":{"weight":1.0,"played":[1.0,0.0,0.0],"evs":[0.0,-0.23404,-0.2252]},"T5o":{"weight":1.0,"played":[1.0,0.0,0.0],"evs":[0.0,-0.31252,-0.30462]},"J5o":{"weight":1.0,"played":[1.0,0.0,0.0],"evs":[0.0,-0.23953,-0.22394]},"Q5o":{"weight":1.0,"played":[1.0,0.0,0.0],"evs":[0.0,-0.17333,-0.1379]},"K5o":{"weight":1.0,"played":[1.0,0.0,0.0],"evs":[0.0,-0.10084,-0.0397]},"A5o":{"weight":1.0,"played":[0.0,0.0,1.0],"evs":[0.0,0.10959,0.24908]},"62s":{"weight":1.0,"played":[0.0122,0.0,0.9878],"evs":[0.0,-0.05641,0.00291]},"63s":{"weight":1.0,"played":[0.0,0.0,1.0],"evs":[0.0,0.09267,0.16588]},"64s":{"weight":1.0,"played":[0.0,0.0,1.0],"evs":[0.0,0.2476,0.32902]},"65s":{"weight":1.0,"played":[0.0,0.0,1.0],"evs":[0.0,0.37726,0.47578]},"66":{"weight":1.0,"played":[0.0,0.0,1.0],"evs":[0.0,0.85027,1.10663]},"76o":{"weight":1.0,"played":[0.0,0.0,1.0],"evs":[0.0,0.08361,0.13243]},"86o":{"weight":1.0,"played":[0.0,0.0,1.0],"evs":[0.0,0.01884,0.05614]},"96o":{"weight":1.0,"played":[1.0,0.0,0.0],"evs":[0.0,-0.08022,-0.06167]},"T6o":{"weight":1.0,"played":[1.0,0.0,0.0],"evs":[0.0,-0.15733,-0.14024]},"J6o":{"weight":1.0,"played":[1.0,0.0,0.0],"evs":[0.0,-0.20035,-0.18931]},"Q6o":{"weight":1.0,"played":[1.0,0.0,0.0],"evs":[0.0,-0.11152,-0.07579]},"K6o":{"weight":1.0,"played":[1.0E-4,0.0,0.9999],"evs":[0.0,-0.03517,0.01755]},"A6o":{"weight":1.0,"played":[0.0,0.0,1.0],"evs":[0.0,0.03929,0.182]},"72s":{"weight":1.0,"played":[1.0,0.0,0.0],"evs":[0.0,-0.16104,-0.12828]},"73s":{"weight":1.0,"played":[0.0,0.0,1.0],"evs":[0.0,-0.01671,0.03255]},"74s":{"weight":1.0,"played":[0.0,0.0,1.0],"evs":[0.0,0.13113,0.18942]},"75s":{"weight":1.0,"played":[0.0,0.0,1.0],"evs":[0.0,0.28692,0.36019]},"76s":{"weight":1.0,"played":[0.0,0.0,1.0],"evs":[0.0,0.41666,0.4913]},"77":{"weight":1.0,"played":[0.0,0.0,1.0],"evs":[0.0,1.01211,1.25493]},"87o":{"weight":1.0,"played":[0.0,0.0,1.0],"evs":[0.0,0.10802,0.14182]},"97o":{"weight":1.0,"played":[0.0,0.0,1.0],"evs":[0.0,0.0303,0.03851]},"T7o":{"weight":1.0,"played":[1.0,0.0,0.0],"evs":[0.0,-0.05066,-0.04107]},"J7o":{"weight":1.0,"played":[1.0,0.0,0.0],"evs":[0.0,-0.10389,-0.09986]},"Q7o":{"weight":1.0,"played":[1.0,0.0,0.0],"evs":[0.0,-0.11521,-0.10592]},"K7o":{"weight":1.0,"played":[0.0,1.0E-4,0.9999],"evs":[0.0,-0.01502,0.01254]},"A7o":{"weight":1.0,"played":[0.0,0.0,1.0],"evs":[0.0,0.12675,0.2711]},"82s":{"weight":1.0,"played":[1.0,0.0,0.0],"evs":[0.0,-0.10768,-0.06783]},"83s":{"weight":1.0,"played":[0.9999,0.0,1.0E-4],"evs":[0.0,-0.08903,-0.04847]},"84s":{"weight":1.0,"played":[0.0,0.0,1.0],"evs":[0.0,0.05795,0.11681]},"85s":{"weight":1.0,"played":[0.0,0.0,1.0],"evs":[0.0,0.21275,0.2781]},"86s":{"weight":1.0,"played":[0.0,0.0,1.0],"evs":[0.0,0.35536,0.42571]},"87s":{"weight":1.0,"played":[0.0,0.0,1.0],"evs":[0.0,0.44897,0.50617]},"88":{"weight":1.0,"played":[0.0,0.0,1.0],"evs":[0.0,1.253,1.48381]},"98o":{"weight":1.0,"played":[0.0,0.0,1.0],"evs":[0.0,0.14487,0.15712]},"T8o":{"weight":1.0,"played":[0.0,0.0,1.0],"evs":[0.0,0.0925,0.10599]},"J8o":{"weight":1.0,"played":[0.0,0.0055,0.9945],"evs":[0.0,0.04481,0.05196]},"Q8o":{"weight":1.0,"played":[1.0E-4,0.002,0.998],"evs":[0.0,0.02058,0.03214]},"K8o":{"weight":1.0,"played":[0.0,0.0013,0.9987],"evs":[0.0,0.03216,0.05334]},"A8o":{"weight":1.0,"played":[0.0,0.0,1.0],"evs":[0.0,0.23661,0.41949]},"92s":{"weight":1.0,"played":[1.0,0.0,0.0],"evs":[0.0,-0.10008,-0.07749]},"93s":{"weight":1.0,"played":[0.9986,0.0,0.0014],"evs":[0.0,-0.06514,-0.03692]},"94s":{"weight":1.0,"played":[0.9777,0.0,0.0223],"evs":[0.0,-0.02675,-0.00267]},"95s":{"weight":1.0,"played":[0.0,0.0,1.0],"evs":[0.0,0.11825,0.15628]},"96s":{"weight":1.0,"played":[0.0,0.0,1.0],"evs":[0.0,0.2717,0.31374]},"97s":{"weight":1.0,"played":[0.0,0.0,1.0],"evs":[0.0,0.37343,0.40739]},"98s":{"weight":1.0,"played":[0.0,0.0,1.0],"evs":[0.0,0.49577,0.5233]},"99":{"weight":1.0,"played":[0.0,0.0,1.0],"evs":[0.0,1.50816,1.73558]},"T9o":{"weight":1.0,"played":[0.0,0.0018,0.9982],"evs":[0.0,0.22011,0.22531]},"J9o":{"weight":1.0,"played":[0.0,0.0506,0.9494],"evs":[0.0,0.17541,0.17497]},"Q9o":{"weight":1.0,"played":[0.0,0.0051,0.9949],"evs":[0.0,0.16364,0.16898]},"K9o":{"weight":1.0,"played":[0.0,0.0052,0.9948],"evs":[0.0,0.18779,0.196]},"A9o":{"weight":1.0,"played":[0.0,0.0,1.0],"evs":[0.0,0.34577,0.57471]},"T2s":{"weight":1.0,"played":[1.0,0.0,0.0],