{"equityUnit":"TABLE_EQUITY_PERCENT","conversionFactors":{"toUSD":8.959517,"toRegularPrizePercent":0.22438057},"preHandEquity":[15.95493,20.55786,18.06727,17.74869,11.4579,16.21335],"bubbleFactors":[[-1.0,1.154,1.153,1.153,0.902,1.152],[0.956,-1.0,0.971,0.974,0.885,0.953],[0.969,1.173,-1.0,0.99,0.894,0.967],[0.971,1.17,1.169,-1.0,0.895,0.969],[1.107,1.109,1.108,1.108,-1.0,1.107],[0.981,1.157,1.155,1.155,0.901,-1.0]]}