{"player":2,"street":0,"children":3,"sequence":[{"player":0,"type":"F","amount":0,"street":0},{"player":1,"type":"C","amount":100000,"street":0}],"actions":[{"type":"F","amount":0,"node":77},{"type":"C","amount":100000,"node":180},{"type":"R","amount":1375000,"node":365}],"hands":{"22":{"weight":1.0,"played":[1.0,0.0,0.0],"evs":[0.0,-0.63408,-2.53742]},"32o":{"weight":1.0,"played":[1.0,0.0,0.0],"evs":[0.0,-1.16019,-5.6551]},"42o":{"weight":1.0,"played":[1.0,0.0,0.0],"evs":[0.0,-1.13136,-5.26438]},"52o":{"weight":1.0,"played":[1.0,0.0,0.0],"evs":[0.0,-1.02799,-4.89766]},"62o":{"weight":1.0,"played":[1.0,0.0,0.0],"evs":[0.0,-1.0653,-5.17387]},"72o":{"weight":1.0,"played":[1.0,0.0,0.0],"evs":[0.0,-1.17668,-5.5371]},"82o":{"weight":1.0,"played":[1.0,0.0,0.0],"evs":[0.0,-1.21622,-5.62664]},"92o":{"weight":1.0,"played":[1.0,0.0,0.0],"evs":[0.0,-1.19008,-5.41237]},"T2o":{"weight":1.0,"played":[1.0,0.0,0.0],"evs":[0.0,-1.05271,-4.44286]},"J2o":{"weight":1.0,"played":[1.0,0.0,0.0],"evs":[0.0,-0.97711,-3.95677]},"Q2o":{"weight":1.0,"played":[1.0,0.0,0.0],"evs":[0.0,-0.91816,-3.52394]},"K2o":{"weight":1.0,"played":[1.0,0.0,0.0],"evs":[0.0,-0.91299,-2.93853]},"A2o":{"weight":1.0,"played":[1.0,0.0,0.0],"evs":[0.0,-0.25457,-0.89948]},"32s":{"weight":1.0,"played":[1.0,0.0,0.0],"evs":[0.0,-0.96526,-4.38393]},"33":{"weight":1.0,"played":[0.9996,1.0E-4,4.0E-4],"evs":[0.0,-0.06161,-1.03543]},"43o":{"weight":1.0,"played":[1.0,0.0,0.0],"evs":[0.0,-0.92758,-4.27738]},"53o":{"weight":1.0,"played":[1.0,0.0,0.0],"evs":[0.0,-0.81306,-3.81043]},"63o":{"weight":1.0,"played":[1.0,0.0,0.0],"evs":[0.0,-0.84346,-4.05232]},"73o":{"weight":1.0,"played":[1.0,0.0,0.0],"evs":[0.0,-0.91771,-4.43821]},"83o":{"weight":1.0,"played":[1.0,0.0,0.0],"evs":[0.0,-1.03928,-4.94508]},"93o":{"weight":1.0,"played":[1.0,0.0,0.0],"evs":[0.0,-1.11568,-4.74591]},"T3o":{"weight":1.0,"played":[1.0,0.0,0.0],"evs":[0.0,-0.92221,-3.84999]},"J3o":{"weight":1.0,"played":[1.0,0.0,0.0],"evs":[0.0,-0.82209,-3.24631]},"Q3o":{"weight":1.0,"played":[1.0,0.0,0.0],"evs":[0.0,-0.76939,-2.72323]},"K3o":{"weight":1.0,"played":[1.0,0.0,0.0],"evs":[0.0,-0.73061,-2.35427]},"A3o":{"weight":1.0,"played":[0.9999,1.0E-4,1.0E-4],"evs":[0.0,-0.17086,-0.37958]},"42s":{"weight":1.0,"played":[1.0,0.0,0.0],"evs":[0.0,-0.82762,-3.93339]},"43s":{"weight":1.0,"played":[1.0,0.0,0.0],"evs":[0.0,-0.6982,-3.01696]},"44":{"weight":1.0,"played":[0.0174,0.9702,0.0124],"evs":[0.0,0.3751,0.18447]},"54o":{"weight":1.0,"played":[1.0,0.0,0.0],"evs":[0.0,-0.6664,-3.10174]},"64o":{"weight":1.0,"played":[1.0,0.0,0.0],"evs":[0.0,-0.70886,-3.31386]},"74o":{"weight":1.0,"played":[1.0,0.0,0.0],"evs":[0.0,-0.78681,-3.56974]},"84o":{"weight":1.0,"played":[1.0,0.0,0.0],"evs":[0.0,-0.8851,-4.03473]},"94o":{"weight":1.0,"played":[1.0,0.0,0.0],"evs":[0.0,-0.99305,-4.33565]},"T4o":{"weight":1.0,"played":[1.0,0.0,0.0],"evs":[0.0,-0.86388,-3.42904]},"J4o":{"weight":1.0,"played":[1.0,0.0,0.0],"evs":[0.0,-0.73409,-2.81958]},"Q4o":{"weight":1.0,"played":[1.0,0.0,0.0],"evs":[0.0,-0.64638,-2.38739]},"K4o":{"weight":1.0,"played":[1.0,0.0,0.0],"evs":[0.0,-0.65507,-1.77319]},"A4o":{"weight":1.0,"played":[0.5677,0.102,0.3303],"evs":[0.0,-0.05347,0.0068]},"52s":{"weight":1.0,"played":[1.0,0.0,0.0],"evs":[0.0,-0.81778,-3.55785]},"53s":{"weight":1.0,"played":[0.9999,0.0,1.0E-4],"evs":[0.0,-0.63154,-2.70186]},"54s":{"weight":1.0,"played":[1.0,0.0,0.0],"evs":[0.0,-0.45959,-2.03382]},"55":{"weight":1.0,"played":[0.0,0.7789,0.2211],"evs":[0.0,0.95273,0.9773]},"65o":{"weight":1.0,"played":[1.0,0.0,0.0],"evs":[0.0,-0.56282,-2.77719]},"75o":{"weight":1.0,"played":[1.0,0.0,0.0],"evs":[0.0,-0.59816,-2.90624]},"85o":{"weight":1.0,"played":[1.0,0.0,0.0],"evs":[0.0,-0.70923,-3.39052]},"95o":{"weight":1.0,"played":[1.0,0.0,0.0],"evs":[0.0,-0.84225,-3.57949]},"T5o":{"weight":1.0,"played":[1.0,0.0,0.0],"evs":[0.0,-0.71155,-3.01254]},"J5o":{"weight":1.0,"played":[1.0,0.0,0.0],"evs":[0.0,-0.65135,-2.48646]},"Q5o":{"weight":1.0,"played":[1.0,0.0,0.0],"evs":[0.0,-0.61187,-1.99904]},"K5o":{"weight":1.0,"played":[1.0,0.0,0.0],"evs":[0.0,-0.57796,-1.39971]},"A5o":{"weight":1.0,"played":[0.0011,0.0223,0.9766],"evs":[0.0,0.20933,0.44527]},"62s":{"weight":1.0,"played":[1.0,0.0,0.0],"evs":[0.0,-0.84912,-3.93864]},"63s":{"weight":1.0,"played":[1.0,0.0,0.0],"evs":[0.0,-0.62864,-2.74506]},"64s":{"weight":1.0,"played":[1.0,0.0,0.0],"evs":[0.0,-0.48408,-2.10034]},"65s":{"weight":1.0,"played":[1.0,0.0,0.0],"evs":[0.0,-0.24833,-1.46258]},"66":{"weight":1.0,"played":[0.0,0.0016,0.9984],"evs":[0.0,1.17132,1.38133]},"76o":{"weight":1.0,"played":[1.0,0.0,0.0],"evs":[0.0,-0.48938,-2.39855]},"86o":{"weight":1.0,"played":[1.0,0.0,0.0],"evs":[0.0,-0.63724,-2.85786]},"96o":{"weight":1.0,"played":[1.0,0.0,0.0],"evs":[0.0,-0.70642,-3.07084]},"T6o":{"weight":1.0,"played":[1.0,0.0,0.0],"evs":[0.0,-0.65534,-2.57608]},"J6o":{"weight":1.0,"played":[1.0,0.0,0.0],"evs":[0.0,-0.66203,-2.44051]},"Q6o":{"weight":1.0,"played":[1.0,0.0,0.0],"evs":[0.0,-0.58624,-1.9033]},"K6o":{"weight":1.0,"played":[1.0,0.0,0.0],"evs":[0.0,-0.55388,-1.31776]},"A6o":{"weight":1.0,"played":[0.022,0.5158,0.4622],"evs":[0.0,0.12399,0.12744]},"72s":{"weight":1.0,"played":[1.0,0.0,0.0],"evs":[0.0,-0.95501,-4.1742]},"73s":{"weight":1.0,"played":[1.0,0.0,0.0],"evs":[0.0,-0.68818,-3.0702]},"74s":{"weight":1.0,"played":[1.0,0.0,0.0],"evs":[0.0,-0.54641,-2.35834]},"75s":{"weight":1.0,"played":[1.0,0.0,0.0],"evs":[0.0,-0.33901,-1.81917]},"76s":{"weight":1.0,"played":[1.0,0.0,0.0],"evs":[0.0,-0.24658,-1.21536]},"77":{"weight":1.0,"played":[0.0,0.0,1.0],"evs":[0.0,1.69268,2.05482]},"87o":{"weight":1.0,"played":[1.0,0.0,0.0],"evs":[0.0,-0.53375,-2.46469]},"97o":{"weight":1.0,"played":[1.0,0.0,0.0],"evs":[0.0,-0.67654,-2.66469]},"T7o":{"weight":1.0,"played":[1.0,0.0,0.0],"evs":[0.0,-0.56501,-2.25183]},"J7o":{"weight":1.0,"played":[1.0,0.0,0.0],"evs":[0.0,-0.55153,-1.96982]},"Q7o":{"weight":1.0,"played":[1.0,0.0,0.0],"evs":[0.0,-0.50813,-1.79224]},"K7o":{"weight":1.0,"played":[1.0,0.0,0.0],"evs":[0.0,-0.51813,-1.14651]},"A7o":{"weight":1.0,"played":[0.0,0.4906,0.5094],"evs":[0.0,0.33816,0.3834]},"82s":{"weight":1.0,"played":[1.0,0.0,0.0],"evs":[0.0,-0.94395,-4.17798]},"83s":{"weight":1.0,"played":[1.0,0.0,0.0],"evs":[0.0,-0.72478,-3.48959]},"84s":{"weight":1.0,"played":[1.0,0.0,0.0],"evs":[0.0,-0.70337,-2.96608]},"85s":{"weight":1.0,"played":[1.0,0.0,0.0],"evs":[0.0,-0.44003,-2.23017]},"86s":{"weight":1.0,"played":[1.0,0.0,0.0],"evs":[0.0,-0.28466,-1.7228]},"87s":{"weight":1.0,"played":[1.0,0.0,0.0],"evs":[0.0,-0.06378,-1.14327]},"88":{"weight":1.0,"played":[0.0,0.1155,0.8845],"evs":[0.0,2.21701,2.34673]},"98o":{"weight":1.0,"played":[1.0,0.0,0.0],"evs":[0.0,-0.57736,-2.34856]},"T8o":{"weight":1.0,"played":[1.0,0.0,0.0],"evs":[0.0,-0.44849,-1.6656]},"J8o":{"weight":1.0,"played":[1.0,0.0,0.0],"evs":[0.0,-0.42538,-1.52953]},"Q8o":{"weight":1.0,"played":[1.0,0.0,0.0],"evs":[0.0,-0.5006,-1.40829]},"K8o":{"weight":1.0,"played":[1.0,0.0,0.0],"evs":[0.0,-0.51155,-1.25772]},"A8o":{"weight":1.0,"played":[0.0,0.4582,0.5418],"evs":[0.0,0.65869,0.75068]},"92s":{"weight":1.0,"played":[1.0,0.0,0.0],"evs":[0.0,-1.04471,-4.09723]},"93s":{"weight":1.0,"played":[1.0,0.0,0.0],"evs":[0.0,-0.92358,-3.34574]},"94s":{"weight":1.0,"played":[1.0,0.0,0.0],"evs":[0.0,-0.79633,-3.13881]},"95s":{"weight":1.0,"played":[1.0,0.0,0.0],"evs":[0.0,-0.53479,-2.41315]},"96s":{"weight":1.0,"played":[1.0,0.0,0.0],"evs":[0.0,-0.48376,-1.9786]},"97s":{"weight":1.0,"played":[1.0,0.0,0.0],"evs":[0.0,-0.38276,-1.39422]},"98s":{"weight":1.0,"played":[1.0,0.0,0.0],"evs":[0.0,-0.24195,-1.10108]},"99":{"weight":1.0,"played":[0.0,0.2435,0.7565],"evs":[0.0,2.95895,3.0271]},"T9o":{"weight":1.0,"played":[1.0,0.0,0.0],"evs":[0.0,-0.32321,-1.12151]},"J9o":{"weight":1.0,"played":[1.0,0.0,0.0],"evs":[0.0,-0.41589,-1.20445]},"Q9o":{"weight":1.0,"played":[1.0,0.0,0.0],"evs":[0.0,-0.457,-0.97348]},"K9o":{"weight":1.0,"played":[0.9973,0.0027,0.0],"evs":[0.0,-0.31852,-0.74688]},"A9o":{"weight":1.0,