{"equityUnit":"TABLE_EQUITY_PERCENT","conversionFactors":{"toUSD":10.52586,"toRegularPrizePercent":0.5505157},"preHandEquity":[21.29598,34.69152,17.95497,26.05753],"bubbleFactors":[[-1.0,1.447,0.989,1.404],[1.104,-1.0,0.862,0.978],[1.308,1.371,-1.0,1.334],[1.215,1.532,0.934,-1.0]]}