{"player":1,"street":0,"children":4,"sequence":[{"player":0,"type":"R","amount":400000,"street":0}],"actions":[{"type":"F","amount":0,"node":278},{"type":"C","amount":400000,"node":522},{"type":"R","amount":1000000},{"type":"R","amount":5770000,"node":875}],"hands":{"22":{"weight":1.0,"played":[1.0,0.0,0.0,0.0],"evs":[0.0,-0.10342,-0.16976,-0.58566]},"32o":{"weight":1.0,"played":[1.0,0.0,0.0,0.0],"evs":[0.0,-0.60348,-0.78096,-2.37277]},"42o":{"weight":1.0,"played":[1.0,0.0,0.0,0.0],"evs":[0.0,-0.5698,-0.73876,-2.27962]},"52o":{"weight":1.0,"played":[1.0,0.0,0.0,0.0],"evs":[0.0,-0.54347,-0.70709,-2.17705]},"62o":{"weight":1.0,"played":[1.0,0.0,0.0,0.0],"evs":[0.0,-0.5936,-0.75016,-2.31094]},"72o":{"weight":1.0,"played":[1.0,0.0,0.0,0.0],"evs":[0.0,-0.62841,-0.77641,-2.41862]},"82o":{"weight":1.0,"played":[1.0,0.0,0.0,0.0],"evs":[0.0,-0.608,-0.73246,-2.25247]},"92o":{"weight":1.0,"played":[1.0,0.0,0.0,0.0],"evs":[0.0,-0.59216,-0.7108,-2.11453]},"T2o":{"weight":1.0,"played":[1.0,0.0,0.0,0.0],"evs":[0.0,-0.57387,-0.69332,-1.9821]},"J2o":{"weight":1.0,"played":[1.0,0.0,0.0,0.0],"evs":[0.0,-0.5312,-0.6179,-1.8039]},"Q2o":{"weight":1.0,"played":[1.0,0.0,0.0,0.0],"evs":[0.0,-0.46564,-0.53497,-1.55772]},"K2o":{"weight":1.0,"played":[1.0,0.0,0.0,0.0],"evs":[0.0,-0.39281,-0.44023,-1.29468]},"A2o":{"weight":1.0,"played":[1.0,0.0,0.0,0.0],"evs":[0.0,-0.24129,-0.26684,-0.78183]},"32s":{"weight":1.0,"played":[1.0,0.0,0.0,0.0],"evs":[0.0,-0.39932,-0.57195,-1.77156]},"33":{"weight":1.0,"played":[1.0,0.0,0.0,0.0],"evs":[0.0,-0.02484,-0.09425,-0.41033]},"43o":{"weight":1.0,"played":[1.0,0.0,0.0,0.0],"evs":[0.0,-0.48416,-0.6632,-2.04055]},"53o":{"weight":1.0,"played":[1.0,0.0,0.0,0.0],"evs":[0.0,-0.44986,-0.62505,-1.9299]},"63o":{"weight":1.0,"played":[1.0,0.0,0.0,0.0],"evs":[0.0,-0.50252,-0.66436,-2.0552]},"73o":{"weight":1.0,"played":[1.0,0.0,0.0,0.0],"evs":[0.0,-0.55367,-0.69638,-2.16473]},"83o":{"weight":1.0,"played":[1.0,0.0,0.0,0.0],"evs":[0.0,-0.59612,-0.73163,-2.23337]},"93o":{"weight":1.0,"played":[1.0,0.0,0.0,0.0],"evs":[0.0,-0.56517,-0.69215,-2.04812]},"T3o":{"weight":1.0,"played":[1.0,0.0,0.0,0.0],"evs":[0.0,-0.54448,-0.6698,-1.90934]},"J3o":{"weight":1.0,"played":[1.0,0.0,0.0,0.0],"evs":[0.0,-0.505,-0.59374,-1.73147]},"Q3o":{"weight":1.0,"played":[1.0,0.0,0.0,0.0],"evs":[0.0,-0.43929,-0.51278,-1.48636]},"K3o":{"weight":1.0,"played":[1.0,0.0,0.0,0.0],"evs":[0.0,-0.36254,-0.41765,-1.21924]},"A3o":{"weight":1.0,"played":[1.0,0.0,0.0,0.0],"evs":[0.0,-0.20119,-0.23303,-0.69852]},"42s":{"weight":1.0,"played":[1.0,0.0,0.0,0.0],"evs":[0.0,-0.36959,-0.53233,-1.68658]},"43s":{"weight":1.0,"played":[1.0,0.0,0.0,0.0],"evs":[0.0,-0.27614,-0.45914,-1.45951]},"44":{"weight":1.0,"played":[2.0E-4,0.9998,0.0,0.0],"evs":[0.0,0.07148,0.02525,-0.19866]},"54o":{"weight":1.0,"played":[1.0,0.0,0.0,0.0],"evs":[0.0,-0.36345,-0.53017,-1.67782]},"64o":{"weight":1.0,"played":[1.0,0.0,0.0,0.0],"evs":[0.0,-0.40142,-0.5569,-1.80035]},"74o":{"weight":1.0,"played":[1.0,0.0,0.0,0.0],"evs":[0.0,-0.45926,-0.59117,-1.90898]},"84o":{"weight":1.0,"played":[1.0,0.0,0.0,0.0],"evs":[0.0,-0.51144,-0.62192,-1.97128]},"94o":{"weight":1.0,"played":[1.0,0.0,0.0,0.0],"evs":[0.0,-0.54639,-0.65967,-2.00748]},"T4o":{"weight":1.0,"played":[1.0,0.0,0.0,0.0],"evs":[0.0,-0.51059,-0.62691,-1.82532]},"J4o":{"weight":1.0,"played":[1.0,0.0,0.0,0.0],"evs":[0.0,-0.46964,-0.55106,-1.64167]},"Q4o":{"weight":1.0,"played":[1.0,0.0,0.0,0.0],"evs":[0.0,-0.40516,-0.46756,-1.39467]},"K4o":{"weight":1.0,"played":[1.0,0.0,0.0,0.0],"evs":[0.0,-0.32883,-0.36945,-1.11794]},"A4o":{"weight":1.0,"played":[1.0,0.0,0.0,0.0],"evs":[0.0,-0.16114,-0.18623,-0.60067]},"52s":{"weight":1.0,"played":[1.0,0.0,0.0,0.0],"evs":[0.0,-0.33648,-0.49985,-1.58861]},"53s":{"weight":1.0,"played":[1.0,0.0,0.0,0.0],"evs":[0.0,-0.24064,-0.42256,-1.35437]},"54s":{"weight":1.0,"played":[1.0,0.0,0.0,0.0],"evs":[0.0,-0.15888,-0.32768,-1.11429]},"55":{"weight":1.0,"played":[0.0,1.0,0.0,0.0],"evs":[0.0,0.18669,0.13222,0.05806]},"65o":{"weight":1.0,"played":[1.0,0.0,0.0,0.0],"evs":[0.0,-0.31445,-0.47199,-1.54349]},"75o":{"weight":1.0,"played":[1.0,0.0,0.0,0.0],"evs":[0.0,-0.36024,-0.49943,-1.65568]},"85o":{"weight":1.0,"played":[1.0,0.0,0.0,0.0],"evs":[0.0,-0.41866,-0.53266,-1.71517]},"95o":{"weight":1.0,"played":[1.0,0.0,0.0,0.0],"evs":[0.0,-0.46725,-0.57228,-1.74871]},"T5o":{"weight":1.0,"played":[1.0,0.0,0.0,0.0],"evs":[0.0,-0.49789,-0.61047,-1.78742]},"J5o":{"weight":1.0,"played":[1.0,0.0,0.0,0.0],"evs":[0.0,-0.44429,-0.52385,-1.55619]},"Q5o":{"weight":1.0,"played":[1.0,0.0,0.0,0.0],"evs":[0.0,-0.37855,-0.43169,-1.30088]},"K5o":{"weight":1.0,"played":[1.0,0.0,0.0,0.0],"evs":[0.0,-0.2978,-0.33441,-1.02777]},"A5o":{"weight":1.0,"played":[1.0,0.0,0.0,0.0],"evs":[0.0,-0.10721,-0.12853,-0.49459]},"62s":{"weight":1.0,"played":[1.0,0.0,0.0,0.0],"evs":[0.0,-0.38239,-0.53592,-1.69398]},"63s":{"weight":1.0,"played":[1.0,0.0,0.0,0.0],"evs":[0.0,-0.29657,-0.45413,-1.472]},"64s":{"weight":1.0,"played":[1.0,0.0,0.0,0.0],"evs":[0.0,-0.20032,-0.35549,-1.23329]},"65s":{"weight":1.0,"played":[1.0,0.0,0.0,0.0],"evs":[0.0,-0.10964,-0.26882,-0.9949]},"66":{"weight":1.0,"played":[0.0,0.9873,0.0059,0.0068],"evs":[0.0,0.3617,0.3326,0.34161]},"76o":{"weight":1.0,"played":[1.0,0.0,0.0,0.0],"evs":[0.0,-0.28407,-0.40833,-1.42725]},"86o":{"weight":1.0,"played":[1.0,0.0,0.0,0.0],"evs":[0.0,-0.32899,-0.43695,-1.47477]},"96o":{"weight":1.0,"played":[1.0,0.0,0.0,0.0],"evs":[0.0,-0.37145,-0.47477,-1.50929]},"T6o":{"weight":1.0,"played":[1.0,0.0,0.0,0.0],"evs":[0.0,-0.4245,-0.51992,-1.54235]},"J6o":{"weight":1.0,"played":[1.0,0.0,0.0,0.0],"evs":[0.0,-0.42206,-0.5043,-1.52218]},"Q6o":{"weight":1.0,"played":[1.0,0.0,0.0,0.0],"evs":[0.0,-0.34206,-0.40008,-1.21848]},"K6o":{"weight":1.0,"played":[1.0,0.0,0.0,0.0],"evs":[0.0,-0.25653,-0.297,-0.94287]},"A6o":{"weight":1.0,"played":[1.0,0.0,0.0,0.0],"evs":[0.0,-0.13419,-0.15933,-0.62716]},"72s":{"weight":1.0,"played":[1.0,0.0,0.0,0.0],"evs":[0.0,-0.42465,-0.56271,-1.81842]},"73s":{"weight":1.0,"played":[1.0,0.0,0.0,0.0],"evs":[0.0,-0.3476,-0.48605,-1.58069]},"74s":{"weight":1.0,"played":[1.0,0.0,0.0,0.0],"evs":[0.0,-0.24502,-0.38392,-1.34223]},"75s":{"weight":1.0,"played":[1.0,0.0,0.0,0.0],"evs":[0.0,-0.15589,-0.2972,-1.09505]},"76s":{"weight":1.0,"played":[1.0,0.0,0.0,0.0],"evs":[0.0,-0.07544,-0.20497,-0.88233]},"77":{"weight":1.0,"played":[0.0,1.0,0.0,0.0],"evs":[0.0,0.68745,0.60955,0.64286]},"87o":{"weight":1.0,"played":[1.0,0.0,0.0,0.0],"evs":[0.0,-0.26613,-0.35109,-1.28344]},"97o":{"weight":1.0,"played":[1.0,0.0,0.0,0.0],"evs":[0.0,-0.29493,-0.37884,-1.30147]},"T7o":{"weight":1.0,"played":[1.0,0.0,0.0,0.0],"evs":[0.0,-0.3412,-0.41389,-1.32563]},"J7o":{"weight":1.0,"played":[1.0,0.0,0.0,0.0],"evs":[0.0,-0.35046,-0.4016,-1.2955]},"Q7o":{"weight":1.0,"played":[1.0,0.0,0.0,0.0],"evs":[0.0,-0.32642,-0.3646,-1.17333]},"K7o":{"weight":1.0,"played":[1.0,0.0,0.0,0.0],"evs":[0.0,-0.23116,-0.24943,-0.86497]},"A7o":{"weight":1.0,"played":[1.0,0.0,0.0,0.0],"evs":[0.0,-0.08493,-0.08598,-0.49535]},"82s":{"weight":1.0,"played":[1.0,0.0,0.0,0.0],"evs":[0.0,-0.39839,-0.51712,-1.65608]},"83s":{"weight":1.0,"played":[1.0,0.0,0.0,0.0],"evs":[0.0,-0.38365,-0.51478,-1.63351]},"84s":{"weight":1.0,"played":[1.0,0.0,0.0,0.0],"evs":[0.0,-0.29739,-0.4162,-1.38835]},"85s":{"weight":1.0,"played":[1.0,0.0,0.0,0.0],"evs":[0.0,-0.20616,-0.32961,-1.15186]},"86s":{"weight":1.0,"played":[1.0,0.0,0.0,0.0],"evs":[0.0,-0.11353,-0.23241,-0.91716]},"87s":{"weight":1.0,"played":[1.0,0.0,0.0,0.0],"evs":[0.0,-0.05753,-0.14999,-0.74686]},"88":{"weight":1.0,"played":[0.0,0.9981,0.0018,0.0],"evs":[0.0,1.08132,0.9619,1.0213]},"98o":{"weight":1.0,"played":[1.0,0.0,0.0,0.0],"evs":[0.0,-0.23796,-0.29659,-1.10319]},"T8o":{"weight":1.0,"played":[1.0,0.0,0.0,0.0],"evs":[0.0,-0.25996,-0.31801,-1.08323]},"J8o":{"weight":1.0,"played":[1.0,0.0,0.0,0.0],"evs":[0.0,-0.27725,-0.30809,-1.06138]},"Q8o":{"weight":1.0,"played":[1.0,0.0,0.0,0.0],"evs":[0.0,-0.25948,-0.27789,-0.95266]},"K8o":{"weight":1.0,