{"equityUnit":"TABLE_EQUITY_PERCENT","conversionFactors":{"toUSD":16.96,"toRegularPrizePercent":0.8870293},"preHandEquity":[33.75863,15.89929,22.9673,27.37478],"bubbleFactors":[[-1.0,0.734,0.922,1.012],[1.191,-1.0,1.082,1.147],[1.562,0.725,-1.0,1.457],[1.583,0.712,0.942,-1.0]]}