{"player":2,"street":0,"children":2,"sequence":[{"player":0,"type":"R","amount":945000,"street":0},{"player":1,"type":"C","amount":945000,"street":0}],"actions":[{"type":"F","amount":0,"node":44},{"type":"C","amount":795000,"node":53}],"hands":{"22":{"weight":1.0,"played":[0.9482,0.0518],"evs":[0.0,-1.47275]},"32o":{"weight":1.0,"played":[0.9998,2.0E-4],"evs":[0.0,-4.62122]},"42o":{"weight":1.0,"played":[1.0,0.0],"evs":[0.0,-3.89242]},"52o":{"weight":1.0,"played":[0.9999,1.0E-4],"evs":[0.0,-4.41712]},"62o":{"weight":1.0,"played":[1.0,0.0],"evs":[0.0,-4.64543]},"72o":{"weight":1.0,"played":[0.9999,1.0E-4],"evs":[0.0,-5.48491]},"82o":{"weight":1.0,"played":[1.0,0.0],"evs":[0.0,-4.95353]},"92o":{"weight":1.0,"played":[0.9991,9.0E-4],"evs":[0.0,-4.6779]},"T2o":{"weight":1.0,"played":[0.9999,1.0E-4],"evs":[0.0,-4.92679]},"J2o":{"weight":1.0,"played":[0.9998,2.0E-4],"evs":[0.0,-4.96039]},"Q2o":{"weight":1.0,"played":[0.9999,1.0E-4],"evs":[0.0,-4.32117]},"K2o":{"weight":1.0,"played":[0.9999,1.0E-4],"evs":[0.0,-4.75322]},"A2o":{"weight":1.0,"played":[0.9998,2.0E-4],"evs":[0.0,-3.92547]},"32s":{"weight":1.0,"played":[0.9914,0.0086],"evs":[0.0,-5.03199]},"33":{"weight":1.0,"played":[0.9879,0.0121],"evs":[0.0,-1.34655]},"43o":{"weight":1.0,"played":[0.998,0.002],"evs":[0.0,-4.26]},"53o":{"weight":1.0,"played":[0.9992,8.0E-4],"evs":[0.0,-3.54646]},"63o":{"weight":1.0,"played":[0.9993,7.0E-4],"evs":[0.0,-3.55073]},"73o":{"weight":1.0,"played":[1.0,0.0],"evs":[0.0,-4.23686]},"83o":{"weight":1.0,"played":[0.9999,1.0E-4],"evs":[0.0,-4.85229]},"93o":{"weight":1.0,"played":[0.9987,0.0013],"evs":[0.0,-4.26706]},"T3o":{"weight":1.0,"played":[1.0,0.0],"evs":[0.0,-4.66347]},"J3o":{"weight":1.0,"played":[0.9992,8.0E-4],"evs":[0.0,-4.79315]},"Q3o":{"weight":1.0,"played":[0.9997,3.0E-4],"evs":[0.0,-4.11655]},"K3o":{"weight":1.0,"played":[0.9931,0.0069],"evs":[0.0,-3.86005]},"A3o":{"weight":1.0,"played":[0.9996,4.0E-4],"evs":[0.0,-4.67511]},"42s":{"weight":1.0,"played":[0.9918,0.0082],"evs":[0.0,-2.44325]},"43s":{"weight":1.0,"played":[0.9997,3.0E-4],"evs":[0.0,-3.70008]},"44":{"weight":1.0,"played":[0.4086,0.5914],"evs":[0.0,-0.69853]},"54o":{"weight":1.0,"played":[0.9997,3.0E-4],"evs":[0.0,-2.99489]},"64o":{"weight":1.0,"played":[0.9999,1.0E-4],"evs":[0.0,-3.47059]},"74o":{"weight":1.0,"played":[0.9999,1.0E-4],"evs":[0.0,-2.89314]},"84o":{"weight":1.0,"played":[0.9999,1.0E-4],"evs":[0.0,-4.06707]},"94o":{"weight":1.0,"played":[1.0,0.0],"evs":[0.0,-4.80841]},"T4o":{"weight":1.0,"played":[0.9998,2.0E-4],"evs":[0.0,-4.95257]},"J4o":{"weight":1.0,"played":[0.9981,0.0019],"evs":[0.0,-3.74542]},"Q4o":{"weight":1.0,"played":[0.9999,1.0E-4],"evs":[0.0,-3.1545]},"K4o":{"weight":1.0,"played":[0.9972,0.0028],"evs":[0.0,-3.49745]},"A4o":{"weight":1.0,"played":[0.9991,9.0E-4],"evs":[0.0,-4.07036]},"52s":{"weight":1.0,"played":[0.9947,0.0053],"evs":[0.0,-2.61086]},"53s":{"weight":1.0,"played":[0.9966,0.0034],"evs":[0.0,-2.55154]},"54s":{"weight":1.0,"played":[0.7714,0.2286],"evs":[0.0,0.20159]},"55":{"weight":1.0,"played":[0.5758,0.4242],"evs":[0.0,0.46472]},"65o":{"weight":1.0,"played":[0.9916,0.0084],"evs":[0.0,-3.05334]},"75o":{"weight":1.0,"played":[0.9971,0.0029],"evs":[0.0,-3.63216]},"85o":{"weight":1.0,"played":[0.9933,0.0067],"evs":[0.0,-3.67109]},"95o":{"weight":1.0,"played":[1.0,0.0],"evs":[0.0,-3.87695]},"T5o":{"weight":1.0,"played":[1.0,0.0],"evs":[0.0,-3.86278]},"J5o":{"weight":1.0,"played":[0.9997,3.0E-4],"evs":[0.0,-4.16526]},"Q5o":{"weight":1.0,"played":[0.9999,1.0E-4],"evs":[0.0,-3.37328]},"K5o":{"weight":1.0,"played":[0.9997,3.0E-4],"evs":[0.0,-3.50786]},"A5o":{"weight":1.0,"played":[0.9925,0.0075],"evs":[0.0,-3.97319]},"62s":{"weight":1.0,"played":[0.9996,4.0E-4],"evs":[0.0,-3.95847]},"63s":{"weight":1.0,"played":[0.9732,0.0268],"evs":[0.0,-2.25814]},"64s":{"weight":1.0,"played":[0.9339,0.0661],"evs":[0.0,-1.02024]},"65s":{"weight":1.0,"played":[0.4263,0.5737],"evs":[0.0,0.54103]},"66":{"weight":1.0,"played":[0.8181,0.1819],"evs":[0.0,-0.63105]},"76o":{"weight":1.0,"played":[0.9938,0.0062],"evs":[0.0,-3.39455]},"86o":{"weight":1.0,"played":[0.9997,3.0E-4],"evs":[0.0,-2.01997]},"96o":{"weight":1.0,"played":[0.9995,5.0E-4],"evs":[0.0,-2.76611]},"T6o":{"weight":1.0,"played":[0.9978,0.0022],"evs":[0.0,-3.39152]},"J6o":{"weight":1.0,"played":[1.0,0.0],"evs":[0.0,-3.0539]},"Q6o":{"weight":1.0,"played":[0.997,0.003],"evs":[0.0,-3.27788]},"K6o":{"weight":1.0,"played":[0.9967,0.0033],"evs":[0.0,-2.63594]},"A6o":{"weight":1.0,"played":[0.9994,6.0E-4],"evs":[0.0,-4.19718]},"72s":{"weight":1.0,"played":[0.9957,0.0043],"evs":[0.0,-3.26537]},"73s":{"weight":1.0,"played":[0.9992,8.0E-4],"evs":[0.0,-2.77614]},"74s":{"weight":1.0,"played":[0.9801,0.0199],"evs":[0.0,-3.31174]},"75s":{"weight":1.0,"played":[0.632,0.368],"evs":[0.0,-0.87743]},"76s":{"weight":1.0,"played":[0.9762,0.0238],"evs":[0.0,-1.14765]},"77":{"weight":1.0,"played":[0.4329,0.5671],"evs":[0.0,0.41186]},"87o":{"weight":1.0,"played":[0.9987,0.0013],"evs":[0.0,-2.37869]},"97o":{"weight":1.0,"played":[0.9997,3.0E-4],"evs":[0.0,-2.78897]},"T7o":{"weight":1.0,"played":[0.9888,0.0112],"evs":[0.0,-2.85441]},"J7o":{"weight":1.0,"played":[0.9978,0.0022],"evs":[0.0,-3.31449]},"Q7o":{"weight":1.0,"played":[0.9994,6.0E-4],"evs":[0.0,-3.45437]},"K7o":{"weight":1.0,"played":[0.9998,2.0E-4],"evs":[0.0,-3.11929]},"A7o":{"weight":1.0,"played":[1.0,0.0],"evs":[0.0,-3.55566]},"82s":{"weight":1.0,"played":[0.9882,0.0118],"evs":[0.0,-2.49864]},"83s":{"weight":1.0,"played":[0.9896,0.0104],"evs":[0.0,-3.87939]},"84s":{"weight":1.0,"played":[0.9996,4.0E-4],"evs":[0.0,-1.50308]},"85s":{"weight":1.0,"played":[0.9211,0.0789],"evs":[0.0,-2.58745]},"86s":{"weight":1.0,"played":[0.9786,0.0214],"evs":[0.0,-1.51845]},"87s":{"weight":1.0,"played":[0.5675,0.4325],"evs":[0.0,0.79432]},"88":{"weight":1.0,"played":[0.0051,0.9949],"evs":[0.0,2.12153]},"98o":{"weight":1.0,"played":[0.9986,0.0014],"evs":[0.0,-1.37034]},"T8o":{"weight":1.0,"played":[0.9995,5.0E-4],"evs":[0.0,-2.66473]},"J8o":{"weight":1.0,"played":[0.9999,1.0E-4],"evs":[0.0,-2.13845]},"Q8o":{"weight":1.0,"played":[0.9999,1.0E-4],"evs":[0.0,-2.68739]},"K8o":{"weight":1.0,"played":[0.9882,0.0118],"evs":[0.0,-2.6048]},"A8o":{"weight":1.0,"played":[0.9989,0.0011],"evs":[0.0,-2.62416]},"92s":{"weight":1.0,"played":[0.9631,0.0369],"evs":[0.0,-2.16673]},"93s":{"weight":1.0,"played":[1.0,0.0],"evs":[0.0,-3.59875]},"94s":{"weight":1.0,"played":[0.9712,0.0288],"evs":[0.0,-2.96034]},"95s":{"weight":1.0,"played":[0.9974,0.0026],"evs":[0.0,-2.2954]},"96s":{"weight":1.0,"played":[0.9993,7.0E-4],"evs":[0.0,-0.90954]},"97s":{"weight":1.0,"played":[0.6227,0.3773],"evs":[0.0,-0.31436]},"98s":{"weight":1.0,"played":[0.622,0.378],"evs":[0.0,-0.75429]},"99":{"weight":1.0,"played":[0.0082,0.9918],"evs":[0.0,3.74869]},"T9o":{"weight":1.0,"played":[0.9786,0.0214],"evs":[0.0,-2.66475]},"J9o":{"weight":1.0,"played":[0.9998,2.0E-4],"evs":[0.0,-1.79494]},"Q9o":{"weight":1.0,"played":[0.9999,1.0E-4],"evs":[0.0,-2.82011]},"K9o":{"weight":1.0,"played":[0.9951,0.0049],"evs":[0.0,-2.36309]},"A9o":{"weight":1.0,"played":[0.9343,0.0657],"evs":[0.0,-1.74144]},"T2s":{"weight":1.0,"played":[0.9835,0.0165],"evs":[0.0,-2.95137]},"T3s":{"weight":1.0,"played":[0.9768,0.0232],"evs":[0.0,-3.21823]},"T4s":{"weight":1.0,"played":[0.9981,0.0019],"evs":[0.0,-1.16771]},"T5s":{"weight":1.0,"played":[0.9751,0.0249],"evs":[0.0,-1.72169]},"T6s":{"weight":1.0,"played":[0.982,0.018],"evs":[0.0,-2.74305]},"T7s":{"weight":1.0,"played":[0.965,0.035],"evs":[0.0,-3.14301]},"T8s":{"weight":1.0,"played":[0.8082,0.1918],"evs":[0.0,-2.01587]},"T9s":{"weight":1.0,"played":[0.6568,0.3432],"evs":[0.0,0.04063]},"TT":{"weight":1.0,"played":[0.0,1.0],"evs":[0.0,4.28374]},"JTo":{"weight":1.0,"played":[0.9955,0.0045],"evs":[0.0,-0.47645]},"QTo":{"weight":1.0,"played":[0.9521,0.0479],"evs":[0.0,-1.65172]},"KTo":{"weight":1.0,"played":[0.9486,0.0514],"evs":[0.0,-0.03075]},"ATo":{"weight":1.0,"played":[0.7106,0.2894],"evs":[0.0,-0.77394]},"J2s":{"weight":1.0,