{"player":1,"street":0,"children":3,"sequence":[{"player":0,"type":"R","amount":200000,"street":0}],"actions":[{"type":"F","amount":0,"node":34},{"type":"C","amount":200000,"node":162},{"type":"R","amount":2195000,"node":391}],"hands":{"22":{"weight":1.0,"played":[0.0167,0.6603,0.323],"evs":[0.0,0.03276,0.0357]},"32o":{"weight":1.0,"played":[1.0,0.0,0.0],"evs":[0.0,-0.88979,-2.76322]},"42o":{"weight":1.0,"played":[1.0,0.0,0.0],"evs":[0.0,-0.84568,-2.65491]},"52o":{"weight":1.0,"played":[1.0,0.0,0.0],"evs":[0.0,-0.80693,-2.42823]},"62o":{"weight":1.0,"played":[1.0,0.0,0.0],"evs":[0.0,-0.90739,-2.66811]},"72o":{"weight":1.0,"played":[1.0,0.0,0.0],"evs":[0.0,-0.99346,-2.87713]},"82o":{"weight":1.0,"played":[1.0,0.0,0.0],"evs":[0.0,-0.96975,-2.72405]},"92o":{"weight":1.0,"played":[1.0,0.0,0.0],"evs":[0.0,-0.93863,-2.55194]},"T2o":{"weight":1.0,"played":[1.0,0.0,0.0],"evs":[0.0,-0.92787,-2.48267]},"J2o":{"weight":1.0,"played":[1.0,0.0,0.0],"evs":[0.0,-0.89899,-2.2927]},"Q2o":{"weight":1.0,"played":[1.0,0.0,0.0],"evs":[0.0,-0.84607,-2.0768]},"K2o":{"weight":1.0,"played":[1.0,0.0,0.0],"evs":[0.0,-0.74397,-1.71356]},"A2o":{"weight":1.0,"played":[1.0,0.0,0.0],"evs":[0.0,-0.58654,-1.0327]},"32s":{"weight":1.0,"played":[1.0,0.0,0.0],"evs":[0.0,-0.56442,-1.76965]},"33":{"weight":1.0,"played":[1.0E-4,0.056,0.9439],"evs":[0.0,0.16649,0.19936]},"43o":{"weight":1.0,"played":[1.0,0.0,0.0],"evs":[0.0,-0.72125,-2.27053]},"53o":{"weight":1.0,"played":[1.0,0.0,0.0],"evs":[0.0,-0.67842,-2.04736]},"63o":{"weight":1.0,"played":[1.0,0.0,0.0],"evs":[0.0,-0.79144,-2.28359]},"73o":{"weight":1.0,"played":[1.0,0.0,0.0],"evs":[0.0,-0.88806,-2.48614]},"83o":{"weight":1.0,"played":[1.0,0.0,0.0],"evs":[0.0,-0.96304,-2.71187]},"93o":{"weight":1.0,"played":[1.0,0.0,0.0],"evs":[0.0,-0.90835,-2.44142]},"T3o":{"weight":1.0,"played":[1.0,0.0,0.0],"evs":[0.0,-0.8951,-2.38612]},"J3o":{"weight":1.0,"played":[1.0,0.0,0.0],"evs":[0.0,-0.87207,-2.19949]},"Q3o":{"weight":1.0,"played":[1.0,0.0,0.0],"evs":[0.0,-0.81829,-1.99087]},"K3o":{"weight":1.0,"played":[1.0,0.0,0.0],"evs":[0.0,-0.70736,-1.60791]},"A3o":{"weight":1.0,"played":[1.0,0.0,0.0],"evs":[0.0,-0.52137,-0.92953]},"42s":{"weight":1.0,"played":[1.0,0.0,0.0],"evs":[0.0,-0.5027,-1.65604]},"43s":{"weight":1.0,"played":[1.0,0.0,0.0],"evs":[0.0,-0.34981,-1.28014]},"44":{"weight":1.0,"played":[0.0,0.9977,0.0023],"evs":[0.0,0.33474,0.31909]},"54o":{"weight":1.0,"played":[1.0,0.0,0.0],"evs":[0.0,-0.55384,-1.67691]},"64o":{"weight":1.0,"played":[1.0,0.0,0.0],"evs":[0.0,-0.64741,-1.89696]},"74o":{"weight":1.0,"played":[1.0,0.0,0.0],"evs":[0.0,-0.76693,-2.11021]},"84o":{"weight":1.0,"played":[1.0,0.0,0.0],"evs":[0.0,-0.85739,-2.32305]},"94o":{"weight":1.0,"played":[1.0,0.0,0.0],"evs":[0.0,-0.88141,-2.41515]},"T4o":{"weight":1.0,"played":[1.0,0.0,0.0],"evs":[0.0,-0.8593,-2.28514]},"J4o":{"weight":1.0,"played":[1.0,0.0,0.0],"evs":[0.0,-0.83605,-2.08101]},"Q4o":{"weight":1.0,"played":[1.0,0.0,0.0],"evs":[0.0,-0.77219,-1.8692]},"K4o":{"weight":1.0,"played":[1.0,0.0,0.0],"evs":[0.0,-0.66449,-1.52768]},"A4o":{"weight":1.0,"played":[1.0,0.0,0.0],"evs":[0.0,-0.46399,-0.84718]},"52s":{"weight":1.0,"played":[1.0,0.0,0.0],"evs":[0.0,-0.46813,-1.47232]},"53s":{"weight":1.0,"played":[1.0,0.0,0.0],"evs":[0.0,-0.28436,-1.07766]},"54s":{"weight":1.0,"played":[0.999,0.001,0.0],"evs":[0.0,-0.08163,-0.72821]},"55":{"weight":1.0,"played":[0.0,1.0,0.0],"evs":[0.0,0.74195,0.66355]},"65o":{"weight":1.0,"played":[1.0,0.0,0.0],"evs":[0.0,-0.49344,-1.44344]},"75o":{"weight":1.0,"played":[1.0,0.0,0.0],"evs":[0.0,-0.6037,-1.65251]},"85o":{"weight":1.0,"played":[1.0,0.0,0.0],"evs":[0.0,-0.70952,-1.86903]},"95o":{"weight":1.0,"played":[1.0,0.0,0.0],"evs":[0.0,-0.74681,-1.96798]},"T5o":{"weight":1.0,"played":[1.0,0.0,0.0],"evs":[0.0,-0.81263,-2.1786]},"J5o":{"weight":1.0,"played":[1.0,0.0,0.0],"evs":[0.0,-0.78617,-1.91041]},"Q5o":{"weight":1.0,"played":[1.0,0.0,0.0],"evs":[0.0,-0.72892,-1.70862]},"K5o":{"weight":1.0,"played":[1.0,0.0,0.0],"evs":[0.0,-0.60728,-1.32707]},"A5o":{"weight":1.0,"played":[1.0,0.0,0.0],"evs":[0.0,-0.36573,-0.66441]},"62s":{"weight":1.0,"played":[1.0,0.0,0.0],"evs":[0.0,-0.58807,-1.69252]},"63s":{"weight":1.0,"played":[1.0,0.0,0.0],"evs":[0.0,-0.41897,-1.29817]},"64s":{"weight":1.0,"played":[1.0,0.0,0.0],"evs":[0.0,-0.21322,-0.94004]},"65s":{"weight":1.0,"played":[0.3134,0.6866,0.0],"evs":[0.0,0.00817,-0.53508]},"66":{"weight":1.0,"played":[0.0,0.9442,0.0558],"evs":[0.0,1.20987,1.19605]},"76o":{"weight":1.0,"played":[1.0,0.0,0.0],"evs":[0.0,-0.47506,-1.26035]},"86o":{"weight":1.0,"played":[1.0,0.0,0.0],"evs":[0.0,-0.56683,-1.44239]},"96o":{"weight":1.0,"played":[1.0,0.0,0.0],"evs":[0.0,-0.60799,-1.53171]},"T6o":{"weight":1.0,"played":[1.0,0.0,0.0],"evs":[0.0,-0.7117,-1.75527]},"J6o":{"weight":1.0,"played":[1.0,0.0,0.0],"evs":[0.0,-0.77339,-1.83143]},"Q6o":{"weight":1.0,"played":[1.0,0.0,0.0],"evs":[0.0,-0.70409,-1.57002]},"K6o":{"weight":1.0,"played":[1.0,0.0,0.0],"evs":[0.0,-0.57336,-1.20078]},"A6o":{"weight":1.0,"played":[1.0,0.0,0.0],"evs":[0.0,-0.44501,-0.87625]},"72s":{"weight":1.0,"played":[1.0,0.0,0.0],"evs":[0.0,-0.66402,-1.89404]},"73s":{"weight":1.0,"played":[1.0,0.0,0.0],"evs":[0.0,-0.54395,-1.48417]},"74s":{"weight":1.0,"played":[1.0,0.0,0.0],"evs":[0.0,-0.35046,-1.1272]},"75s":{"weight":1.0,"played":[1.0,0.0,0.0],"evs":[0.0,-0.16886,-0.71945]},"76s":{"weight":1.0,"played":[8.0E-4,0.9992,0.0],"evs":[0.0,0.01916,-0.38448]},"77":{"weight":1.0,"played":[0.0,2.0E-4,0.9998],"evs":[0.0,1.7679,1.81792]},"87o":{"weight":1.0,"played":[1.0,0.0,0.0],"evs":[0.0,-0.47923,-1.10315]},"97o":{"weight":1.0,"played":[1.0,0.0,0.0],"evs":[0.0,-0.49311,-1.19568]},"T7o":{"weight":1.0,"played":[1.0,0.0,0.0],"evs":[0.0,-0.59694,-1.38324]},"J7o":{"weight":1.0,"played":[1.0,0.0,0.0],"evs":[0.0,-0.66737,-1.46345]},"Q7o":{"weight":1.0,"played":[1.0,0.0,0.0],"evs":[0.0,-0.68439,-1.52215]},"K7o":{"weight":1.0,"played":[1.0,0.0,0.0],"evs":[0.0,-0.564,-1.09082]},"A7o":{"weight":1.0,"played":[1.0,0.0,0.0],"evs":[0.0,-0.37568,-0.70253]},"82s":{"weight":1.0,"played":[1.0,0.0,0.0],"evs":[0.0,-0.61432,-1.72372]},"83s":{"weight":1.0,"played":[1.0,0.0,0.0],"evs":[0.0,-0.62273,-1.70518]},"84s":{"weight":1.0,"played":[1.0,0.0,0.0],"evs":[0.0,-0.49176,-1.33198]},"85s":{"weight":1.0,"played":[1.0,0.0,0.0],"evs":[0.0,-0.27596,-0.8747]},"86s":{"weight":1.0,"played":[0.9991,9.0E-4,0.0],"evs":[0.0,-0.09192,-0.50794]},"87s":{"weight":1.0,"played":[0.001,0.999,0.0],"evs":[0.0,0.05818,-0.16691]},"88":{"weight":1.0,"played":[0.0,0.0,1.0],"evs":[0.0,2.43263,2.6405]},"98o":{"weight":1.0,"played":[1.0,0.0,0.0],"evs":[0.0,-0.42405,-0.89726]},"T8o":{"weight":1.0,"played":[1.0,0.0,0.0],"evs":[0.0,-0.47216,-1.01322]},"J8o":{"weight":1.0,"played":[1.0,0.0,0.0],"evs":[0.0,-0.55168,-1.10644]},"Q8o":{"weight":1.0,"played":[1.0,0.0,0.0],"evs":[0.0,-0.59578,-1.18271]},"K8o":{"weight":1.0,"played":[1.0,0.0,0.0],"evs":[0.0,-0.53968,-1.06158]},"A8o":{"weight":1.0,"played":[1.0,0.0,0.0],"evs":[0.0,-0.26281,-0.58337]},"92s":{"weight":1.0,"played":[1.0,0.0,0.0],"evs":[0.0,-0.5936,-1.50079]},"93s":{"weight":1.0,"played":[1.0,0.0,0.0],"evs":[0.0,-0.55992,-1.41772]},"94s":{"weight":1.0,"played":[1.0,0.0,0.0],"evs":[0.0,-0.52376,-1.39762]},"95s":{"weight":1.0,"played":[1.0,0.0,0.0],"evs":[0.0,-0.34699,-0.98478]},"96s":{"weight":1.0,"played":[1.0,0.0,0.0],"evs":[0.0,-0.16579,-0.60446]},"97s":{"weight":1.0,"played":[0.9985,0.0015,0.0],"evs":[0.0,-0.01828,-0.27471]},"98s":{"weight":1.0,"played":[1.0E-4,0.9998,0.0],"evs":[0.0,0.11285,0.00445]},"99":{"weight":1.0,"played":[0.0,1.0E-4,0.9999],"evs":[0.0,3.13601,3.54967]},"T9o":{"weight":1.0,"played":[1.0,0.0,0.0],"evs":[0.0,-0.26714,-0.58586]},"J9o":{"weight":1.0,"played":[1.0,0.0,0.0],"evs":[0.0,-0.33279,-0.69695]},"Q9o":{"weight":1.0,"played":[1.0,0.0,0.0],"evs":[0.0,-0.38882,-0.77449]},"K9o":{"weight":1.0,"played":[1.0,0.0,0.0],"evs":[0.0,-0.35388,-0.66129]},"A9o":{"weight":1.0,"played":[0.9984,0.0016,0.0],"evs":[0.0,-0.06396,-0.30291]},"T2s":{"weight":1.0,