{"player":2,"street":0,"children":3,"sequence":[{"player":0,"type":"R","amount":28750000,"street":0},{"player":1,"type":"C","amount":26250000,"street":0}],"actions":[{"type":"F","amount":0},{"type":"C","amount":23750000},{"type":"R","amount":35250000,"node":8}],"hands":{"22":{"weight":1.0,"played":[0.1742,0.0104,0.8154],"evs":[0.0,0.1357,0.16489]},"32o":{"weight":1.0,"played":[1.0,0.0,0.0],"evs":[0.0,-2.40365,-2.49316]},"42o":{"weight":1.0,"played":[1.0,0.0,0.0],"evs":[0.0,-2.31379,-2.38109]},"52o":{"weight":1.0,"played":[1.0,0.0,0.0],"evs":[0.0,-2.14826,-2.23108]},"62o":{"weight":1.0,"played":[1.0,0.0,0.0],"evs":[0.0,-2.37687,-2.45412]},"72o":{"weight":1.0,"played":[1.0,0.0,0.0],"evs":[0.0,-2.54585,-2.57552]},"82o":{"weight":1.0,"played":[1.0,0.0,0.0],"evs":[0.0,-2.36402,-2.40631]},"92o":{"weight":1.0,"played":[1.0,0.0,0.0],"evs":[0.0,-2.52574,-2.56968]},"T2o":{"weight":1.0,"played":[1.0,0.0,0.0],"evs":[0.0,-2.3634,-2.3764]},"J2o":{"weight":1.0,"played":[1.0,0.0,0.0],"evs":[0.0,-2.19817,-2.19984]},"Q2o":{"weight":1.0,"played":[1.0,0.0,0.0],"evs":[0.0,-2.08826,-2.0922]},"K2o":{"weight":1.0,"played":[1.0,0.0,0.0],"evs":[0.0,-2.21159,-2.20956]},"A2o":{"weight":1.0,"played":[1.0,0.0,0.0],"evs":[0.0,-1.43474,-1.42726]},"32s":{"weight":1.0,"played":[0.9999,0.0,0.0],"evs":[0.0,-1.4379,-1.4898]},"33":{"weight":1.0,"played":[0.0039,0.0436,0.9525],"evs":[0.0,0.62615,0.64445]},"43o":{"weight":1.0,"played":[1.0,0.0,0.0],"evs":[0.0,-1.86936,-1.91589]},"53o":{"weight":1.0,"played":[1.0,0.0,0.0],"evs":[0.0,-1.68195,-1.72528]},"63o":{"weight":1.0,"played":[1.0,0.0,0.0],"evs":[0.0,-1.80988,-1.84922]},"73o":{"weight":1.0,"played":[1.0,0.0,0.0],"evs":[0.0,-2.02255,-2.06183]},"83o":{"weight":1.0,"played":[1.0,0.0,0.0],"evs":[0.0,-2.21798,-2.26589]},"93o":{"weight":1.0,"played":[1.0,0.0,0.0],"evs":[0.0,-2.26512,-2.31374]},"T3o":{"weight":1.0,"played":[1.0,0.0,0.0],"evs":[0.0,-2.18452,-2.20343]},"J3o":{"weight":1.0,"played":[1.0,0.0,0.0],"evs":[0.0,-2.08936,-2.0941]},"Q3o":{"weight":1.0,"played":[1.0,0.0,0.0],"evs":[0.0,-1.88966,-1.88651]},"K3o":{"weight":1.0,"played":[1.0,0.0,0.0],"evs":[0.0,-2.02131,-2.0096]},"A3o":{"weight":1.0,"played":[0.9999,0.0,1.0E-4],"evs":[0.0,-1.19465,-1.19084]},"42s":{"weight":1.0,"played":[1.0,0.0,0.0],"evs":[0.0,-1.19943,-1.21679]},"43s":{"weight":1.0,"played":[0.9999,0.0,1.0E-4],"evs":[0.0,-0.7281,-0.75357]},"44":{"weight":1.0,"played":[0.0,0.0026,0.9974],"evs":[0.0,1.16009,1.17636]},"54o":{"weight":1.0,"played":[0.9999,0.0,1.0E-4],"evs":[0.0,-1.14318,-1.17834]},"64o":{"weight":1.0,"played":[1.0,0.0,0.0],"evs":[0.0,-1.23249,-1.26867]},"74o":{"weight":1.0,"played":[1.0,0.0,0.0],"evs":[0.0,-1.58496,-1.60406]},"84o":{"weight":1.0,"played":[1.0,0.0,0.0],"evs":[0.0,-1.80789,-1.81673]},"94o":{"weight":1.0,"played":[1.0,0.0,0.0],"evs":[0.0,-2.26181,-2.29589]},"T4o":{"weight":1.0,"played":[1.0,0.0,0.0],"evs":[0.0,-2.05443,-2.0713]},"J4o":{"weight":1.0,"played":[1.0,0.0,0.0],"evs":[0.0,-1.73263,-1.74528]},"Q4o":{"weight":1.0,"played":[1.0,0.0,0.0],"evs":[0.0,-1.79965,-1.81132]},"K4o":{"weight":1.0,"played":[1.0,0.0,0.0],"evs":[0.0,-1.80949,-1.81189]},"A4o":{"weight":1.0,"played":[0.9978,0.001,0.0011],"evs":[0.0,-0.93691,-0.93284]},"52s":{"weight":1.0,"played":[0.9997,1.0E-4,1.0E-4],"evs":[0.0,-1.09999,-1.13613]},"53s":{"weight":1.0,"played":[1.0,0.0,0.0],"evs":[0.0,-0.83013,-0.86226]},"54s":{"weight":1.0,"played":[0.9429,0.029,0.028],"evs":[0.0,-0.35615,-0.37371]},"55":{"weight":1.0,"played":[0.0,0.0038,0.9962],"evs":[0.0,2.01403,2.01961]},"65o":{"weight":1.0,"played":[1.0,0.0,0.0],"evs":[0.0,-0.80873,-0.82047]},"75o":{"weight":1.0,"played":[1.0,0.0,0.0],"evs":[0.0,-1.07292,-1.07814]},"85o":{"weight":1.0,"played":[1.0,0.0,0.0],"evs":[0.0,-1.33919,-1.35181]},"95o":{"weight":1.0,"played":[1.0,0.0,0.0],"evs":[0.0,-1.70987,-1.7365]},"T5o":{"weight":1.0,"played":[1.0,0.0,0.0],"evs":[0.0,-1.93813,-1.95181]},"J5o":{"weight":1.0,"played":[1.0,0.0,0.0],"evs":[0.0,-1.74596,-1.76187]},"Q5o":{"weight":1.0,"played":[1.0,0.0,0.0],"evs":[0.0,-1.57261,-1.57833]},"K5o":{"weight":1.0,"played":[1.0,0.0,0.0],"evs":[0.0,-1.64992,-1.63843]},"A5o":{"weight":1.0,"played":[0.9994,0.0,5.0E-4],"evs":[0.0,-0.58944,-0.58514]},"62s":{"weight":1.0,"played":[1.0,0.0,0.0],"evs":[0.0,-1.44045,-1.47799]},"63s":{"weight":1.0,"played":[1.0,0.0,0.0],"evs":[0.0,-0.88913,-0.90725]},"64s":{"weight":1.0,"played":[0.9947,0.0018,0.0035],"evs":[0.0,-0.60768,-0.64077]},"65s":{"weight":1.0,"played":[0.6984,0.1821,0.1195],"evs":[0.0,0.00254,-0.01887]},"66":{"weight":1.0,"played":[0.0,0.0,1.0],"evs":[0.0,2.29933,2.30873]},"76o":{"weight":1.0,"played":[1.0,0.0,0.0],"evs":[0.0,-0.72943,-0.74871]},"86o":{"weight":1.0,"played":[1.0,0.0,0.0],"evs":[0.0,-0.83627,-0.82884]},"96o":{"weight":1.0,"played":[1.0,0.0,0.0],"evs":[0.0,-1.22262,-1.26287]},"T6o":{"weight":1.0,"played":[1.0,0.0,0.0],"evs":[0.0,-1.30603,-1.30504]},"J6o":{"weight":1.0,"played":[1.0,0.0,0.0],"evs":[0.0,-1.51126,-1.51665]},"Q6o":{"weight":1.0,"played":[1.0,0.0,0.0],"evs":[0.0,-1.36737,-1.37334]},"K6o":{"weight":1.0,"played":[1.0,0.0,0.0],"evs":[0.0,-1.3117,-1.31586]},"A6o":{"weight":1.0,"played":[0.9986,7.0E-4,7.0E-4],"evs":[0.0,-0.7414,-0.73479]},"72s":{"weight":1.0,"played":[0.9999,0.0,0.0],"evs":[0.0,-1.49876,-1.5392]},"73s":{"weight":1.0,"played":[1.0,0.0,0.0],"evs":[0.0,-1.16425,-1.19089]},"74s":{"weight":1.0,"played":[0.9924,0.0038,0.0038],"evs":[0.0,-0.46199,-0.47859]},"75s":{"weight":1.0,"played":[0.924,0.0297,0.0464],"evs":[0.0,0.00462,0.01086]},"76s":{"weight":1.0,"played":[0.1046,0.2909,0.6045],"evs":[0.0,0.10595,0.09198]},"77":{"weight":1.0,"played":[0.0,0.0042,0.9958],"evs":[0.0,3.02215,3.02729]},"87o":{"weight":1.0,"played":[0.9977,9.0E-4,0.0014],"evs":[0.0,-0.49413,-0.49853]},"97o":{"weight":1.0,"played":[1.0,0.0,0.0],"evs":[0.0,-0.69528,-0.70154]},"T7o":{"weight":1.0,"played":[1.0,0.0,0.0],"evs":[0.0,-0.93849,-0.93539]},"J7o":{"weight":1.0,"played":[1.0,0.0,0.0],"evs":[0.0,-1.10276,-1.11144]},"Q7o":{"weight":1.0,"played":[1.0,0.0,0.0],"evs":[0.0,-1.233,-1.23233]},"K7o":{"weight":1.0,"played":[1.0,0.0,0.0],"evs":[0.0,-1.24051,-1.23334]},"A7o":{"weight":1.0,"played":[0.6061,0.2027,0.1911],"evs":[0.0,-0.41647,-0.41727]},"82s":{"weight":1.0,"played":[1.0,0.0,0.0],"evs":[0.0,-1.5643,-1.58407]},"83s":{"weight":1.0,"played":[0.9999,0.0,1.0E-4],"evs":[0.0,-1.26214,-1.24767]},"84s":{"weight":1.0,"played":[0.9997,3.0E-4,0.0],"evs":[0.0,-0.90428,-0.91077]},"85s":{"weight":1.0,"played":[0.9952,0.0027,0.0021],"evs":[0.0,-0.39247,-0.37835]},"86s":{"weight":1.0,"played":[0.0866,0.4153,0.4981],"evs":[0.0,0.2617,0.25665]},"87s":{"weight":1.0,"played":[8.0E-4,0.5741,0.4251],"evs":[0.0,0.45059,0.45427]},"88":{"weight":1.0,"played":[0.0,1.0E-4,0.9999],"evs":[0.0,3.50062,3.5069]},"98o":{"weight":1.0,"played":[1.0,0.0,0.0],"evs":[0.0,-0.54317,-0.55229]},"T8o":{"weight":1.0,"played":[1.0,0.0,0.0],"evs":[0.0,-0.602,-0.59683]},"J8o":{"weight":1.0,"played":[0.9999,0.0,1.0E-4],"evs":[0.0,-0.71335,-0.70658]},"Q8o":{"weight":1.0,"played":[1.0,0.0,0.0],"evs":[0.0,-0.86869,-0.86612]},"K8o":{"weight":1.0,"played":[1.0,0.0,0.0],"evs":[0.0,-1.11534,-1.11132]},"A8o":{"weight":1.0,"played":[0.0157,0.0,0.9843],"evs":[0.0,-0.03756,-0.03207]},"92s":{"weight":1.0,"played":[1.0,0.0,0.0],"evs":[0.0,-1.24504,-1.29478]},"93s":{"weight":1.0,"played":[0.9997,1.0E-4,2.0E-4],"evs":[0.0,-1.27358,-1.28803]},"94s":{"weight":1.0,"played":[0.9999,0.0,1.0E-4],"evs":[0.0,-1.09465,-1.14412]},"95s":{"weight":1.0,"played":[0.9998,1.0E-4,1.0E-4],"evs":[0.0,-0.72759,-0.77335]},"96s":{"weight":1.0,"played":[0.8573,0.0565,0.0862],"evs":[0.0,-0.23879,-0.22103]},"97s":{"weight":1.0,"played":[0.1272,0.5257,0.3471],"evs":[0.0,0.29794,0.2783]},"98s":{"weight":1.0,"played":[4.0E-4,0.5425,0.4572],"evs":[0.0,0.41141,0.41435]},"99":{"weight":1.0,"played":[0.0,0.0,1.0],"evs":[0.0,4.3313,4.33941]},"T9o":{"weight":1.0,"played":[0.9937,0.003,0.0033],"evs":[0.0,-0.34988,-0.34776]},"J9o":{"weight":1.0,"played":[1.0,0.0,0.0],"evs":[0.0,-0.42626,-0.42545]},"Q9o":{"weight":1.0,