{"equityUnit":"TABLE_EQUITY_PERCENT","conversionFactors":{"toUSD":2.36973,"toRegularPrizePercent":0.063463576},"preHandEquity":[1.56825,3.13212,23.09858,22.07121,22.32288,27.80695],"bubbleFactors":[[-1.0,1.003,1.003,1.003,1.003,1.003],[0.331,-1.0,1.006,1.006,1.006,1.006],[0.325,0.492,-1.0,0.905,0.906,1.04],[0.325,0.492,1.038,-1.0,1.038,1.038],[0.325,0.492,1.038,0.905,-1.0,1.038],[0.323,0.49,0.857,0.903,0.905,-1.0]]}