{"equityUnit":"TABLE_EQUITY_PERCENT","conversionFactors":{"toUSD":16.96,"toRegularPrizePercent":0.8870293},"preHandEquity":[29.08345,32.25489,15.13457,23.5271],"bubbleFactors":[[-1.0,1.553,0.65,0.932],[1.097,-1.0,0.662,0.925],[1.122,1.139,-1.0,1.062],[1.508,1.561,0.659,-1.0]]}