{"player":2,"street":0,"children":3,"sequence":[{"player":0,"type":"F","amount":0,"street":0},{"player":1,"type":"R","amount":1230000,"street":0}],"actions":[{"type":"F","amount":0,"node":24},{"type":"C","amount":1230000},{"type":"R","amount":3870000,"node":47}],"hands":{"22":{"weight":1.0,"played":[1.0,0.0,0.0],"evs":[0.0,-0.38169,-0.34039]},"32o":{"weight":1.0,"played":[1.0,0.0,0.0],"evs":[0.0,-1.92292,-3.00845]},"42o":{"weight":1.0,"played":[1.0,0.0,0.0],"evs":[0.0,-1.87828,-2.89696]},"52o":{"weight":1.0,"played":[1.0,0.0,0.0],"evs":[0.0,-1.84487,-2.80226]},"62o":{"weight":1.0,"played":[1.0,0.0,0.0],"evs":[0.0,-1.9306,-2.99564]},"72o":{"weight":1.0,"played":[1.0,0.0,0.0],"evs":[0.0,-1.99268,-3.16883]},"82o":{"weight":1.0,"played":[1.0,0.0,0.0],"evs":[0.0,-1.92852,-3.00803]},"92o":{"weight":1.0,"played":[1.0,0.0,0.0],"evs":[0.0,-1.88485,-2.91161]},"T2o":{"weight":1.0,"played":[1.0,0.0,0.0],"evs":[0.0,-1.76956,-2.73319]},"J2o":{"weight":1.0,"played":[1.0,0.0,0.0],"evs":[0.0,-1.66423,-2.52107]},"Q2o":{"weight":1.0,"played":[1.0,0.0,0.0],"evs":[0.0,-1.51272,-2.22019]},"K2o":{"weight":1.0,"played":[1.0,0.0,0.0],"evs":[0.0,-1.20238,-1.73139]},"A2o":{"weight":1.0,"played":[1.0,0.0,0.0],"evs":[0.0,-0.37784,-0.50241]},"32s":{"weight":1.0,"played":[1.0,0.0,0.0],"evs":[0.0,-1.64039,-2.24475]},"33":{"weight":1.0,"played":[0.9999,0.0,1.0E-4],"evs":[0.0,-0.0709,-0.03245]},"43o":{"weight":1.0,"played":[1.0,0.0,0.0],"evs":[0.0,-1.74196,-2.57081]},"53o":{"weight":1.0,"played":[1.0,0.0,0.0],"evs":[0.0,-1.70584,-2.47663]},"63o":{"weight":1.0,"played":[1.0,0.0,0.0],"evs":[0.0,-1.78504,-2.66499]},"73o":{"weight":1.0,"played":[1.0,0.0,0.0],"evs":[0.0,-1.85032,-2.83099]},"83o":{"weight":1.0,"played":[1.0,0.0,0.0],"evs":[0.0,-1.896,-2.9553]},"93o":{"weight":1.0,"played":[1.0,0.0,0.0],"evs":[0.0,-1.83349,-2.80165]},"T3o":{"weight":1.0,"played":[1.0,0.0,0.0],"evs":[0.0,-1.71749,-2.62582]},"J3o":{"weight":1.0,"played":[1.0,0.0,0.0],"evs":[0.0,-1.60853,-2.41928]},"Q3o":{"weight":1.0,"played":[1.0,0.0,0.0],"evs":[0.0,-1.4554,-2.11467]},"K3o":{"weight":1.0,"played":[1.0,0.0,0.0],"evs":[0.0,-1.1448,-1.63336]},"A3o":{"weight":1.0,"played":[1.0,0.0,0.0],"evs":[0.0,-0.29648,-0.39039]},"42s":{"weight":1.0,"played":[1.0,0.0,0.0],"evs":[0.0,-1.57919,-2.11725]},"43s":{"weight":1.0,"played":[1.0,0.0,0.0],"evs":[0.0,-1.41496,-1.82701]},"44":{"weight":1.0,"played":[0.0,1.0E-4,0.9999],"evs":[0.0,0.24201,0.27528]},"54o":{"weight":1.0,"played":[1.0,0.0,0.0],"evs":[0.0,-1.56979,-2.15733]},"64o":{"weight":1.0,"played":[1.0,0.0,0.0],"evs":[0.0,-1.64383,-2.34442]},"74o":{"weight":1.0,"played":[1.0,0.0,0.0],"evs":[0.0,-1.71276,-2.51665]},"84o":{"weight":1.0,"played":[1.0,0.0,0.0],"evs":[0.0,-1.76086,-2.63437]},"94o":{"weight":1.0,"played":[1.0,0.0,0.0],"evs":[0.0,-1.81004,-2.76835]},"T4o":{"weight":1.0,"played":[1.0,0.0,0.0],"evs":[0.0,-1.66748,-2.52599]},"J4o":{"weight":1.0,"played":[1.0,0.0,0.0],"evs":[0.0,-1.55853,-2.32047]},"Q4o":{"weight":1.0,"played":[1.0,0.0,0.0],"evs":[0.0,-1.3997,-2.0139]},"K4o":{"weight":1.0,"played":[1.0,0.0,0.0],"evs":[0.0,-1.08643,-1.52684]},"A4o":{"weight":1.0,"played":[1.0,0.0,0.0],"evs":[0.0,-0.24282,-0.26935]},"52s":{"weight":1.0,"played":[1.0,0.0,0.0],"evs":[0.0,-1.54029,-2.03901]},"53s":{"weight":1.0,"played":[1.0,0.0,0.0],"evs":[0.0,-1.38256,-1.74533]},"54s":{"weight":1.0,"played":[1.0,0.0,0.0],"evs":[0.0,-1.2142,-1.44193]},"55":{"weight":1.0,"played":[0.0,0.0,1.0],"evs":[0.0,0.60232,0.60802]},"65o":{"weight":1.0,"played":[1.0,0.0,0.0],"evs":[0.0,-1.52749,-2.05606]},"75o":{"weight":1.0,"played":[1.0,0.0,0.0],"evs":[0.0,-1.58835,-2.20511]},"85o":{"weight":1.0,"played":[1.0,0.0,0.0],"evs":[0.0,-1.63455,-2.32205]},"95o":{"weight":1.0,"played":[1.0,0.0,0.0],"evs":[0.0,-1.68443,-2.45313]},"T5o":{"weight":1.0,"played":[1.0,0.0,0.0],"evs":[0.0,-1.65304,-2.48455]},"J5o":{"weight":1.0,"played":[1.0,0.0,0.0],"evs":[0.0,-1.52056,-2.21669]},"Q5o":{"weight":1.0,"played":[1.0,0.0,0.0],"evs":[0.0,-1.36482,-1.91651]},"K5o":{"weight":1.0,"played":[1.0,0.0,0.0],"evs":[0.0,-1.02237,-1.39836]},"A5o":{"weight":1.0,"played":[1.0,0.0,0.0],"evs":[0.0,-0.09619,-0.10826]},"62s":{"weight":1.0,"played":[1.0,0.0,0.0],"evs":[0.0,-1.62977,-2.23273]},"63s":{"weight":1.0,"played":[1.0,0.0,0.0],"evs":[0.0,-1.47179,-1.89139]},"64s":{"weight":1.0,"played":[1.0,0.0,0.0],"evs":[0.0,-1.31298,-1.61925]},"65s":{"weight":1.0,"played":[1.0,0.0,0.0],"evs":[0.0,-1.1812,-1.33637]},"66":{"weight":1.0,"played":[0.0,0.0,1.0],"evs":[0.0,0.90767,0.96793]},"76o":{"weight":1.0,"played":[1.0,0.0,0.0],"evs":[0.0,-1.45718,-1.90787]},"86o":{"weight":1.0,"played":[1.0,0.0,0.0],"evs":[0.0,-1.49343,-2.00448]},"96o":{"weight":1.0,"played":[1.0,0.0,0.0],"evs":[0.0,-1.54422,-2.13098]},"T6o":{"weight":1.0,"played":[1.0,0.0,0.0],"evs":[0.0,-1.51782,-2.16457]},"J6o":{"weight":1.0,"played":[1.0,0.0,0.0],"evs":[0.0,-1.49438,-2.16608]},"Q6o":{"weight":1.0,"played":[1.0,0.0,0.0],"evs":[0.0,-1.29975,-1.79255]},"K6o":{"weight":1.0,"played":[1.0,0.0,0.0],"evs":[0.0,-0.93645,-1.24914]},"A6o":{"weight":1.0,"played":[0.9985,0.0015,0.0],"evs":[0.0,-0.09967,-0.12598]},"72s":{"weight":1.0,"played":[1.0,0.0,0.0],"evs":[0.0,-1.68976,-2.37581]},"73s":{"weight":1.0,"played":[1.0,0.0,0.0],"evs":[0.0,-1.54721,-2.06545]},"74s":{"weight":1.0,"played":[1.0,0.0,0.0],"evs":[0.0,-1.39283,-1.77057]},"75s":{"weight":1.0,"played":[1.0,0.0,0.0],"evs":[0.0,-1.24651,-1.47383]},"76s":{"weight":1.0,"played":[1.0,0.0,0.0],"evs":[0.0,-1.06909,-1.19687]},"77":{"weight":1.0,"played":[0.0,0.0,1.0],"evs":[0.0,1.23928,1.41362]},"87o":{"weight":1.0,"played":[1.0,0.0,0.0],"evs":[0.0,-1.38456,-1.75423]},"97o":{"weight":1.0,"played":[1.0,0.0,0.0],"evs":[0.0,-1.42048,-1.84889]},"T7o":{"weight":1.0,"played":[1.0,0.0,0.0],"evs":[0.0,-1.38763,-1.88677]},"J7o":{"weight":1.0,"played":[1.0,0.0,0.0],"evs":[0.0,-1.36069,-1.87515]},"Q7o":{"weight":1.0,"played":[1.0,0.0,0.0],"evs":[0.0,-1.26008,-1.73977]},"K7o":{"weight":1.0,"played":[1.0,0.0,0.0],"evs":[0.0,-0.84159,-1.10311]},"A7o":{"weight":1.0,"played":[0.0,0.0014,0.9986],"evs":[0.0,0.1213,0.16705]},"82s":{"weight":1.0,"played":[1.0,0.0,0.0],"evs":[0.0,-1.61569,-2.21637]},"83s":{"weight":1.0,"played":[1.0,0.0,0.0],"evs":[0.0,-1.57929,-2.15018]},"84s":{"weight":1.0,"played":[1.0,0.0,0.0],"evs":[0.0,-1.45087,-1.86818]},"85s":{"weight":1.0,"played":[1.0,0.0,0.0],"evs":[0.0,-1.30769,-1.59296]},"86s":{"weight":1.0,"played":[1.0,0.0,0.0],"evs":[0.0,-1.13685,-1.29271]},"87s":{"weight":1.0,"played":[1.0,0.0,0.0],"evs":[0.0,-0.98137,-1.05403]},"88":{"weight":1.0,"played":[0.0,0.0,1.0],"evs":[0.0,1.76596,1.96944]},"98o":{"weight":1.0,"played":[1.0,0.0,0.0],"evs":[0.0,-1.27316,-1.55943]},"T8o":{"weight":1.0,"played":[1.0,0.0,0.0],"evs":[0.0,-1.2266,-1.55908]},"J8o":{"weight":1.0,"played":[1.0,0.0,0.0],"evs":[0.0,-1.18654,-1.53743]},"Q8o":{"weight":1.0,"played":[1.0,0.0,0.0],"evs":[0.0,-1.0555,-1.35864]},"K8o":{"weight":1.0,"played":[1.0,0.0,0.0],"evs":[0.0,-0.68812,-0.91891]},"A8o":{"weight":1.0,"played":[0.0,0.0,1.0],"evs":[0.0,0.4343,0.50169]},"92s":{"weight":1.0,"played":[1.0,0.0,0.0],"evs":[0.0,-1.57478,-2.12674]},"93s":{"weight":1.0,"played":[1.0,0.0,0.0],"evs":[0.0,-1.51133,-2.02164]},"94s":{"weight":1.0,"played":[1.0,0.0,0.0],"evs":[0.0,-1.49203,-2.00131]},"95s":{"weight":1.0,"played":[1.0,0.0,0.0],"evs":[0.0,-1.35787,-1.68446]},"96s":{"weight":1.0,"played":[1.0,0.0,0.0],"evs":[0.0,-1.20363,-1.39926]},"97s":{"weight":1.0,"played":[1.0,0.0,0.0],"evs":[0.0,-1.0546,-1.15341]},"98s":{"weight":1.0,"played":[1.0,0.0,0.0],"evs":[0.0,-0.81099,-0.87189]},"99":{"weight":1.0,"played":[0.0,0.0,1.0],"evs":[0.0,2.40628,2.60194]},"T9o":{"weight":1.0,"played":[1.0,0.0,0.0],"evs":[0.0,-1.04359,-1.21841]},"J9o":{"weight":1.0,"played":[1.0,0.0,0.0],"evs":[0.0,-0.98646,-1.17568]},"Q9o":{"weight":1.0,"played":[1.0,0.0,0.0],"evs":[0.0,-0.82593,-0.96755]},"K9o":{"weight":1.0,"played":[1.0,0.0,0.0],"evs":[0.0,-0.41898,-0.49649]},"A9o":{"weight":1.0,"played":[0.0,0.0,1.0],"evs":[0.0,0.73838,0.85327]},"T2s":{"weight":1.0,"played":[1.0,0.0,0.0],