{"player":2,"street":0,"children":3,"sequence":[{"player":0,"type":"R","amount":1170000,"street":0},{"player":1,"type":"F","amount":0,"street":0}],"actions":[{"type":"F","amount":0,"node":56},{"type":"C","amount":1170000},{"type":"R","amount":3870000,"node":79}],"hands":{"22":{"weight":1.0,"played":[1.0,0.0,0.0],"evs":[0.0,-0.33581,-0.3251]},"32o":{"weight":1.0,"played":[1.0,0.0,0.0],"evs":[0.0,-1.81917,-3.05758]},"42o":{"weight":1.0,"played":[1.0,0.0,0.0],"evs":[0.0,-1.76715,-2.93779]},"52o":{"weight":1.0,"played":[1.0,0.0,0.0],"evs":[0.0,-1.70946,-2.77833]},"62o":{"weight":1.0,"played":[1.0,0.0,0.0],"evs":[0.0,-1.80227,-2.97026]},"72o":{"weight":1.0,"played":[1.0,0.0,0.0],"evs":[0.0,-1.83377,-3.10933]},"82o":{"weight":1.0,"played":[1.0,0.0,0.0],"evs":[0.0,-1.78197,-2.96392]},"92o":{"weight":1.0,"played":[1.0,0.0,0.0],"evs":[0.0,-1.74362,-2.87868]},"T2o":{"weight":1.0,"played":[1.0,0.0,0.0],"evs":[0.0,-1.61805,-2.71132]},"J2o":{"weight":1.0,"played":[1.0,0.0,0.0],"evs":[0.0,-1.55712,-2.52926]},"Q2o":{"weight":1.0,"played":[1.0,0.0,0.0],"evs":[0.0,-1.44857,-2.26321]},"K2o":{"weight":1.0,"played":[1.0,0.0,0.0],"evs":[0.0,-1.18082,-1.79546]},"A2o":{"weight":1.0,"played":[1.0,0.0,0.0],"evs":[0.0,-0.45419,-0.65634]},"32s":{"weight":1.0,"played":[1.0,0.0,0.0],"evs":[0.0,-1.5205,-2.26146]},"33":{"weight":1.0,"played":[0.873,0.0,0.127],"evs":[0.0,-0.03761,-0.01732]},"43o":{"weight":1.0,"played":[1.0,0.0,0.0],"evs":[0.0,-1.63275,-2.59899]},"53o":{"weight":1.0,"played":[1.0,0.0,0.0],"evs":[0.0,-1.56954,-2.4429]},"63o":{"weight":1.0,"played":[1.0,0.0,0.0],"evs":[0.0,-1.6495,-2.61976]},"73o":{"weight":1.0,"played":[1.0,0.0,0.0],"evs":[0.0,-1.69603,-2.77417]},"83o":{"weight":1.0,"played":[1.0,0.0,0.0],"evs":[0.0,-1.75306,-2.92066]},"93o":{"weight":1.0,"played":[1.0,0.0,0.0],"evs":[0.0,-1.69832,-2.77006]},"T3o":{"weight":1.0,"played":[1.0,0.0,0.0],"evs":[0.0,-1.57056,-2.60235]},"J3o":{"weight":1.0,"played":[1.0,0.0,0.0],"evs":[0.0,-1.50442,-2.41509]},"Q3o":{"weight":1.0,"played":[1.0,0.0,0.0],"evs":[0.0,-1.39754,-2.16056]},"K3o":{"weight":1.0,"played":[1.0,0.0,0.0],"evs":[0.0,-1.12775,-1.68515]},"A3o":{"weight":1.0,"played":[1.0,0.0,0.0],"evs":[0.0,-0.37447,-0.53234]},"42s":{"weight":1.0,"played":[1.0,0.0,0.0],"evs":[0.0,-1.44782,-2.13774]},"43s":{"weight":1.0,"played":[1.0,0.0,0.0],"evs":[0.0,-1.29678,-1.83891]},"44":{"weight":1.0,"played":[0.0,1.0E-4,0.9999],"evs":[0.0,0.27768,0.3123]},"54o":{"weight":1.0,"played":[1.0,0.0,0.0],"evs":[0.0,-1.42734,-2.10288]},"64o":{"weight":1.0,"played":[1.0,0.0,0.0],"evs":[0.0,-1.49951,-2.26948]},"74o":{"weight":1.0,"played":[1.0,0.0,0.0],"evs":[0.0,-1.53801,-2.41198]},"84o":{"weight":1.0,"played":[1.0,0.0,0.0],"evs":[0.0,-1.60327,-2.57203]},"94o":{"weight":1.0,"played":[1.0,0.0,0.0],"evs":[0.0,-1.66122,-2.71495]},"T4o":{"weight":1.0,"played":[1.0,0.0,0.0],"evs":[0.0,-1.52437,-2.48871]},"J4o":{"weight":1.0,"played":[1.0,0.0,0.0],"evs":[0.0,-1.45769,-2.29914]},"Q4o":{"weight":1.0,"played":[1.0,0.0,0.0],"evs":[0.0,-1.34504,-2.03596]},"K4o":{"weight":1.0,"played":[1.0,0.0,0.0],"evs":[0.0,-1.07024,-1.5641]},"A4o":{"weight":1.0,"played":[1.0,0.0,0.0],"evs":[0.0,-0.28779,-0.38432]},"52s":{"weight":1.0,"played":[1.0,0.0,0.0],"evs":[0.0,-1.3854,-1.99741]},"53s":{"weight":1.0,"played":[1.0,0.0,0.0],"evs":[0.0,-1.22299,-1.67682]},"54s":{"weight":1.0,"played":[1.0,0.0,0.0],"evs":[0.0,-1.06327,-1.38169]},"55":{"weight":1.0,"played":[0.0,0.0,1.0],"evs":[0.0,0.6868,0.74231]},"65o":{"weight":1.0,"played":[1.0,0.0,0.0],"evs":[0.0,-1.34234,-1.93037]},"75o":{"weight":1.0,"played":[1.0,0.0,0.0],"evs":[0.0,-1.38745,-2.05193]},"85o":{"weight":1.0,"played":[1.0,0.0,0.0],"evs":[0.0,-1.44905,-2.19692]},"95o":{"weight":1.0,"played":[1.0,0.0,0.0],"evs":[0.0,-1.50642,-2.33004]},"T5o":{"weight":1.0,"played":[1.0,0.0,0.0],"evs":[0.0,-1.4729,-2.4016]},"J5o":{"weight":1.0,"played":[1.0,0.0,0.0],"evs":[0.0,-1.39256,-2.1529]},"Q5o":{"weight":1.0,"played":[1.0,0.0,0.0],"evs":[0.0,-1.26227,-1.88253]},"K5o":{"weight":1.0,"played":[1.0,0.0,0.0],"evs":[0.0,-0.96432,-1.39831]},"A5o":{"weight":1.0,"played":[1.0,0.0,0.0],"evs":[0.0,-0.12389,-0.19447]},"62s":{"weight":1.0,"played":[1.0,0.0,0.0],"evs":[0.0,-1.48626,-2.18771]},"63s":{"weight":1.0,"played":[1.0,0.0,0.0],"evs":[0.0,-1.32017,-1.84653]},"64s":{"weight":1.0,"played":[1.0,0.0,0.0],"evs":[0.0,-1.14173,-1.51024]},"65s":{"weight":1.0,"played":[1.0,0.0,0.0],"evs":[0.0,-0.98447,-1.1944]},"66":{"weight":1.0,"played":[0.0,0.0,1.0],"evs":[0.0,1.04298,1.19422]},"76o":{"weight":1.0,"played":[1.0,0.0,0.0],"evs":[0.0,-1.24292,-1.74129]},"86o":{"weight":1.0,"played":[1.0,0.0,0.0],"evs":[0.0,-1.30154,-1.87396]},"96o":{"weight":1.0,"played":[1.0,0.0,0.0],"evs":[0.0,-1.36276,-1.99849]},"T6o":{"weight":1.0,"played":[1.0,0.0,0.0],"evs":[0.0,-1.34036,-2.05307]},"J6o":{"weight":1.0,"played":[1.0,0.0,0.0],"evs":[0.0,-1.36085,-2.08167]},"Q6o":{"weight":1.0,"played":[1.0,0.0,0.0],"evs":[0.0,-1.20749,-1.74895]},"K6o":{"weight":1.0,"played":[1.0,0.0,0.0],"evs":[0.0,-0.88746,-1.24609]},"A6o":{"weight":1.0,"played":[1.0,0.0,0.0],"evs":[0.0,-0.13472,-0.19388]},"72s":{"weight":1.0,"played":[1.0,0.0,0.0],"evs":[0.0,-1.51093,-2.29853]},"73s":{"weight":1.0,"played":[1.0,0.0,0.0],"evs":[0.0,-1.38343,-1.98765]},"74s":{"weight":1.0,"played":[1.0,0.0,0.0],"evs":[0.0,-1.21458,-1.66951]},"75s":{"weight":1.0,"played":[1.0,0.0,0.0],"evs":[0.0,-1.01287,-1.29857]},"76s":{"weight":1.0,"played":[1.0,0.0,0.0],"evs":[0.0,-0.86162,-1.02215]},"77":{"weight":1.0,"played":[0.0,0.0,1.0],"evs":[0.0,1.42832,1.68866]},"87o":{"weight":1.0,"played":[1.0,0.0,0.0],"evs":[0.0,-1.1419,-1.56856]},"97o":{"weight":1.0,"played":[1.0,0.0,0.0],"evs":[0.0,-1.19974,-1.68156]},"T7o":{"weight":1.0,"played":[1.0,0.0,0.0],"evs":[0.0,-1.17263,-1.72762]},"J7o":{"weight":1.0,"played":[1.0,0.0,0.0],"evs":[0.0,-1.21072,-1.75395]},"Q7o":{"weight":1.0,"played":[1.0,0.0,0.0],"evs":[0.0,-1.13735,-1.66774]},"K7o":{"weight":1.0,"played":[1.0,0.0,0.0],"evs":[0.0,-0.80776,-1.10232]},"A7o":{"weight":1.0,"played":[0.0,5.0E-4,0.9995],"evs":[0.0,0.07675,0.12805]},"82s":{"weight":1.0,"played":[1.0,0.0,0.0],"evs":[0.0,-1.45597,-2.16389]},"83s":{"weight":1.0,"played":[1.0,0.0,0.0],"evs":[0.0,-1.42721,-2.11752]},"84s":{"weight":1.0,"played":[1.0,0.0,0.0],"evs":[0.0,-1.27647,-1.793]},"85s":{"weight":1.0,"played":[1.0,0.0,0.0],"evs":[0.0,-1.08222,-1.43406]},"86s":{"weight":1.0,"played":[1.0,0.0,0.0],"evs":[0.0,-0.92768,-1.13704]},"87s":{"weight":1.0,"played":[1.0,0.0,0.0],"evs":[0.0,-0.73568,-0.85918]},"88":{"weight":1.0,"played":[0.0,0.0,1.0],"evs":[0.0,1.99928,2.23309]},"98o":{"weight":1.0,"played":[1.0,0.0,0.0],"evs":[0.0,-1.05591,-1.41169]},"T8o":{"weight":1.0,"played":[1.0,0.0,0.0],"evs":[0.0,-1.0199,-1.42755]},"J8o":{"weight":1.0,"played":[1.0,0.0,0.0],"evs":[0.0,-1.0443,-1.45474]},"Q8o":{"weight":1.0,"played":[1.0,0.0,0.0],"evs":[0.0,-0.96533,-1.35489]},"K8o":{"weight":1.0,"played":[1.0,0.0,0.0],"evs":[0.0,-0.68335,-0.96358]},"A8o":{"weight":1.0,"played":[0.0,0.0,1.0],"evs":[0.0,0.39568,0.46516]},"92s":{"weight":1.0,"played":[1.0,0.0,0.0],"evs":[0.0,-1.41583,-2.07903]},"93s":{"weight":1.0,"played":[1.0,0.0,0.0],"evs":[0.0,-1.37645,-1.9752]},"94s":{"weight":1.0,"played":[1.0,0.0,0.0],"evs":[0.0,-1.34955,-1.92694]},"95s":{"weight":1.0,"played":[1.0,0.0,0.0],"evs":[0.0,-1.16494,-1.56093]},"96s":{"weight":1.0,"played":[1.0,0.0,0.0],"evs":[0.0,-0.99185,-1.24998]},"97s":{"weight":1.0,"played":[1.0,0.0,0.0],"evs":[0.0,-0.81123,-0.95634]},"98s":{"weight":1.0,"played":[1.0,0.0,0.0],"evs":[0.0,-0.62223,-0.71031]},"99":{"weight":1.0,"played":[0.0,0.0,1.0],"evs":[0.0,2.6177,2.8407]},"T9o":{"weight":1.0,"played":[1.0,0.0,0.0],"evs":[0.0,-0.85282,-1.09673]},"J9o":{"weight":1.0,"played":[1.0,0.0,0.0],"evs":[0.0,-0.888,-1.11789]},"Q9o":{"weight":1.0,"played":[1.0,0.0,0.0],"evs":[0.0,-0.76513,-0.98468]},"K9o":{"weight":1.0,"played":[1.0,0.0,0.0],"evs":[0.0,-0.41648,-0.53386]},"A9o":{"weight":1.0,"played":[0.0,0.0,1.0],"evs":[0.0,0.69485,0.82734]},"T2s":{"weight":1.0,"played":[1.0,0.0,0.0],