{"equityUnit":"TABLE_EQUITY_PERCENT","conversionFactors":{"toUSD":2.7127845,"toRegularPrizePercent":0.072650895},"preHandEquity":[20.23274,18.78553,12.75423,15.41668,9.70072,23.1101],"bubbleFactors":[[-1.0,0.804,0.843,0.877,0.79,1.054],[1.051,-1.0,0.844,0.878,0.791,1.051],[1.035,1.035,-1.0,1.035,0.794,1.035],[1.042,1.042,0.845,-1.0,0.793,1.042],[1.027,1.027,1.027,1.027,-1.0,1.027],[0.922,0.803,0.842,0.876,0.789,-1.0]]}