{"player":2,"street":0,"children":3,"sequence":[{"player":0,"type":"R","amount":15550000,"street":0},{"player":1,"type":"C","amount":15550000,"street":0}],"actions":[{"type":"F","amount":0,"node":60},{"type":"C","amount":15550000},{"type":"R","amount":26780000,"node":71}],"hands":{"22":{"weight":1.0,"played":[1.0,0.0,0.0],"evs":[0.0,-2.95711,-3.14202]},"32o":{"weight":1.0,"played":[1.0,0.0,0.0],"evs":[0.0,-3.89215,-5.53713]},"42o":{"weight":1.0,"played":[1.0,0.0,0.0],"evs":[0.0,-3.85742,-5.4613]},"52o":{"weight":1.0,"played":[1.0,0.0,0.0],"evs":[0.0,-3.76567,-5.30143]},"62o":{"weight":1.0,"played":[1.0,0.0,0.0],"evs":[0.0,-3.8617,-5.54366]},"72o":{"weight":1.0,"played":[1.0,0.0,0.0],"evs":[0.0,-3.97635,-5.77708]},"82o":{"weight":1.0,"played":[1.0,0.0,0.0],"evs":[0.0,-3.89863,-5.60776]},"92o":{"weight":1.0,"played":[1.0,0.0,0.0],"evs":[0.0,-3.8343,-5.50204]},"T2o":{"weight":1.0,"played":[1.0,0.0,0.0],"evs":[0.0,-3.83952,-5.45068]},"J2o":{"weight":1.0,"played":[1.0,0.0,0.0],"evs":[0.0,-3.75412,-5.33694]},"Q2o":{"weight":1.0,"played":[1.0,0.0,0.0],"evs":[0.0,-3.57882,-5.10349]},"K2o":{"weight":1.0,"played":[1.0,0.0,0.0],"evs":[0.0,-3.33315,-4.73145]},"A2o":{"weight":1.0,"played":[1.0,0.0,0.0],"evs":[0.0,-3.76066,-5.18564]},"32s":{"weight":1.0,"played":[1.0,0.0,0.0],"evs":[0.0,-3.23316,-4.46736]},"33":{"weight":1.0,"played":[1.0,0.0,0.0],"evs":[0.0,-2.83302,-2.97567]},"43o":{"weight":1.0,"played":[1.0,0.0,0.0],"evs":[0.0,-3.61696,-5.05513]},"53o":{"weight":1.0,"played":[1.0,0.0,0.0],"evs":[0.0,-3.54934,-4.94907]},"63o":{"weight":1.0,"played":[1.0,0.0,0.0],"evs":[0.0,-3.63816,-5.15602]},"73o":{"weight":1.0,"played":[1.0,0.0,0.0],"evs":[0.0,-3.80157,-5.40702]},"83o":{"weight":1.0,"played":[1.0,0.0,0.0],"evs":[0.0,-3.87524,-5.56495]},"93o":{"weight":1.0,"played":[1.0,0.0,0.0],"evs":[0.0,-3.78104,-5.41039]},"T3o":{"weight":1.0,"played":[1.0,0.0,0.0],"evs":[0.0,-3.80352,-5.34272]},"J3o":{"weight":1.0,"played":[1.0,0.0,0.0],"evs":[0.0,-3.72046,-5.2344]},"Q3o":{"weight":1.0,"played":[1.0,0.0,0.0],"evs":[0.0,-3.49959,-4.96063]},"K3o":{"weight":1.0,"played":[1.0,0.0,0.0],"evs":[0.0,-3.28247,-4.66412]},"A3o":{"weight":1.0,"played":[1.0,0.0,0.0],"evs":[0.0,-3.6835,-5.1113]},"42s":{"weight":1.0,"played":[1.0,0.0,0.0],"evs":[0.0,-3.24423,-4.4488]},"43s":{"weight":1.0,"played":[1.0,0.0,0.0],"evs":[0.0,-2.99187,-4.06899]},"44":{"weight":1.0,"played":[1.0,0.0,0.0],"evs":[0.0,-2.58817,-2.788]},"54o":{"weight":1.0,"played":[1.0,0.0,0.0],"evs":[0.0,-3.3386,-4.58914]},"64o":{"weight":1.0,"played":[1.0,0.0,0.0],"evs":[0.0,-3.38816,-4.75837]},"74o":{"weight":1.0,"played":[1.0,0.0,0.0],"evs":[0.0,-3.59657,-5.01868]},"84o":{"weight":1.0,"played":[1.0,0.0,0.0],"evs":[0.0,-3.66365,-5.1822]},"94o":{"weight":1.0,"played":[1.0,0.0,0.0],"evs":[0.0,-3.79705,-5.4158]},"T4o":{"weight":1.0,"played":[1.0,0.0,0.0],"evs":[0.0,-3.78675,-5.29944]},"J4o":{"weight":1.0,"played":[1.0,0.0,0.0],"evs":[0.0,-3.71837,-5.18366]},"Q4o":{"weight":1.0,"played":[1.0,0.0,0.0],"evs":[0.0,-3.50454,-4.90737]},"K4o":{"weight":1.0,"played":[1.0,0.0,0.0],"evs":[0.0,-3.25371,-4.57063]},"A4o":{"weight":1.0,"played":[1.0,0.0,0.0],"evs":[0.0,-3.60774,-4.97741]},"52s":{"weight":1.0,"played":[1.0,0.0,0.0],"evs":[0.0,-3.17619,-4.35287]},"53s":{"weight":1.0,"played":[1.0,0.0,0.0],"evs":[0.0,-2.93417,-3.97136]},"54s":{"weight":1.0,"played":[1.0,0.0,0.0],"evs":[0.0,-2.73948,-3.70512]},"55":{"weight":1.0,"played":[1.0,0.0,0.0],"evs":[0.0,-2.33007,-2.54094]},"65o":{"weight":1.0,"played":[1.0,0.0,0.0],"evs":[0.0,-3.16941,-4.39071]},"75o":{"weight":1.0,"played":[1.0,0.0,0.0],"evs":[0.0,-3.32273,-4.6283]},"85o":{"weight":1.0,"played":[1.0,0.0,0.0],"evs":[0.0,-3.46441,-4.8258]},"95o":{"weight":1.0,"played":[1.0,0.0,0.0],"evs":[0.0,-3.58824,-5.02076]},"T5o":{"weight":1.0,"played":[1.0,0.0,0.0],"evs":[0.0,-3.72679,-5.24937]},"J5o":{"weight":1.0,"played":[1.0,0.0,0.0],"evs":[0.0,-3.64109,-5.04725]},"Q5o":{"weight":1.0,"played":[1.0,0.0,0.0],"evs":[0.0,-3.45951,-4.80319]},"K5o":{"weight":1.0,"played":[1.0,0.0,0.0],"evs":[0.0,-3.19182,-4.4476]},"A5o":{"weight":1.0,"played":[1.0,0.0,0.0],"evs":[0.0,-3.50289,-4.84323]},"62s":{"weight":1.0,"played":[1.0,0.0,0.0],"evs":[0.0,-3.27359,-4.55977]},"63s":{"weight":1.0,"played":[1.0,0.0,0.0],"evs":[0.0,-3.0378,-4.19617]},"64s":{"weight":1.0,"played":[1.0,0.0,0.0],"evs":[0.0,-2.7707,-3.76056]},"65s":{"weight":1.0,"played":[1.0,0.0,0.0],"evs":[0.0,-2.50913,-3.43965]},"66":{"weight":1.0,"played":[1.0,0.0,0.0],"evs":[0.0,-1.90447,-2.14799]},"76o":{"weight":1.0,"played":[1.0,0.0,0.0],"evs":[0.0,-3.08529,-4.28392]},"86o":{"weight":1.0,"played":[1.0,0.0,0.0],"evs":[0.0,-3.19291,-4.45556]},"96o":{"weight":1.0,"played":[1.0,0.0,0.0],"evs":[0.0,-3.31798,-4.65692]},"T6o":{"weight":1.0,"played":[1.0,0.0,0.0],"evs":[0.0,-3.50181,-4.88582]},"J6o":{"weight":1.0,"played":[1.0,0.0,0.0],"evs":[0.0,-3.58566,-5.03752]},"Q6o":{"weight":1.0,"played":[1.0,0.0,0.0],"evs":[0.0,-3.38649,-4.72443]},"K6o":{"weight":1.0,"played":[1.0,0.0,0.0],"evs":[0.0,-3.14233,-4.39185]},"A6o":{"weight":1.0,"played":[1.0,0.0,0.0],"evs":[0.0,-3.68548,-5.20018]},"72s":{"weight":1.0,"played":[1.0,0.0,0.0],"evs":[0.0,-3.36574,-4.73755]},"73s":{"weight":1.0,"played":[1.0,0.0,0.0],"evs":[0.0,-3.19655,-4.41376]},"74s":{"weight":1.0,"played":[1.0,0.0,0.0],"evs":[0.0,-2.9446,-4.02908]},"75s":{"weight":1.0,"played":[1.0,0.0,0.0],"evs":[0.0,-2.62426,-3.5992]},"76s":{"weight":1.0,"played":[1.0,0.0,0.0],"evs":[0.0,-2.44248,-3.36839]},"77":{"weight":1.0,"played":[1.0,0.0,0.0],"evs":[0.0,-1.40911,-1.39522]},"87o":{"weight":1.0,"played":[1.0,0.0,0.0],"evs":[0.0,-2.98476,-4.08654]},"97o":{"weight":1.0,"played":[1.0,0.0,0.0],"evs":[0.0,-3.0745,-4.26425]},"T7o":{"weight":1.0,"played":[1.0,0.0,0.0],"evs":[0.0,-3.25065,-4.47707]},"J7o":{"weight":1.0,"played":[1.0,0.0,0.0],"evs":[0.0,-3.32856,-4.60992]},"Q7o":{"weight":1.0,"played":[1.0,0.0,0.0],"evs":[0.0,-3.3215,-4.66166]},"K7o":{"weight":1.0,"played":[1.0,0.0,0.0],"evs":[0.0,-3.04768,-4.25994]},"A7o":{"weight":1.0,"played":[1.0,0.0,0.0],"evs":[0.0,-3.53645,-4.93351]},"82s":{"weight":1.0,"played":[1.0,0.0,0.0],"evs":[0.0,-3.29991,-4.59349]},"83s":{"weight":1.0,"played":[1.0,0.0,0.0],"evs":[0.0,-3.25899,-4.53194]},"84s":{"weight":1.0,"played":[1.0,0.0,0.0],"evs":[0.0,-3.0866,-4.23382]},"85s":{"weight":1.0,"played":[1.0,0.0,0.0],"evs":[0.0,-2.84396,-3.86455]},"86s":{"weight":1.0,"played":[1.0,0.0,0.0],"evs":[0.0,-2.57364,-3.53669]},"87s":{"weight":1.0,"played":[1.0,0.0,0.0],"evs":[0.0,-2.29956,-3.12867]},"88":{"weight":1.0,"played":[0.9983,0.0,0.0017],"evs":[0.0,-0.64261,-0.57723]},"98o":{"weight":1.0,"played":[1.0,0.0,0.0],"evs":[0.0,-2.8769,-3.91475]},"T8o":{"weight":1.0,"played":[1.0,0.0,0.0],"evs":[0.0,-3.00282,-4.08522]},"J8o":{"weight":1.0,"played":[1.0,0.0,0.0],"evs":[0.0,-3.08603,-4.24251]},"Q8o":{"weight":1.0,"played":[1.0,0.0,0.0],"evs":[0.0,-3.11762,-4.30109]},"K8o":{"weight":1.0,"played":[1.0,0.0,0.0],"evs":[0.0,-2.96653,-4.16013]},"A8o":{"weight":1.0,"played":[1.0,0.0,0.0],"evs":[0.0,-3.33406,-4.61084]},"92s":{"weight":1.0,"played":[1.0,0.0,0.0],"evs":[0.0,-3.25785,-4.49434]},"93s":{"weight":1.0,"played":[1.0,0.0,0.0],"evs":[0.0,-3.19686,-4.40025]},"94s":{"weight":1.0,"played":[1.0,0.0,0.0],"evs":[0.0,-3.18059,-4.41817]},"95s":{"weight":1.0,"played":[1.0,0.0,0.0],"evs":[0.0,-2.94625,-4.03578]},"96s":{"weight":1.0,"played":[1.0,0.0,0.0],"evs":[0.0,-2.71299,-3.69944]},"97s":{"weight":1.0,"played":[1.0,0.0,0.0],"evs":[0.0,-2.39374,-3.26711]},"98s":{"weight":1.0,"played":[1.0,0.0,0.0],"evs":[0.0,-2.18547,-2.98518]},"99":{"weight":1.0,"played":[0.0024,0.0022,0.9954],"evs":[0.0,0.18983,0.21375]},"T9o":{"weight":1.0,"played":[1.0,0.0,0.0],"evs":[0.0,-2.78029,-3.7253]},"J9o":{"weight":1.0,"played":[1.0,0.0,0.0],"evs":[0.0,-2.87,-3.8957]},"Q9o":{"weight":1.0,"played":[1.0,0.0,0.0],"evs":[0.0,-2.91517,-3.96537]},"K9o":{"weight":1.0,"played":[1.0,0.0,0.0],"evs":[0.0,-2.77911,-3.80809]},"A9o":{"weight":1.0,"played":[1.0,0.0,0.0],"evs":[0.0,-3.10012,-4.2565]},"T2s":{"weight":1.0,"played":[1.0,0.0,0.0],