{"player":2,"street":0,"children":3,"sequence":[{"player":0,"type":"R","amount":200000,"street":0},{"player":1,"type":"F","amount":0,"street":0}],"actions":[{"type":"F","amount":0,"node":170},{"type":"C","amount":200000},{"type":"R","amount":785000,"node":210}],"hands":{"22":{"weight":1.0,"played":[1.0,0.0,0.0],"evs":[0.0,-0.63747,-1.11765]},"32o":{"weight":1.0,"played":[1.0,0.0,0.0],"evs":[0.0,-1.36705,-3.60257]},"42o":{"weight":1.0,"played":[1.0,0.0,0.0],"evs":[0.0,-1.33216,-3.48403]},"52o":{"weight":1.0,"played":[1.0,0.0,0.0],"evs":[0.0,-1.28683,-3.28764]},"62o":{"weight":1.0,"played":[1.0,0.0,0.0],"evs":[0.0,-1.35753,-3.59512]},"72o":{"weight":1.0,"played":[1.0,0.0,0.0],"evs":[0.0,-1.40341,-3.76129]},"82o":{"weight":1.0,"played":[1.0,0.0,0.0],"evs":[0.0,-1.35607,-3.71283]},"92o":{"weight":1.0,"played":[1.0,0.0,0.0],"evs":[0.0,-1.45142,-3.93513]},"T2o":{"weight":1.0,"played":[1.0,0.0,0.0],"evs":[0.0,-1.33048,-3.61574]},"J2o":{"weight":1.0,"played":[1.0,0.0,0.0],"evs":[0.0,-1.32117,-3.4594]},"Q2o":{"weight":1.0,"played":[1.0,0.0,0.0],"evs":[0.0,-1.20344,-3.1054]},"K2o":{"weight":1.0,"played":[1.0,0.0,0.0],"evs":[0.0,-1.05825,-2.392]},"A2o":{"weight":1.0,"played":[1.0,0.0,0.0],"evs":[0.0,-0.69225,-1.12234]},"32s":{"weight":1.0,"played":[1.0,0.0,0.0],"evs":[0.0,-1.13995,-2.85288]},"33":{"weight":1.0,"played":[1.0,0.0,0.0],"evs":[0.0,-0.56955,-0.94188]},"43o":{"weight":1.0,"played":[1.0,0.0,0.0],"evs":[0.0,-1.2776,-3.23495]},"53o":{"weight":1.0,"played":[1.0,0.0,0.0],"evs":[0.0,-1.23131,-3.05701]},"63o":{"weight":1.0,"played":[1.0,0.0,0.0],"evs":[0.0,-1.30424,-3.33128]},"73o":{"weight":1.0,"played":[1.0,0.0,0.0],"evs":[0.0,-1.3335,-3.49849]},"83o":{"weight":1.0,"played":[1.0,0.0,0.0],"evs":[0.0,-1.387,-3.77489]},"93o":{"weight":1.0,"played":[1.0,0.0,0.0],"evs":[0.0,-1.45685,-3.93115]},"T3o":{"weight":1.0,"played":[1.0,0.0,0.0],"evs":[0.0,-1.33409,-3.59719]},"J3o":{"weight":1.0,"played":[1.0,0.0,0.0],"evs":[0.0,-1.33932,-3.4575]},"Q3o":{"weight":1.0,"played":[1.0,0.0,0.0],"evs":[0.0,-1.21304,-3.08688]},"K3o":{"weight":1.0,"played":[1.0,0.0,0.0],"evs":[0.0,-1.09191,-2.38632]},"A3o":{"weight":1.0,"played":[1.0,0.0,0.0],"evs":[0.0,-0.66574,-1.04692]},"42s":{"weight":1.0,"played":[1.0,0.0,0.0],"evs":[0.0,-1.08407,-2.72687]},"43s":{"weight":1.0,"played":[1.0,0.0,0.0],"evs":[0.0,-0.9641,-2.47505]},"44":{"weight":1.0,"played":[1.0,0.0,0.0],"evs":[0.0,-0.35826,-0.53337]},"54o":{"weight":1.0,"played":[1.0,0.0,0.0],"evs":[0.0,-1.09704,-2.67767]},"64o":{"weight":1.0,"played":[1.0,0.0,0.0],"evs":[0.0,-1.18001,-2.94957]},"74o":{"weight":1.0,"played":[1.0,0.0,0.0],"evs":[0.0,-1.23542,-3.11379]},"84o":{"weight":1.0,"played":[1.0,0.0,0.0],"evs":[0.0,-1.27856,-3.37075]},"94o":{"weight":1.0,"played":[1.0,0.0,0.0],"evs":[0.0,-1.42961,-3.82081]},"T4o":{"weight":1.0,"played":[1.0,0.0,0.0],"evs":[0.0,-1.29177,-3.44016]},"J4o":{"weight":1.0,"played":[1.0,0.0,0.0],"evs":[0.0,-1.29137,-3.29271]},"Q4o":{"weight":1.0,"played":[1.0,0.0,0.0],"evs":[0.0,-1.17379,-2.92531]},"K4o":{"weight":1.0,"played":[1.0,0.0,0.0],"evs":[0.0,-1.03422,-2.23344]},"A4o":{"weight":1.0,"played":[1.0,0.0,0.0],"evs":[0.0,-0.59361,-0.90883]},"52s":{"weight":1.0,"played":[1.0,0.0,0.0],"evs":[0.0,-1.00601,-2.58613]},"53s":{"weight":1.0,"played":[1.0,0.0,0.0],"evs":[0.0,-0.89804,-2.33863]},"54s":{"weight":1.0,"played":[1.0,0.0,0.0],"evs":[0.0,-0.6497,-1.97227]},"55":{"weight":1.0,"played":[1.0,0.0,0.0],"evs":[0.0,-0.13742,-0.21309]},"65o":{"weight":1.0,"played":[1.0,0.0,0.0],"evs":[0.0,-1.02491,-2.56332]},"75o":{"weight":1.0,"played":[1.0,0.0,0.0],"evs":[0.0,-1.0851,-2.71963]},"85o":{"weight":1.0,"played":[1.0,0.0,0.0],"evs":[0.0,-1.13791,-2.94269]},"95o":{"weight":1.0,"played":[1.0,0.0,0.0],"evs":[0.0,-1.3041,-3.38708]},"T5o":{"weight":1.0,"played":[1.0,0.0,0.0],"evs":[0.0,-1.23815,-3.30665]},"J5o":{"weight":1.0,"played":[1.0,0.0,0.0],"evs":[0.0,-1.22603,-3.09419]},"Q5o":{"weight":1.0,"played":[1.0,0.0,0.0],"evs":[0.0,-1.11258,-2.74285]},"K5o":{"weight":1.0,"played":[1.0,0.0,0.0],"evs":[0.0,-0.96239,-2.06493]},"A5o":{"weight":1.0,"played":[1.0,0.0,0.0],"evs":[0.0,-0.51542,-0.75246]},"62s":{"weight":1.0,"played":[1.0,0.0,0.0],"evs":[0.0,-1.11663,-2.85536]},"63s":{"weight":1.0,"played":[1.0,0.0,0.0],"evs":[0.0,-1.03175,-2.57734]},"64s":{"weight":1.0,"played":[1.0,0.0,0.0],"evs":[0.0,-0.8356,-2.2594]},"65s":{"weight":1.0,"played":[1.0,0.0,0.0],"evs":[0.0,-0.61265,-1.88435]},"66":{"weight":1.0,"played":[0.9514,0.0478,8.0E-4],"evs":[0.0,-0.03271,-0.06968]},"76o":{"weight":1.0,"played":[1.0,0.0,0.0],"evs":[0.0,-0.98353,-2.52866]},"86o":{"weight":1.0,"played":[1.0,0.0,0.0],"evs":[0.0,-1.06564,-2.75972]},"96o":{"weight":1.0,"played":[1.0,0.0,0.0],"evs":[0.0,-1.23257,-3.17919]},"T6o":{"weight":1.0,"played":[1.0,0.0,0.0],"evs":[0.0,-1.18367,-3.10509]},"J6o":{"weight":1.0,"played":[1.0,0.0,0.0],"evs":[0.0,-1.25096,-3.16461]},"Q6o":{"weight":1.0,"played":[1.0,0.0,0.0],"evs":[0.0,-1.12337,-2.7584]},"K6o":{"weight":1.0,"played":[1.0,0.0,0.0],"evs":[0.0,-0.96867,-2.05106]},"A6o":{"weight":1.0,"played":[1.0,0.0,0.0],"evs":[0.0,-0.59731,-0.84865]},"72s":{"weight":1.0,"played":[1.0,0.0,0.0],"evs":[0.0,-1.17227,-2.98348]},"73s":{"weight":1.0,"played":[1.0,0.0,0.0],"evs":[0.0,-1.12296,-2.77421]},"74s":{"weight":1.0,"played":[1.0,0.0,0.0],"evs":[0.0,-0.94038,-2.39644]},"75s":{"weight":1.0,"played":[1.0,0.0,0.0],"evs":[0.0,-0.72001,-2.04606]},"76s":{"weight":1.0,"played":[1.0,0.0,0.0],"evs":[0.0,-0.56839,-1.85406]},"77":{"weight":1.0,"played":[0.0,0.3228,0.6772],"evs":[0.0,0.13328,0.14476]},"87o":{"weight":1.0,"played":[1.0,0.0,0.0],"evs":[0.0,-0.93426,-2.45838]},"97o":{"weight":1.0,"played":[1.0,0.0,0.0],"evs":[0.0,-1.08652,-2.84933]},"T7o":{"weight":1.0,"played":[1.0,0.0,0.0],"evs":[0.0,-1.03907,-2.79662]},"J7o":{"weight":1.0,"played":[1.0,0.0,0.0],"evs":[0.0,-1.14331,-2.87567]},"Q7o":{"weight":1.0,"played":[1.0,0.0,0.0],"evs":[0.0,-1.06978,-2.70787]},"K7o":{"weight":1.0,"played":[1.0,0.0,0.0],"evs":[0.0,-0.90473,-1.94463]},"A7o":{"weight":1.0,"played":[1.0,0.0,0.0],"evs":[0.0,-0.50319,-0.64295]},"82s":{"weight":1.0,"played":[1.0,0.0,0.0],"evs":[0.0,-1.13842,-2.97142]},"83s":{"weight":1.0,"played":[1.0,0.0,0.0],"evs":[0.0,-1.17023,-3.00256]},"84s":{"weight":1.0,"played":[1.0,0.0,0.0],"evs":[0.0,-1.00638,-2.61854]},"85s":{"weight":1.0,"played":[1.0,0.0,0.0],"evs":[0.0,-0.82577,-2.24573]},"86s":{"weight":1.0,"played":[1.0,0.0,0.0],"evs":[0.0,-0.67468,-2.04755]},"87s":{"weight":1.0,"played":[1.0,0.0,0.0],"evs":[0.0,-0.53071,-1.79198]},"88":{"weight":1.0,"played":[0.0,0.2571,0.7429],"evs":[0.0,0.32615,0.34064]},"98o":{"weight":1.0,"played":[1.0,0.0,0.0],"evs":[0.0,-1.03046,-2.74246]},"T8o":{"weight":1.0,"played":[1.0,0.0,0.0],"evs":[0.0,-0.93464,-2.61776]},"J8o":{"weight":1.0,"played":[1.0,0.0,0.0],"evs":[0.0,-1.03844,-2.69395]},"Q8o":{"weight":1.0,"played":[1.0,0.0,0.0],"evs":[0.0,-0.98503,-2.51992]},"K8o":{"weight":1.0,"played":[1.0,0.0,0.0],"evs":[0.0,-0.8966,-1.95575]},"A8o":{"weight":1.0,"played":[1.0,0.0,0.0],"evs":[0.0,-0.38803,-0.46334]},"92s":{"weight":1.0,"played":[1.0,0.0,0.0],"evs":[0.0,-1.218,-3.13535]},"93s":{"weight":1.0,"played":[1.0,0.0,0.0],"evs":[0.0,-1.21735,-3.12134]},"94s":{"weight":1.0,"played":[1.0,0.0,0.0],"evs":[0.0,-1.18862,-3.04221]},"95s":{"weight":1.0,"played":[1.0,0.0,0.0],"evs":[0.0,-1.05234,-2.64821]},"96s":{"weight":1.0,"played":[1.0,0.0,0.0],"evs":[0.0,-0.91568,-2.40828]},"97s":{"weight":1.0,"played":[1.0,0.0,0.0],"evs":[0.0,-0.739,-2.11388]},"98s":{"weight":1.0,"played":[1.0,0.0,0.0],"evs":[0.0,-0.65637,-2.02012]},"99":{"weight":1.0,"played":[0.0,0.0011,0.9989],"evs":[0.0,0.5271,0.68732]},"T9o":{"weight":1.0,"played":[1.0,0.0,0.0],"evs":[0.0,-0.92418,-2.54395]},"J9o":{"weight":1.0,"played":[1.0,0.0,0.0],"evs":[0.0,-1.03589,-2.68486]},"Q9o":{"weight":1.0,"played":[1.0,0.0,0.0],"evs":[0.0,-0.94327,-2.32373]},"K9o":{"weight":1.0,"played":[1.0,0.0,0.0],"evs":[0.0,-0.83082,-1.62031]},"A9o":{"weight":1.0,"played":[0.0025,0.0,0.9975],"evs":[0.0,-0.12048,0.08199]},"T2s":{"weight":1.0,