{"player":2,"street":0,"children":3,"sequence":[{"player":0,"type":"R","amount":200000,"street":0},{"player":1,"type":"C","amount":200000,"street":0}],"actions":[{"type":"F","amount":0,"node":226},{"type":"C","amount":200000,"node":298},{"type":"R","amount":785000,"node":359}],"hands":{"22":{"weight":1.0,"played":[1.0,0.0,0.0],"evs":[0.0,-0.76543,-1.20992]},"32o":{"weight":1.0,"played":[1.0,0.0,0.0],"evs":[0.0,-1.5073,-3.4573]},"42o":{"weight":1.0,"played":[1.0,0.0,0.0],"evs":[0.0,-1.45266,-3.37685]},"52o":{"weight":1.0,"played":[1.0,0.0,0.0],"evs":[0.0,-1.41345,-3.12704]},"62o":{"weight":1.0,"played":[1.0,0.0,0.0],"evs":[0.0,-1.46768,-3.38627]},"72o":{"weight":1.0,"played":[1.0,0.0,0.0],"evs":[0.0,-1.56961,-3.6563]},"82o":{"weight":1.0,"played":[1.0,0.0,0.0],"evs":[0.0,-1.55257,-3.56178]},"92o":{"weight":1.0,"played":[1.0,0.0,0.0],"evs":[0.0,-1.63659,-3.73495]},"T2o":{"weight":1.0,"played":[1.0,0.0,0.0],"evs":[0.0,-1.55799,-3.54658]},"J2o":{"weight":1.0,"played":[1.0,0.0,0.0],"evs":[0.0,-1.54543,-3.44533]},"Q2o":{"weight":1.0,"played":[1.0,0.0,0.0],"evs":[0.0,-1.48191,-3.21197]},"K2o":{"weight":1.0,"played":[1.0,0.0,0.0],"evs":[0.0,-1.30225,-2.67288]},"A2o":{"weight":1.0,"played":[1.0,0.0,0.0],"evs":[0.0,-1.03125,-1.53235]},"32s":{"weight":1.0,"played":[1.0,0.0,0.0],"evs":[0.0,-1.20427,-2.51229]},"33":{"weight":1.0,"played":[1.0,0.0,0.0],"evs":[0.0,-0.81839,-1.23912]},"43o":{"weight":1.0,"played":[1.0,0.0,0.0],"evs":[0.0,-1.40103,-2.95569]},"53o":{"weight":1.0,"played":[1.0,0.0,0.0],"evs":[0.0,-1.27654,-2.73474]},"63o":{"weight":1.0,"played":[1.0,0.0,0.0],"evs":[0.0,-1.37737,-2.97282]},"73o":{"weight":1.0,"played":[1.0,0.0,0.0],"evs":[0.0,-1.43395,-3.23105]},"83o":{"weight":1.0,"played":[1.0,0.0,0.0],"evs":[0.0,-1.56817,-3.62671]},"93o":{"weight":1.0,"played":[1.0,0.0,0.0],"evs":[0.0,-1.65237,-3.60358]},"T3o":{"weight":1.0,"played":[1.0,0.0,0.0],"evs":[0.0,-1.53058,-3.47186]},"J3o":{"weight":1.0,"played":[1.0,0.0,0.0],"evs":[0.0,-1.52544,-3.35917]},"Q3o":{"weight":1.0,"played":[1.0,0.0,0.0],"evs":[0.0,-1.46681,-3.12641]},"K3o":{"weight":1.0,"played":[1.0,0.0,0.0],"evs":[0.0,-1.32086,-2.68025]},"A3o":{"weight":1.0,"played":[1.0,0.0,0.0],"evs":[0.0,-1.06517,-1.59454]},"42s":{"weight":1.0,"played":[1.0,0.0,0.0],"evs":[0.0,-1.24421,-2.56064]},"43s":{"weight":1.0,"played":[1.0,0.0,0.0],"evs":[0.0,-1.01704,-2.10245]},"44":{"weight":1.0,"played":[0.9999,0.0,1.0E-4],"evs":[0.0,-0.52031,-0.77851]},"54o":{"weight":1.0,"played":[1.0,0.0,0.0],"evs":[0.0,-1.14641,-2.31736]},"64o":{"weight":1.0,"played":[1.0,0.0,0.0],"evs":[0.0,-1.22565,-2.59697]},"74o":{"weight":1.0,"played":[1.0,0.0,0.0],"evs":[0.0,-1.35055,-2.92752]},"84o":{"weight":1.0,"played":[1.0,0.0,0.0],"evs":[0.0,-1.44642,-3.12476]},"94o":{"weight":1.0,"played":[1.0,0.0,0.0],"evs":[0.0,-1.61811,-3.6467]},"T4o":{"weight":1.0,"played":[1.0,0.0,0.0],"evs":[0.0,-1.51994,-3.42975]},"J4o":{"weight":1.0,"played":[1.0,0.0,0.0],"evs":[0.0,-1.51893,-3.29665]},"Q4o":{"weight":1.0,"played":[1.0,0.0,0.0],"evs":[0.0,-1.44831,-3.09663]},"K4o":{"weight":1.0,"played":[1.0,0.0,0.0],"evs":[0.0,-1.26311,-2.55579]},"A4o":{"weight":1.0,"played":[1.0,0.0,0.0],"evs":[0.0,-0.92828,-1.33039]},"52s":{"weight":1.0,"played":[1.0,0.0,0.0],"evs":[0.0,-1.03767,-2.15947]},"53s":{"weight":1.0,"played":[1.0,0.0,0.0],"evs":[0.0,-0.95538,-1.9825]},"54s":{"weight":1.0,"played":[1.0,0.0,0.0],"evs":[0.0,-0.57856,-1.52559]},"55":{"weight":1.0,"played":[0.9755,0.0,0.0245],"evs":[0.0,-0.14753,-0.22109]},"65o":{"weight":1.0,"played":[1.0,0.0,0.0],"evs":[0.0,-0.99076,-2.13202]},"75o":{"weight":1.0,"played":[1.0,0.0,0.0],"evs":[0.0,-1.12282,-2.38769]},"85o":{"weight":1.0,"played":[1.0,0.0,0.0],"evs":[0.0,-1.22504,-2.64726]},"95o":{"weight":1.0,"played":[1.0,0.0,0.0],"evs":[0.0,-1.44386,-3.0848]},"T5o":{"weight":1.0,"played":[1.0,0.0,0.0],"evs":[0.0,-1.45505,-3.23612]},"J5o":{"weight":1.0,"played":[1.0,0.0,0.0],"evs":[0.0,-1.41852,-2.9942]},"Q5o":{"weight":1.0,"played":[1.0,0.0,0.0],"evs":[0.0,-1.34233,-2.68744]},"K5o":{"weight":1.0,"played":[1.0,0.0,0.0],"evs":[0.0,-1.16909,-2.23714]},"A5o":{"weight":1.0,"played":[1.0,0.0,0.0],"evs":[0.0,-0.78161,-1.08922]},"62s":{"weight":1.0,"played":[1.0,0.0,0.0],"evs":[0.0,-1.19965,-2.43142]},"63s":{"weight":1.0,"played":[1.0,0.0,0.0],"evs":[0.0,-1.03075,-2.12516]},"64s":{"weight":1.0,"played":[1.0,0.0,0.0],"evs":[0.0,-0.79468,-1.6895]},"65s":{"weight":1.0,"played":[1.0,0.0,0.0],"evs":[0.0,-0.5106,-1.3539]},"66":{"weight":1.0,"played":[0.0203,0.1749,0.8047],"evs":[0.0,0.02931,0.03243]},"76o":{"weight":1.0,"played":[1.0,0.0,0.0],"evs":[0.0,-1.03408,-2.13551]},"86o":{"weight":1.0,"played":[1.0,0.0,0.0],"evs":[0.0,-1.14301,-2.33649]},"96o":{"weight":1.0,"played":[1.0,0.0,0.0],"evs":[0.0,-1.3116,-2.73927]},"T6o":{"weight":1.0,"played":[1.0,0.0,0.0],"evs":[0.0,-1.40059,-2.9383]},"J6o":{"weight":1.0,"played":[1.0,0.0,0.0],"evs":[0.0,-1.43651,-3.0745]},"Q6o":{"weight":1.0,"played":[1.0,0.0,0.0],"evs":[0.0,-1.31476,-2.62903]},"K6o":{"weight":1.0,"played":[1.0,0.0,0.0],"evs":[0.0,-1.19389,-2.24643]},"A6o":{"weight":1.0,"played":[1.0,0.0,0.0],"evs":[0.0,-0.95597,-1.42465]},"72s":{"weight":1.0,"played":[1.0,0.0,0.0],"evs":[0.0,-1.32112,-2.72963]},"73s":{"weight":1.0,"played":[1.0,0.0,0.0],"evs":[0.0,-1.19012,-2.43044]},"74s":{"weight":1.0,"played":[1.0,0.0,0.0],"evs":[0.0,-1.01722,-2.14015]},"75s":{"weight":1.0,"played":[0.9999,1.0E-4,0.0],"evs":[0.0,-0.56561,-1.53253]},"76s":{"weight":1.0,"played":[1.0,0.0,0.0],"evs":[0.0,-0.38335,-1.13848]},"77":{"weight":1.0,"played":[1.0E-4,0.0149,0.9851],"evs":[0.0,0.28637,0.37044]},"87o":{"weight":1.0,"played":[1.0,0.0,0.0],"evs":[0.0,-0.96284,-2.03808]},"97o":{"weight":1.0,"played":[1.0,0.0,0.0],"evs":[0.0,-1.21031,-2.45998]},"T7o":{"weight":1.0,"played":[1.0,0.0,0.0],"evs":[0.0,-1.20808,-2.55706]},"J7o":{"weight":1.0,"played":[1.0,0.0,0.0],"evs":[0.0,-1.32069,-2.70298]},"Q7o":{"weight":1.0,"played":[1.0,0.0,0.0],"evs":[0.0,-1.26725,-2.66665]},"K7o":{"weight":1.0,"played":[1.0,0.0,0.0],"evs":[0.0,-1.10408,-2.11238]},"A7o":{"weight":1.0,"played":[1.0,0.0,0.0],"evs":[0.0,-0.85311,-1.22883]},"82s":{"weight":1.0,"played":[1.0,0.0,0.0],"evs":[0.0,-1.28623,-2.57585]},"83s":{"weight":1.0,"played":[1.0,0.0,0.0],"evs":[0.0,-1.2803,-2.66498]},"84s":{"weight":1.0,"played":[1.0,0.0,0.0],"evs":[0.0,-1.15999,-2.40922]},"85s":{"weight":1.0,"played":[1.0,0.0,0.0],"evs":[0.0,-0.81417,-1.84454]},"86s":{"weight":1.0,"played":[1.0,0.0,0.0],"evs":[0.0,-0.64454,-1.53334]},"87s":{"weight":1.0,"played":[1.0,0.0,0.0],"evs":[0.0,-0.62073,-1.4178]},"88":{"weight":1.0,"played":[1.0E-4,0.0017,0.9982],"evs":[0.0,0.40193,0.52934]},"98o":{"weight":1.0,"played":[1.0,0.0,0.0],"evs":[0.0,-1.06845,-2.23647]},"T8o":{"weight":1.0,"played":[1.0,0.0,0.0],"evs":[0.0,-1.13891,-2.38804]},"J8o":{"weight":1.0,"played":[1.0,0.0,0.0],"evs":[0.0,-1.21455,-2.43911]},"Q8o":{"weight":1.0,"played":[1.0,0.0,0.0],"evs":[0.0,-1.23473,-2.50143]},"K8o":{"weight":1.0,"played":[1.0,0.0,0.0],"evs":[0.0,-1.11985,-2.14426]},"A8o":{"weight":1.0,"played":[1.0,0.0,0.0],"evs":[0.0,-0.77798,-1.04574]},"92s":{"weight":1.0,"played":[1.0,0.0,0.0],"evs":[0.0,-1.37772,-2.81267]},"93s":{"weight":1.0,"played":[1.0,0.0,0.0],"evs":[0.0,-1.35363,-2.67002]},"94s":{"weight":1.0,"played":[1.0,0.0,0.0],"evs":[0.0,-1.36856,-2.62799]},"95s":{"weight":1.0,"played":[1.0,0.0,0.0],"evs":[0.0,-1.03775,-2.1768]},"96s":{"weight":1.0,"played":[1.0,0.0,0.0],"evs":[0.0,-0.94313,-1.86734]},"97s":{"weight":1.0,"played":[1.0,0.0,0.0],"evs":[0.0,-0.67012,-1.51892]},"98s":{"weight":1.0,"played":[1.0,0.0,0.0],"evs":[0.0,-0.63487,-1.37452]},"99":{"weight":1.0,"played":[0.0,0.0512,0.9487],"evs":[0.0,0.54364,0.74398]},"T9o":{"weight":1.0,"played":[1.0,0.0,0.0],"evs":[0.0,-1.07833,-2.14947]},"J9o":{"weight":1.0,"played":[1.0,0.0,0.0],"evs":[0.0,-1.30462,-2.41186]},"Q9o":{"weight":1.0,"played":[1.0,0.0,0.0],"evs":[0.0,-1.19009,-2.29207]},"K9o":{"weight":1.0,"played":[1.0,0.0,0.0],"evs":[0.0,-1.07839,-1.96638]},"A9o":{"weight":1.0,"played":[1.0,0.0,0.0],