{"player":3,"street":0,"children":2,"sequence":[{"player":0,"type":"R","amount":200000,"street":0},{"player":1,"type":"C","amount":200000,"street":0},{"player":2,"type":"C","amount":200000,"street":0}],"actions":[{"type":"F","amount":0,"node":299},{"type":"R","amount":1495000,"node":328}],"hands":{"22":{"weight":1.0,"played":[0.192,0.808],"evs":[0.0,0.44879]},"32o":{"weight":1.0,"played":[1.0,0.0],"evs":[0.0,-6.7644]},"42o":{"weight":1.0,"played":[0.9999,1.0E-4],"evs":[0.0,-3.92388]},"52o":{"weight":1.0,"played":[0.9999,1.0E-4],"evs":[0.0,-5.64692]},"62o":{"weight":1.0,"played":[0.9993,7.0E-4],"evs":[0.0,-4.15172]},"72o":{"weight":1.0,"played":[0.9998,2.0E-4],"evs":[0.0,-6.22683]},"82o":{"weight":1.0,"played":[1.0,0.0],"evs":[0.0,-6.73734]},"92o":{"weight":1.0,"played":[0.9974,0.0026],"evs":[0.0,-6.79802]},"T2o":{"weight":1.0,"played":[0.9981,0.0019],"evs":[0.0,-6.81608]},"J2o":{"weight":1.0,"played":[0.9999,1.0E-4],"evs":[0.0,-6.14809]},"Q2o":{"weight":1.0,"played":[0.9952,0.0048],"evs":[0.0,-7.38789]},"K2o":{"weight":1.0,"played":[0.9984,0.0016],"evs":[0.0,-5.4695]},"A2o":{"weight":1.0,"played":[0.9991,9.0E-4],"evs":[0.0,-3.41713]},"32s":{"weight":1.0,"played":[0.9981,0.0019],"evs":[0.0,-3.71289]},"33":{"weight":1.0,"played":[0.9509,0.0491],"evs":[0.0,-2.27675]},"43o":{"weight":1.0,"played":[0.9996,4.0E-4],"evs":[0.0,-4.37934]},"53o":{"weight":1.0,"played":[0.9998,2.0E-4],"evs":[0.0,-2.81389]},"63o":{"weight":1.0,"played":[0.9917,0.0083],"evs":[0.0,-4.8948]},"73o":{"weight":1.0,"played":[1.0,0.0],"evs":[0.0,-5.68743]},"83o":{"weight":1.0,"played":[0.9998,2.0E-4],"evs":[0.0,-6.39449]},"93o":{"weight":1.0,"played":[0.9999,1.0E-4],"evs":[0.0,-6.42474]},"T3o":{"weight":1.0,"played":[0.999,0.001],"evs":[0.0,-6.38118]},"J3o":{"weight":1.0,"played":[1.0,0.0],"evs":[0.0,-5.34012]},"Q3o":{"weight":1.0,"played":[0.9965,0.0035],"evs":[0.0,-6.32162]},"K3o":{"weight":1.0,"played":[0.9956,0.0044],"evs":[0.0,-5.47873]},"A3o":{"weight":1.0,"played":[1.0,0.0],"evs":[0.0,-4.16725]},"42s":{"weight":1.0,"played":[0.9963,0.0037],"evs":[0.0,-4.96069]},"43s":{"weight":1.0,"played":[0.9806,0.0194],"evs":[0.0,-2.29658]},"44":{"weight":1.0,"played":[0.635,0.365],"evs":[0.0,0.49326]},"54o":{"weight":1.0,"played":[0.9994,6.0E-4],"evs":[0.0,-3.16326]},"64o":{"weight":1.0,"played":[0.998,0.002],"evs":[0.0,-3.55345]},"74o":{"weight":1.0,"played":[0.999,0.001],"evs":[0.0,-3.90474]},"84o":{"weight":1.0,"played":[0.9999,1.0E-4],"evs":[0.0,-5.2964]},"94o":{"weight":1.0,"played":[1.0,0.0],"evs":[0.0,-6.63389]},"T4o":{"weight":1.0,"played":[0.9982,0.0018],"evs":[0.0,-5.87133]},"J4o":{"weight":1.0,"played":[1.0,0.0],"evs":[0.0,-6.96714]},"Q4o":{"weight":1.0,"played":[0.9985,0.0015],"evs":[0.0,-6.0003]},"K4o":{"weight":1.0,"played":[0.9996,4.0E-4],"evs":[0.0,-5.48285]},"A4o":{"weight":1.0,"played":[0.991,0.009],"evs":[0.0,-3.84711]},"52s":{"weight":1.0,"played":[0.9988,0.0012],"evs":[0.0,-5.76328]},"53s":{"weight":1.0,"played":[0.9078,0.0922],"evs":[0.0,-2.0622]},"54s":{"weight":1.0,"played":[0.6387,0.3613],"evs":[0.0,-2.23515]},"55":{"weight":1.0,"played":[0.6402,0.3598],"evs":[0.0,0.53421]},"65o":{"weight":1.0,"played":[0.9875,0.0125],"evs":[0.0,-2.37407]},"75o":{"weight":1.0,"played":[0.9843,0.0157],"evs":[0.0,-3.91483]},"85o":{"weight":1.0,"played":[0.9976,0.0024],"evs":[0.0,-4.27784]},"95o":{"weight":1.0,"played":[1.0,0.0],"evs":[0.0,-4.58669]},"T5o":{"weight":1.0,"played":[0.9993,7.0E-4],"evs":[0.0,-4.60503]},"J5o":{"weight":1.0,"played":[1.0,0.0],"evs":[0.0,-6.28296]},"Q5o":{"weight":1.0,"played":[0.9987,0.0013],"evs":[0.0,-3.91729]},"K5o":{"weight":1.0,"played":[0.9954,0.0046],"evs":[0.0,-5.65038]},"A5o":{"weight":1.0,"played":[0.9997,3.0E-4],"evs":[0.0,-3.65804]},"62s":{"weight":1.0,"played":[0.994,0.006],"evs":[0.0,-4.07679]},"63s":{"weight":1.0,"played":[0.994,0.006],"evs":[0.0,-1.56639]},"64s":{"weight":1.0,"played":[0.7282,0.2718],"evs":[0.0,-2.11958]},"65s":{"weight":1.0,"played":[0.9697,0.0303],"evs":[0.0,-2.27311]},"66":{"weight":1.0,"played":[0.0329,0.9671],"evs":[0.0,2.27025]},"76o":{"weight":1.0,"played":[0.9956,0.0044],"evs":[0.0,-3.30698]},"86o":{"weight":1.0,"played":[0.9411,0.0589],"evs":[0.0,-2.96102]},"96o":{"weight":1.0,"played":[0.9977,0.0023],"evs":[0.0,-3.48152]},"T6o":{"weight":1.0,"played":[0.9999,1.0E-4],"evs":[0.0,-4.69909]},"J6o":{"weight":1.0,"played":[0.9999,1.0E-4],"evs":[0.0,-5.97922]},"Q6o":{"weight":1.0,"played":[0.9998,2.0E-4],"evs":[0.0,-4.6735]},"K6o":{"weight":1.0,"played":[0.9992,8.0E-4],"evs":[0.0,-4.23717]},"A6o":{"weight":1.0,"played":[0.9915,0.0085],"evs":[0.0,-3.85114]},"72s":{"weight":1.0,"played":[0.9854,0.0146],"evs":[0.0,-4.7766]},"73s":{"weight":1.0,"played":[0.954,0.046],"evs":[0.0,-3.62634]},"74s":{"weight":1.0,"played":[0.957,0.043],"evs":[0.0,-0.60051]},"75s":{"weight":1.0,"played":[0.7513,0.2487],"evs":[0.0,-2.90054]},"76s":{"weight":1.0,"played":[0.6529,0.3471],"evs":[0.0,-2.78544]},"77":{"weight":1.0,"played":[0.0202,0.9798],"evs":[0.0,1.89035]},"87o":{"weight":1.0,"played":[0.9985,0.0015],"evs":[0.0,-1.7009]},"97o":{"weight":1.0,"played":[0.9996,4.0E-4],"evs":[0.0,-3.8643]},"T7o":{"weight":1.0,"played":[0.9938,0.0062],"evs":[0.0,-3.57176]},"J7o":{"weight":1.0,"played":[0.999,0.001],"evs":[0.0,-4.62761]},"Q7o":{"weight":1.0,"played":[0.9983,0.0017],"evs":[0.0,-5.34326]},"K7o":{"weight":1.0,"played":[0.9968,0.0032],"evs":[0.0,-2.00695]},"A7o":{"weight":1.0,"played":[0.9985,0.0015],"evs":[0.0,-1.50389]},"82s":{"weight":1.0,"played":[0.9996,4.0E-4],"evs":[0.0,-0.99948]},"83s":{"weight":1.0,"played":[0.997,0.003],"evs":[0.0,-5.18478]},"84s":{"weight":1.0,"played":[0.9851,0.0149],"evs":[0.0,-4.98265]},"85s":{"weight":1.0,"played":[0.9694,0.0306],"evs":[0.0,-4.55505]},"86s":{"weight":1.0,"played":[0.437,0.563],"evs":[0.0,-1.89464]},"87s":{"weight":1.0,"played":[0.7944,0.2056],"evs":[0.0,-0.43314]},"88":{"weight":1.0,"played":[0.0017,0.9983],"evs":[0.0,5.24832]},"98o":{"weight":1.0,"played":[0.9993,7.0E-4],"evs":[0.0,-2.43803]},"T8o":{"weight":1.0,"played":[0.9993,7.0E-4],"evs":[0.0,-3.39783]},"J8o":{"weight":1.0,"played":[1.0,0.0],"evs":[0.0,-4.63769]},"Q8o":{"weight":1.0,"played":[0.9934,0.0066],"evs":[0.0,-3.30679]},"K8o":{"weight":1.0,"played":[1.0,0.0],"evs":[0.0,-4.80451]},"A8o":{"weight":1.0,"played":[0.9868,0.0132],"evs":[0.0,-3.79706]},"92s":{"weight":1.0,"played":[0.7787,0.2213],"evs":[0.0,-2.88591]},"93s":{"weight":1.0,"played":[0.9907,0.0093],"evs":[0.0,-3.15559]},"94s":{"weight":1.0,"played":[0.943,0.057],"evs":[0.0,-5.00058]},"95s":{"weight":1.0,"played":[0.9958,0.0042],"evs":[0.0,-2.89021]},"96s":{"weight":1.0,"played":[0.9159,0.0841],"evs":[0.0,-2.90846]},"97s":{"weight":1.0,"played":[0.947,0.053],"evs":[0.0,-2.86132]},"98s":{"weight":1.0,"played":[0.1787,0.8213],"evs":[0.0,1.5652]},"99":{"weight":1.0,"played":[0.0361,0.9639],"evs":[0.0,4.0016]},"T9o":{"weight":1.0,"played":[0.9905,0.0095],"evs":[0.0,-1.31402]},"J9o":{"weight":1.0,"played":[0.995,0.005],"evs":[0.0,-4.4549]},"Q9o":{"weight":1.0,"played":[0.9979,0.0021],"evs":[0.0,-4.40303]},"K9o":{"weight":1.0,"played":[0.9557,0.0443],"evs":[0.0,-4.58401]},"A9o":{"weight":1.0,"played":[0.9604,0.0396],"evs":[0.0,-2.79189]},"T2s":{"weight":1.0,"played":[0.9976,0.0024],"evs":[0.0,-5.5646]},"T3s":{"weight":1.0,"played":[0.9349,0.0651],"evs":[0.0,-4.08267]},"T4s":{"weight":1.0,"played":[0.8811,0.1189],"evs":[0.0,-3.53591]},"T5s":{"weight":1.0,"played":[0.9999,1.0E-4],"evs":[0.0,-3.87198]},"T6s":{"weight":1.0,"played":[0.9965,0.0035],"evs":[0.0,-5.53088]},"T7s":{"weight":1.0,"played":[0.8784,0.1216],"evs":[0.0,-1.57781]},"T8s":{"weight":1.0,"played":[0.4798,0.5202],"evs":[0.0,0.66886]},"T9s":{"weight":1.0,"played":[0.8728,0.1272],"evs":[0.0,-1.97857]},"TT":{"weight":1.0,"played":[1.0E-4,0.9999],"evs":[0.0,3.95888]},"JTo":{"weight":1.0,"played":[0.9897,0.0103],"evs":[0.0,-2.66839]},"QTo":{"weight":1.0,"played":[0.9821,0.0179],"evs":[0.0,-3.48576]},"KTo":{"weight":1.0,"played":[0.9867,0.0133],"evs":[0.0,-3.88488]},"ATo":{"weight":1.0,"played":[0.2129,0.7871],