{"equityUnit":"TABLE_EQUITY_PERCENT","conversionFactors":{"toUSD":2.3368218,"toRegularPrizePercent":0.06258226},"preHandEquity":[3.44997,21.24972,0.11938,48.35624,21.36392,5.46077],"bubbleFactors":[[-1.0,1.007,0.036,1.007,1.007,1.007],[0.513,-1.0,0.035,1.044,1.043,0.628],[1.0,1.0,-1.0,1.0,1.0,1.0],[0.501,0.893,0.033,-1.0,0.785,0.617],[0.513,0.903,0.035,1.044,-1.0,0.628],[0.52,1.012,0.036,1.012,1.012,-1.0]]}