{"player":1,"street":0,"children":3,"sequence":[{"player":0,"type":"F","amount":0,"street":0}],"actions":[{"type":"F","amount":0,"node":2},{"type":"C","amount":1000000,"node":18},{"type":"R","amount":13920000,"node":122}],"hands":{"22":{"weight":1.0,"played":[0.0,0.0,1.0],"evs":[0.0,0.49904,0.97493]},"32o":{"weight":1.0,"played":[1.0,0.0,0.0],"evs":[0.0,-0.59934,-1.1854]},"42o":{"weight":1.0,"played":[1.0,0.0,0.0],"evs":[0.0,-0.54497,-1.10496]},"52o":{"weight":1.0,"played":[1.0,0.0,0.0],"evs":[0.0,-0.49089,-1.01351]},"62o":{"weight":1.0,"played":[1.0,0.0,0.0],"evs":[0.0,-0.59317,-1.20661]},"72o":{"weight":1.0,"played":[1.0,0.0,0.0],"evs":[0.0,-0.65227,-1.29184]},"82o":{"weight":1.0,"played":[1.0,0.0,0.0],"evs":[0.0,-0.59849,-1.14405]},"92o":{"weight":1.0,"played":[1.0,0.0,0.0],"evs":[0.0,-0.54394,-1.03096]},"T2o":{"weight":1.0,"played":[1.0,0.0,0.0],"evs":[0.0,-0.46515,-0.86425]},"J2o":{"weight":1.0,"played":[1.0,0.0,0.0],"evs":[0.0,-0.38156,-0.68097]},"Q2o":{"weight":1.0,"played":[1.0,0.0,0.0],"evs":[0.0,-0.23129,-0.43284]},"K2o":{"weight":1.0,"played":[0.0,1.0,0.0],"evs":[0.0,0.02234,-0.02513]},"A2o":{"weight":1.0,"played":[0.0,0.0364,0.9636],"evs":[0.0,0.8103,0.81681]},"32s":{"weight":1.0,"played":[1.0,0.0,0.0],"evs":[0.0,-0.27029,-0.57812]},"33":{"weight":1.0,"played":[0.0,0.0,1.0],"evs":[0.0,0.70366,1.1791]},"43o":{"weight":1.0,"played":[1.0,0.0,0.0],"evs":[0.0,-0.4066,-0.85746]},"53o":{"weight":1.0,"played":[1.0,0.0,0.0],"evs":[0.0,-0.34398,-0.75992]},"63o":{"weight":1.0,"played":[1.0,0.0,0.0],"evs":[0.0,-0.44454,-0.9495]},"73o":{"weight":1.0,"played":[1.0,0.0,0.0],"evs":[0.0,-0.51091,-1.03615]},"83o":{"weight":1.0,"played":[1.0,0.0,0.0],"evs":[0.0,-0.56978,-1.10973]},"93o":{"weight":1.0,"played":[1.0,0.0,0.0],"evs":[0.0,-0.49431,-0.95094]},"T3o":{"weight":1.0,"played":[1.0,0.0,0.0],"evs":[0.0,-0.41544,-0.78312]},"J3o":{"weight":1.0,"played":[1.0,0.0,0.0],"evs":[0.0,-0.32307,-0.59789]},"Q3o":{"weight":1.0,"played":[1.0,0.0,0.0],"evs":[0.0,-0.17009,-0.34807]},"K3o":{"weight":1.0,"played":[0.0,1.0,0.0],"evs":[0.0,0.09043,0.05821]},"A3o":{"weight":1.0,"played":[0.0,0.0024,0.9976],"evs":[0.0,0.89658,0.90594]},"42s":{"weight":1.0,"played":[1.0,0.0,0.0],"evs":[0.0,-0.20436,-0.49472]},"43s":{"weight":1.0,"played":[1.0,0.0,0.0],"evs":[0.0,-0.0493,-0.26352]},"44":{"weight":1.0,"played":[0.0,0.0,1.0],"evs":[0.0,0.99548,1.38392]},"54o":{"weight":1.0,"played":[1.0,0.0,0.0],"evs":[0.0,-0.20306,-0.52596]},"64o":{"weight":1.0,"played":[1.0,0.0,0.0],"evs":[0.0,-0.29512,-0.69735]},"74o":{"weight":1.0,"played":[1.0,0.0,0.0],"evs":[0.0,-0.35929,-0.78345]},"84o":{"weight":1.0,"played":[1.0,0.0,0.0],"evs":[0.0,-0.42022,-0.85682]},"94o":{"weight":1.0,"played":[1.0,0.0,0.0],"evs":[0.0,-0.46026,-0.91778]},"T4o":{"weight":1.0,"played":[1.0,0.0,0.0],"evs":[0.0,-0.35783,-0.70131]},"J4o":{"weight":1.0,"played":[1.0,0.0,0.0],"evs":[0.0,-0.26352,-0.5127]},"Q4o":{"weight":1.0,"played":[1.0,0.0,0.0],"evs":[0.0,-0.10231,-0.26335]},"K4o":{"weight":1.0,"played":[0.0,1.0,0.0],"evs":[0.0,0.15949,0.1403]},"A4o":{"weight":1.0,"played":[0.0,0.0058,0.9942],"evs":[0.0,0.97846,0.98948]},"52s":{"weight":1.0,"played":[1.0,0.0,0.0],"evs":[0.0,-0.14779,-0.41601]},"53s":{"weight":1.0,"played":[0.0279,0.9721,0.0],"evs":[0.0,0.01567,-0.17714]},"54s":{"weight":1.0,"played":[0.0,1.0,0.0],"evs":[0.0,0.15502,0.04517]},"55":{"weight":1.0,"played":[0.0,0.0,1.0],"evs":[0.0,1.41625,1.63623]},"65o":{"weight":1.0,"played":[1.0,0.0,0.0],"evs":[0.0,-0.1449,-0.46002]},"75o":{"weight":1.0,"played":[1.0,0.0,0.0],"evs":[0.0,-0.20138,-0.54183]},"85o":{"weight":1.0,"played":[1.0,0.0,0.0],"evs":[0.0,-0.2601,-0.60481]},"95o":{"weight":1.0,"played":[1.0,0.0,0.0],"evs":[0.0,-0.30182,-0.65893]},"T5o":{"weight":1.0,"played":[1.0,0.0,0.0],"evs":[0.0,-0.31122,-0.65722]},"J5o":{"weight":1.0,"played":[1.0,0.0,0.0],"evs":[0.0,-0.19135,-0.43261]},"Q5o":{"weight":1.0,"played":[0.9986,0.0014,0.0],"evs":[0.0,-0.02694,-0.17864]},"K5o":{"weight":1.0,"played":[0.0,0.6148,0.3852],"evs":[0.0,0.25113,0.24591]},"A5o":{"weight":1.0,"played":[0.0,1.0E-4,0.9999],"evs":[0.0,1.08414,1.11607]},"62s":{"weight":1.0,"played":[1.0,0.0,0.0],"evs":[0.0,-0.2455,-0.57765]},"63s":{"weight":1.0,"played":[1.0,0.0,0.0],"evs":[0.0,-0.09235,-0.34857]},"64s":{"weight":1.0,"played":[2.0E-4,0.9998,0.0],"evs":[0.0,0.07196,-0.10719]},"65s":{"weight":1.0,"played":[0.0,1.0,0.0],"evs":[0.0,0.22524,0.11432]},"66":{"weight":1.0,"played":[0.0,0.0,1.0],"evs":[0.0,1.78042,1.86873]},"76o":{"weight":1.0,"played":[1.0,0.0,0.0],"evs":[0.0,-0.06438,-0.3161]},"86o":{"weight":1.0,"played":[1.0,0.0,0.0],"evs":[0.0,-0.1142,-0.373]},"96o":{"weight":1.0,"played":[1.0,0.0,0.0],"evs":[0.0,-0.15013,-0.42619]},"T6o":{"weight":1.0,"played":[1.0,0.0,0.0],"evs":[0.0,-0.16213,-0.42565]},"J6o":{"weight":1.0,"played":[1.0,0.0,0.0],"evs":[0.0,-0.15765,-0.40051]},"Q6o":{"weight":1.0,"played":[0.0,1.0,0.0],"evs":[0.0,0.03401,-0.0964]},"K6o":{"weight":1.0,"played":[0.0,0.1052,0.8948],"evs":[0.0,0.33281,0.35222]},"A6o":{"weight":1.0,"played":[0.0,0.4103,0.5897],"evs":[0.0,1.04888,1.04824]},"72s":{"weight":1.0,"played":[1.0,0.0,0.0],"evs":[0.0,-0.30363,-0.66505]},"73s":{"weight":1.0,"played":[1.0,0.0,0.0],"evs":[0.0,-0.1673,-0.42365]},"74s":{"weight":1.0,"played":[0.2106,0.7894,0.0],"evs":[0.0,0.00224,-0.19358]},"75s":{"weight":1.0,"played":[0.0,1.0,0.0],"evs":[0.0,0.16655,0.03574]},"76s":{"weight":1.0,"played":[0.0,0.9999,1.0E-4],"evs":[0.0,0.30809,0.23703]},"77":{"weight":1.0,"played":[0.0,0.0,1.0],"evs":[0.0,2.20438,2.2317]},"87o":{"weight":1.0,"played":[2.0E-4,0.9998,0.0],"evs":[0.0,0.01148,-0.14907]},"97o":{"weight":1.0,"played":[0.935,0.065,0.0],"evs":[0.0,-0.00639,-0.18296]},"T7o":{"weight":1.0,"played":[0.984,0.016,0.0],"evs":[0.0,-0.00603,-0.16828]},"J7o":{"weight":1.0,"played":[0.9341,0.0659,0.0],"evs":[0.0,-0.00663,-0.13681]},"Q7o":{"weight":1.0,"played":[0.0,1.0,0.0],"evs":[0.0,0.08735,-0.01225]},"K7o":{"weight":1.0,"played":[0.0,0.0016,0.9984],"evs":[0.0,0.43374,0.50317]},"A7o":{"weight":1.0,"played":[0.0,0.0,1.0],"evs":[0.0,1.19588,1.27084]},"82s":{"weight":1.0,"played":[1.0,0.0,0.0],"evs":[0.0,-0.24465,-0.52086]},"83s":{"weight":1.0,"played":[1.0,0.0,0.0],"evs":[0.0,-0.22307,-0.50004]},"84s":{"weight":1.0,"played":[1.0,0.0,0.0],"evs":[0.0,-0.06991,-0.2547]},"85s":{"weight":1.0,"played":[0.0,1.0,0.0],"evs":[0.0,0.10344,-0.01861]},"86s":{"weight":1.0,"played":[0.0,0.9999,1.0E-4],"evs":[0.0,0.25825,0.19389]},"87s":{"weight":1.0,"played":[0.0,0.0246,0.9754],"evs":[0.0,0.39457,0.39781]},"88":{"weight":1.0,"played":[0.0,0.0019,0.9981],"evs":[0.0,2.68942,2.73005]},"98o":{"weight":1.0,"played":[0.0,1.0,0.0],"evs":[0.0,0.13748,0.05498]},"T8o":{"weight":1.0,"played":[0.0,1.0,0.0],"evs":[0.0,0.15932,0.09663]},"J8o":{"weight":1.0,"played":[0.0,1.0,0.0],"evs":[0.0,0.16834,0.13374]},"Q8o":{"weight":1.0,"played":[0.0,0.7482,0.2518],"evs":[0.0,0.27164,0.26795]},"K8o":{"weight":1.0,"played":[0.0,0.0017,0.9983],"evs":[0.0,0.54688,0.63271]},"A8o":{"weight":1.0,"played":[0.0,0.0,1.0],"evs":[0.0,1.35145,1.48983]},"92s":{"weight":1.0,"played":[1.0,0.0,0.0],"evs":[0.0,-0.18855,-0.41343]},"93s":{"weight":1.0,"played":[1.0,0.0,0.0],"evs":[0.0,-0.14317,-0.34502]},"94s":{"weight":1.0,"played":[1.0,0.0,0.0],"evs":[0.0,-0.10854,-0.31134]},"95s":{"weight":1.0,"played":[0.0,1.0,0.0],"evs":[0.0,0.05382,-0.07336]},"96s":{"weight":1.0,"played":[0.0,1.0,0.0],"evs":[0.0,0.21557,0.1482]},"97s":{"weight":1.0,"played":[0.0,0.6585,0.3415],"evs":[0.0,0.37162,0.36049]},"98s":{"weight":1.0,"played":[0.0,0.0,1.0],"evs":[0.0,0.53683,0.58595]},"99":{"weight":1.0,"played":[0.0,0.0079,0.9921],"evs":[0.0,3.21359,3.26373]},"T9o":{"weight":1.0,"played":[0.0,0.5606,0.4394],"evs":[0.0,0.38005,0.37929]},"J9o":{"weight":1.0,"played":[0.0,0.0189,0.9811],"evs":[0.0,0.40807,0.41974]},"Q9o":{"weight":1.0,"played":[0.0,0.0017,0.9983],"evs":[0.0,0.53249,0.58104]},"K9o":{"weight":1.0,"played":[0.0,0.0,1.0],"evs":[0.0,0.84874,0.9612]},"A9o":{"weight":1.0,"played":[0.0,0.0,1.0],"evs":[0.0,1.54923,1.77528]},"T2s":{"weight":1.0,