{"player":3,"street":0,"children":2,"sequence":[{"player":0,"type":"R","amount":985000,"street":0},{"player":1,"type":"C","amount":985000,"street":0},{"player":2,"type":"R","amount":1275000,"street":0}],"actions":[{"type":"F","amount":0,"node":222},{"type":"R","amount":2485000,"node":225}],"hands":{"22":{"weight":1.0,"played":[0.9854,0.0146],"evs":[0.0,-0.48763]},"32o":{"weight":1.0,"played":[1.0,0.0],"evs":[0.0,-4.45643]},"42o":{"weight":1.0,"played":[1.0,0.0],"evs":[0.0,-3.97489]},"52o":{"weight":1.0,"played":[1.0,0.0],"evs":[0.0,-3.78698]},"62o":{"weight":1.0,"played":[0.9999,1.0E-4],"evs":[0.0,-4.0038]},"72o":{"weight":1.0,"played":[1.0,0.0],"evs":[0.0,-5.08803]},"82o":{"weight":1.0,"played":[1.0,0.0],"evs":[0.0,-4.5927]},"92o":{"weight":1.0,"played":[1.0,0.0],"evs":[0.0,-4.58853]},"T2o":{"weight":1.0,"played":[1.0,0.0],"evs":[0.0,-4.62594]},"J2o":{"weight":1.0,"played":[1.0,0.0],"evs":[0.0,-4.43185]},"Q2o":{"weight":1.0,"played":[1.0,0.0],"evs":[0.0,-4.42385]},"K2o":{"weight":1.0,"played":[0.9999,1.0E-4],"evs":[0.0,-3.78102]},"A2o":{"weight":1.0,"played":[1.0,0.0],"evs":[0.0,-3.01827]},"32s":{"weight":1.0,"played":[1.0,0.0],"evs":[0.0,-2.67814]},"33":{"weight":1.0,"played":[0.1062,0.8938],"evs":[0.0,-0.14862]},"43o":{"weight":1.0,"played":[1.0,0.0],"evs":[0.0,-2.93816]},"53o":{"weight":1.0,"played":[0.9995,5.0E-4],"evs":[0.0,-3.00246]},"63o":{"weight":1.0,"played":[1.0,0.0],"evs":[0.0,-3.24401]},"73o":{"weight":1.0,"played":[1.0,0.0],"evs":[0.0,-3.93963]},"83o":{"weight":1.0,"played":[1.0,0.0],"evs":[0.0,-4.7287]},"93o":{"weight":1.0,"played":[1.0,0.0],"evs":[0.0,-4.24575]},"T3o":{"weight":1.0,"played":[1.0,0.0],"evs":[0.0,-4.49389]},"J3o":{"weight":1.0,"played":[1.0,0.0],"evs":[0.0,-4.41418]},"Q3o":{"weight":1.0,"played":[1.0,0.0],"evs":[0.0,-4.16599]},"K3o":{"weight":1.0,"played":[1.0,0.0],"evs":[0.0,-3.64341]},"A3o":{"weight":1.0,"played":[1.0,0.0],"evs":[0.0,-3.02515]},"42s":{"weight":1.0,"played":[0.9995,5.0E-4],"evs":[0.0,-2.02987]},"43s":{"weight":1.0,"played":[0.9911,0.0089],"evs":[0.0,-1.12264]},"44":{"weight":1.0,"played":[1.0E-4,0.9999],"evs":[0.0,0.96954]},"54o":{"weight":1.0,"played":[1.0,0.0],"evs":[0.0,-2.04513]},"64o":{"weight":1.0,"played":[0.9999,1.0E-4],"evs":[0.0,-2.30516]},"74o":{"weight":1.0,"played":[0.9995,5.0E-4],"evs":[0.0,-2.94169]},"84o":{"weight":1.0,"played":[1.0,0.0],"evs":[0.0,-3.39792]},"94o":{"weight":1.0,"played":[1.0,0.0],"evs":[0.0,-4.07374]},"T4o":{"weight":1.0,"played":[1.0,0.0],"evs":[0.0,-4.32978]},"J4o":{"weight":1.0,"played":[0.9999,1.0E-4],"evs":[0.0,-4.12889]},"Q4o":{"weight":1.0,"played":[0.9992,8.0E-4],"evs":[0.0,-3.84577]},"K4o":{"weight":1.0,"played":[1.0,0.0],"evs":[0.0,-3.37192]},"A4o":{"weight":1.0,"played":[0.9998,2.0E-4],"evs":[0.0,-2.4289]},"52s":{"weight":1.0,"played":[0.9989,0.0011],"evs":[0.0,-1.34161]},"53s":{"weight":1.0,"played":[0.9992,8.0E-4],"evs":[0.0,-1.50821]},"54s":{"weight":1.0,"played":[0.3057,0.6943],"evs":[0.0,0.06364]},"55":{"weight":1.0,"played":[1.0E-4,0.9999],"evs":[0.0,1.5681]},"65o":{"weight":1.0,"played":[0.9873,0.0127],"evs":[0.0,-1.07974]},"75o":{"weight":1.0,"played":[0.9999,1.0E-4],"evs":[0.0,-2.33906]},"85o":{"weight":1.0,"played":[1.0,0.0],"evs":[0.0,-2.68418]},"95o":{"weight":1.0,"played":[0.9999,1.0E-4],"evs":[0.0,-3.13513]},"T5o":{"weight":1.0,"played":[0.9999,1.0E-4],"evs":[0.0,-3.70997]},"J5o":{"weight":1.0,"played":[0.9999,1.0E-4],"evs":[0.0,-3.91183]},"Q5o":{"weight":1.0,"played":[0.9994,6.0E-4],"evs":[0.0,-3.57236]},"K5o":{"weight":1.0,"played":[0.999,0.001],"evs":[0.0,-2.78232]},"A5o":{"weight":1.0,"played":[0.9912,0.0088],"evs":[0.0,-2.11392]},"62s":{"weight":1.0,"played":[1.0,0.0],"evs":[0.0,-1.62633]},"63s":{"weight":1.0,"played":[0.9982,0.0018],"evs":[0.0,-1.31208]},"64s":{"weight":1.0,"played":[0.998,0.002],"evs":[0.0,-0.86063]},"65s":{"weight":1.0,"played":[0.2624,0.7376],"evs":[0.0,0.80444]},"66":{"weight":1.0,"played":[1.0E-4,0.9999],"evs":[0.0,1.65277]},"76o":{"weight":1.0,"played":[0.9999,1.0E-4],"evs":[0.0,-1.64736]},"86o":{"weight":1.0,"played":[0.9968,0.0032],"evs":[0.0,-1.96363]},"96o":{"weight":1.0,"played":[0.9999,1.0E-4],"evs":[0.0,-2.76664]},"T6o":{"weight":1.0,"played":[1.0,0.0],"evs":[0.0,-3.32757]},"J6o":{"weight":1.0,"played":[1.0,0.0],"evs":[0.0,-3.73071]},"Q6o":{"weight":1.0,"played":[1.0,0.0],"evs":[0.0,-3.5401]},"K6o":{"weight":1.0,"played":[1.0,0.0],"evs":[0.0,-2.91976]},"A6o":{"weight":1.0,"played":[0.9997,3.0E-4],"evs":[0.0,-2.88393]},"72s":{"weight":1.0,"played":[0.9996,4.0E-4],"evs":[0.0,-2.78219]},"73s":{"weight":1.0,"played":[0.9999,1.0E-4],"evs":[0.0,-1.84688]},"74s":{"weight":1.0,"played":[0.9593,0.0407],"evs":[0.0,-0.83951]},"75s":{"weight":1.0,"played":[0.7785,0.2215],"evs":[0.0,-0.17178]},"76s":{"weight":1.0,"played":[0.0631,0.9369],"evs":[0.0,0.81546]},"77":{"weight":1.0,"played":[2.0E-4,0.9998],"evs":[0.0,3.61601]},"87o":{"weight":1.0,"played":[0.9986,0.0014],"evs":[0.0,-1.78996]},"97o":{"weight":1.0,"played":[1.0,0.0],"evs":[0.0,-1.81069]},"T7o":{"weight":1.0,"played":[0.9999,1.0E-4],"evs":[0.0,-2.34255]},"J7o":{"weight":1.0,"played":[0.999,0.001],"evs":[0.0,-2.2466]},"Q7o":{"weight":1.0,"played":[0.9996,4.0E-4],"evs":[0.0,-2.68963]},"K7o":{"weight":1.0,"played":[0.9998,2.0E-4],"evs":[0.0,-2.47541]},"A7o":{"weight":1.0,"played":[0.9979,0.0021],"evs":[0.0,-2.04378]},"82s":{"weight":1.0,"played":[0.9995,5.0E-4],"evs":[0.0,-2.59649]},"83s":{"weight":1.0,"played":[0.9955,0.0045],"evs":[0.0,-1.97062]},"84s":{"weight":1.0,"played":[0.9983,0.0017],"evs":[0.0,-1.24184]},"85s":{"weight":1.0,"played":[0.2274,0.7726],"evs":[0.0,-0.12547]},"86s":{"weight":1.0,"played":[0.0717,0.9283],"evs":[0.0,0.49896]},"87s":{"weight":1.0,"played":[0.7044,0.2956],"evs":[0.0,-0.21849]},"88":{"weight":1.0,"played":[0.0,1.0],"evs":[0.0,4.13698]},"98o":{"weight":1.0,"played":[0.9996,4.0E-4],"evs":[0.0,-1.4884]},"T8o":{"weight":1.0,"played":[0.9971,0.0029],"evs":[0.0,-1.66164]},"J8o":{"weight":1.0,"played":[0.9988,0.0012],"evs":[0.0,-2.21077]},"Q8o":{"weight":1.0,"played":[0.9994,6.0E-4],"evs":[0.0,-2.42058]},"K8o":{"weight":1.0,"played":[0.9999,1.0E-4],"evs":[0.0,-2.45473]},"A8o":{"weight":1.0,"played":[0.9979,0.0021],"evs":[0.0,-2.27126]},"92s":{"weight":1.0,"played":[1.0,0.0],"evs":[0.0,-1.82903]},"93s":{"weight":1.0,"played":[1.0,0.0],"evs":[0.0,-2.12263]},"94s":{"weight":1.0,"played":[0.9991,9.0E-4],"evs":[0.0,-1.96778]},"95s":{"weight":1.0,"played":[0.9956,0.0044],"evs":[0.0,-0.97312]},"96s":{"weight":1.0,"played":[0.9497,0.0503],"evs":[0.0,-1.06577]},"97s":{"weight":1.0,"played":[0.1469,0.8531],"evs":[0.0,0.10877]},"98s":{"weight":1.0,"played":[0.048,0.952],"evs":[0.0,0.93354]},"99":{"weight":1.0,"played":[0.0,1.0],"evs":[0.0,5.83794]},"T9o":{"weight":1.0,"played":[0.9965,0.0035],"evs":[0.0,-0.89392]},"J9o":{"weight":1.0,"played":[0.996,0.004],"evs":[0.0,-1.19271]},"Q9o":{"weight":1.0,"played":[0.9992,8.0E-4],"evs":[0.0,-1.96007]},"K9o":{"weight":1.0,"played":[0.9951,0.0049],"evs":[0.0,-1.35716]},"A9o":{"weight":1.0,"played":[0.9927,0.0073],"evs":[0.0,-1.69352]},"T2s":{"weight":1.0,"played":[0.9998,2.0E-4],"evs":[0.0,-2.837]},"T3s":{"weight":1.0,"played":[0.9997,3.0E-4],"evs":[0.0,-2.24718]},"T4s":{"weight":1.0,"played":[0.9683,0.0317],"evs":[0.0,-1.06458]},"T5s":{"weight":1.0,"played":[0.9928,0.0072],"evs":[0.0,-1.49005]},"T6s":{"weight":1.0,"played":[0.9912,0.0088],"evs":[0.0,-1.44347]},"T7s":{"weight":1.0,"played":[0.847,0.153],"evs":[0.0,-0.83866]},"T8s":{"weight":1.0,"played":[0.1117,0.8883],"evs":[0.0,0.83869]},"T9s":{"weight":1.0,"played":[0.0033,0.9967],"evs":[0.0,1.41528]},"TT":{"weight":1.0,"played":[0.0,1.0],"evs":[0.0,7.90945]},"JTo":{"weight":1.0,"played":[0.9035,0.0965],"evs":[0.0,-0.79363]},"QTo":{"weight":1.0,"played":[0.9449,0.0551],"evs":[0.0,-1.11984]},"KTo":{"weight":1.0,"played":[0.9933,0.0067],"evs":[0.0,-0.78763]},"ATo":{"weight":1.0,"played":[0.8173,0.1827],"evs":[0.0,-0.36897]},"J2s":{"weight":1.0,"played":[0.9998,2.0E-4],"evs":[0.0,-1.91787]},"J3s":{"weight":1.0,"played":[1.0,0.0],"evs":[0.0,-2.15918]},