{"player":2,"street":0,"children":3,"sequence":[{"player":0,"type":"F","amount":0,"street":0},{"player":1,"type":"R","amount":985000,"street":0}],"actions":[{"type":"F","amount":0,"node":32},{"type":"C","amount":985000,"node":47},{"type":"R","amount":1275000,"node":73}],"hands":{"22":{"weight":1.0,"played":[1.0,0.0,0.0],"evs":[0.0,-0.80699,-0.82123]},"32o":{"weight":1.0,"played":[1.0,0.0,0.0],"evs":[0.0,-3.7617,-3.80474]},"42o":{"weight":1.0,"played":[1.0,0.0,0.0],"evs":[0.0,-3.5833,-3.62413]},"52o":{"weight":1.0,"played":[1.0,0.0,0.0],"evs":[0.0,-3.4489,-3.48645]},"62o":{"weight":1.0,"played":[1.0,0.0,0.0],"evs":[0.0,-3.68838,-3.71888]},"72o":{"weight":1.0,"played":[1.0,0.0,0.0],"evs":[0.0,-4.0007,-4.01801]},"82o":{"weight":1.0,"played":[1.0,0.0,0.0],"evs":[0.0,-3.79981,-3.80769]},"92o":{"weight":1.0,"played":[1.0,0.0,0.0],"evs":[0.0,-3.73578,-3.72878]},"T2o":{"weight":1.0,"played":[1.0,0.0,0.0],"evs":[0.0,-3.59557,-3.57902]},"J2o":{"weight":1.0,"played":[1.0,0.0,0.0],"evs":[0.0,-3.4133,-3.38497]},"Q2o":{"weight":1.0,"played":[1.0,0.0,0.0],"evs":[0.0,-3.12555,-3.10165]},"K2o":{"weight":1.0,"played":[1.0,0.0,0.0],"evs":[0.0,-2.65703,-2.63337]},"A2o":{"weight":1.0,"played":[1.0,0.0,0.0],"evs":[0.0,-1.6876,-1.6978]},"32s":{"weight":1.0,"played":[1.0,0.0,0.0],"evs":[0.0,-2.67059,-2.71515]},"33":{"weight":1.0,"played":[1.0,0.0,0.0],"evs":[0.0,-0.36582,-0.36402]},"43o":{"weight":1.0,"played":[1.0,0.0,0.0],"evs":[0.0,-3.12126,-3.15587]},"53o":{"weight":1.0,"played":[1.0,0.0,0.0],"evs":[0.0,-2.96253,-2.99207]},"63o":{"weight":1.0,"played":[1.0,0.0,0.0],"evs":[0.0,-3.18103,-3.20618]},"73o":{"weight":1.0,"played":[1.0,0.0,0.0],"evs":[0.0,-3.51322,-3.52451]},"83o":{"weight":1.0,"played":[1.0,0.0,0.0],"evs":[0.0,-3.70548,-3.70204]},"93o":{"weight":1.0,"played":[1.0,0.0,0.0],"evs":[0.0,-3.56297,-3.54417]},"T3o":{"weight":1.0,"played":[1.0,0.0,0.0],"evs":[0.0,-3.44474,-3.42734]},"J3o":{"weight":1.0,"played":[1.0,0.0,0.0],"evs":[0.0,-3.21682,-3.18204]},"Q3o":{"weight":1.0,"played":[1.0,0.0,0.0],"evs":[0.0,-2.93528,-2.91318]},"K3o":{"weight":1.0,"played":[1.0,0.0,0.0],"evs":[0.0,-2.4981,-2.47063]},"A3o":{"weight":1.0,"played":[1.0,0.0,0.0],"evs":[0.0,-1.47356,-1.48173]},"42s":{"weight":1.0,"played":[1.0,0.0,0.0],"evs":[0.0,-2.45887,-2.49166]},"43s":{"weight":1.0,"played":[1.0,0.0,0.0],"evs":[0.0,-2.01974,-2.05334]},"44":{"weight":1.0,"played":[0.0,0.6472,0.3528],"evs":[0.0,0.09725,0.10506]},"54o":{"weight":1.0,"played":[1.0,0.0,0.0],"evs":[0.0,-2.49527,-2.52051]},"64o":{"weight":1.0,"played":[1.0,0.0,0.0],"evs":[0.0,-2.69521,-2.70939]},"74o":{"weight":1.0,"played":[1.0,0.0,0.0],"evs":[0.0,-3.00936,-3.0175]},"84o":{"weight":1.0,"played":[1.0,0.0,0.0],"evs":[0.0,-3.22107,-3.21154]},"94o":{"weight":1.0,"played":[1.0,0.0,0.0],"evs":[0.0,-3.45418,-3.43807]},"T4o":{"weight":1.0,"played":[1.0,0.0,0.0],"evs":[0.0,-3.2571,-3.23366]},"J4o":{"weight":1.0,"played":[1.0,0.0,0.0],"evs":[0.0,-3.04818,-3.00697]},"Q4o":{"weight":1.0,"played":[1.0,0.0,0.0],"evs":[0.0,-2.75495,-2.72884]},"K4o":{"weight":1.0,"played":[1.0,0.0,0.0],"evs":[0.0,-2.30993,-2.27903]},"A4o":{"weight":1.0,"played":[1.0,0.0,0.0],"evs":[0.0,-1.27077,-1.27509]},"52s":{"weight":1.0,"played":[1.0,0.0,0.0],"evs":[0.0,-2.33748,-2.37287]},"53s":{"weight":1.0,"played":[1.0,0.0,0.0],"evs":[0.0,-1.86858,-1.89538]},"54s":{"weight":1.0,"played":[1.0,0.0,0.0],"evs":[0.0,-1.45739,-1.48322]},"55":{"weight":1.0,"played":[0.0,0.6509,0.3491],"evs":[0.0,0.65809,0.67198]},"65o":{"weight":1.0,"played":[1.0,0.0,0.0],"evs":[0.0,-2.29018,-2.30487]},"75o":{"weight":1.0,"played":[1.0,0.0,0.0],"evs":[0.0,-2.56028,-2.5643]},"85o":{"weight":1.0,"played":[1.0,0.0,0.0],"evs":[0.0,-2.77758,-2.76827]},"95o":{"weight":1.0,"played":[1.0,0.0,0.0],"evs":[0.0,-3.03594,-3.0172]},"T5o":{"weight":1.0,"played":[1.0,0.0,0.0],"evs":[0.0,-3.22284,-3.19662]},"J5o":{"weight":1.0,"played":[1.0,0.0,0.0],"evs":[0.0,-2.94932,-2.9099]},"Q5o":{"weight":1.0,"played":[1.0,0.0,0.0],"evs":[0.0,-2.63294,-2.60432]},"K5o":{"weight":1.0,"played":[1.0,0.0,0.0],"evs":[0.0,-2.1934,-2.15666]},"A5o":{"weight":1.0,"played":[1.0,0.0,0.0],"evs":[0.0,-1.0394,-1.03869]},"62s":{"weight":1.0,"played":[1.0,0.0,0.0],"evs":[0.0,-2.55105,-2.57366]},"63s":{"weight":1.0,"played":[1.0,0.0,0.0],"evs":[0.0,-2.10634,-2.13163]},"64s":{"weight":1.0,"played":[1.0,0.0,0.0],"evs":[0.0,-1.63472,-1.65223]},"65s":{"weight":1.0,"played":[1.0,0.0,0.0],"evs":[0.0,-1.25727,-1.27047]},"66":{"weight":1.0,"played":[0.0,0.5149,0.4851],"evs":[0.0,1.24404,1.27987]},"76o":{"weight":1.0,"played":[1.0,0.0,0.0],"evs":[0.0,-2.08781,-2.08131]},"86o":{"weight":1.0,"played":[1.0,0.0,0.0],"evs":[0.0,-2.25483,-2.23924]},"96o":{"weight":1.0,"played":[1.0,0.0,0.0],"evs":[0.0,-2.49253,-2.46407]},"T6o":{"weight":1.0,"played":[1.0,0.0,0.0],"evs":[0.0,-2.67809,-2.64291]},"J6o":{"weight":1.0,"played":[1.0,0.0,0.0],"evs":[0.0,-2.76905,-2.727]},"Q6o":{"weight":1.0,"played":[1.0,0.0,0.0],"evs":[0.0,-2.41597,-2.37582]},"K6o":{"weight":1.0,"played":[1.0,0.0,0.0],"evs":[0.0,-1.93799,-1.90165]},"A6o":{"weight":1.0,"played":[1.0,0.0,0.0],"evs":[0.0,-1.13216,-1.12507]},"72s":{"weight":1.0,"played":[1.0,0.0,0.0],"evs":[0.0,-2.87359,-2.88946]},"73s":{"weight":1.0,"played":[1.0,0.0,0.0],"evs":[0.0,-2.37745,-2.38558]},"74s":{"weight":1.0,"played":[1.0,0.0,0.0],"evs":[0.0,-1.92065,-1.92203]},"75s":{"weight":1.0,"played":[1.0,0.0,0.0],"evs":[0.0,-1.51921,-1.51939]},"76s":{"weight":1.0,"played":[1.0,0.0,0.0],"evs":[0.0,-1.07514,-1.07569]},"77":{"weight":1.0,"played":[0.0,0.5123,0.4877],"evs":[0.0,1.79198,1.83052]},"87o":{"weight":1.0,"played":[1.0,0.0,0.0],"evs":[0.0,-1.97139,-1.94777]},"97o":{"weight":1.0,"played":[1.0,0.0,0.0],"evs":[0.0,-2.14523,-2.11461]},"T7o":{"weight":1.0,"played":[1.0,0.0,0.0],"evs":[0.0,-2.30945,-2.27705]},"J7o":{"weight":1.0,"played":[1.0,0.0,0.0],"evs":[0.0,-2.43574,-2.39326]},"Q7o":{"weight":1.0,"played":[1.0,0.0,0.0],"evs":[0.0,-2.43194,-2.39398]},"K7o":{"weight":1.0,"played":[1.0,0.0,0.0],"evs":[0.0,-1.88122,-1.84587]},"A7o":{"weight":1.0,"played":[1.0,0.0,0.0],"evs":[0.0,-0.77605,-0.77527]},"82s":{"weight":1.0,"played":[1.0,0.0,0.0],"evs":[0.0,-2.66152,-2.66676]},"83s":{"weight":1.0,"played":[1.0,0.0,0.0],"evs":[0.0,-2.56598,-2.5708]},"84s":{"weight":1.0,"played":[1.0,0.0,0.0],"evs":[0.0,-2.08615,-2.07902]},"85s":{"weight":1.0,"played":[1.0,0.0,0.0],"evs":[0.0,-1.71082,-1.70208]},"86s":{"weight":1.0,"played":[1.0,0.0,0.0],"evs":[0.0,-1.23616,-1.22084]},"87s":{"weight":1.0,"played":[1.0,0.0,0.0],"evs":[0.0,-0.97287,-0.95702]},"88":{"weight":1.0,"played":[0.0,0.4639,0.5361],"evs":[0.0,2.5638,2.60727]},"98o":{"weight":1.0,"played":[1.0,0.0,0.0],"evs":[0.0,-1.75674,-1.72283]},"T8o":{"weight":1.0,"played":[1.0,0.0,0.0],"evs":[0.0,-1.87057,-1.83488]},"J8o":{"weight":1.0,"played":[1.0,0.0,0.0],"evs":[0.0,-1.96931,-1.92129]},"Q8o":{"weight":1.0,"played":[1.0,0.0,0.0],"evs":[0.0,-1.95452,-1.92097]},"K8o":{"weight":1.0,"played":[1.0,0.0,0.0],"evs":[0.0,-1.75414,-1.72289]},"A8o":{"weight":1.0,"played":[1.0,0.0,0.0],"evs":[0.0,-0.27599,-0.27815]},"92s":{"weight":1.0,"played":[1.0,0.0,0.0],"evs":[0.0,-2.53399,-2.53137]},"93s":{"weight":1.0,"played":[1.0,0.0,0.0],"evs":[0.0,-2.39383,-2.37584]},"94s":{"weight":1.0,"played":[1.0,0.0,0.0],"evs":[0.0,-2.31685,-2.31073]},"95s":{"weight":1.0,"played":[1.0,0.0,0.0],"evs":[0.0,-1.95177,-1.93767]},"96s":{"weight":1.0,"played":[1.0,0.0,0.0],"evs":[0.0,-1.41967,-1.39438]},"97s":{"weight":1.0,"played":[1.0,0.0,0.0],"evs":[0.0,-1.09684,-1.07279]},"98s":{"weight":1.0,"played":[1.0,0.0,0.0],"evs":[0.0,-0.73272,-0.70932]},"99":{"weight":1.0,"played":[0.0,0.4318,0.5682],"evs":[0.0,3.44396,3.48653]},"T9o":{"weight":1.0,"played":[1.0,0.0,0.0],"evs":[0.0,-1.42527,-1.3858]},"J9o":{"weight":1.0,"played":[1.0,0.0,0.0],"evs":[0.0,-1.5281,-1.48326]},"Q9o":{"weight":1.0,"played":[1.0,0.0,0.0],"evs":[0.0,-1.47327,-1.44173]},"K9o":{"weight":1.0,"played":[1.0,0.0,0.0],"evs":[0.0,-1.25077,-1.22672]},"A9o":{"weight":1.0,"played":[0.0,0.6593,0.3407],"evs":[0.0,0.29468,0.28694]},"T2s":{"weight":1.0,