{"player":2,"street":0,"children":3,"sequence":[{"player":0,"type":"C","amount":100000,"street":0},{"player":1,"type":"F","amount":0,"street":0}],"actions":[{"type":"F","amount":0,"node":133},{"type":"C","amount":100000,"node":154},{"type":"R","amount":645000,"node":191}],"hands":{"22":{"weight":1.0,"played":[0.0,0.9999,0.0],"evs":[0.0,0.22031,0.05171]},"32o":{"weight":1.0,"played":[1.0,0.0,0.0],"evs":[0.0,-0.89023,-3.03092]},"42o":{"weight":1.0,"played":[1.0,0.0,0.0],"evs":[0.0,-0.84844,-2.86339]},"52o":{"weight":1.0,"played":[1.0,0.0,0.0],"evs":[0.0,-0.82127,-2.7153]},"62o":{"weight":1.0,"played":[1.0,0.0,0.0],"evs":[0.0,-0.88151,-3.00455]},"72o":{"weight":1.0,"played":[1.0,0.0,0.0],"evs":[0.0,-0.92675,-3.27822]},"82o":{"weight":1.0,"played":[1.0,0.0,0.0],"evs":[0.0,-0.90457,-3.17451]},"92o":{"weight":1.0,"played":[1.0,0.0,0.0],"evs":[0.0,-0.88137,-3.08309]},"T2o":{"weight":1.0,"played":[1.0,0.0,0.0],"evs":[0.0,-0.8117,-2.86829]},"J2o":{"weight":1.0,"played":[1.0,0.0,0.0],"evs":[0.0,-0.7378,-2.61533]},"Q2o":{"weight":1.0,"played":[1.0,0.0,0.0],"evs":[0.0,-0.65144,-2.2156]},"K2o":{"weight":1.0,"played":[1.0,0.0,0.0],"evs":[0.0,-0.51098,-1.57234]},"A2o":{"weight":1.0,"played":[0.0,1.0,0.0],"evs":[0.0,0.08942,-0.00228]},"32s":{"weight":1.0,"played":[1.0,0.0,0.0],"evs":[0.0,-0.66268,-2.00318]},"33":{"weight":1.0,"played":[0.0,0.0,1.0],"evs":[0.0,0.56094,0.57243]},"43o":{"weight":1.0,"played":[1.0,0.0,0.0],"evs":[0.0,-0.75694,-2.40658]},"53o":{"weight":1.0,"played":[1.0,0.0,0.0],"evs":[0.0,-0.71677,-2.22657]},"63o":{"weight":1.0,"played":[1.0,0.0,0.0],"evs":[0.0,-0.78019,-2.53316]},"73o":{"weight":1.0,"played":[1.0,0.0,0.0],"evs":[0.0,-0.84005,-2.81435]},"83o":{"weight":1.0,"played":[1.0,0.0,0.0],"evs":[0.0,-0.88021,-3.07642]},"93o":{"weight":1.0,"played":[1.0,0.0,0.0],"evs":[0.0,-0.85145,-2.90555]},"T3o":{"weight":1.0,"played":[1.0,0.0,0.0],"evs":[0.0,-0.78282,-2.69966]},"J3o":{"weight":1.0,"played":[1.0,0.0,0.0],"evs":[0.0,-0.70388,-2.44187]},"Q3o":{"weight":1.0,"played":[1.0,0.0,0.0],"evs":[0.0,-0.61322,-2.03739]},"K3o":{"weight":1.0,"played":[1.0,0.0,0.0],"evs":[0.0,-0.47033,-1.38661]},"A3o":{"weight":1.0,"played":[0.0,0.1494,0.8506],"evs":[0.0,0.18383,0.18706]},"42s":{"weight":1.0,"played":[1.0,0.0,0.0],"evs":[0.0,-0.61181,-1.82821]},"43s":{"weight":1.0,"played":[1.0,0.0,0.0],"evs":[0.0,-0.43809,-1.41157]},"44":{"weight":1.0,"played":[0.0,0.0,1.0],"evs":[0.0,0.95229,1.05744]},"54o":{"weight":1.0,"played":[1.0,0.0,0.0],"evs":[0.0,-0.62277,-1.79738]},"64o":{"weight":1.0,"played":[1.0,0.0,0.0],"evs":[0.0,-0.67293,-2.05923]},"74o":{"weight":1.0,"played":[1.0,0.0,0.0],"evs":[0.0,-0.73239,-2.32905]},"84o":{"weight":1.0,"played":[1.0,0.0,0.0],"evs":[0.0,-0.78533,-2.58832]},"94o":{"weight":1.0,"played":[1.0,0.0,0.0],"evs":[0.0,-0.81943,-2.80303]},"T4o":{"weight":1.0,"played":[1.0,0.0,0.0],"evs":[0.0,-0.75315,-2.52466]},"J4o":{"weight":1.0,"played":[1.0,0.0,0.0],"evs":[0.0,-0.66792,-2.25984]},"Q4o":{"weight":1.0,"played":[1.0,0.0,0.0],"evs":[0.0,-0.57819,-1.86966]},"K4o":{"weight":1.0,"played":[1.0,0.0,0.0],"evs":[0.0,-0.42824,-1.21413]},"A4o":{"weight":1.0,"played":[0.0,0.0,1.0],"evs":[0.0,0.28189,0.38219]},"52s":{"weight":1.0,"played":[1.0,0.0,0.0],"evs":[0.0,-0.58071,-1.71196]},"53s":{"weight":1.0,"played":[1.0,0.0,0.0],"evs":[0.0,-0.31072,-1.25966]},"54s":{"weight":1.0,"played":[0.0055,0.9945,0.0],"evs":[0.0,0.02257,-0.84164]},"55":{"weight":1.0,"played":[0.0,0.0,1.0],"evs":[0.0,1.38455,1.51067]},"65o":{"weight":1.0,"played":[1.0,0.0,0.0],"evs":[0.0,-0.53136,-1.64555]},"75o":{"weight":1.0,"played":[1.0,0.0,0.0],"evs":[0.0,-0.6062,-1.87836]},"85o":{"weight":1.0,"played":[1.0,0.0,0.0],"evs":[0.0,-0.67793,-2.12981]},"95o":{"weight":1.0,"played":[1.0,0.0,0.0],"evs":[0.0,-0.73111,-2.3447]},"T5o":{"weight":1.0,"played":[1.0,0.0,0.0],"evs":[0.0,-0.72238,-2.42738]},"J5o":{"weight":1.0,"played":[1.0,0.0,0.0],"evs":[0.0,-0.63395,-2.10582]},"Q5o":{"weight":1.0,"played":[1.0,0.0,0.0],"evs":[0.0,-0.53822,-1.71262]},"K5o":{"weight":1.0,"played":[1.0,0.0,0.0],"evs":[0.0,-0.3593,-1.05486]},"A5o":{"weight":1.0,"played":[0.0,0.0,1.0],"evs":[0.0,0.42193,0.57447]},"62s":{"weight":1.0,"played":[1.0,0.0,0.0],"evs":[0.0,-0.65351,-1.96434]},"63s":{"weight":1.0,"played":[1.0,0.0,0.0],"evs":[0.0,-0.48619,-1.51679]},"64s":{"weight":1.0,"played":[1.0,0.0,0.0],"evs":[0.0,-0.13522,-1.08243]},"65s":{"weight":1.0,"played":[2.0E-4,0.9998,0.0],"evs":[0.0,0.16589,-0.71269]},"66":{"weight":1.0,"played":[0.0,1.0E-4,0.9999],"evs":[0.0,1.74628,1.87489]},"76o":{"weight":1.0,"played":[1.0,0.0,0.0],"evs":[0.0,-0.44199,-1.52488]},"86o":{"weight":1.0,"played":[1.0,0.0,0.0],"evs":[0.0,-0.51671,-1.74849]},"96o":{"weight":1.0,"played":[1.0,0.0,0.0],"evs":[0.0,-0.60903,-1.93227]},"T6o":{"weight":1.0,"played":[1.0,0.0,0.0],"evs":[0.0,-0.62383,-2.03617]},"J6o":{"weight":1.0,"played":[1.0,0.0,0.0],"evs":[0.0,-0.60324,-2.04964]},"Q6o":{"weight":1.0,"played":[1.0,0.0,0.0],"evs":[0.0,-0.5012,-1.60778]},"K6o":{"weight":1.0,"played":[1.0,0.0,0.0],"evs":[0.0,-0.28959,-0.89959]},"A6o":{"weight":1.0,"played":[0.0,1.0E-4,0.9999],"evs":[0.0,0.37822,0.51031]},"72s":{"weight":1.0,"played":[1.0,0.0,0.0],"evs":[0.0,-0.69265,-2.23008]},"73s":{"weight":1.0,"played":[1.0,0.0,0.0],"evs":[0.0,-0.58286,-1.77809]},"74s":{"weight":1.0,"played":[1.0,0.0,0.0],"evs":[0.0,-0.31724,-1.32542]},"75s":{"weight":1.0,"played":[1.0E-4,0.9999,0.0],"evs":[0.0,0.03344,-0.91617]},"76s":{"weight":1.0,"played":[0.0,1.0,0.0],"evs":[0.0,0.28672,-0.6028]},"77":{"weight":1.0,"played":[0.0,0.0,1.0],"evs":[0.0,2.1734,2.32409]},"87o":{"weight":1.0,"played":[1.0,0.0,0.0],"evs":[0.0,-0.33934,-1.43955]},"97o":{"weight":1.0,"played":[1.0,0.0,0.0],"evs":[0.0,-0.463,-1.62208]},"T7o":{"weight":1.0,"played":[1.0,0.0,0.0],"evs":[0.0,-0.47056,-1.69378]},"J7o":{"weight":1.0,"played":[1.0,0.0,0.0],"evs":[0.0,-0.47919,-1.73897]},"Q7o":{"weight":1.0,"played":[1.0,0.0,0.0],"evs":[0.0,-0.44861,-1.58092]},"K7o":{"weight":1.0,"played":[1.0,0.0,0.0],"evs":[0.0,-0.20455,-0.76784]},"A7o":{"weight":1.0,"played":[0.0,0.0,1.0],"evs":[0.0,0.59754,0.88895]},"82s":{"weight":1.0,"played":[1.0,0.0,0.0],"evs":[0.0,-0.66431,-2.12059]},"83s":{"weight":1.0,"played":[1.0,0.0,0.0],"evs":[0.0,-0.63333,-2.02179]},"84s":{"weight":1.0,"played":[1.0,0.0,0.0],"evs":[0.0,-0.47062,-1.57053]},"85s":{"weight":1.0,"played":[1.0,0.0,0.0],"evs":[0.0,-0.15196,-1.15485]},"86s":{"weight":1.0,"played":[1.0E-4,0.9999,0.0],"evs":[0.0,0.18487,-0.77858]},"87s":{"weight":1.0,"played":[0.0,1.0,0.0],"evs":[0.0,0.42853,-0.49426]},"88":{"weight":1.0,"played":[0.0,1.0E-4,0.9999],"evs":[0.0,2.64769,2.94946]},"98o":{"weight":1.0,"played":[1.0,0.0,0.0],"evs":[0.0,-0.20854,-1.3145]},"T8o":{"weight":1.0,"played":[1.0,0.0,0.0],"evs":[0.0,-0.24781,-1.33212]},"J8o":{"weight":1.0,"played":[1.0,0.0,0.0],"evs":[0.0,-0.27098,-1.32356]},"Q8o":{"weight":1.0,"played":[1.0,0.0,0.0],"evs":[0.0,-0.27695,-1.14823]},"K8o":{"weight":1.0,"played":[1.0,0.0,0.0],"evs":[0.0,-0.13413,-0.61264]},"A8o":{"weight":1.0,"played":[0.0,0.0,1.0],"evs":[0.0,0.92328,1.39813]},"92s":{"weight":1.0,"played":[1.0,0.0,0.0],"evs":[0.0,-0.62605,-2.02599]},"93s":{"weight":1.0,"played":[1.0,0.0,0.0],"evs":[0.0,-0.5938,-1.86147]},"94s":{"weight":1.0,"played":[1.0,0.0,0.0],"evs":[0.0,-0.55925,-1.75469]},"95s":{"weight":1.0,"played":[1.0,0.0,0.0],"evs":[0.0,-0.32127,-1.3382]},"96s":{"weight":1.0,"played":[0.0087,0.9913,0.0],"evs":[0.0,0.02178,-0.94209]},"97s":{"weight":1.0,"played":[0.0,1.0,0.0],"evs":[0.0,0.27454,-0.67169]},"98s":{"weight":1.0,"played":[0.0,1.0,0.0],"evs":[0.0,0.56148,-0.37054]},"99":{"weight":1.0,"played":[0.0,0.0,1.0],"evs":[0.0,3.22414,3.74951]},"T9o":{"weight":1.0,"played":[3.0E-4,0.9997,0.0],"evs":[0.0,0.08463,-0.89651]},"J9o":{"weight":1.0,"played":[0.0,1.0,0.0],"evs":[0.0,0.0531,-0.88496]},"Q9o":{"weight":1.0,"played":[1.0E-4,0.9999,0.0],"evs":[0.0,0.09058,-0.60928]},"K9o":{"weight":1.0,"played":[0.0,1.0,0.0],"evs":[0.0,0.21513,0.01887]},"A9o":{"weight":1.0,"played":[0.0,0.0,1.0],"evs":[0.0,1.28951,1.91288]},"T2s":{"weight":1.0,