{"player":2,"street":0,"children":3,"sequence":[{"player":0,"type":"F","amount":0,"street":0},{"player":1,"type":"C","amount":100000,"street":0}],"actions":[{"type":"F","amount":0,"node":30},{"type":"C","amount":100000,"node":63},{"type":"R","amount":645000,"node":105}],"hands":{"22":{"weight":1.0,"played":[0.0,0.9998,2.0E-4],"evs":[0.0,0.30503,0.23001]},"32o":{"weight":1.0,"played":[1.0,0.0,0.0],"evs":[0.0,-0.906,-2.92857]},"42o":{"weight":1.0,"played":[1.0,0.0,0.0],"evs":[0.0,-0.87633,-2.77049]},"52o":{"weight":1.0,"played":[1.0,0.0,0.0],"evs":[0.0,-0.84812,-2.61841]},"62o":{"weight":1.0,"played":[1.0,0.0,0.0],"evs":[0.0,-0.92815,-3.01878]},"72o":{"weight":1.0,"played":[1.0,0.0,0.0],"evs":[0.0,-0.95359,-3.18998]},"82o":{"weight":1.0,"played":[1.0,0.0,0.0],"evs":[0.0,-0.93815,-3.04498]},"92o":{"weight":1.0,"played":[1.0,0.0,0.0],"evs":[0.0,-0.88251,-2.8774]},"T2o":{"weight":1.0,"played":[1.0,0.0,0.0],"evs":[0.0,-0.83133,-2.6425]},"J2o":{"weight":1.0,"played":[1.0,0.0,0.0],"evs":[0.0,-0.75313,-2.26335]},"Q2o":{"weight":1.0,"played":[1.0,0.0,0.0],"evs":[0.0,-0.6356,-1.76659]},"K2o":{"weight":1.0,"played":[1.0,0.0,0.0],"evs":[0.0,-0.49792,-1.1474]},"A2o":{"weight":1.0,"played":[0.0,4.0E-4,0.9996],"evs":[0.0,0.38812,0.47696]},"32s":{"weight":1.0,"played":[1.0,0.0,0.0],"evs":[0.0,-0.70946,-1.88476]},"33":{"weight":1.0,"played":[0.0,0.783,0.217],"evs":[0.0,0.61226,0.61375]},"43o":{"weight":1.0,"played":[1.0,0.0,0.0],"evs":[0.0,-0.79422,-2.35287]},"53o":{"weight":1.0,"played":[1.0,0.0,0.0],"evs":[0.0,-0.75994,-2.19478]},"63o":{"weight":1.0,"played":[1.0,0.0,0.0],"evs":[0.0,-0.8421,-2.57021]},"73o":{"weight":1.0,"played":[1.0,0.0,0.0],"evs":[0.0,-0.87555,-2.75132]},"83o":{"weight":1.0,"played":[1.0,0.0,0.0],"evs":[0.0,-0.92276,-2.98526]},"93o":{"weight":1.0,"played":[1.0,0.0,0.0],"evs":[0.0,-0.85751,-2.74538]},"T3o":{"weight":1.0,"played":[1.0,0.0,0.0],"evs":[0.0,-0.80306,-2.50321]},"J3o":{"weight":1.0,"played":[1.0,0.0,0.0],"evs":[0.0,-0.72689,-2.12132]},"Q3o":{"weight":1.0,"played":[1.0,0.0,0.0],"evs":[0.0,-0.60554,-1.62033]},"K3o":{"weight":1.0,"played":[1.0,0.0,0.0],"evs":[0.0,-0.44347,-1.00493]},"A3o":{"weight":1.0,"played":[0.0,0.0,1.0],"evs":[0.0,0.49268,0.64918]},"42s":{"weight":1.0,"played":[1.0,0.0,0.0],"evs":[0.0,-0.67192,-1.75422]},"43s":{"weight":1.0,"played":[1.0,0.0,0.0],"evs":[0.0,-0.48505,-1.35869]},"44":{"weight":1.0,"played":[0.0,2.0E-4,0.9998],"evs":[0.0,0.99469,1.03426]},"54o":{"weight":1.0,"played":[1.0,0.0,0.0],"evs":[0.0,-0.66735,-1.79848]},"64o":{"weight":1.0,"played":[1.0,0.0,0.0],"evs":[0.0,-0.75434,-2.15012]},"74o":{"weight":1.0,"played":[1.0,0.0,0.0],"evs":[0.0,-0.78753,-2.31712]},"84o":{"weight":1.0,"played":[1.0,0.0,0.0],"evs":[0.0,-0.84686,-2.55508]},"94o":{"weight":1.0,"played":[1.0,0.0,0.0],"evs":[0.0,-0.83103,-2.66261]},"T4o":{"weight":1.0,"played":[1.0,0.0,0.0],"evs":[0.0,-0.778,-2.36003]},"J4o":{"weight":1.0,"played":[1.0,0.0,0.0],"evs":[0.0,-0.69739,-1.98591]},"Q4o":{"weight":1.0,"played":[1.0,0.0,0.0],"evs":[0.0,-0.57571,-1.47435]},"K4o":{"weight":1.0,"played":[1.0,0.0,0.0],"evs":[0.0,-0.37998,-0.86427]},"A4o":{"weight":1.0,"played":[0.0,0.0,1.0],"evs":[0.0,0.61095,0.80481]},"52s":{"weight":1.0,"played":[1.0,0.0,0.0],"evs":[0.0,-0.60736,-1.62753]},"53s":{"weight":1.0,"played":[1.0,0.0,0.0],"evs":[0.0,-0.3507,-1.20778]},"54s":{"weight":1.0,"played":[0.9886,0.0114,0.0],"evs":[0.0,-0.03398,-0.83029]},"55":{"weight":1.0,"played":[0.0,0.0026,0.9974],"evs":[0.0,1.40746,1.48543]},"65o":{"weight":1.0,"played":[1.0,0.0,0.0],"evs":[0.0,-0.63036,-1.74228]},"75o":{"weight":1.0,"played":[1.0,0.0,0.0],"evs":[0.0,-0.67612,-1.88233]},"85o":{"weight":1.0,"played":[1.0,0.0,0.0],"evs":[0.0,-0.74852,-2.09528]},"95o":{"weight":1.0,"played":[1.0,0.0,0.0],"evs":[0.0,-0.75716,-2.22907]},"T5o":{"weight":1.0,"played":[1.0,0.0,0.0],"evs":[0.0,-0.74762,-2.26666]},"J5o":{"weight":1.0,"played":[1.0,0.0,0.0],"evs":[0.0,-0.65799,-1.81546]},"Q5o":{"weight":1.0,"played":[1.0,0.0,0.0],"evs":[0.0,-0.52892,-1.298]},"K5o":{"weight":1.0,"played":[1.0,0.0,0.0],"evs":[0.0,-0.29076,-0.66021]},"A5o":{"weight":1.0,"played":[0.0,0.0,1.0],"evs":[0.0,0.76257,1.02564]},"62s":{"weight":1.0,"played":[1.0,0.0,0.0],"evs":[0.0,-0.72397,-1.95615]},"63s":{"weight":1.0,"played":[1.0,0.0,0.0],"evs":[0.0,-0.5471,-1.54716]},"64s":{"weight":1.0,"played":[1.0,0.0,0.0],"evs":[0.0,-0.26382,-1.15834]},"65s":{"weight":1.0,"played":[0.0,1.0,0.0],"evs":[0.0,0.05849,-0.7848]},"66":{"weight":1.0,"played":[0.0,1.0E-4,0.9999],"evs":[0.0,1.73353,1.89557]},"76o":{"weight":1.0,"played":[1.0,0.0,0.0],"evs":[0.0,-0.55627,-1.59562]},"86o":{"weight":1.0,"played":[1.0,0.0,0.0],"evs":[0.0,-0.64649,-1.79921]},"96o":{"weight":1.0,"played":[1.0,0.0,0.0],"evs":[0.0,-0.69275,-1.92081]},"T6o":{"weight":1.0,"played":[1.0,0.0,0.0],"evs":[0.0,-0.69428,-1.96399]},"J6o":{"weight":1.0,"played":[1.0,0.0,0.0],"evs":[0.0,-0.65573,-1.82999]},"Q6o":{"weight":1.0,"played":[1.0,0.0,0.0],"evs":[0.0,-0.5196,-1.23124]},"K6o":{"weight":1.0,"played":[1.0,0.0,0.0],"evs":[0.0,-0.23801,-0.54298]},"A6o":{"weight":1.0,"played":[0.0,0.0,1.0],"evs":[0.0,0.68697,0.96182]},"72s":{"weight":1.0,"played":[1.0,0.0,0.0],"evs":[0.0,-0.74245,-2.12939]},"73s":{"weight":1.0,"played":[1.0,0.0,0.0],"evs":[0.0,-0.62835,-1.71594]},"74s":{"weight":1.0,"played":[1.0,0.0,0.0],"evs":[0.0,-0.41336,-1.31413]},"75s":{"weight":1.0,"played":[0.9999,1.0E-4,0.0],"evs":[0.0,-0.05382,-0.89687]},"76s":{"weight":1.0,"played":[0.0,1.0,0.0],"evs":[0.0,0.20304,-0.62865]},"77":{"weight":1.0,"played":[0.0,0.0,1.0],"evs":[0.0,2.2505,2.54878]},"87o":{"weight":1.0,"played":[1.0,0.0,0.0],"evs":[0.0,-0.45282,-1.4006]},"97o":{"weight":1.0,"played":[1.0,0.0,0.0],"evs":[0.0,-0.52126,-1.48357]},"T7o":{"weight":1.0,"played":[1.0,0.0,0.0],"evs":[0.0,-0.53438,-1.51251]},"J7o":{"weight":1.0,"played":[1.0,0.0,0.0],"evs":[0.0,-0.51823,-1.38008]},"Q7o":{"weight":1.0,"played":[1.0,0.0,0.0],"evs":[0.0,-0.4564,-1.10672]},"K7o":{"weight":1.0,"played":[1.0,0.0,0.0],"evs":[0.0,-0.10886,-0.28141]},"A7o":{"weight":1.0,"played":[0.0,0.0,1.0],"evs":[0.0,0.98055,1.35464]},"82s":{"weight":1.0,"played":[1.0,0.0,0.0],"evs":[0.0,-0.72651,-2.00059]},"83s":{"weight":1.0,"played":[1.0,0.0,0.0],"evs":[0.0,-0.70044,-1.91439]},"84s":{"weight":1.0,"played":[1.0,0.0,0.0],"evs":[0.0,-0.54817,-1.51969]},"85s":{"weight":1.0,"played":[1.0,0.0,0.0],"evs":[0.0,-0.2315,-1.10697]},"86s":{"weight":1.0,"played":[0.0,1.0,0.0],"evs":[0.0,0.02004,-0.83191]},"87s":{"weight":1.0,"played":[0.0,1.0,0.0],"evs":[0.0,0.31863,-0.44788]},"88":{"weight":1.0,"played":[0.0,0.0,1.0],"evs":[0.0,2.78491,3.25423]},"98o":{"weight":1.0,"played":[1.0,0.0,0.0],"evs":[0.0,-0.32572,-1.17054]},"T8o":{"weight":1.0,"played":[1.0,0.0,0.0],"evs":[0.0,-0.33079,-1.09731]},"J8o":{"weight":1.0,"played":[1.0,0.0,0.0],"evs":[0.0,-0.33446,-0.92982]},"Q8o":{"weight":1.0,"played":[1.0,0.0,0.0],"evs":[0.0,-0.27896,-0.59982]},"K8o":{"weight":1.0,"played":[0.9008,0.0242,0.075],"evs":[0.0,-0.01413,-0.00806]},"A8o":{"weight":1.0,"played":[0.0,0.0,1.0],"evs":[0.0,1.26655,1.76297]},"92s":{"weight":1.0,"played":[1.0,0.0,0.0],"evs":[0.0,-0.6569,-1.8143]},"93s":{"weight":1.0,"played":[1.0,0.0,0.0],"evs":[0.0,-0.62913,-1.69228]},"94s":{"weight":1.0,"played":[1.0,0.0,0.0],"evs":[0.0,-0.58967,-1.63095]},"95s":{"weight":1.0,"played":[1.0,0.0,0.0],"evs":[0.0,-0.36958,-1.21098]},"96s":{"weight":1.0,"played":[0.9924,0.0076,0.0],"evs":[0.0,-0.09731,-0.90889]},"97s":{"weight":1.0,"played":[0.0,1.0,0.0],"evs":[0.0,0.2238,-0.51821]},"98s":{"weight":1.0,"played":[0.0,1.0,0.0],"evs":[0.0,0.4835,-0.21228]},"99":{"weight":1.0,"played":[0.0,0.0,1.0],"evs":[0.0,3.48145,4.20082]},"T9o":{"weight":1.0,"played":[0.0,1.0,0.0],"evs":[0.0,0.04852,-0.53826]},"J9o":{"weight":1.0,"played":[0.0,1.0,0.0],"evs":[0.0,0.05404,-0.35068]},"Q9o":{"weight":1.0,"played":[0.0,1.0,0.0],"evs":[0.0,0.08865,-0.01173]},"K9o":{"weight":1.0,"played":[0.0,0.0,1.0],"evs":[0.0,0.38014,0.64504]},"A9o":{"weight":1.0,"played":[0.0,0.0,1.0],"evs":[0.0,1.6152,2.21562]},"T2s":{"weight":1.0,