{"player":1,"street":0,"children":3,"sequence":[{"player":0,"type":"F","amount":0,"street":0}],"actions":[{"type":"F","amount":0,"node":2},{"type":"R","amount":200000,"node":10},{"type":"R","amount":1335000,"node":20}],"hands":{"22":{"weight":1.0,"played":[0.0,0.0,1.0],"evs":[0.0,0.33386,0.57832]},"32o":{"weight":1.0,"played":[1.0,0.0,0.0],"evs":[0.0,-0.44821,-2.11433]},"42o":{"weight":1.0,"played":[1.0,0.0,0.0],"evs":[0.0,-0.41473,-1.97366]},"52o":{"weight":1.0,"played":[1.0,0.0,0.0],"evs":[0.0,-0.37839,-1.84453]},"62o":{"weight":1.0,"played":[1.0,0.0,0.0],"evs":[0.0,-0.42993,-2.0169]},"72o":{"weight":1.0,"played":[1.0,0.0,0.0],"evs":[0.0,-0.47765,-2.1479]},"82o":{"weight":1.0,"played":[1.0,0.0,0.0],"evs":[0.0,-0.46583,-1.99043]},"92o":{"weight":1.0,"played":[1.0,0.0,0.0],"evs":[0.0,-0.45202,-1.91194]},"T2o":{"weight":1.0,"played":[1.0,0.0,0.0],"evs":[0.0,-0.42189,-1.77755]},"J2o":{"weight":1.0,"played":[1.0,0.0,0.0],"evs":[0.0,-0.38805,-1.66457]},"Q2o":{"weight":1.0,"played":[1.0,0.0,0.0],"evs":[0.0,-0.34143,-1.4731]},"K2o":{"weight":1.0,"played":[1.0,0.0,0.0],"evs":[0.0,-0.2949,-1.20855]},"A2o":{"weight":1.0,"played":[0.0,0.7693,0.2307],"evs":[0.0,0.13574,0.13466]},"32s":{"weight":1.0,"played":[1.0,0.0,0.0],"evs":[0.0,-0.29654,-1.40912]},"33":{"weight":1.0,"played":[0.0,0.0,1.0],"evs":[0.0,0.74105,0.95962]},"43o":{"weight":1.0,"played":[1.0,0.0,0.0],"evs":[0.0,-0.31343,-1.65277]},"53o":{"weight":1.0,"played":[1.0,0.0,0.0],"evs":[0.0,-0.26914,-1.51545]},"63o":{"weight":1.0,"played":[1.0,0.0,0.0],"evs":[0.0,-0.31929,-1.70004]},"73o":{"weight":1.0,"played":[1.0,0.0,0.0],"evs":[0.0,-0.3633,-1.81979]},"83o":{"weight":1.0,"played":[1.0,0.0,0.0],"evs":[0.0,-0.41218,-1.92047]},"93o":{"weight":1.0,"played":[1.0,0.0,0.0],"evs":[0.0,-0.38555,-1.79803]},"T3o":{"weight":1.0,"played":[1.0,0.0,0.0],"evs":[0.0,-0.34975,-1.65982]},"J3o":{"weight":1.0,"played":[1.0,0.0,0.0],"evs":[0.0,-0.32384,-1.53441]},"Q3o":{"weight":1.0,"played":[1.0,0.0,0.0],"evs":[0.0,-0.27431,-1.35539]},"K3o":{"weight":1.0,"played":[1.0,0.0,0.0],"evs":[0.0,-0.22319,-1.06965]},"A3o":{"weight":1.0,"played":[0.0,0.0,1.0],"evs":[0.0,0.22862,0.26393]},"42s":{"weight":1.0,"played":[1.0,0.0,0.0],"evs":[0.0,-0.26728,-1.28022]},"43s":{"weight":1.0,"played":[1.0,0.0,0.0],"evs":[0.0,-0.16465,-0.98674]},"44":{"weight":1.0,"played":[0.0,0.0,1.0],"evs":[0.0,1.2025,1.35883]},"54o":{"weight":1.0,"played":[1.0,0.0,0.0],"evs":[0.0,-0.21418,-1.19228]},"64o":{"weight":1.0,"played":[1.0,0.0,0.0],"evs":[0.0,-0.23746,-1.37872]},"74o":{"weight":1.0,"played":[1.0,0.0,0.0],"evs":[0.0,-0.28169,-1.49627]},"84o":{"weight":1.0,"played":[1.0,0.0,0.0],"evs":[0.0,-0.34244,-1.60471]},"94o":{"weight":1.0,"played":[1.0,0.0,0.0],"evs":[0.0,-0.35854,-1.71636]},"T4o":{"weight":1.0,"played":[1.0,0.0,0.0],"evs":[0.0,-0.3044,-1.52795]},"J4o":{"weight":1.0,"played":[1.0,0.0,0.0],"evs":[0.0,-0.28078,-1.39338]},"Q4o":{"weight":1.0,"played":[1.0,0.0,0.0],"evs":[0.0,-0.2348,-1.2324]},"K4o":{"weight":1.0,"played":[1.0,0.0,0.0],"evs":[0.0,-0.18623,-0.96509]},"A4o":{"weight":1.0,"played":[0.0,1.0E-4,0.9999],"evs":[0.0,0.29496,0.38534]},"52s":{"weight":1.0,"played":[1.0,0.0,0.0],"evs":[0.0,-0.22333,-1.16707]},"53s":{"weight":1.0,"played":[1.0,0.0,0.0],"evs":[0.0,-0.13412,-0.85781]},"54s":{"weight":1.0,"played":[1.0,0.0,0.0],"evs":[0.0,-0.05623,-0.5427]},"55":{"weight":1.0,"played":[0.0,0.0,1.0],"evs":[0.0,1.6704,1.76421]},"65o":{"weight":1.0,"played":[1.0,0.0,0.0],"evs":[0.0,-0.15627,-1.06546]},"75o":{"weight":1.0,"played":[1.0,0.0,0.0],"evs":[0.0,-0.19794,-1.17468]},"85o":{"weight":1.0,"played":[1.0,0.0,0.0],"evs":[0.0,-0.25621,-1.30369]},"95o":{"weight":1.0,"played":[1.0,0.0,0.0],"evs":[0.0,-0.27073,-1.39722]},"T5o":{"weight":1.0,"played":[1.0,0.0,0.0],"evs":[0.0,-0.27301,-1.45103]},"J5o":{"weight":1.0,"played":[1.0,0.0,0.0],"evs":[0.0,-0.24315,-1.28136]},"Q5o":{"weight":1.0,"played":[1.0,0.0,0.0],"evs":[0.0,-0.1945,-1.11984]},"K5o":{"weight":1.0,"played":[1.0,0.0,0.0],"evs":[0.0,-0.13049,-0.84249]},"A5o":{"weight":1.0,"played":[0.0,0.0,1.0],"evs":[0.0,0.46395,0.56438]},"62s":{"weight":1.0,"played":[1.0,0.0,0.0],"evs":[0.0,-0.26732,-1.32911]},"63s":{"weight":1.0,"played":[1.0,0.0,0.0],"evs":[0.0,-0.15447,-0.99972]},"64s":{"weight":1.0,"played":[1.0,0.0,0.0],"evs":[0.0,-0.08995,-0.74008]},"65s":{"weight":1.0,"played":[0.9912,0.0088,0.0],"evs":[0.0,-0.01244,-0.43129]},"66":{"weight":1.0,"played":[0.0,0.0011,0.9989],"evs":[0.0,2.09279,2.13121]},"76o":{"weight":1.0,"played":[1.0,0.0,0.0],"evs":[0.0,-0.14456,-0.91228]},"86o":{"weight":1.0,"played":[1.0,0.0,0.0],"evs":[0.0,-0.20272,-1.00957]},"96o":{"weight":1.0,"played":[1.0,0.0,0.0],"evs":[0.0,-0.22402,-1.10857]},"T6o":{"weight":1.0,"played":[1.0,0.0,0.0],"evs":[0.0,-0.22717,-1.17565]},"J6o":{"weight":1.0,"played":[1.0,0.0,0.0],"evs":[0.0,-0.24438,-1.2434]},"Q6o":{"weight":1.0,"played":[1.0,0.0,0.0],"evs":[0.0,-0.18685,-1.03316]},"K6o":{"weight":1.0,"played":[1.0,0.0,0.0],"evs":[0.0,-0.12584,-0.7618]},"A6o":{"weight":1.0,"played":[0.0,0.0,1.0],"evs":[0.0,0.45884,0.56105]},"72s":{"weight":1.0,"played":[1.0,0.0,0.0],"evs":[0.0,-0.30986,-1.45301]},"73s":{"weight":1.0,"played":[1.0,0.0,0.0],"evs":[0.0,-0.2057,-1.14296]},"74s":{"weight":1.0,"played":[1.0,0.0,0.0],"evs":[0.0,-0.13944,-0.83991]},"75s":{"weight":1.0,"played":[0.9988,0.0012,0.0],"evs":[0.0,-0.05845,-0.54458]},"76s":{"weight":1.0,"played":[0.7613,0.2387,0.0],"evs":[0.0,-0.00573,-0.29796]},"77":{"weight":1.0,"played":[0.0,0.0234,0.9766],"evs":[0.0,2.51076,2.53012]},"87o":{"weight":1.0,"played":[1.0,0.0,0.0],"evs":[0.0,-0.15615,-0.75518]},"97o":{"weight":1.0,"played":[1.0,0.0,0.0],"evs":[0.0,-0.16971,-0.84836]},"T7o":{"weight":1.0,"played":[1.0,0.0,0.0],"evs":[0.0,-0.18888,-0.90662]},"J7o":{"weight":1.0,"played":[1.0,0.0,0.0],"evs":[0.0,-0.20139,-0.97544]},"Q7o":{"weight":1.0,"played":[1.0,0.0,0.0],"evs":[0.0,-0.16011,-0.9792]},"K7o":{"weight":1.0,"played":[0.9999,1.0E-4,0.0],"evs":[0.0,-0.09381,-0.66107]},"A7o":{"weight":1.0,"played":[0.0,0.0,1.0],"evs":[0.0,0.79856,0.90167]},"82s":{"weight":1.0,"played":[1.0,0.0,0.0],"evs":[0.0,-0.30126,-1.29097]},"83s":{"weight":1.0,"played":[1.0,0.0,0.0],"evs":[0.0,-0.25246,-1.22633]},"84s":{"weight":1.0,"played":[1.0,0.0,0.0],"evs":[0.0,-0.18551,-0.95797]},"85s":{"weight":1.0,"played":[1.0,0.0,0.0],"evs":[0.0,-0.10128,-0.65372]},"86s":{"weight":1.0,"played":[0.9994,6.0E-4,0.0],"evs":[0.0,-0.0637,-0.38046]},"87s":{"weight":1.0,"played":[0.3786,0.6214,0.0],"evs":[0.0,0.00298,-0.15213]},"88":{"weight":1.0,"played":[0.0,0.7609,0.2391],"evs":[0.0,2.9533,2.95412]},"98o":{"weight":1.0,"played":[1.0,0.0,0.0],"evs":[0.0,-0.13547,-0.59603]},"T8o":{"weight":1.0,"played":[1.0,0.0,0.0],"evs":[0.0,-0.15284,-0.62316]},"J8o":{"weight":1.0,"played":[1.0,0.0,0.0],"evs":[0.0,-0.14536,-0.69822]},"Q8o":{"weight":1.0,"played":[1.0,0.0,0.0],"evs":[0.0,-0.10303,-0.71725]},"K8o":{"weight":1.0,"played":[0.9999,1.0E-4,0.0],"evs":[0.0,-0.05444,-0.59892]},"A8o":{"weight":1.0,"played":[0.0,0.0,1.0],"evs":[0.0,1.16849,1.28431]},"92s":{"weight":1.0,"played":[1.0,0.0,0.0],"evs":[0.0,-0.28205,-1.21641]},"93s":{"weight":1.0,"played":[1.0,0.0,0.0],"evs":[0.0,-0.22568,-1.10483]},"94s":{"weight":1.0,"played":[1.0,0.0,0.0],"evs":[0.0,-0.19375,-1.02273]},"95s":{"weight":1.0,"played":[1.0,0.0,0.0],"evs":[0.0,-0.10822,-0.75365]},"96s":{"weight":1.0,"played":[1.0,0.0,0.0],"evs":[0.0,-0.06382,-0.49637]},"97s":{"weight":1.0,"played":[0.9848,0.0152,0.0],"evs":[0.0,-0.01602,-0.23403]},"98s":{"weight":1.0,"played":[0.0071,0.9755,0.0174],"evs":[0.0,0.01468,0.00932]},"99":{"weight":1.0,"played":[0.0,0.9984,0.0016],"evs":[0.0,3.5012,3.44737]},"T9o":{"weight":1.0,"played":[1.0,0.0,0.0],"evs":[0.0,-0.05855,-0.35531]},"J9o":{"weight":1.0,"played":[1.0,0.0,0.0],"evs":[0.0,-0.05101,-0.42239]},"Q9o":{"weight":1.0,"played":[1.0,0.0,0.0],"evs":[0.0,-0.02734,-0.42862]},"K9o":{"weight":1.0,"played":[0.0,1.0,0.0],"evs":[0.0,0.03235,-0.28048]},"A9o":{"weight":1.0,"played":[0.0,0.0,1.0],"evs":[0.0,1.59987,1.72175]},"T2s":{"weight":1.0,"played":[1.0,0.0,0.0],