{"equityUnit":"TABLE_EQUITY_PERCENT","conversionFactors":{"toUSD":67.33,"toRegularPrizePercent":1.2615702},"preHandEquity":[30.09901,8.07442,11.40896,23.27134,10.45246,16.69381],"bubbleFactors":[[-1.0,0.3,0.673,1.02,0.442,1.006],[1.352,-1.0,1.185,1.341,1.141,1.304],[1.832,0.401,-1.0,1.786,0.603,1.665],[1.883,0.275,0.645,-1.0,0.409,1.057],[1.738,0.424,1.403,1.704,-1.0,1.607],[2.007,0.31,0.704,1.904,0.453,-1.0]]}