{"player":1,"street":0,"children":3,"sequence":[{"player":0,"type":"R","amount":8640000,"street":0}],"actions":[{"type":"F","amount":0,"node":20},{"type":"C","amount":8640000,"node":32},{"type":"R","amount":15640000,"node":44}],"hands":{"22":{"weight":1.0,"played":[1.0,0.0,0.0],"evs":[0.0,-0.33106,-0.33401]},"32o":{"weight":1.0,"played":[1.0,0.0,0.0],"evs":[0.0,-2.15345,-2.33944]},"42o":{"weight":1.0,"played":[1.0,0.0,0.0],"evs":[0.0,-2.09627,-2.2665]},"52o":{"weight":1.0,"played":[1.0,0.0,0.0],"evs":[0.0,-2.02052,-2.17435]},"62o":{"weight":1.0,"played":[1.0,0.0,0.0],"evs":[0.0,-2.13217,-2.31972]},"72o":{"weight":1.0,"played":[1.0,0.0,0.0],"evs":[0.0,-2.2681,-2.49551]},"82o":{"weight":1.0,"played":[1.0,0.0,0.0],"evs":[0.0,-2.16866,-2.36121]},"92o":{"weight":1.0,"played":[1.0,0.0,0.0],"evs":[0.0,-2.10905,-2.2824]},"T2o":{"weight":1.0,"played":[1.0,0.0,0.0],"evs":[0.0,-2.0433,-2.18831]},"J2o":{"weight":1.0,"played":[1.0,0.0,0.0],"evs":[0.0,-2.00791,-2.13826]},"Q2o":{"weight":1.0,"played":[1.0,0.0,0.0],"evs":[0.0,-1.90174,-2.03511]},"K2o":{"weight":1.0,"played":[1.0,0.0,0.0],"evs":[0.0,-1.7863,-1.87681]},"A2o":{"weight":1.0,"played":[1.0,0.0,0.0],"evs":[0.0,-1.08296,-1.17167]},"32s":{"weight":1.0,"played":[1.0,0.0,0.0],"evs":[0.0,-1.69079,-1.74735]},"33":{"weight":1.0,"played":[1.0,0.0,0.0],"evs":[0.0,-0.22585,-0.23128]},"43o":{"weight":1.0,"played":[1.0,0.0,0.0],"evs":[0.0,-1.94308,-2.06564]},"53o":{"weight":1.0,"played":[1.0,0.0,0.0],"evs":[0.0,-1.87581,-1.98071]},"63o":{"weight":1.0,"played":[1.0,0.0,0.0],"evs":[0.0,-1.97352,-2.11428]},"73o":{"weight":1.0,"played":[1.0,0.0,0.0],"evs":[0.0,-2.11893,-2.29871]},"83o":{"weight":1.0,"played":[1.0,0.0,0.0],"evs":[0.0,-2.17553,-2.36488]},"93o":{"weight":1.0,"played":[1.0,0.0,0.0],"evs":[0.0,-2.09485,-2.25493]},"T3o":{"weight":1.0,"played":[1.0,0.0,0.0],"evs":[0.0,-2.02023,-2.15399]},"J3o":{"weight":1.0,"played":[1.0,0.0,0.0],"evs":[0.0,-1.98643,-2.10739]},"Q3o":{"weight":1.0,"played":[1.0,0.0,0.0],"evs":[0.0,-1.8854,-2.00271]},"K3o":{"weight":1.0,"played":[1.0,0.0,0.0],"evs":[0.0,-1.76368,-1.8453]},"A3o":{"weight":1.0,"played":[1.0,0.0,0.0],"evs":[0.0,-1.04109,-1.11807]},"42s":{"weight":1.0,"played":[1.0,0.0,0.0],"evs":[0.0,-1.63589,-1.68719]},"43s":{"weight":1.0,"played":[1.0,0.0,0.0],"evs":[0.0,-1.48914,-1.50728]},"44":{"weight":1.0,"played":[1.0,0.0,0.0],"evs":[0.0,-0.10764,-0.11048]},"54o":{"weight":1.0,"played":[1.0,0.0,0.0],"evs":[0.0,-1.69874,-1.76114]},"64o":{"weight":1.0,"played":[1.0,0.0,0.0],"evs":[0.0,-1.79999,-1.8955]},"74o":{"weight":1.0,"played":[1.0,0.0,0.0],"evs":[0.0,-1.92706,-2.059]},"84o":{"weight":1.0,"played":[1.0,0.0,0.0],"evs":[0.0,-1.99787,-2.14608]},"94o":{"weight":1.0,"played":[1.0,0.0,0.0],"evs":[0.0,-2.07646,-2.23189]},"T4o":{"weight":1.0,"played":[1.0,0.0,0.0],"evs":[0.0,-1.96829,-2.08663]},"J4o":{"weight":1.0,"played":[1.0,0.0,0.0],"evs":[0.0,-1.9387,-2.05014]},"Q4o":{"weight":1.0,"played":[1.0,0.0,0.0],"evs":[0.0,-1.82578,-1.93362]},"K4o":{"weight":1.0,"played":[1.0,0.0,0.0],"evs":[0.0,-1.70625,-1.77646]},"A4o":{"weight":1.0,"played":[1.0,0.0,0.0],"evs":[0.0,-0.98852,-1.05473]},"52s":{"weight":1.0,"played":[1.0,0.0,0.0],"evs":[0.0,-1.57271,-1.61428]},"53s":{"weight":1.0,"played":[1.0,0.0,0.0],"evs":[0.0,-1.40136,-1.41163]},"54s":{"weight":1.0,"played":[1.0,0.0,0.0],"evs":[0.0,-1.21021,-1.22179]},"55":{"weight":1.0,"played":[0.0,0.5551,0.4448],"evs":[0.0,0.08614,0.08658]},"65o":{"weight":1.0,"played":[1.0,0.0,0.0],"evs":[0.0,-1.60711,-1.65949]},"75o":{"weight":1.0,"played":[1.0,0.0,0.0],"evs":[0.0,-1.75322,-1.84339]},"85o":{"weight":1.0,"played":[1.0,0.0,0.0],"evs":[0.0,-1.80453,-1.90796]},"95o":{"weight":1.0,"played":[1.0,0.0,0.0],"evs":[0.0,-1.89473,-2.011]},"T5o":{"weight":1.0,"played":[1.0,0.0,0.0],"evs":[0.0,-1.95861,-2.08003]},"J5o":{"weight":1.0,"played":[1.0,0.0,0.0],"evs":[0.0,-1.89347,-1.98742]},"Q5o":{"weight":1.0,"played":[1.0,0.0,0.0],"evs":[0.0,-1.78029,-1.87767]},"K5o":{"weight":1.0,"played":[1.0,0.0,0.0],"evs":[0.0,-1.65458,-1.71587]},"A5o":{"weight":1.0,"played":[1.0,0.0,0.0],"evs":[0.0,-0.91818,-0.97056]},"62s":{"weight":1.0,"played":[1.0,0.0,0.0],"evs":[0.0,-1.67738,-1.75285]},"63s":{"weight":1.0,"played":[1.0,0.0,0.0],"evs":[0.0,-1.50674,-1.53592]},"64s":{"weight":1.0,"played":[1.0,0.0,0.0],"evs":[0.0,-1.31176,-1.32148]},"65s":{"weight":1.0,"played":[1.0,0.0,0.0],"evs":[0.0,-1.10254,-1.11115]},"66":{"weight":1.0,"played":[0.0,0.2042,0.7958],"evs":[0.0,0.38824,0.39201]},"76o":{"weight":1.0,"played":[1.0,0.0,0.0],"evs":[0.0,-1.54883,-1.60542]},"86o":{"weight":1.0,"played":[1.0,0.0,0.0],"evs":[0.0,-1.60005,-1.66461]},"96o":{"weight":1.0,"played":[1.0,0.0,0.0],"evs":[0.0,-1.68311,-1.76362]},"T6o":{"weight":1.0,"played":[1.0,0.0,0.0],"evs":[0.0,-1.75048,-1.83774]},"J6o":{"weight":1.0,"played":[1.0,0.0,0.0],"evs":[0.0,-1.84661,-1.94563]},"Q6o":{"weight":1.0,"played":[1.0,0.0,0.0],"evs":[0.0,-1.70223,-1.79503]},"K6o":{"weight":1.0,"played":[1.0,0.0,0.0],"evs":[0.0,-1.57473,-1.62887]},"A6o":{"weight":1.0,"played":[1.0,0.0,0.0],"evs":[0.0,-0.96796,-1.06209]},"72s":{"weight":1.0,"played":[1.0,0.0,0.0],"evs":[0.0,-1.79565,-1.90556]},"73s":{"weight":1.0,"played":[1.0,0.0,0.0],"evs":[0.0,-1.65477,-1.71909]},"74s":{"weight":1.0,"played":[1.0,0.0,0.0],"evs":[0.0,-1.47743,-1.49802]},"75s":{"weight":1.0,"played":[1.0,0.0,0.0],"evs":[0.0,-1.26962,-1.27912]},"76s":{"weight":1.0,"played":[1.0,0.0,0.0],"evs":[0.0,-1.05019,-1.05895]},"77":{"weight":1.0,"played":[0.0,0.7536,0.2464],"evs":[0.0,0.72495,0.72362]},"87o":{"weight":1.0,"played":[1.0,0.0,0.0],"evs":[0.0,-1.4894,-1.52735]},"97o":{"weight":1.0,"played":[1.0,0.0,0.0],"evs":[0.0,-1.56622,-1.61557]},"T7o":{"weight":1.0,"played":[1.0,0.0,0.0],"evs":[0.0,-1.62493,-1.68095]},"J7o":{"weight":1.0,"played":[1.0,0.0,0.0],"evs":[0.0,-1.72719,-1.793]},"Q7o":{"weight":1.0,"played":[1.0,0.0,0.0],"evs":[0.0,-1.75592,-1.8506]},"K7o":{"weight":1.0,"played":[1.0,0.0,0.0],"evs":[0.0,-1.58959,-1.64381]},"A7o":{"weight":1.0,"played":[1.0,0.0,0.0],"evs":[0.0,-0.767,-0.84543]},"82s":{"weight":1.0,"played":[1.0,0.0,0.0],"evs":[0.0,-1.69851,-1.77565]},"83s":{"weight":1.0,"played":[1.0,0.0,0.0],"evs":[0.0,-1.71485,-1.78623]},"84s":{"weight":1.0,"played":[1.0,0.0,0.0],"evs":[0.0,-1.53251,-1.5634]},"85s":{"weight":1.0,"played":[1.0,0.0,0.0],"evs":[0.0,-1.34588,-1.35649]},"86s":{"weight":1.0,"played":[1.0,0.0,0.0],"evs":[0.0,-1.11191,-1.1233]},"87s":{"weight":1.0,"played":[1.0,0.0,0.0],"evs":[0.0,-0.98428,-0.99446]},"88":{"weight":1.0,"played":[0.0,0.2033,0.7967],"evs":[0.0,1.20949,1.21075]},"98o":{"weight":1.0,"played":[1.0,0.0,0.0],"evs":[0.0,-1.37207,-1.38879]},"T8o":{"weight":1.0,"played":[1.0,0.0,0.0],"evs":[0.0,-1.39239,-1.4071]},"J8o":{"weight":1.0,"played":[1.0,0.0,0.0],"evs":[0.0,-1.52014,-1.5393]},"Q8o":{"weight":1.0,"played":[1.0,0.0,0.0],"evs":[0.0,-1.54787,-1.59527]},"K8o":{"weight":1.0,"played":[1.0,0.0,0.0],"evs":[0.0,-1.54184,-1.5807]},"A8o":{"weight":1.0,"played":[1.0,0.0,0.0],"evs":[0.0,-0.44869,-0.49829]},"92s":{"weight":1.0,"played":[1.0,0.0,0.0],"evs":[0.0,-1.64737,-1.70464]},"93s":{"weight":1.0,"played":[1.0,0.0,0.0],"evs":[0.0,-1.63247,-1.67677]},"94s":{"weight":1.0,"played":[1.0,0.0,0.0],"evs":[0.0,-1.61279,-1.65249]},"95s":{"weight":1.0,"played":[1.0,0.0,0.0],"evs":[0.0,-1.43374,-1.44835]},"96s":{"weight":1.0,"played":[1.0,0.0,0.0],"evs":[0.0,-1.19754,-1.20968]},"97s":{"weight":1.0,"played":[1.0,0.0,0.0],"evs":[0.0,-1.05476,-1.0676]},"98s":{"weight":1.0,"played":[1.0,0.0,0.0],"evs":[0.0,-0.8419,-0.85116]},"99":{"weight":1.0,"played":[0.0,0.0068,0.9932],"evs":[0.0,1.71616,1.71872]},"T9o":{"weight":1.0,"played":[1.0,0.0,0.0],"evs":[0.0,-1.17472,-1.18711]},"J9o":{"weight":1.0,"played":[1.0,0.0,0.0],"evs":[0.0,-1.28475,-1.29927]},"Q9o":{"weight":1.0,"played":[1.0,0.0,0.0],"evs":[0.0,-1.35128,-1.36467]},"K9o":{"weight":1.0,"played":[1.0,0.0,0.0],"evs":[0.0,-1.30075,-1.31296]},"A9o":{"weight":1.0,"played":[0.9996,3.0E-4,0.0],"evs":[0.0,-0.0513,-0.07144]},"T2s":{"weight":1.0,"played":[1.0,0.0,0.0],"evs":[0.0,-1.58665,-1.613]},