{"player":2,"street":0,"children":3,"sequence":[{"player":0,"type":"F","amount":0,"street":0},{"player":1,"type":"R","amount":15640000,"street":0}],"actions":[{"type":"F","amount":0,"node":9},{"type":"C","amount":15640000,"node":12},{"type":"R","amount":20640000,"node":16}],"hands":{"22":{"weight":1.0,"played":[1.0,0.0,0.0],"evs":[0.0,-1.0229,-1.02343]},"32o":{"weight":1.0,"played":[1.0,0.0,0.0],"evs":[0.0,-3.96416,-3.96425]},"42o":{"weight":1.0,"played":[1.0,0.0,0.0],"evs":[0.0,-3.86963,-3.87002]},"52o":{"weight":1.0,"played":[1.0,0.0,0.0],"evs":[0.0,-3.78902,-3.78964]},"62o":{"weight":1.0,"played":[1.0,0.0,0.0],"evs":[0.0,-3.97761,-3.97724]},"72o":{"weight":1.0,"played":[1.0,0.0,0.0],"evs":[0.0,-4.10496,-4.12575]},"82o":{"weight":1.0,"played":[1.0,0.0,0.0],"evs":[0.0,-3.96618,-3.97865]},"92o":{"weight":1.0,"played":[1.0,0.0,0.0],"evs":[0.0,-3.90741,-3.9068]},"T2o":{"weight":1.0,"played":[1.0,0.0,0.0],"evs":[0.0,-3.84559,-3.84569]},"J2o":{"weight":1.0,"played":[1.0,0.0,0.0],"evs":[0.0,-3.76399,-3.76412]},"Q2o":{"weight":1.0,"played":[1.0,0.0,0.0],"evs":[0.0,-3.57173,-3.572]},"K2o":{"weight":1.0,"played":[1.0,0.0,0.0],"evs":[0.0,-3.19702,-3.19731]},"A2o":{"weight":1.0,"played":[1.0,0.0,0.0],"evs":[0.0,-1.81149,-1.81157]},"32s":{"weight":1.0,"played":[1.0,0.0,0.0],"evs":[0.0,-3.19826,-3.19832]},"33":{"weight":1.0,"played":[1.0,0.0,0.0],"evs":[0.0,-0.86106,-0.86115]},"43o":{"weight":1.0,"played":[1.0,0.0,0.0],"evs":[0.0,-3.57909,-3.57939]},"53o":{"weight":1.0,"played":[1.0,0.0,0.0],"evs":[0.0,-3.48859,-3.48911]},"63o":{"weight":1.0,"played":[1.0,0.0,0.0],"evs":[0.0,-3.67311,-3.67375]},"73o":{"weight":1.0,"played":[1.0,0.0,0.0],"evs":[0.0,-3.81748,-3.81811]},"83o":{"weight":1.0,"played":[1.0,0.0,0.0],"evs":[0.0,-3.95873,-3.96908]},"93o":{"weight":1.0,"played":[1.0,0.0,0.0],"evs":[0.0,-3.81533,-3.81537]},"T3o":{"weight":1.0,"played":[1.0,0.0,0.0],"evs":[0.0,-3.75952,-3.75959]},"J3o":{"weight":1.0,"played":[1.0,0.0,0.0],"evs":[0.0,-3.66903,-3.66919]},"Q3o":{"weight":1.0,"played":[1.0,0.0,0.0],"evs":[0.0,-3.49609,-3.49591]},"K3o":{"weight":1.0,"played":[1.0,0.0,0.0],"evs":[0.0,-3.12657,-3.12665]},"A3o":{"weight":1.0,"played":[1.0,0.0,0.0],"evs":[0.0,-1.74243,-1.74231]},"42s":{"weight":1.0,"played":[1.0,0.0,0.0],"evs":[0.0,-3.11332,-3.1137]},"43s":{"weight":1.0,"played":[1.0,0.0,0.0],"evs":[0.0,-2.82704,-2.82684]},"44":{"weight":1.0,"played":[1.0,0.0,0.0],"evs":[0.0,-0.59605,-0.59614]},"54o":{"weight":1.0,"played":[1.0,0.0,0.0],"evs":[0.0,-3.18808,-3.1886]},"64o":{"weight":1.0,"played":[1.0,0.0,0.0],"evs":[0.0,-3.36974,-3.37002]},"74o":{"weight":1.0,"played":[1.0,0.0,0.0],"evs":[0.0,-3.5292,-3.52975]},"84o":{"weight":1.0,"played":[1.0,0.0,0.0],"evs":[0.0,-3.6664,-3.6667]},"94o":{"weight":1.0,"played":[1.0,0.0,0.0],"evs":[0.0,-3.80327,-3.80297]},"T4o":{"weight":1.0,"played":[1.0,0.0,0.0],"evs":[0.0,-3.68803,-3.68793]},"J4o":{"weight":1.0,"played":[1.0,0.0,0.0],"evs":[0.0,-3.60537,-3.6058]},"Q4o":{"weight":1.0,"played":[1.0,0.0,0.0],"evs":[0.0,-3.41568,-3.41573]},"K4o":{"weight":1.0,"played":[1.0,0.0,0.0],"evs":[0.0,-3.04043,-3.04057]},"A4o":{"weight":1.0,"played":[1.0,0.0,0.0],"evs":[0.0,-1.6593,-1.65914]},"52s":{"weight":1.0,"played":[1.0,0.0,0.0],"evs":[0.0,-3.04727,-3.04801]},"53s":{"weight":1.0,"played":[1.0,0.0,0.0],"evs":[0.0,-2.74549,-2.74602]},"54s":{"weight":1.0,"played":[1.0,0.0,0.0],"evs":[0.0,-2.45579,-2.45602]},"55":{"weight":1.0,"played":[1.0,0.0,0.0],"evs":[0.0,-0.20355,-0.20331]},"65o":{"weight":1.0,"played":[1.0,0.0,0.0],"evs":[0.0,-3.09404,-3.09433]},"75o":{"weight":1.0,"played":[1.0,0.0,0.0],"evs":[0.0,-3.24794,-3.24893]},"85o":{"weight":1.0,"played":[1.0,0.0,0.0],"evs":[0.0,-3.3758,-3.37602]},"95o":{"weight":1.0,"played":[1.0,0.0,0.0],"evs":[0.0,-3.5306,-3.53048]},"T5o":{"weight":1.0,"played":[1.0,0.0,0.0],"evs":[0.0,-3.69847,-3.69854]},"J5o":{"weight":1.0,"played":[1.0,0.0,0.0],"evs":[0.0,-3.5551,-3.55522]},"Q5o":{"weight":1.0,"played":[1.0,0.0,0.0],"evs":[0.0,-3.35637,-3.35607]},"K5o":{"weight":1.0,"played":[1.0,0.0,0.0],"evs":[0.0,-2.98404,-2.98392]},"A5o":{"weight":1.0,"played":[1.0,0.0,0.0],"evs":[0.0,-1.47111,-1.47102]},"62s":{"weight":1.0,"played":[1.0,0.0,0.0],"evs":[0.0,-3.20105,-3.20144]},"63s":{"weight":1.0,"played":[1.0,0.0,0.0],"evs":[0.0,-2.91521,-2.91573]},"64s":{"weight":1.0,"played":[1.0,0.0,0.0],"evs":[0.0,-2.62857,-2.62847]},"65s":{"weight":1.0,"played":[1.0,0.0,0.0],"evs":[0.0,-2.36833,-2.36862]},"66":{"weight":1.0,"played":[0.0,0.4087,0.5913],"evs":[0.0,0.23705,0.23724]},"76o":{"weight":1.0,"played":[1.0,0.0,0.0],"evs":[0.0,-2.94392,-2.94452]},"86o":{"weight":1.0,"played":[1.0,0.0,0.0],"evs":[0.0,-3.05704,-3.05727]},"96o":{"weight":1.0,"played":[1.0,0.0,0.0],"evs":[0.0,-3.19765,-3.19779]},"T6o":{"weight":1.0,"played":[1.0,0.0,0.0],"evs":[0.0,-3.35638,-3.35688]},"J6o":{"weight":1.0,"played":[1.0,0.0,0.0],"evs":[0.0,-3.49308,-3.49336]},"Q6o":{"weight":1.0,"played":[1.0,0.0,0.0],"evs":[0.0,-3.24647,-3.24649]},"K6o":{"weight":1.0,"played":[1.0,0.0,0.0],"evs":[0.0,-2.87873,-2.87904]},"A6o":{"weight":1.0,"played":[1.0,0.0,0.0],"evs":[0.0,-1.48575,-1.48511]},"72s":{"weight":1.0,"played":[1.0,0.0,0.0],"evs":[0.0,-3.35609,-3.3563]},"73s":{"weight":1.0,"played":[1.0,0.0,0.0],"evs":[0.0,-3.06382,-3.06422]},"74s":{"weight":1.0,"played":[1.0,0.0,0.0],"evs":[0.0,-2.78973,-2.79063]},"75s":{"weight":1.0,"played":[1.0,0.0,0.0],"evs":[0.0,-2.51607,-2.51662]},"76s":{"weight":1.0,"played":[1.0,0.0,0.0],"evs":[0.0,-2.24453,-2.24448]},"77":{"weight":1.0,"played":[0.0,0.3263,0.6737],"evs":[0.0,0.66061,0.66037]},"87o":{"weight":1.0,"played":[1.0,0.0,0.0],"evs":[0.0,-2.7869,-2.78724]},"97o":{"weight":1.0,"played":[1.0,0.0,0.0],"evs":[0.0,-2.90625,-2.90622]},"T7o":{"weight":1.0,"played":[1.0,0.0,0.0],"evs":[0.0,-3.05639,-3.05688]},"J7o":{"weight":1.0,"played":[1.0,0.0,0.0],"evs":[0.0,-3.19233,-3.19274]},"Q7o":{"weight":1.0,"played":[1.0,0.0,0.0],"evs":[0.0,-3.21828,-3.21837]},"K7o":{"weight":1.0,"played":[1.0,0.0,0.0],"evs":[0.0,-2.78557,-2.78575]},"A7o":{"weight":1.0,"played":[1.0,0.0,0.0],"evs":[0.0,-1.09544,-1.0953]},"82s":{"weight":1.0,"played":[1.0,0.0,0.0],"evs":[0.0,-3.20904,-3.20965]},"83s":{"weight":1.0,"played":[1.0,0.0,0.0],"evs":[0.0,-3.18303,-3.18308]},"84s":{"weight":1.0,"played":[1.0,0.0,0.0],"evs":[0.0,-2.90399,-2.90417]},"85s":{"weight":1.0,"played":[1.0,0.0,0.0],"evs":[0.0,-2.64619,-2.64637]},"86s":{"weight":1.0,"played":[1.0,0.0,0.0],"evs":[0.0,-2.34801,-2.34812]},"87s":{"weight":1.0,"played":[1.0,0.0,0.0],"evs":[0.0,-2.08541,-2.08548]},"88":{"weight":1.0,"played":[0.0,0.6628,0.3372],"evs":[0.0,1.16273,1.16286]},"98o":{"weight":1.0,"played":[1.0,0.0,0.0],"evs":[0.0,-2.63907,-2.63909]},"T8o":{"weight":1.0,"played":[1.0,0.0,0.0],"evs":[0.0,-2.76273,-2.76282]},"J8o":{"weight":1.0,"played":[1.0,0.0,0.0],"evs":[0.0,-2.90391,-2.90374]},"Q8o":{"weight":1.0,"played":[1.0,0.0,0.0],"evs":[0.0,-2.93212,-2.93205]},"K8o":{"weight":1.0,"played":[1.0,0.0,0.0],"evs":[0.0,-2.68792,-2.68837]},"A8o":{"weight":1.0,"played":[1.0,0.0,0.0],"evs":[0.0,-0.6291,-0.62832]},"92s":{"weight":1.0,"played":[1.0,0.0,0.0],"evs":[0.0,-3.12382,-3.12448]},"93s":{"weight":1.0,"played":[1.0,0.0,0.0],"evs":[0.0,-3.05179,-3.05177]},"94s":{"weight":1.0,"played":[1.0,0.0,0.0],"evs":[0.0,-3.04913,-3.04918]},"95s":{"weight":1.0,"played":[1.0,0.0,0.0],"evs":[0.0,-2.77147,-2.77215]},"96s":{"weight":1.0,"played":[1.0,0.0,0.0],"evs":[0.0,-2.47739,-2.47753]},"97s":{"weight":1.0,"played":[1.0,0.0,0.0],"evs":[0.0,-2.19019,-2.18986]},"98s":{"weight":1.0,"played":[1.0,0.0,0.0],"evs":[0.0,-1.94557,-1.94575]},"99":{"weight":1.0,"played":[0.0,0.0859,0.9141],"evs":[0.0,1.7337,1.73444]},"T9o":{"weight":1.0,"played":[1.0,0.0,0.0],"evs":[0.0,-2.46107,-2.46124]},"J9o":{"weight":1.0,"played":[1.0,0.0,0.0],"evs":[0.0,-2.59378,-2.59366]},"Q9o":{"weight":1.0,"played":[1.0,0.0,0.0],"evs":[0.0,-2.61288,-2.61301]},"K9o":{"weight":1.0,"played":[1.0,0.0,0.0],"evs":[0.0,-2.32066,-2.32086]},"A9o":{"weight":1.0,"played":[1.0,0.0,0.0],"evs":[0.0,-0.09651,-0.09576]},"T2s":{"weight":1.0,