{"player":1,"street":0,"children":3,"sequence":[{"player":0,"type":"R","amount":1035000,"street":0}],"actions":[{"type":"F","amount":0,"node":240},{"type":"C","amount":1035000},{"type":"R","amount":2865000,"node":261}],"hands":{"22":{"weight":1.0,"played":[0.9999,0.0,1.0E-4],"evs":[0.0,-0.16706,-0.08727]},"32o":{"weight":1.0,"played":[1.0,0.0,0.0],"evs":[0.0,-3.53024,-4.01199]},"42o":{"weight":1.0,"played":[1.0,0.0,0.0],"evs":[0.0,-3.39136,-3.79057]},"52o":{"weight":1.0,"played":[1.0,0.0,0.0],"evs":[0.0,-3.26957,-3.57221]},"62o":{"weight":1.0,"played":[1.0,0.0,0.0],"evs":[0.0,-3.43339,-3.82485]},"72o":{"weight":1.0,"played":[1.0,0.0,0.0],"evs":[0.0,-3.5836,-4.09245]},"82o":{"weight":1.0,"played":[1.0,0.0,0.0],"evs":[0.0,-3.49342,-3.92162]},"92o":{"weight":1.0,"played":[1.0,0.0,0.0],"evs":[0.0,-3.45594,-3.85916]},"T2o":{"weight":1.0,"played":[1.0,0.0,0.0],"evs":[0.0,-3.32763,-3.74648]},"J2o":{"weight":1.0,"played":[1.0,0.0,0.0],"evs":[0.0,-3.16917,-3.50484]},"Q2o":{"weight":1.0,"played":[1.0,0.0,0.0],"evs":[0.0,-2.86414,-3.11043]},"K2o":{"weight":1.0,"played":[1.0,0.0,0.0],"evs":[0.0,-2.45281,-2.60508]},"A2o":{"weight":1.0,"played":[1.0,0.0,0.0],"evs":[0.0,-1.11551,-1.18921]},"32s":{"weight":1.0,"played":[1.0,0.0,0.0],"evs":[0.0,-2.79834,-2.81219]},"33":{"weight":1.0,"played":[0.0,3.0E-4,0.9997],"evs":[0.0,0.31402,0.36664]},"43o":{"weight":1.0,"played":[1.0,0.0,0.0],"evs":[0.0,-3.0549,-3.27089]},"53o":{"weight":1.0,"played":[1.0,0.0,0.0],"evs":[0.0,-2.89648,-3.02748]},"63o":{"weight":1.0,"played":[1.0,0.0,0.0],"evs":[0.0,-3.08802,-3.29623]},"73o":{"weight":1.0,"played":[1.0,0.0,0.0],"evs":[0.0,-3.25442,-3.56151]},"83o":{"weight":1.0,"played":[1.0,0.0,0.0],"evs":[0.0,-3.42998,-3.83176]},"93o":{"weight":1.0,"played":[1.0,0.0,0.0],"evs":[0.0,-3.33267,-3.67398]},"T3o":{"weight":1.0,"played":[1.0,0.0,0.0],"evs":[0.0,-3.21416,-3.57834]},"J3o":{"weight":1.0,"played":[1.0,0.0,0.0],"evs":[0.0,-3.04847,-3.32918]},"Q3o":{"weight":1.0,"played":[1.0,0.0,0.0],"evs":[0.0,-2.72965,-2.92917]},"K3o":{"weight":1.0,"played":[1.0,0.0,0.0],"evs":[0.0,-2.32594,-2.43346]},"A3o":{"weight":1.0,"played":[1.0,0.0,0.0],"evs":[0.0,-0.95087,-1.00145]},"42s":{"weight":1.0,"played":[1.0,0.0,0.0],"evs":[0.0,-2.63542,-2.60429]},"43s":{"weight":1.0,"played":[1.0,0.0,0.0],"evs":[0.0,-2.21749,-2.14248]},"44":{"weight":1.0,"played":[0.0,0.0015,0.9985],"evs":[0.0,0.86927,0.92604]},"54o":{"weight":1.0,"played":[1.0,0.0,0.0],"evs":[0.0,-2.53133,-2.5083]},"64o":{"weight":1.0,"played":[1.0,0.0,0.0],"evs":[0.0,-2.69488,-2.73812]},"74o":{"weight":1.0,"played":[1.0,0.0,0.0],"evs":[0.0,-2.88274,-3.00785]},"84o":{"weight":1.0,"played":[1.0,0.0,0.0],"evs":[0.0,-3.0706,-3.28205]},"94o":{"weight":1.0,"played":[1.0,0.0,0.0],"evs":[0.0,-3.25867,-3.56984]},"T4o":{"weight":1.0,"played":[1.0,0.0,0.0],"evs":[0.0,-3.07209,-3.37569]},"J4o":{"weight":1.0,"played":[1.0,0.0,0.0],"evs":[0.0,-2.89751,-3.11524]},"Q4o":{"weight":1.0,"played":[1.0,0.0,0.0],"evs":[0.0,-2.57825,-2.72508]},"K4o":{"weight":1.0,"played":[1.0,0.0,0.0],"evs":[0.0,-2.17001,-2.21652]},"A4o":{"weight":1.0,"played":[1.0,0.0,0.0],"evs":[0.0,-0.7732,-0.78818]},"52s":{"weight":1.0,"played":[1.0,0.0,0.0],"evs":[0.0,-2.45962,-2.37678]},"53s":{"weight":1.0,"played":[1.0,0.0,0.0],"evs":[0.0,-1.98667,-1.90711]},"54s":{"weight":1.0,"played":[1.0,0.0,0.0],"evs":[0.0,-1.47534,-1.39526]},"55":{"weight":1.0,"played":[0.0,1.0E-4,0.9999],"evs":[0.0,1.55506,1.60659]},"65o":{"weight":1.0,"played":[1.0,0.0,0.0],"evs":[0.0,-2.29642,-2.23472]},"75o":{"weight":1.0,"played":[1.0,0.0,0.0],"evs":[0.0,-2.4923,-2.46984]},"85o":{"weight":1.0,"played":[1.0,0.0,0.0],"evs":[0.0,-2.70473,-2.7405]},"95o":{"weight":1.0,"played":[1.0,0.0,0.0],"evs":[0.0,-2.89856,-3.01629]},"T5o":{"weight":1.0,"played":[1.0,0.0,0.0],"evs":[0.0,-2.99597,-3.25843]},"J5o":{"weight":1.0,"played":[1.0,0.0,0.0],"evs":[0.0,-2.76554,-2.91705]},"Q5o":{"weight":1.0,"played":[1.0,0.0,0.0],"evs":[0.0,-2.44981,-2.54048]},"K5o":{"weight":1.0,"played":[1.0,0.0,0.0],"evs":[0.0,-2.01673,-2.01396]},"A5o":{"weight":1.0,"played":[1.0,0.0,0.0],"evs":[0.0,-0.48675,-0.48054]},"62s":{"weight":1.0,"played":[1.0,0.0,0.0],"evs":[0.0,-2.64971,-2.6077]},"63s":{"weight":1.0,"played":[1.0,0.0,0.0],"evs":[0.0,-2.1864,-2.12058]},"64s":{"weight":1.0,"played":[1.0,0.0,0.0],"evs":[0.0,-1.68422,-1.61232]},"65s":{"weight":1.0,"played":[1.0,0.0,0.0],"evs":[0.0,-1.20207,-1.13163]},"66":{"weight":1.0,"played":[0.0,0.0,1.0],"evs":[0.0,2.23148,2.2646]},"76o":{"weight":1.0,"played":[1.0,0.0,0.0],"evs":[0.0,-2.04305,-1.99399]},"86o":{"weight":1.0,"played":[1.0,0.0,0.0],"evs":[0.0,-2.26525,-2.22314]},"96o":{"weight":1.0,"played":[1.0,0.0,0.0],"evs":[0.0,-2.5073,-2.48054]},"T6o":{"weight":1.0,"played":[1.0,0.0,0.0],"evs":[0.0,-2.66251,-2.74867]},"J6o":{"weight":1.0,"played":[1.0,0.0,0.0],"evs":[0.0,-2.69813,-2.79803]},"Q6o":{"weight":1.0,"played":[1.0,0.0,0.0],"evs":[0.0,-2.30522,-2.32809]},"K6o":{"weight":1.0,"played":[1.0,0.0,0.0],"evs":[0.0,-1.82525,-1.78879]},"A6o":{"weight":1.0,"played":[1.0,0.0,0.0],"evs":[0.0,-0.49534,-0.52429]},"72s":{"weight":1.0,"played":[1.0,0.0,0.0],"evs":[0.0,-2.81836,-2.8583]},"73s":{"weight":1.0,"played":[1.0,0.0,0.0],"evs":[0.0,-2.43387,-2.37677]},"74s":{"weight":1.0,"played":[1.0,0.0,0.0],"evs":[0.0,-1.9371,-1.87807]},"75s":{"weight":1.0,"played":[1.0,0.0,0.0],"evs":[0.0,-1.43532,-1.36883]},"76s":{"weight":1.0,"played":[1.0,0.0,0.0],"evs":[0.0,-0.97002,-0.91345]},"77":{"weight":1.0,"played":[0.0,0.0,1.0],"evs":[0.0,2.89198,2.91205]},"87o":{"weight":1.0,"played":[1.0,0.0,0.0],"evs":[0.0,-1.85386,-1.8191]},"97o":{"weight":1.0,"played":[1.0,0.0,0.0],"evs":[0.0,-2.08837,-2.05381]},"T7o":{"weight":1.0,"played":[1.0,0.0,0.0],"evs":[0.0,-2.29588,-2.27354]},"J7o":{"weight":1.0,"played":[1.0,0.0,0.0],"evs":[0.0,-2.37677,-2.35284]},"Q7o":{"weight":1.0,"played":[1.0,0.0,0.0],"evs":[0.0,-2.28078,-2.27086]},"K7o":{"weight":1.0,"played":[1.0,0.0,0.0],"evs":[0.0,-1.65602,-1.61962]},"A7o":{"weight":1.0,"played":[0.9998,1.0E-4,2.0E-4],"evs":[0.0,-0.10964,-0.10394]},"82s":{"weight":1.0,"played":[1.0,0.0,0.0],"evs":[0.0,-2.70845,-2.68209]},"83s":{"weight":1.0,"played":[1.0,0.0,0.0],"evs":[0.0,-2.64382,-2.62785]},"84s":{"weight":1.0,"played":[1.0,0.0,0.0],"evs":[0.0,-2.15696,-2.10159]},"85s":{"weight":1.0,"played":[1.0,0.0,0.0],"evs":[0.0,-1.67397,-1.61432]},"86s":{"weight":1.0,"played":[1.0,0.0,0.0],"evs":[0.0,-1.14942,-1.10048]},"87s":{"weight":1.0,"played":[1.0,0.0,0.0],"evs":[0.0,-0.76769,-0.72497]},"88":{"weight":1.0,"played":[0.0,6.0E-4,0.9994],"evs":[0.0,3.64054,3.65171]},"98o":{"weight":1.0,"played":[1.0,0.0,0.0],"evs":[0.0,-1.73118,-1.69593]},"T8o":{"weight":1.0,"played":[1.0,0.0,0.0],"evs":[0.0,-1.85232,-1.82654]},"J8o":{"weight":1.0,"played":[1.0,0.0,0.0],"evs":[0.0,-1.94355,-1.90475]},"Q8o":{"weight":1.0,"played":[1.0,0.0,0.0],"evs":[0.0,-1.8178,-1.80062]},"K8o":{"weight":1.0,"played":[1.0,0.0,0.0],"evs":[0.0,-1.50359,-1.4666]},"A8o":{"weight":1.0,"played":[0.0,0.0027,0.9973],"evs":[0.0,0.37,0.40212]},"92s":{"weight":1.0,"played":[1.0,0.0,0.0],"evs":[0.0,-2.66032,-2.62849]},"93s":{"weight":1.0,"played":[1.0,0.0,0.0],"evs":[0.0,-2.506,-2.46063]},"94s":{"weight":1.0,"played":[1.0,0.0,0.0],"evs":[0.0,-2.42757,-2.37245]},"95s":{"weight":1.0,"played":[1.0,0.0,0.0],"evs":[0.0,-1.91277,-1.86068]},"96s":{"weight":1.0,"played":[1.0,0.0,0.0],"evs":[0.0,-1.41282,-1.36305]},"97s":{"weight":1.0,"played":[1.0,0.0,0.0],"evs":[0.0,-0.99381,-0.95285]},"98s":{"weight":1.0,"played":[1.0,0.0,0.0],"evs":[0.0,-0.6506,-0.60754]},"99":{"weight":1.0,"played":[0.0,0.0,1.0],"evs":[0.0,4.51075,4.52424]},"T9o":{"weight":1.0,"played":[1.0,0.0,0.0],"evs":[0.0,-1.43061,-1.40489]},"J9o":{"weight":1.0,"played":[1.0,0.0,0.0],"evs":[0.0,-1.49007,-1.45325]},"Q9o":{"weight":1.0,"played":[1.0,0.0,0.0],"evs":[0.0,-1.39571,-1.37337]},"K9o":{"weight":1.0,"played":[1.0,0.0,0.0],"evs":[0.0,-0.95564,-0.91805]},"A9o":{"weight":1.0,"played":[0.0,0.0,1.0],"evs":[0.0,0.91741,0.94966]},"T2s":{"weight":1.0,"played":[1.0,0.0,0.0],"evs":[0.0,-2.54353,-2.52759]},