{"equityUnit":"TABLE_EQUITY_PERCENT","conversionFactors":{"toUSD":6.374724,"toRegularPrizePercent":0.4204963},"preHandEquity":[14.33625,30.77444,6.72348,30.21621,17.94962],"bubbleFactors":[[-1.0,1.375,0.805,1.375,1.351],[0.976,-1.0,0.707,1.207,0.953],[1.182,1.203,-1.0,1.203,1.189],[0.979,1.503,0.709,-1.0,0.958],[1.123,1.425,0.776,1.424,-1.0]]}