{"equityUnit":"TABLE_EQUITY_PERCENT","conversionFactors":{"toUSD":16.96,"toRegularPrizePercent":0.8870293},"preHandEquity":[36.15763,14.47051,22.93904,26.43281],"bubbleFactors":[[-1.0,0.6,0.914,0.972],[1.136,-1.0,1.052,1.096],[1.71,0.571,-1.0,1.529],[1.699,0.552,0.917,-1.0]]}