{"player":3,"street":0,"children":2,"sequence":[{"player":0,"type":"C","amount":100000,"street":0},{"player":1,"type":"C","amount":100000,"street":0},{"player":2,"type":"C","amount":100000,"street":0}],"actions":[{"type":"F","amount":0,"node":307},{"type":"R","amount":1465000,"node":381}],"hands":{"22":{"weight":1.0,"played":[0.9937,0.0063],"evs":[0.0,-1.82532]},"32o":{"weight":1.0,"played":[0.9997,3.0E-4],"evs":[0.0,-6.93361]},"42o":{"weight":1.0,"played":[0.9999,1.0E-4],"evs":[0.0,-6.76257]},"52o":{"weight":1.0,"played":[1.0,0.0],"evs":[0.0,-7.2048]},"62o":{"weight":1.0,"played":[1.0,0.0],"evs":[0.0,-8.78422]},"72o":{"weight":1.0,"played":[1.0,0.0],"evs":[0.0,-8.21782]},"82o":{"weight":1.0,"played":[1.0,0.0],"evs":[0.0,-8.01706]},"92o":{"weight":1.0,"played":[1.0,0.0],"evs":[0.0,-6.83311]},"T2o":{"weight":1.0,"played":[0.9997,3.0E-4],"evs":[0.0,-7.51955]},"J2o":{"weight":1.0,"played":[0.9999,1.0E-4],"evs":[0.0,-6.08866]},"Q2o":{"weight":1.0,"played":[0.9994,6.0E-4],"evs":[0.0,-6.36344]},"K2o":{"weight":1.0,"played":[0.9996,4.0E-4],"evs":[0.0,-4.70419]},"A2o":{"weight":1.0,"played":[0.9943,0.0057],"evs":[0.0,-0.8214]},"32s":{"weight":1.0,"played":[0.9962,0.0038],"evs":[0.0,-6.82683]},"33":{"weight":1.0,"played":[0.3183,0.6817],"evs":[0.0,-0.65678]},"43o":{"weight":1.0,"played":[0.9992,8.0E-4],"evs":[0.0,-5.18922]},"53o":{"weight":1.0,"played":[0.9998,2.0E-4],"evs":[0.0,-5.0449]},"63o":{"weight":1.0,"played":[1.0,0.0],"evs":[0.0,-5.85505]},"73o":{"weight":1.0,"played":[1.0,0.0],"evs":[0.0,-5.88503]},"83o":{"weight":1.0,"played":[0.9999,1.0E-4],"evs":[0.0,-7.02436]},"93o":{"weight":1.0,"played":[0.9997,3.0E-4],"evs":[0.0,-6.17057]},"T3o":{"weight":1.0,"played":[0.999,0.001],"evs":[0.0,-6.62667]},"J3o":{"weight":1.0,"played":[0.9997,3.0E-4],"evs":[0.0,-5.50745]},"Q3o":{"weight":1.0,"played":[0.9997,3.0E-4],"evs":[0.0,-4.72323]},"K3o":{"weight":1.0,"played":[0.9998,2.0E-4],"evs":[0.0,-3.91753]},"A3o":{"weight":1.0,"played":[0.8631,0.1369],"evs":[0.0,-1.23017]},"42s":{"weight":1.0,"played":[0.9946,0.0054],"evs":[0.0,-4.16343]},"43s":{"weight":1.0,"played":[0.9872,0.0128],"evs":[0.0,-2.84664]},"44":{"weight":1.0,"played":[0.8739,0.1261],"evs":[0.0,-0.77064]},"54o":{"weight":1.0,"played":[0.9989,0.0011],"evs":[0.0,-3.64688]},"64o":{"weight":1.0,"played":[0.9994,6.0E-4],"evs":[0.0,-5.39254]},"74o":{"weight":1.0,"played":[0.9991,9.0E-4],"evs":[0.0,-4.8001]},"84o":{"weight":1.0,"played":[1.0,0.0],"evs":[0.0,-6.17072]},"94o":{"weight":1.0,"played":[1.0,0.0],"evs":[0.0,-6.59525]},"T4o":{"weight":1.0,"played":[0.9995,5.0E-4],"evs":[0.0,-5.68821]},"J4o":{"weight":1.0,"played":[0.9999,1.0E-4],"evs":[0.0,-5.39375]},"Q4o":{"weight":1.0,"played":[0.9985,0.0015],"evs":[0.0,-5.25501]},"K4o":{"weight":1.0,"played":[0.9995,5.0E-4],"evs":[0.0,-3.96298]},"A4o":{"weight":1.0,"played":[0.4401,0.5599],"evs":[0.0,0.20392]},"52s":{"weight":1.0,"played":[0.985,0.015],"evs":[0.0,-3.95011]},"53s":{"weight":1.0,"played":[0.9977,0.0023],"evs":[0.0,-2.66844]},"54s":{"weight":1.0,"played":[0.8363,0.1637],"evs":[0.0,-1.42069]},"55":{"weight":1.0,"played":[1.0E-4,0.9999],"evs":[0.0,1.76564]},"65o":{"weight":1.0,"played":[0.9967,0.0033],"evs":[0.0,-4.31855]},"75o":{"weight":1.0,"played":[0.9986,0.0014],"evs":[0.0,-4.7548]},"85o":{"weight":1.0,"played":[0.9999,1.0E-4],"evs":[0.0,-4.04218]},"95o":{"weight":1.0,"played":[1.0,0.0],"evs":[0.0,-4.89165]},"T5o":{"weight":1.0,"played":[1.0,0.0],"evs":[0.0,-6.16479]},"J5o":{"weight":1.0,"played":[1.0,0.0],"evs":[0.0,-4.98557]},"Q5o":{"weight":1.0,"played":[1.0,0.0],"evs":[0.0,-4.22765]},"K5o":{"weight":1.0,"played":[0.9985,0.0015],"evs":[0.0,-3.10554]},"A5o":{"weight":1.0,"played":[0.1149,0.8851],"evs":[0.0,0.9145]},"62s":{"weight":1.0,"played":[1.0,0.0],"evs":[0.0,-5.51577]},"63s":{"weight":1.0,"played":[0.9994,6.0E-4],"evs":[0.0,-4.83338]},"64s":{"weight":1.0,"played":[0.99,0.01],"evs":[0.0,-3.28514]},"65s":{"weight":1.0,"played":[0.9795,0.0205],"evs":[0.0,-3.25612]},"66":{"weight":1.0,"played":[0.0838,0.9162],"evs":[0.0,2.25024]},"76o":{"weight":1.0,"played":[0.9982,0.0018],"evs":[0.0,-4.16225]},"86o":{"weight":1.0,"played":[0.9999,1.0E-4],"evs":[0.0,-3.49832]},"96o":{"weight":1.0,"played":[0.9987,0.0013],"evs":[0.0,-5.13672]},"T6o":{"weight":1.0,"played":[0.9993,7.0E-4],"evs":[0.0,-4.83374]},"J6o":{"weight":1.0,"played":[0.9996,4.0E-4],"evs":[0.0,-5.80248]},"Q6o":{"weight":1.0,"played":[0.9976,0.0024],"evs":[0.0,-3.66731]},"K6o":{"weight":1.0,"played":[0.9995,5.0E-4],"evs":[0.0,-3.77296]},"A6o":{"weight":1.0,"played":[0.3444,0.6556],"evs":[0.0,1.14388]},"72s":{"weight":1.0,"played":[0.9489,0.0511],"evs":[0.0,-2.83781]},"73s":{"weight":1.0,"played":[0.9955,0.0045],"evs":[0.0,-4.77174]},"74s":{"weight":1.0,"played":[0.993,0.007],"evs":[0.0,-2.54297]},"75s":{"weight":1.0,"played":[0.9781,0.0219],"evs":[0.0,-3.94784]},"76s":{"weight":1.0,"played":[0.3719,0.6281],"evs":[0.0,-0.24531]},"77":{"weight":1.0,"played":[0.0314,0.9686],"evs":[0.0,4.44346]},"87o":{"weight":1.0,"played":[0.9994,6.0E-4],"evs":[0.0,-2.35934]},"97o":{"weight":1.0,"played":[0.9997,3.0E-4],"evs":[0.0,-4.00643]},"T7o":{"weight":1.0,"played":[1.0,0.0],"evs":[0.0,-3.74727]},"J7o":{"weight":1.0,"played":[0.9996,4.0E-4],"evs":[0.0,-3.62203]},"Q7o":{"weight":1.0,"played":[0.9998,2.0E-4],"evs":[0.0,-3.7054]},"K7o":{"weight":1.0,"played":[0.9998,2.0E-4],"evs":[0.0,-1.44155]},"A7o":{"weight":1.0,"played":[0.0899,0.9101],"evs":[0.0,0.51204]},"82s":{"weight":1.0,"played":[0.997,0.003],"evs":[0.0,-4.50658]},"83s":{"weight":1.0,"played":[0.9989,0.0011],"evs":[0.0,-3.80206]},"84s":{"weight":1.0,"played":[0.9999,1.0E-4],"evs":[0.0,-2.0639]},"85s":{"weight":1.0,"played":[0.9485,0.0515],"evs":[0.0,-2.72354]},"86s":{"weight":1.0,"played":[0.5589,0.4411],"evs":[0.0,0.58604]},"87s":{"weight":1.0,"played":[0.7032,0.2968],"evs":[0.0,-0.95857]},"88":{"weight":1.0,"played":[0.0019,0.9981],"evs":[0.0,4.57062]},"98o":{"weight":1.0,"played":[1.0,0.0],"evs":[0.0,-2.82526]},"T8o":{"weight":1.0,"played":[0.9999,1.0E-4],"evs":[0.0,-3.83981]},"J8o":{"weight":1.0,"played":[0.999,0.001],"evs":[0.0,-5.49657]},"Q8o":{"weight":1.0,"played":[0.9997,3.0E-4],"evs":[0.0,-3.92575]},"K8o":{"weight":1.0,"played":[0.9987,0.0013],"evs":[0.0,-2.4378]},"A8o":{"weight":1.0,"played":[0.026,0.974],"evs":[0.0,1.99227]},"92s":{"weight":1.0,"played":[0.9961,0.0039],"evs":[0.0,-5.86798]},"93s":{"weight":1.0,"played":[0.9999,1.0E-4],"evs":[0.0,-2.27353]},"94s":{"weight":1.0,"played":[0.9992,8.0E-4],"evs":[0.0,-4.3464]},"95s":{"weight":1.0,"played":[0.9513,0.0487],"evs":[0.0,-2.89262]},"96s":{"weight":1.0,"played":[0.9268,0.0732],"evs":[0.0,-1.34253]},"97s":{"weight":1.0,"played":[0.7718,0.2282],"evs":[0.0,-0.90908]},"98s":{"weight":1.0,"played":[0.5067,0.4933],"evs":[0.0,-1.1696]},"99":{"weight":1.0,"played":[1.0E-4,0.9999],"evs":[0.0,6.79551]},"T9o":{"weight":1.0,"played":[0.9997,3.0E-4],"evs":[0.0,-3.12628]},"J9o":{"weight":1.0,"played":[0.9861,0.0139],"evs":[0.0,-3.04329]},"Q9o":{"weight":1.0,"played":[0.9931,0.0069],"evs":[0.0,-2.37233]},"K9o":{"weight":1.0,"played":[0.9816,0.0184],"evs":[0.0,-2.45445]},"A9o":{"weight":1.0,"played":[1.0E-4,0.9999],"evs":[0.0,1.10454]},"T2s":{"weight":1.0,"played":[0.9588,0.0412],"evs":[0.0,-2.54765]},"T3s":{"weight":1.0,"played":[0.9861,0.0139],"evs":[0.0,-3.47114]},"T4s":{"weight":1.0,"played":[0.9918,0.0082],"evs":[0.0,-2.48085]},"T5s":{"weight":1.0,"played":[0.9991,9.0E-4],"evs":[0.0,-2.63608]},"T6s":{"weight":1.0,"played":[0.9969,0.0031],"evs":[0.0,-4.39501]},"T7s":{"weight":1.0,"played":[0.8036,0.1964],"evs":[0.0,-0.45079]},"T8s":{"weight":1.0,"played":[0.7819,0.2181],"evs":[0.0,-1.5435]},"T9s":{"weight":1.0,"played":[0.3503,0.6497],"evs":[0.0,1.47215]},"TT":{"weight":1.0,"played":[9.0E-4,0.9991],"evs":[0.0,8.36411]},"JTo":{"weight":1.0,"played":[0.9823,0.0177],"evs":[0.0,-1.41549]},"QTo":{"weight":1.0,"played":[0.9984,0.0016],"evs":[0.0,-1.77192]},"KTo":{"weight":1.0,"played":[0.5135,0.4865],"evs":[0.0,-1.02969]},"ATo":{"weight":1.0,"played":[3.0E-4,0.9997],"evs":[0.0,3.35531]},