{"player":1,"street":0,"children":3,"sequence":[{"player":0,"type":"C","amount":100000,"street":0}],"actions":[{"type":"F","amount":0,"node":56},{"type":"C","amount":100000,"node":134},{"type":"R","amount":1235000,"node":611}],"hands":{"22":{"weight":1.0,"played":[1.0,0.0,0.0],"evs":[0.0,-0.42668,-1.4982]},"32o":{"weight":1.0,"played":[1.0,0.0,0.0],"evs":[0.0,-1.01009,-4.60202]},"42o":{"weight":1.0,"played":[1.0,0.0,0.0],"evs":[0.0,-0.97786,-4.35183]},"52o":{"weight":1.0,"played":[1.0,0.0,0.0],"evs":[0.0,-0.93383,-4.15162]},"62o":{"weight":1.0,"played":[1.0,0.0,0.0],"evs":[0.0,-1.05409,-4.8302]},"72o":{"weight":1.0,"played":[1.0,0.0,0.0],"evs":[0.0,-1.06301,-5.04953]},"82o":{"weight":1.0,"played":[1.0,0.0,0.0],"evs":[0.0,-1.0961,-4.60797]},"92o":{"weight":1.0,"played":[1.0,0.0,0.0],"evs":[0.0,-1.03874,-4.28054]},"T2o":{"weight":1.0,"played":[1.0,0.0,0.0],"evs":[0.0,-0.95258,-3.86814]},"J2o":{"weight":1.0,"played":[1.0,0.0,0.0],"evs":[0.0,-0.91909,-3.60067]},"Q2o":{"weight":1.0,"played":[1.0,0.0,0.0],"evs":[0.0,-0.85984,-3.20258]},"K2o":{"weight":1.0,"played":[1.0,0.0,0.0],"evs":[0.0,-0.83182,-2.56479]},"A2o":{"weight":1.0,"played":[1.0,0.0,0.0],"evs":[0.0,-0.20358,-0.652]},"32s":{"weight":1.0,"played":[1.0,0.0,0.0],"evs":[0.0,-0.77707,-3.22294]},"33":{"weight":1.0,"played":[0.9025,0.0975,0.0],"evs":[0.0,-0.00452,-0.19108]},"43o":{"weight":1.0,"played":[1.0,0.0,0.0],"evs":[0.0,-0.83814,-3.52604]},"53o":{"weight":1.0,"played":[1.0,0.0,0.0],"evs":[0.0,-0.80292,-3.31985]},"63o":{"weight":1.0,"played":[1.0,0.0,0.0],"evs":[0.0,-0.90319,-3.85985]},"73o":{"weight":1.0,"played":[1.0,0.0,0.0],"evs":[0.0,-0.95488,-4.07623]},"83o":{"weight":1.0,"played":[1.0,0.0,0.0],"evs":[0.0,-1.04564,-4.15426]},"93o":{"weight":1.0,"played":[1.0,0.0,0.0],"evs":[0.0,-0.9631,-3.77747]},"T3o":{"weight":1.0,"played":[1.0,0.0,0.0],"evs":[0.0,-0.87755,-3.35873]},"J3o":{"weight":1.0,"played":[1.0,0.0,0.0],"evs":[0.0,-0.84675,-3.05782]},"Q3o":{"weight":1.0,"played":[1.0,0.0,0.0],"evs":[0.0,-0.80036,-2.66585]},"K3o":{"weight":1.0,"played":[1.0,0.0,0.0],"evs":[0.0,-0.76182,-2.08666]},"A3o":{"weight":1.0,"played":[1.0,0.0,0.0],"evs":[0.0,-0.05091,-0.20819]},"42s":{"weight":1.0,"played":[1.0,0.0,0.0],"evs":[0.0,-0.73867,-3.0718]},"43s":{"weight":1.0,"played":[1.0,0.0,0.0],"evs":[0.0,-0.61087,-2.23323]},"44":{"weight":1.0,"played":[5.0E-4,0.8791,0.1203],"evs":[0.0,0.40104,0.35223]},"54o":{"weight":1.0,"played":[1.0,0.0,0.0],"evs":[0.0,-0.71854,-2.77688]},"64o":{"weight":1.0,"played":[1.0,0.0,0.0],"evs":[0.0,-0.79707,-3.24643]},"74o":{"weight":1.0,"played":[1.0,0.0,0.0],"evs":[0.0,-0.83574,-3.45186]},"84o":{"weight":1.0,"played":[1.0,0.0,0.0],"evs":[0.0,-0.92027,-3.57249]},"94o":{"weight":1.0,"played":[1.0,0.0,0.0],"evs":[0.0,-0.93513,-3.65518]},"T4o":{"weight":1.0,"played":[1.0,0.0,0.0],"evs":[0.0,-0.82888,-3.11745]},"J4o":{"weight":1.0,"played":[1.0,0.0,0.0],"evs":[0.0,-0.78668,-2.80602]},"Q4o":{"weight":1.0,"played":[1.0,0.0,0.0],"evs":[0.0,-0.75592,-2.45105]},"K4o":{"weight":1.0,"played":[1.0,0.0,0.0],"evs":[0.0,-0.72211,-1.82477]},"A4o":{"weight":1.0,"played":[0.1493,0.5089,0.3418],"evs":[0.0,0.00792,-0.01107]},"52s":{"weight":1.0,"played":[1.0,0.0,0.0],"evs":[0.0,-0.68969,-2.86738]},"53s":{"weight":1.0,"played":[1.0,0.0,0.0],"evs":[0.0,-0.58636,-2.0306]},"54s":{"weight":1.0,"played":[1.0,0.0,0.0],"evs":[0.0,-0.45287,-1.55367]},"55":{"weight":1.0,"played":[0.0,0.0323,0.9677],"evs":[0.0,0.81438,0.91745]},"65o":{"weight":1.0,"played":[1.0,0.0,0.0],"evs":[0.0,-0.70882,-2.71898]},"75o":{"weight":1.0,"played":[1.0,0.0,0.0],"evs":[0.0,-0.72243,-2.95335]},"85o":{"weight":1.0,"played":[1.0,0.0,0.0],"evs":[0.0,-0.80277,-3.02426]},"95o":{"weight":1.0,"played":[1.0,0.0,0.0],"evs":[0.0,-0.85811,-3.0997]},"T5o":{"weight":1.0,"played":[1.0,0.0,0.0],"evs":[0.0,-0.82046,-3.05673]},"J5o":{"weight":1.0,"played":[1.0,0.0,0.0],"evs":[0.0,-0.75902,-2.64554]},"Q5o":{"weight":1.0,"played":[1.0,0.0,0.0],"evs":[0.0,-0.70933,-2.23653]},"K5o":{"weight":1.0,"played":[1.0,0.0,0.0],"evs":[0.0,-0.66949,-1.58518]},"A5o":{"weight":1.0,"played":[0.0,0.0062,0.9938],"evs":[0.0,0.14565,0.24263]},"62s":{"weight":1.0,"played":[1.0,0.0,0.0],"evs":[0.0,-0.77735,-3.42829]},"63s":{"weight":1.0,"played":[1.0,0.0,0.0],"evs":[0.0,-0.65942,-2.544]},"64s":{"weight":1.0,"played":[1.0,0.0,0.0],"evs":[0.0,-0.55176,-1.96891]},"65s":{"weight":1.0,"played":[1.0,0.0,0.0],"evs":[0.0,-0.39683,-1.49798]},"66":{"weight":1.0,"played":[0.0,0.3631,0.6369],"evs":[0.0,1.23865,1.2555]},"76o":{"weight":1.0,"played":[1.0,0.0,0.0],"evs":[0.0,-0.64521,-2.54143]},"86o":{"weight":1.0,"played":[1.0,0.0,0.0],"evs":[0.0,-0.71295,-2.57824]},"96o":{"weight":1.0,"played":[1.0,0.0,0.0],"evs":[0.0,-0.74658,-2.724]},"T6o":{"weight":1.0,"played":[1.0,0.0,0.0],"evs":[0.0,-0.74437,-2.65927]},"J6o":{"weight":1.0,"played":[1.0,0.0,0.0],"evs":[0.0,-0.7567,-2.67868]},"Q6o":{"weight":1.0,"played":[1.0,0.0,0.0],"evs":[0.0,-0.68213,-2.1812]},"K6o":{"weight":1.0,"played":[1.0,0.0,0.0],"evs":[0.0,-0.62322,-1.54309]},"A6o":{"weight":1.0,"played":[0.0011,0.9977,0.0012],"evs":[0.0,0.1316,0.01026]},"72s":{"weight":1.0,"played":[1.0,0.0,0.0],"evs":[0.0,-0.82152,-3.5934]},"73s":{"weight":1.0,"played":[1.0,0.0,0.0],"evs":[0.0,-0.71592,-2.72908]},"74s":{"weight":1.0,"played":[1.0,0.0,0.0],"evs":[0.0,-0.637,-2.22111]},"75s":{"weight":1.0,"played":[1.0,0.0,0.0],"evs":[0.0,-0.45236,-1.59049]},"76s":{"weight":1.0,"played":[1.0,0.0,0.0],"evs":[0.0,-0.39408,-1.25293]},"77":{"weight":1.0,"played":[0.0,0.0562,0.9438],"evs":[0.0,2.05381,2.10546]},"87o":{"weight":1.0,"played":[1.0,0.0,0.0],"evs":[0.0,-0.64414,-2.05676]},"97o":{"weight":1.0,"played":[1.0,0.0,0.0],"evs":[0.0,-0.63298,-2.17404]},"T7o":{"weight":1.0,"played":[1.0,0.0,0.0],"evs":[0.0,-0.61028,-2.11344]},"J7o":{"weight":1.0,"played":[1.0,0.0,0.0],"evs":[0.0,-0.63758,-2.1615]},"Q7o":{"weight":1.0,"played":[1.0,0.0,0.0],"evs":[0.0,-0.64159,-2.08768]},"K7o":{"weight":1.0,"played":[1.0,0.0,0.0],"evs":[0.0,-0.62276,-1.34332]},"A7o":{"weight":1.0,"played":[0.0,0.1033,0.8967],"evs":[0.0,0.26702,0.28121]},"82s":{"weight":1.0,"played":[1.0,0.0,0.0],"evs":[0.0,-0.81048,-3.24177]},"83s":{"weight":1.0,"played":[1.0,0.0,0.0],"evs":[0.0,-0.77077,-2.75977]},"84s":{"weight":1.0,"played":[1.0,0.0,0.0],"evs":[0.0,-0.65723,-2.2046]},"85s":{"weight":1.0,"played":[1.0,0.0,0.0],"evs":[0.0,-0.54707,-1.75576]},"86s":{"weight":1.0,"played":[1.0,0.0,0.0],"evs":[0.0,-0.4449,-1.31102]},"87s":{"weight":1.0,"played":[1.0,0.0,0.0],"evs":[0.0,-0.26711,-0.8188]},"88":{"weight":1.0,"played":[0.0,0.1547,0.8453],"evs":[0.0,2.86112,2.88973]},"98o":{"weight":1.0,"played":[1.0,0.0,0.0],"evs":[0.0,-0.63198,-1.72768]},"T8o":{"weight":1.0,"played":[1.0,0.0,0.0],"evs":[0.0,-0.58568,-1.63617]},"J8o":{"weight":1.0,"played":[1.0,0.0,0.0],"evs":[0.0,-0.64538,-1.65686]},"Q8o":{"weight":1.0,"played":[1.0,0.0,0.0],"evs":[0.0,-0.66946,-1.60722]},"K8o":{"weight":1.0,"played":[1.0,0.0,0.0],"evs":[0.0,-0.55667,-1.19815]},"A8o":{"weight":1.0,"played":[0.0,0.5343,0.4657],"evs":[0.0,0.41767,0.40384]},"92s":{"weight":1.0,"played":[1.0,0.0,0.0],"evs":[0.0,-0.75848,-2.93856]},"93s":{"weight":1.0,"played":[1.0,0.0,0.0],"evs":[0.0,-0.6876,-2.34406]},"94s":{"weight":1.0,"played":[1.0,0.0,0.0],"evs":[0.0,-0.6887,-2.33446]},"95s":{"weight":1.0,"played":[1.0,0.0,0.0],"evs":[0.0,-0.58433,-1.86291]},"96s":{"weight":1.0,"played":[1.0,0.0,0.0],"evs":[0.0,-0.51647,-1.43631]},"97s":{"weight":1.0,"played":[1.0,0.0,0.0],"evs":[0.0,-0.34524,-0.90691]},"98s":{"weight":1.0,"played":[1.0,0.0,0.0],"evs":[0.0,-0.19346,-0.512]},"99":{"weight":1.0,"played":[0.0,0.1352,0.8648],"evs":[0.0,3.6125,3.59929]},"T9o":{"weight":1.0,"played":[1.0,0.0,0.0],"evs":[0.0,-0.43602,-1.07765]},"J9o":{"weight":1.0,"played":[1.0,0.0,0.0],"evs":[0.0,-0.4408,-1.15846]},"Q9o":{"weight":1.0,"played":[1.0,0.0,0.0],"evs":[0.0,-0.43351,-1.00544]},"K9o":{"weight":1.0,"played":[0.9997,3.0E-4,0.0],"evs":[0.0,-0.12447,-0.61809]},"A9o":{"weight":1.0,"played":[0.0,0.3304,0.6696],"evs":[0.0,0.77273,0.7841]},"T2s":{"weight":1.0,