{"player":1,"street":0,"children":3,"sequence":[{"player":0,"type":"F","amount":0,"street":0}],"actions":[{"type":"F","amount":0,"node":2},{"type":"R","amount":200000,"node":79},{"type":"R","amount":2265000}],"hands":{"22":{"weight":1.0,"played":[1.0,0.0,0.0],"evs":[0.0,-0.10006,-0.16292]},"32o":{"weight":1.0,"played":[1.0,0.0,0.0],"evs":[0.0,-0.36966,-1.78716]},"42o":{"weight":1.0,"played":[1.0,0.0,0.0],"evs":[0.0,-0.33682,-1.70392]},"52o":{"weight":1.0,"played":[1.0,0.0,0.0],"evs":[0.0,-0.30668,-1.57719]},"62o":{"weight":1.0,"played":[1.0,0.0,0.0],"evs":[0.0,-0.34526,-1.69667]},"72o":{"weight":1.0,"played":[1.0,0.0,0.0],"evs":[0.0,-0.37331,-1.78394]},"82o":{"weight":1.0,"played":[1.0,0.0,0.0],"evs":[0.0,-0.36445,-1.64403]},"92o":{"weight":1.0,"played":[1.0,0.0,0.0],"evs":[0.0,-0.35731,-1.56798]},"T2o":{"weight":1.0,"played":[1.0,0.0,0.0],"evs":[0.0,-0.33536,-1.48892]},"J2o":{"weight":1.0,"played":[1.0,0.0,0.0],"evs":[0.0,-0.3107,-1.39704]},"Q2o":{"weight":1.0,"played":[1.0,0.0,0.0],"evs":[0.0,-0.27274,-1.25692]},"K2o":{"weight":1.0,"played":[1.0,0.0,0.0],"evs":[0.0,-0.24639,-1.08099]},"A2o":{"weight":1.0,"played":[1.0,0.0,0.0],"evs":[0.0,-0.12106,-0.546]},"32s":{"weight":1.0,"played":[1.0,0.0,0.0],"evs":[0.0,-0.23805,-1.22505]},"33":{"weight":1.0,"played":[0.226,0.7712,0.0027],"evs":[0.0,-0.0015,-0.05305]},"43o":{"weight":1.0,"played":[1.0,0.0,0.0],"evs":[0.0,-0.27335,-1.49242]},"53o":{"weight":1.0,"played":[1.0,0.0,0.0],"evs":[0.0,-0.24105,-1.35714]},"63o":{"weight":1.0,"played":[1.0,0.0,0.0],"evs":[0.0,-0.27699,-1.47752]},"73o":{"weight":1.0,"played":[1.0,0.0,0.0],"evs":[0.0,-0.31399,-1.5603]},"83o":{"weight":1.0,"played":[1.0,0.0,0.0],"evs":[0.0,-0.34714,-1.62052]},"93o":{"weight":1.0,"played":[1.0,0.0,0.0],"evs":[0.0,-0.32577,-1.49324]},"T3o":{"weight":1.0,"played":[1.0,0.0,0.0],"evs":[0.0,-0.31056,-1.41302]},"J3o":{"weight":1.0,"played":[1.0,0.0,0.0],"evs":[0.0,-0.28603,-1.31845]},"Q3o":{"weight":1.0,"played":[1.0,0.0,0.0],"evs":[0.0,-0.2454,-1.19204]},"K3o":{"weight":1.0,"played":[1.0,0.0,0.0],"evs":[0.0,-0.21568,-1.01255]},"A3o":{"weight":1.0,"played":[1.0,0.0,0.0],"evs":[0.0,-0.07722,-0.48078]},"42s":{"weight":1.0,"played":[1.0,0.0,0.0],"evs":[0.0,-0.19603,-1.14851]},"43s":{"weight":1.0,"played":[1.0,0.0,0.0],"evs":[0.0,-0.1382,-0.95743]},"44":{"weight":1.0,"played":[0.0,0.9999,1.0E-4],"evs":[0.0,0.13694,0.08875]},"54o":{"weight":1.0,"played":[1.0,0.0,0.0],"evs":[0.0,-0.1763,-1.14659]},"64o":{"weight":1.0,"played":[1.0,0.0,0.0],"evs":[0.0,-0.20065,-1.25372]},"74o":{"weight":1.0,"played":[1.0,0.0,0.0],"evs":[0.0,-0.24127,-1.34442]},"84o":{"weight":1.0,"played":[1.0,0.0,0.0],"evs":[0.0,-0.28094,-1.39988]},"94o":{"weight":1.0,"played":[1.0,0.0,0.0],"evs":[0.0,-0.29964,-1.47358]},"T4o":{"weight":1.0,"played":[1.0,0.0,0.0],"evs":[0.0,-0.27571,-1.34627]},"J4o":{"weight":1.0,"played":[1.0,0.0,0.0],"evs":[0.0,-0.251,-1.25898]},"Q4o":{"weight":1.0,"played":[1.0,0.0,0.0],"evs":[0.0,-0.21113,-1.124]},"K4o":{"weight":1.0,"played":[1.0,0.0,0.0],"evs":[0.0,-0.18225,-0.94731]},"A4o":{"weight":1.0,"played":[1.0,0.0,0.0],"evs":[0.0,-0.04131,-0.41373]},"52s":{"weight":1.0,"played":[1.0,0.0,0.0],"evs":[0.0,-0.16907,-1.02303]},"53s":{"weight":1.0,"played":[1.0,0.0,0.0],"evs":[0.0,-0.10432,-0.8366]},"54s":{"weight":1.0,"played":[1.0,0.0,0.0],"evs":[0.0,-0.03574,-0.62649]},"55":{"weight":1.0,"played":[0.0,0.9869,0.0131],"evs":[0.0,0.39823,0.36231]},"65o":{"weight":1.0,"played":[1.0,0.0,0.0],"evs":[0.0,-0.13004,-1.00634]},"75o":{"weight":1.0,"played":[1.0,0.0,0.0],"evs":[0.0,-0.16235,-1.08834]},"85o":{"weight":1.0,"played":[1.0,0.0,0.0],"evs":[0.0,-0.20316,-1.15391]},"95o":{"weight":1.0,"played":[1.0,0.0,0.0],"evs":[0.0,-0.23456,-1.22802]},"T5o":{"weight":1.0,"played":[1.0,0.0,0.0],"evs":[0.0,-0.24782,-1.28681]},"J5o":{"weight":1.0,"played":[1.0,0.0,0.0],"evs":[0.0,-0.21363,-1.1541]},"Q5o":{"weight":1.0,"played":[1.0,0.0,0.0],"evs":[0.0,-0.1761,-1.02595]},"K5o":{"weight":1.0,"played":[1.0,0.0,0.0],"evs":[0.0,-0.14675,-0.85081]},"A5o":{"weight":1.0,"played":[0.1196,0.8804,0.0],"evs":[0.0,0.00135,-0.32167]},"62s":{"weight":1.0,"played":[1.0,0.0,0.0],"evs":[0.0,-0.20051,-1.15189]},"63s":{"weight":1.0,"played":[1.0,0.0,0.0],"evs":[0.0,-0.13804,-0.93935]},"64s":{"weight":1.0,"played":[1.0,0.0,0.0],"evs":[0.0,-0.06423,-0.72858]},"65s":{"weight":1.0,"played":[0.9541,0.0459,0.0],"evs":[0.0,-8.2E-4,-0.5152]},"66":{"weight":1.0,"played":[0.0,0.9984,0.0016],"evs":[0.0,0.76274,0.71717]},"76o":{"weight":1.0,"played":[1.0,0.0,0.0],"evs":[0.0,-0.11918,-0.8677]},"86o":{"weight":1.0,"played":[1.0,0.0,0.0],"evs":[0.0,-0.15753,-0.91981]},"96o":{"weight":1.0,"played":[1.0,0.0,0.0],"evs":[0.0,-0.18531,-0.99286]},"T6o":{"weight":1.0,"played":[1.0,0.0,0.0],"evs":[0.0,-0.20994,-1.059]},"J6o":{"weight":1.0,"played":[1.0,0.0,0.0],"evs":[0.0,-0.20533,-1.10639]},"Q6o":{"weight":1.0,"played":[1.0,0.0,0.0],"evs":[0.0,-0.15782,-0.94419]},"K6o":{"weight":1.0,"played":[1.0,0.0,0.0],"evs":[0.0,-0.13361,-0.7642]},"A6o":{"weight":1.0,"played":[0.9999,1.0E-4,0.0],"evs":[0.0,-0.02456,-0.40132]},"72s":{"weight":1.0,"played":[1.0,0.0,0.0],"evs":[0.0,-0.23271,-1.22593]},"73s":{"weight":1.0,"played":[1.0,0.0,0.0],"evs":[0.0,-0.17083,-1.02035]},"74s":{"weight":1.0,"played":[1.0,0.0,0.0],"evs":[0.0,-0.09917,-0.80957]},"75s":{"weight":1.0,"played":[1.0,0.0,0.0],"evs":[0.0,-0.02925,-0.57545]},"76s":{"weight":1.0,"played":[0.0438,0.9562,0.0],"evs":[0.0,0.01159,-0.36692]},"77":{"weight":1.0,"played":[0.0,0.9997,3.0E-4],"evs":[0.0,1.15259,1.0854]},"87o":{"weight":1.0,"played":[1.0,0.0,0.0],"evs":[0.0,-0.11276,-0.71786]},"97o":{"weight":1.0,"played":[1.0,0.0,0.0],"evs":[0.0,-0.12977,-0.77749]},"T7o":{"weight":1.0,"played":[1.0,0.0,0.0],"evs":[0.0,-0.15559,-0.83012]},"J7o":{"weight":1.0,"played":[1.0,0.0,0.0],"evs":[0.0,-0.15637,-0.88196]},"Q7o":{"weight":1.0,"played":[1.0,0.0,0.0],"evs":[0.0,-0.14034,-0.89871]},"K7o":{"weight":1.0,"played":[1.0,0.0,0.0],"evs":[0.0,-0.1195,-0.69592]},"A7o":{"weight":1.0,"played":[0.5353,0.4647,0.0],"evs":[0.0,3.4E-4,-0.27855]},"82s":{"weight":1.0,"played":[1.0,0.0,0.0],"evs":[0.0,-0.2176,-1.09139]},"83s":{"weight":1.0,"played":[1.0,0.0,0.0],"evs":[0.0,-0.19775,-1.0708]},"84s":{"weight":1.0,"played":[1.0,0.0,0.0],"evs":[0.0,-0.13619,-0.8681]},"85s":{"weight":1.0,"played":[1.0,0.0,0.0],"evs":[0.0,-0.06654,-0.63113]},"86s":{"weight":1.0,"played":[1.0,0.0,0.0],"evs":[0.0,-0.01657,-0.41098]},"87s":{"weight":1.0,"played":[1.0E-4,0.9999,0.0],"evs":[0.0,0.0371,-0.21992]},"88":{"weight":1.0,"played":[0.0,1.0,0.0],"evs":[0.0,1.62379,1.48935]},"98o":{"weight":1.0,"played":[1.0,0.0,0.0],"evs":[0.0,-0.09379,-0.57628]},"T8o":{"weight":1.0,"played":[1.0,0.0,0.0],"evs":[0.0,-0.10869,-0.59254]},"J8o":{"weight":1.0,"played":[1.0,0.0,0.0],"evs":[0.0,-0.11582,-0.66051]},"Q8o":{"weight":1.0,"played":[1.0,0.0,0.0],"evs":[0.0,-0.10551,-0.67947]},"K8o":{"weight":1.0,"played":[1.0,0.0,0.0],"evs":[0.0,-0.10068,-0.63397]},"A8o":{"weight":1.0,"played":[0.0,1.0,0.0],"evs":[0.0,0.03098,-0.16767]},"92s":{"weight":1.0,"played":[1.0,0.0,0.0],"evs":[0.0,-0.20309,-1.02735]},"93s":{"weight":1.0,"played":[1.0,0.0,0.0],"evs":[0.0,-0.18277,-0.96455]},"94s":{"weight":1.0,"played":[1.0,0.0,0.0],"evs":[0.0,-0.15727,-0.93921]},"95s":{"weight":1.0,"played":[1.0,0.0,0.0],"evs":[0.0,-0.08656,-0.7039]},"96s":{"weight":1.0,"played":[1.0,0.0,0.0],"evs":[0.0,-0.03807,-0.48833]},"97s":{"weight":1.0,"played":[0.002,0.998,0.0],"evs":[0.0,0.01366,-0.28836]},"98s":{"weight":1.0,"played":[1.0E-4,0.9999,0.0],"evs":[0.0,0.06272,-0.09525]},"99":{"weight":1.0,"played":[0.0,1.0,0.0],"evs":[0.0,2.12548,1.9049]},"T9o":{"weight":1.0,"played":[1.0,0.0,0.0],"evs":[0.0,-0.043,-0.38938]},"J9o":{"weight":1.0,"played":[1.0,0.0,0.0],"evs":[0.0,-0.04598,-0.45445]},"Q9o":{"weight":1.0,"played":[1.0,0.0,0.0],"evs":[0.0,-0.03468,-0.47573]},"K9o":{"weight":1.0,"played":[1.0,0.0,0.0],"evs":[0.0,-0.03656,-0.44141]},"A9o":{"weight":1.0,"played":[0.0,1.0,0.0],"evs":[0.0,0.11123,-0.02318]},"T2s":{"weight":1.0,"played":[1.0,0.0,0.0],