{"player":2,"street":0,"children":3,"sequence":[{"player":0,"type":"F","amount":0,"street":0},{"player":1,"type":"R","amount":1585000,"street":0}],"actions":[{"type":"F","amount":0,"node":251},{"type":"C","amount":1585000,"node":263},{"type":"R","amount":2985000,"node":276}],"hands":{"22":{"weight":1.0,"played":[1.0,0.0,0.0],"evs":[0.0,-1.17415,-1.17355]},"32o":{"weight":1.0,"played":[1.0,0.0,0.0],"evs":[0.0,-4.67,-4.68777]},"42o":{"weight":1.0,"played":[1.0,0.0,0.0],"evs":[0.0,-4.38633,-4.40155]},"52o":{"weight":1.0,"played":[1.0,0.0,0.0],"evs":[0.0,-4.16345,-4.18027]},"62o":{"weight":1.0,"played":[1.0,0.0,0.0],"evs":[0.0,-4.34579,-4.36356]},"72o":{"weight":1.0,"played":[1.0,0.0,0.0],"evs":[0.0,-4.42236,-4.49019]},"82o":{"weight":1.0,"played":[1.0,0.0,0.0],"evs":[0.0,-4.08774,-4.11374]},"92o":{"weight":1.0,"played":[1.0,0.0,0.0],"evs":[0.0,-4.00472,-4.01574]},"T2o":{"weight":1.0,"played":[1.0,0.0,0.0],"evs":[0.0,-4.32322,-4.33509]},"J2o":{"weight":1.0,"played":[1.0,0.0,0.0],"evs":[0.0,-3.99806,-4.0085]},"Q2o":{"weight":1.0,"played":[1.0,0.0,0.0],"evs":[0.0,-3.91972,-3.92928]},"K2o":{"weight":1.0,"played":[1.0,0.0,0.0],"evs":[0.0,-3.24632,-3.25397]},"A2o":{"weight":1.0,"played":[1.0,0.0,0.0],"evs":[0.0,-2.43384,-2.44059]},"32s":{"weight":1.0,"played":[1.0,0.0,0.0],"evs":[0.0,-3.57818,-3.59005]},"33":{"weight":1.0,"played":[1.0,0.0,0.0],"evs":[0.0,-0.78411,-0.78488]},"43o":{"weight":1.0,"played":[1.0,0.0,0.0],"evs":[0.0,-3.98699,-3.99999]},"53o":{"weight":1.0,"played":[1.0,0.0,0.0],"evs":[0.0,-3.75476,-3.76955]},"63o":{"weight":1.0,"played":[1.0,0.0,0.0],"evs":[0.0,-3.93312,-3.9479]},"73o":{"weight":1.0,"played":[1.0,0.0,0.0],"evs":[0.0,-4.07546,-4.09091]},"83o":{"weight":1.0,"played":[1.0,0.0,0.0],"evs":[0.0,-4.06187,-4.08229]},"93o":{"weight":1.0,"played":[1.0,0.0,0.0],"evs":[0.0,-3.91888,-3.92985]},"T3o":{"weight":1.0,"played":[1.0,0.0,0.0],"evs":[0.0,-4.22407,-4.23309]},"J3o":{"weight":1.0,"played":[1.0,0.0,0.0],"evs":[0.0,-3.90545,-3.9168]},"Q3o":{"weight":1.0,"played":[1.0,0.0,0.0],"evs":[0.0,-3.80306,-3.81163]},"K3o":{"weight":1.0,"played":[1.0,0.0,0.0],"evs":[0.0,-3.13097,-3.1371]},"A3o":{"weight":1.0,"played":[1.0,0.0,0.0],"evs":[0.0,-2.29968,-2.30638]},"42s":{"weight":1.0,"played":[1.0,0.0,0.0],"evs":[0.0,-3.2585,-3.27025]},"43s":{"weight":1.0,"played":[1.0,0.0,0.0],"evs":[0.0,-2.92157,-2.92922]},"44":{"weight":1.0,"played":[0.2601,0.3329,0.4071],"evs":[0.0,-0.0051,-0.00365]},"54o":{"weight":1.0,"played":[1.0,0.0,0.0],"evs":[0.0,-3.19084,-3.20287]},"64o":{"weight":1.0,"played":[1.0,0.0,0.0],"evs":[0.0,-3.39332,-3.4054]},"74o":{"weight":1.0,"played":[1.0,0.0,0.0],"evs":[0.0,-3.51308,-3.52766]},"84o":{"weight":1.0,"played":[1.0,0.0,0.0],"evs":[0.0,-3.54028,-3.55014]},"94o":{"weight":1.0,"played":[1.0,0.0,0.0],"evs":[0.0,-3.70581,-3.71653]},"T4o":{"weight":1.0,"played":[1.0,0.0,0.0],"evs":[0.0,-3.94348,-3.9509]},"J4o":{"weight":1.0,"played":[1.0,0.0,0.0],"evs":[0.0,-3.64814,-3.65469]},"Q4o":{"weight":1.0,"played":[1.0,0.0,0.0],"evs":[0.0,-3.53049,-3.53735]},"K4o":{"weight":1.0,"played":[1.0,0.0,0.0],"evs":[0.0,-2.83382,-2.84159]},"A4o":{"weight":1.0,"played":[1.0,0.0,0.0],"evs":[0.0,-2.02946,-2.03346]},"52s":{"weight":1.0,"played":[1.0,0.0,0.0],"evs":[0.0,-3.04572,-3.05812]},"53s":{"weight":1.0,"played":[1.0,0.0,0.0],"evs":[0.0,-2.68351,-2.69238]},"54s":{"weight":1.0,"played":[1.0,0.0,0.0],"evs":[0.0,-2.14448,-2.15335]},"55":{"weight":1.0,"played":[0.0,0.7257,0.2743],"evs":[0.0,0.69208,0.69194]},"65o":{"weight":1.0,"played":[1.0,0.0,0.0],"evs":[0.0,-2.88382,-2.89567]},"75o":{"weight":1.0,"played":[1.0,0.0,0.0],"evs":[0.0,-2.98846,-3.00156]},"85o":{"weight":1.0,"played":[1.0,0.0,0.0],"evs":[0.0,-3.01729,-3.02822]},"95o":{"weight":1.0,"played":[1.0,0.0,0.0],"evs":[0.0,-3.22045,-3.22848]},"T5o":{"weight":1.0,"played":[1.0,0.0,0.0],"evs":[0.0,-3.79425,-3.80283]},"J5o":{"weight":1.0,"played":[1.0,0.0,0.0],"evs":[0.0,-3.43677,-3.44494]},"Q5o":{"weight":1.0,"played":[1.0,0.0,0.0],"evs":[0.0,-3.31075,-3.31699]},"K5o":{"weight":1.0,"played":[1.0,0.0,0.0],"evs":[0.0,-2.64042,-2.64646]},"A5o":{"weight":1.0,"played":[1.0,0.0,0.0],"evs":[0.0,-1.80483,-1.80798]},"62s":{"weight":1.0,"played":[1.0,0.0,0.0],"evs":[0.0,-3.22684,-3.23889]},"63s":{"weight":1.0,"played":[1.0,0.0,0.0],"evs":[0.0,-2.84987,-2.85975]},"64s":{"weight":1.0,"played":[1.0,0.0,0.0],"evs":[0.0,-2.33872,-2.3497]},"65s":{"weight":1.0,"played":[1.0,0.0,0.0],"evs":[0.0,-1.88702,-1.89551]},"66":{"weight":1.0,"played":[0.0,0.2046,0.7954],"evs":[0.0,1.56157,1.56372]},"76o":{"weight":1.0,"played":[1.0,0.0,0.0],"evs":[0.0,-2.48924,-2.50235]},"86o":{"weight":1.0,"played":[1.0,0.0,0.0],"evs":[0.0,-2.52142,-2.53021]},"96o":{"weight":1.0,"played":[1.0,0.0,0.0],"evs":[0.0,-2.73421,-2.74122]},"T6o":{"weight":1.0,"played":[1.0,0.0,0.0],"evs":[0.0,-3.3037,-3.31087]},"J6o":{"weight":1.0,"played":[1.0,0.0,0.0],"evs":[0.0,-3.33548,-3.34077]},"Q6o":{"weight":1.0,"played":[1.0,0.0,0.0],"evs":[0.0,-3.10151,-3.10671]},"K6o":{"weight":1.0,"played":[1.0,0.0,0.0],"evs":[0.0,-2.43687,-2.44329]},"A6o":{"weight":1.0,"played":[1.0,0.0,0.0],"evs":[0.0,-1.92977,-1.93298]},"72s":{"weight":1.0,"played":[1.0,0.0,0.0],"evs":[0.0,-3.32895,-3.34046]},"73s":{"weight":1.0,"played":[1.0,0.0,0.0],"evs":[0.0,-2.98472,-2.99345]},"74s":{"weight":1.0,"played":[1.0,0.0,0.0],"evs":[0.0,-2.4388,-2.45165]},"75s":{"weight":1.0,"played":[1.0,0.0,0.0],"evs":[0.0,-1.96947,-1.9776]},"76s":{"weight":1.0,"played":[1.0,0.0,0.0],"evs":[0.0,-1.50906,-1.51631]},"77":{"weight":1.0,"played":[0.0,0.7695,0.2305],"evs":[0.0,2.6757,2.67427]},"87o":{"weight":1.0,"played":[1.0,0.0,0.0],"evs":[0.0,-2.09562,-2.10523]},"97o":{"weight":1.0,"played":[1.0,0.0,0.0],"evs":[0.0,-2.29004,-2.29891]},"T7o":{"weight":1.0,"played":[1.0,0.0,0.0],"evs":[0.0,-2.84013,-2.8496]},"J7o":{"weight":1.0,"played":[1.0,0.0,0.0],"evs":[0.0,-2.85511,-2.86306]},"Q7o":{"weight":1.0,"played":[1.0,0.0,0.0],"evs":[0.0,-3.01471,-3.02463]},"K7o":{"weight":1.0,"played":[1.0,0.0,0.0],"evs":[0.0,-2.28813,-2.29475]},"A7o":{"weight":1.0,"played":[1.0,0.0,0.0],"evs":[0.0,-1.56314,-1.5692]},"82s":{"weight":1.0,"played":[1.0,0.0,0.0],"evs":[0.0,-3.00128,-3.0137]},"83s":{"weight":1.0,"played":[1.0,0.0,0.0],"evs":[0.0,-2.97557,-2.98447]},"84s":{"weight":1.0,"played":[1.0,0.0,0.0],"evs":[0.0,-2.44978,-2.45943]},"85s":{"weight":1.0,"played":[1.0,0.0,0.0],"evs":[0.0,-2.02285,-2.02875]},"86s":{"weight":1.0,"played":[1.0,0.0,0.0],"evs":[0.0,-1.49814,-1.50541]},"87s":{"weight":1.0,"played":[1.0,0.0,0.0],"evs":[0.0,-1.1092,-1.11518]},"88":{"weight":1.0,"played":[0.0,0.1815,0.8185],"evs":[0.0,3.63381,3.63258]},"98o":{"weight":1.0,"played":[1.0,0.0,0.0],"evs":[0.0,-1.73721,-1.74351]},"T8o":{"weight":1.0,"played":[1.0,0.0,0.0],"evs":[0.0,-2.20683,-2.21493]},"J8o":{"weight":1.0,"played":[1.0,0.0,0.0],"evs":[0.0,-2.22753,-2.23446]},"Q8o":{"weight":1.0,"played":[1.0,0.0,0.0],"evs":[0.0,-2.41453,-2.42212]},"K8o":{"weight":1.0,"played":[1.0,0.0,0.0],"evs":[0.0,-2.03933,-2.04375]},"A8o":{"weight":1.0,"played":[1.0,0.0,0.0],"evs":[0.0,-1.13855,-1.14176]},"92s":{"weight":1.0,"played":[1.0,0.0,0.0],"evs":[0.0,-2.91237,-2.92301]},"93s":{"weight":1.0,"played":[1.0,0.0,0.0],"evs":[0.0,-2.80923,-2.81905]},"94s":{"weight":1.0,"played":[1.0,0.0,0.0],"evs":[0.0,-2.66553,-2.66973]},"95s":{"weight":1.0,"played":[1.0,0.0,0.0],"evs":[0.0,-2.16549,-2.17202]},"96s":{"weight":1.0,"played":[1.0,0.0,0.0],"evs":[0.0,-1.70695,-1.71209]},"97s":{"weight":1.0,"played":[1.0,0.0,0.0],"evs":[0.0,-1.29509,-1.2994]},"98s":{"weight":1.0,"played":[1.0,0.0,0.0],"evs":[0.0,-0.83482,-0.83972]},"99":{"weight":1.0,"played":[0.0,0.2965,0.7035],"evs":[0.0,4.14729,4.14724]},"T9o":{"weight":1.0,"played":[1.0,0.0,0.0],"evs":[0.0,-1.7974,-1.8029]},"J9o":{"weight":1.0,"played":[1.0,0.0,0.0],"evs":[0.0,-1.84689,-1.85247]},"Q9o":{"weight":1.0,"played":[1.0,0.0,0.0],"evs":[0.0,-1.99412,-1.99833]},"K9o":{"weight":1.0,"played":[1.0,0.0,0.0],"evs":[0.0,-1.62872,-1.63424]},"A9o":{"weight":1.0,"played":[1.0,0.0,0.0],"evs":[0.0,-0.90948,-0.91264]},"T2s":{"weight":1.0,