{"equityUnit":"TABLE_EQUITY_PERCENT","conversionFactors":{"toUSD":3.7850597,"toRegularPrizePercent":0.10136742},"preHandEquity":[18.30958,11.39811,21.03114,25.47032,7.8825,15.90833],"bubbleFactors":[[-1.0,0.876,1.059,1.059,0.734,0.879],[1.037,-1.0,1.038,1.038,0.739,1.037],[0.789,0.875,-1.0,1.067,0.733,0.878],[0.786,0.872,0.926,-1.0,0.73,0.875],[1.026,1.026,1.026,1.026,-1.0,1.026],[1.051,0.878,1.051,1.052,0.736,-1.0]]}