{"player":1,"street":0,"children":3,"sequence":[{"player":0,"type":"F","amount":0,"street":0}],"actions":[{"type":"F","amount":0,"node":2},{"type":"R","amount":200000,"node":6},{"type":"R","amount":1395000,"node":18}],"hands":{"22":{"weight":1.0,"played":[0.0,0.3492,0.6508],"evs":[0.0,1.26485,1.2673]},"32o":{"weight":1.0,"played":[1.0,0.0,0.0],"evs":[0.0,-0.31917,-1.33072]},"42o":{"weight":1.0,"played":[1.0,0.0,0.0],"evs":[0.0,-0.29833,-1.20042]},"52o":{"weight":1.0,"played":[1.0,0.0,0.0],"evs":[0.0,-0.2682,-1.08237]},"62o":{"weight":1.0,"played":[1.0,0.0,0.0],"evs":[0.0,-0.31038,-1.24404]},"72o":{"weight":1.0,"played":[1.0,0.0,0.0],"evs":[0.0,-0.31379,-1.35453]},"82o":{"weight":1.0,"played":[1.0,0.0,0.0],"evs":[0.0,-0.28661,-1.22606]},"92o":{"weight":1.0,"played":[1.0,0.0,0.0],"evs":[0.0,-0.25953,-1.16501]},"T2o":{"weight":1.0,"played":[1.0,0.0,0.0],"evs":[0.0,-0.23161,-1.07033]},"J2o":{"weight":1.0,"played":[1.0,0.0,0.0],"evs":[0.0,-0.22092,-0.96782]},"Q2o":{"weight":1.0,"played":[1.0,0.0,0.0],"evs":[0.0,-0.17335,-0.79337]},"K2o":{"weight":1.0,"played":[1.0,0.0,0.0],"evs":[0.0,-0.09015,-0.44004]},"A2o":{"weight":1.0,"played":[0.0,0.0,1.0],"evs":[0.0,0.75967,0.81773]},"32s":{"weight":1.0,"played":[1.0,0.0,0.0],"evs":[0.0,-0.22648,-0.64726]},"33":{"weight":1.0,"played":[0.0,0.1082,0.8918],"evs":[0.0,1.49927,1.502]},"43o":{"weight":1.0,"played":[1.0,0.0,0.0],"evs":[0.0,-0.25849,-0.94644]},"53o":{"weight":1.0,"played":[1.0,0.0,0.0],"evs":[0.0,-0.22905,-0.81217]},"63o":{"weight":1.0,"played":[1.0,0.0,0.0],"evs":[0.0,-0.26776,-0.97342]},"73o":{"weight":1.0,"played":[1.0,0.0,0.0],"evs":[0.0,-0.2726,-1.08763]},"83o":{"weight":1.0,"played":[1.0,0.0,0.0],"evs":[0.0,-0.27115,-1.20363]},"93o":{"weight":1.0,"played":[1.0,0.0,0.0],"evs":[0.0,-0.24534,-1.08324]},"T3o":{"weight":1.0,"played":[1.0,0.0,0.0],"evs":[0.0,-0.21263,-0.98113]},"J3o":{"weight":1.0,"played":[1.0,0.0,0.0],"evs":[0.0,-0.19946,-0.88785]},"Q3o":{"weight":1.0,"played":[1.0,0.0,0.0],"evs":[0.0,-0.15642,-0.7226]},"K3o":{"weight":1.0,"played":[1.0,0.0,0.0],"evs":[0.0,-0.0596,-0.35064]},"A3o":{"weight":1.0,"played":[0.0,3.0E-4,0.9997],"evs":[0.0,0.84948,0.90722]},"42s":{"weight":1.0,"played":[1.0,0.0,0.0],"evs":[0.0,-0.20771,-0.57438]},"43s":{"weight":1.0,"played":[1.0,0.0,0.0],"evs":[0.0,-0.13749,-0.30359]},"44":{"weight":1.0,"played":[0.0,0.0,1.0],"evs":[0.0,1.83027,1.87707]},"54o":{"weight":1.0,"played":[1.0,0.0,0.0],"evs":[0.0,-0.19268,-0.54578]},"64o":{"weight":1.0,"played":[1.0,0.0,0.0],"evs":[0.0,-0.21683,-0.68636]},"74o":{"weight":1.0,"played":[1.0,0.0,0.0],"evs":[0.0,-0.22656,-0.80126]},"84o":{"weight":1.0,"played":[1.0,0.0,0.0],"evs":[0.0,-0.22718,-0.90614]},"94o":{"weight":1.0,"played":[1.0,0.0,0.0],"evs":[0.0,-0.22356,-1.04168]},"T4o":{"weight":1.0,"played":[1.0,0.0,0.0],"evs":[0.0,-0.18815,-0.87445]},"J4o":{"weight":1.0,"played":[1.0,0.0,0.0],"evs":[0.0,-0.17407,-0.77776]},"Q4o":{"weight":1.0,"played":[1.0,0.0,0.0],"evs":[0.0,-0.13017,-0.61479]},"K4o":{"weight":1.0,"played":[1.0,0.0,0.0],"evs":[0.0,-0.0341,-0.24651]},"A4o":{"weight":1.0,"played":[0.0,0.0,1.0],"evs":[0.0,0.9623,1.02168]},"52s":{"weight":1.0,"played":[1.0,0.0,0.0],"evs":[0.0,-0.18881,-0.44205]},"53s":{"weight":1.0,"played":[1.0,0.0,0.0],"evs":[0.0,-0.07807,-0.18208]},"54s":{"weight":1.0,"played":[0.0016,0.0253,0.9732],"evs":[0.0,0.0529,0.06963]},"55":{"weight":1.0,"played":[0.0,0.0,1.0],"evs":[0.0,2.19848,2.25908]},"65o":{"weight":1.0,"played":[1.0,0.0,0.0],"evs":[0.0,-0.17188,-0.40207]},"75o":{"weight":1.0,"played":[1.0,0.0,0.0],"evs":[0.0,-0.1698,-0.51674]},"85o":{"weight":1.0,"played":[1.0,0.0,0.0],"evs":[0.0,-0.18331,-0.60983]},"95o":{"weight":1.0,"played":[1.0,0.0,0.0],"evs":[0.0,-0.18226,-0.73985]},"T5o":{"weight":1.0,"played":[1.0,0.0,0.0],"evs":[0.0,-0.16319,-0.80245]},"J5o":{"weight":1.0,"played":[1.0,0.0,0.0],"evs":[0.0,-0.15167,-0.67646]},"Q5o":{"weight":1.0,"played":[1.0,0.0,0.0],"evs":[0.0,-0.0935,-0.49121]},"K5o":{"weight":1.0,"played":[0.8398,0.1602,0.0],"evs":[0.0,-2.2E-4,-0.14847]},"A5o":{"weight":1.0,"played":[0.0,0.0,1.0],"evs":[0.0,1.1271,1.18517]},"62s":{"weight":1.0,"played":[1.0,0.0,0.0],"evs":[0.0,-0.23135,-0.59385]},"63s":{"weight":1.0,"played":[1.0,0.0,0.0],"evs":[0.0,-0.19195,-0.35435]},"64s":{"weight":1.0,"played":[0.9784,0.0185,0.0031],"evs":[0.0,-0.03568,-0.08494]},"65s":{"weight":1.0,"played":[0.0,0.0,0.9999],"evs":[0.0,0.12671,0.16964]},"66":{"weight":1.0,"played":[0.0,0.0,1.0],"evs":[0.0,2.52158,2.58211]},"76o":{"weight":1.0,"played":[1.0,0.0,0.0],"evs":[0.0,-0.13864,-0.24968]},"86o":{"weight":1.0,"played":[1.0,0.0,0.0],"evs":[0.0,-0.15653,-0.34472]},"96o":{"weight":1.0,"played":[1.0,0.0,0.0],"evs":[0.0,-0.15984,-0.44379]},"T6o":{"weight":1.0,"played":[1.0,0.0,0.0],"evs":[0.0,-0.147,-0.54112]},"J6o":{"weight":1.0,"played":[1.0,0.0,0.0],"evs":[0.0,-0.15272,-0.60423]},"Q6o":{"weight":1.0,"played":[1.0,0.0,0.0],"evs":[0.0,-0.09821,-0.39465]},"K6o":{"weight":1.0,"played":[0.6802,0.3197,1.0E-4],"evs":[0.0,5.0E-5,-0.03451]},"A6o":{"weight":1.0,"played":[0.0,0.0,1.0],"evs":[0.0,1.14207,1.2197]},"72s":{"weight":1.0,"played":[1.0,0.0,0.0],"evs":[0.0,-0.22604,-0.69181]},"73s":{"weight":1.0,"played":[1.0,0.0,0.0],"evs":[0.0,-0.18589,-0.44478]},"74s":{"weight":1.0,"played":[1.0,0.0,0.0],"evs":[0.0,-0.1026,-0.18467]},"75s":{"weight":1.0,"played":[3.0E-4,0.0021,0.9976],"evs":[0.0,0.03734,0.09162]},"76s":{"weight":1.0,"played":[0.0,0.012,0.988],"evs":[0.0,0.30742,0.33182]},"77":{"weight":1.0,"played":[0.0,0.0,1.0],"evs":[0.0,2.87292,2.95403]},"87o":{"weight":1.0,"played":[1.0,0.0,0.0],"evs":[0.0,-0.08238,-0.11574]},"97o":{"weight":1.0,"played":[1.0,0.0,0.0],"evs":[0.0,-0.11511,-0.21439]},"T7o":{"weight":1.0,"played":[1.0,0.0,0.0],"evs":[0.0,-0.10214,-0.29075]},"J7o":{"weight":1.0,"played":[1.0,0.0,0.0],"evs":[0.0,-0.10487,-0.3797]},"Q7o":{"weight":1.0,"played":[1.0,0.0,0.0],"evs":[0.0,-0.07239,-0.38697]},"K7o":{"weight":1.0,"played":[0.0,0.8049,0.1951],"evs":[0.0,0.05894,0.05686]},"A7o":{"weight":1.0,"played":[0.0,0.0,1.0],"evs":[0.0,1.42382,1.52289]},"82s":{"weight":1.0,"played":[1.0,0.0,0.0],"evs":[0.0,-0.19832,-0.57675]},"83s":{"weight":1.0,"played":[1.0,0.0,0.0],"evs":[0.0,-0.18281,-0.53682]},"84s":{"weight":1.0,"played":[1.0,0.0,0.0],"evs":[0.0,-0.14677,-0.28157]},"85s":{"weight":1.0,"played":[0.5423,0.2501,0.2076],"evs":[0.0,-0.00641,-0.01676]},"86s":{"weight":1.0,"played":[0.0,0.0088,0.9912],"evs":[0.0,0.19805,0.24277]},"87s":{"weight":1.0,"played":[0.0,0.0033,0.9967],"evs":[0.0,0.39792,0.44744]},"88":{"weight":1.0,"played":[0.0,0.0,1.0],"evs":[0.0,3.22992,3.28932]},"98o":{"weight":1.0,"played":[0.3914,0.158,0.4506],"evs":[0.0,-0.00216,0.00124]},"T8o":{"weight":1.0,"played":[0.8638,0.1361,1.0E-4],"evs":[0.0,-0.00579,-0.07422]},"J8o":{"weight":1.0,"played":[1.0,0.0,0.0],"evs":[0.0,-0.04888,-0.16613]},"Q8o":{"weight":1.0,"played":[0.8088,0.1912,0.0],"evs":[0.0,-0.00427,-0.13679]},"K8o":{"weight":1.0,"played":[0.0,0.0827,0.9173],"evs":[0.0,0.16468,0.16755]},"A8o":{"weight":1.0,"played":[0.0,0.0,1.0],"evs":[0.0,1.77497,1.87431]},"92s":{"weight":1.0,"played":[1.0,0.0,0.0],"evs":[0.0,-0.17535,-0.53503]},"93s":{"weight":1.0,"played":[1.0,0.0,0.0],"evs":[0.0,-0.15933,-0.44639]},"94s":{"weight":1.0,"played":[1.0,0.0,0.0],"evs":[0.0,-0.13829,-0.41872]},"95s":{"weight":1.0,"played":[0.9993,0.0,7.0E-4],"evs":[0.0,-0.05985,-0.13929]},"96s":{"weight":1.0,"played":[0.0,2.0E-4,0.9998],"evs":[0.0,0.09468,0.13057]},"97s":{"weight":1.0,"played":[0.0,1.0E-4,0.9999],"evs":[0.0,0.31714,0.36326]},"98s":{"weight":1.0,"played":[0.0,0.0716,0.9284],"evs":[0.0,0.53,0.56144]},"99":{"weight":1.0,"played":[0.0,0.0,1.0],"evs":[0.0,3.69677,3.74261]},"T9o":{"weight":1.0,"played":[0.0,0.0033,0.9967],"evs":[0.0,0.16983,0.19699]},"J9o":{"weight":1.0,"played":[0.0,0.3043,0.6956],"evs":[0.0,0.12077,0.12222]},"Q9o":{"weight":1.0,"played":[0.0,0.0537,0.9463],"evs":[0.0,0.11983,0.12678]},"K9o":{"weight":1.0,"played":[0.0,0.0,1.0],"evs":[0.0,0.47477,0.52463]},"A9o":{"weight":1.0,"played":[0.0,0.0,1.0],"evs":[0.0,2.1685,2.25708]},