{"equityUnit":"TABLE_EQUITY_PERCENT","conversionFactors":{"toUSD":8.953138,"toRegularPrizePercent":0.22422084},"preHandEquity":[16.94517,12.78864,20.44803,11.47046,17.76787,20.57983],"bubbleFactors":[[-1.0,0.915,1.163,0.898,1.162,1.163],[1.122,-1.0,1.124,0.917,1.122,1.124],[0.963,0.9,-1.0,0.885,0.975,1.192],[1.108,1.105,1.109,-1.0,1.108,1.109],[0.98,0.911,1.17,0.895,-1.0,1.17],[0.962,0.9,1.013,0.885,0.974,-1.0]]}