{"equityUnit":"TABLE_EQUITY_PERCENT","conversionFactors":{"toUSD":1.7650228,"toRegularPrizePercent":0.047268953},"preHandEquity":[16.66667,16.66667,16.66667,16.66667,16.66667,16.66667],"bubbleFactors":[[-1.0,0.811,0.811,0.811,0.811,0.811],[0.811,-1.0,0.811,0.811,0.811,0.811],[0.811,0.811,-1.0,0.811,0.811,0.811],[0.811,0.811,0.811,-1.0,0.811,0.811],[0.811,0.811,0.811,0.811,-1.0,0.811],[0.811,0.811,0.811,0.811,0.811,-1.0]]}