{"player":3,"street":0,"children":2,"sequence":[{"player":0,"type":"R","amount":200000,"street":0},{"player":1,"type":"C","amount":200000,"street":0},{"player":2,"type":"R","amount":1395000,"street":0}],"actions":[{"type":"F","amount":0,"node":58},{"type":"C","amount":855000,"node":63}],"hands":{"22":{"weight":1.0,"played":[0.9719,0.0281],"evs":[0.0,-1.7768]},"32o":{"weight":1.0,"played":[0.9998,2.0E-4],"evs":[0.0,-4.41237]},"42o":{"weight":1.0,"played":[0.9991,9.0E-4],"evs":[0.0,-4.25402]},"52o":{"weight":1.0,"played":[1.0,0.0],"evs":[0.0,-3.50282]},"62o":{"weight":1.0,"played":[0.9999,1.0E-4],"evs":[0.0,-4.28716]},"72o":{"weight":1.0,"played":[1.0,0.0],"evs":[0.0,-5.25131]},"82o":{"weight":1.0,"played":[0.9999,1.0E-4],"evs":[0.0,-4.64026]},"92o":{"weight":1.0,"played":[1.0,0.0],"evs":[0.0,-4.44762]},"T2o":{"weight":1.0,"played":[0.9992,8.0E-4],"evs":[0.0,-4.62611]},"J2o":{"weight":1.0,"played":[1.0,0.0],"evs":[0.0,-3.91737]},"Q2o":{"weight":1.0,"played":[0.9999,1.0E-4],"evs":[0.0,-4.12203]},"K2o":{"weight":1.0,"played":[1.0,0.0],"evs":[0.0,-4.04424]},"A2o":{"weight":1.0,"played":[0.9992,8.0E-4],"evs":[0.0,-3.47935]},"32s":{"weight":1.0,"played":[0.9974,0.0026],"evs":[0.0,-2.54863]},"33":{"weight":1.0,"played":[0.9841,0.0159],"evs":[0.0,-1.36618]},"43o":{"weight":1.0,"played":[0.9976,0.0024],"evs":[0.0,-3.20821]},"53o":{"weight":1.0,"played":[1.0,0.0],"evs":[0.0,-3.25485]},"63o":{"weight":1.0,"played":[1.0,0.0],"evs":[0.0,-3.41851]},"73o":{"weight":1.0,"played":[1.0,0.0],"evs":[0.0,-4.44837]},"83o":{"weight":1.0,"played":[1.0,0.0],"evs":[0.0,-5.08897]},"93o":{"weight":1.0,"played":[0.9999,1.0E-4],"evs":[0.0,-3.89317]},"T3o":{"weight":1.0,"played":[0.999,0.001],"evs":[0.0,-4.72941]},"J3o":{"weight":1.0,"played":[0.9993,7.0E-4],"evs":[0.0,-4.21485]},"Q3o":{"weight":1.0,"played":[1.0,0.0],"evs":[0.0,-3.79009]},"K3o":{"weight":1.0,"played":[1.0,0.0],"evs":[0.0,-3.5457]},"A3o":{"weight":1.0,"played":[0.9994,6.0E-4],"evs":[0.0,-3.933]},"42s":{"weight":1.0,"played":[0.9973,0.0027],"evs":[0.0,-2.20685]},"43s":{"weight":1.0,"played":[0.964,0.036],"evs":[0.0,-1.98082]},"44":{"weight":1.0,"played":[0.7307,0.2693],"evs":[0.0,-0.95909]},"54o":{"weight":1.0,"played":[0.9979,0.0021],"evs":[0.0,-2.67911]},"64o":{"weight":1.0,"played":[0.9994,6.0E-4],"evs":[0.0,-2.95297]},"74o":{"weight":1.0,"played":[0.9978,0.0022],"evs":[0.0,-3.38184]},"84o":{"weight":1.0,"played":[0.9992,8.0E-4],"evs":[0.0,-3.99139]},"94o":{"weight":1.0,"played":[0.9989,0.0011],"evs":[0.0,-4.42853]},"T4o":{"weight":1.0,"played":[0.9997,3.0E-4],"evs":[0.0,-4.49298]},"J4o":{"weight":1.0,"played":[0.9999,1.0E-4],"evs":[0.0,-4.33881]},"Q4o":{"weight":1.0,"played":[0.9987,0.0013],"evs":[0.0,-3.91503]},"K4o":{"weight":1.0,"played":[0.9987,0.0013],"evs":[0.0,-2.77118]},"A4o":{"weight":1.0,"played":[0.9991,9.0E-4],"evs":[0.0,-2.86346]},"52s":{"weight":1.0,"played":[0.9839,0.0161],"evs":[0.0,-1.96283]},"53s":{"weight":1.0,"played":[0.9713,0.0287],"evs":[0.0,-1.77759]},"54s":{"weight":1.0,"played":[0.9962,0.0038],"evs":[0.0,-1.08234]},"55":{"weight":1.0,"played":[0.9196,0.0804],"evs":[0.0,-1.37323]},"65o":{"weight":1.0,"played":[0.9984,0.0016],"evs":[0.0,-2.5782]},"75o":{"weight":1.0,"played":[0.9918,0.0082],"evs":[0.0,-2.60282]},"85o":{"weight":1.0,"played":[0.9999,1.0E-4],"evs":[0.0,-3.71552]},"95o":{"weight":1.0,"played":[1.0,0.0],"evs":[0.0,-3.85063]},"T5o":{"weight":1.0,"played":[0.9992,8.0E-4],"evs":[0.0,-4.44964]},"J5o":{"weight":1.0,"played":[0.9993,7.0E-4],"evs":[0.0,-4.53827]},"Q5o":{"weight":1.0,"played":[1.0,0.0],"evs":[0.0,-3.59405]},"K5o":{"weight":1.0,"played":[0.9997,3.0E-4],"evs":[0.0,-3.34761]},"A5o":{"weight":1.0,"played":[0.999,0.001],"evs":[0.0,-2.2884]},"62s":{"weight":1.0,"played":[0.9925,0.0075],"evs":[0.0,-2.17507]},"63s":{"weight":1.0,"played":[0.9974,0.0026],"evs":[0.0,-2.06902]},"64s":{"weight":1.0,"played":[0.9995,5.0E-4],"evs":[0.0,-1.45432]},"65s":{"weight":1.0,"played":[0.6831,0.3169],"evs":[0.0,-0.16405]},"66":{"weight":1.0,"played":[0.9112,0.0888],"evs":[0.0,-1.43648]},"76o":{"weight":1.0,"played":[1.0,0.0],"evs":[0.0,-3.30218]},"86o":{"weight":1.0,"played":[1.0,0.0],"evs":[0.0,-3.17274]},"96o":{"weight":1.0,"played":[0.9996,4.0E-4],"evs":[0.0,-3.77136]},"T6o":{"weight":1.0,"played":[0.9988,0.0012],"evs":[0.0,-3.69366]},"J6o":{"weight":1.0,"played":[0.9992,8.0E-4],"evs":[0.0,-3.82536]},"Q6o":{"weight":1.0,"played":[0.9996,4.0E-4],"evs":[0.0,-3.77628]},"K6o":{"weight":1.0,"played":[0.9999,1.0E-4],"evs":[0.0,-3.26273]},"A6o":{"weight":1.0,"played":[0.9995,5.0E-4],"evs":[0.0,-3.36526]},"72s":{"weight":1.0,"played":[0.9963,0.0037],"evs":[0.0,-3.64411]},"73s":{"weight":1.0,"played":[0.9915,0.0085],"evs":[0.0,-2.98313]},"74s":{"weight":1.0,"played":[0.9916,0.0084],"evs":[0.0,-2.79982]},"75s":{"weight":1.0,"played":[0.9843,0.0157],"evs":[0.0,-2.14767]},"76s":{"weight":1.0,"played":[0.9991,9.0E-4],"evs":[0.0,-2.22493]},"77":{"weight":1.0,"played":[0.3369,0.6631],"evs":[0.0,0.02183]},"87o":{"weight":1.0,"played":[0.9988,0.0012],"evs":[0.0,-2.94101]},"97o":{"weight":1.0,"played":[0.9982,0.0018],"evs":[0.0,-3.52873]},"T7o":{"weight":1.0,"played":[0.9985,0.0015],"evs":[0.0,-3.63168]},"J7o":{"weight":1.0,"played":[0.9999,1.0E-4],"evs":[0.0,-3.87138]},"Q7o":{"weight":1.0,"played":[0.9994,6.0E-4],"evs":[0.0,-4.0636]},"K7o":{"weight":1.0,"played":[0.9996,4.0E-4],"evs":[0.0,-3.62958]},"A7o":{"weight":1.0,"played":[0.9983,0.0017],"evs":[0.0,-3.04023]},"82s":{"weight":1.0,"played":[0.998,0.002],"evs":[0.0,-2.99969]},"83s":{"weight":1.0,"played":[0.9968,0.0032],"evs":[0.0,-3.44083]},"84s":{"weight":1.0,"played":[0.9979,0.0021],"evs":[0.0,-1.96865]},"85s":{"weight":1.0,"played":[0.9104,0.0896],"evs":[0.0,-2.85821]},"86s":{"weight":1.0,"played":[0.9993,7.0E-4],"evs":[0.0,-2.91678]},"87s":{"weight":1.0,"played":[0.8813,0.1187],"evs":[0.0,-2.11898]},"88":{"weight":1.0,"played":[0.0682,0.9318],"evs":[0.0,0.98013]},"98o":{"weight":1.0,"played":[0.9995,5.0E-4],"evs":[0.0,-3.08129]},"T8o":{"weight":1.0,"played":[0.9991,9.0E-4],"evs":[0.0,-2.63104]},"J8o":{"weight":1.0,"played":[0.9994,6.0E-4],"evs":[0.0,-3.36389]},"Q8o":{"weight":1.0,"played":[0.9994,6.0E-4],"evs":[0.0,-3.69918]},"K8o":{"weight":1.0,"played":[0.9999,1.0E-4],"evs":[0.0,-3.32452]},"A8o":{"weight":1.0,"played":[0.9989,0.0011],"evs":[0.0,-3.11965]},"92s":{"weight":1.0,"played":[0.9998,2.0E-4],"evs":[0.0,-4.01631]},"93s":{"weight":1.0,"played":[0.9985,0.0015],"evs":[0.0,-3.80587]},"94s":{"weight":1.0,"played":[0.9997,3.0E-4],"evs":[0.0,-3.55251]},"95s":{"weight":1.0,"played":[0.9991,9.0E-4],"evs":[0.0,-2.08881]},"96s":{"weight":1.0,"played":[0.9935,0.0065],"evs":[0.0,-1.38357]},"97s":{"weight":1.0,"played":[0.9998,2.0E-4],"evs":[0.0,-2.76147]},"98s":{"weight":1.0,"played":[0.9055,0.0945],"evs":[0.0,-1.7592]},"99":{"weight":1.0,"played":[0.1872,0.8128],"evs":[0.0,0.01598]},"T9o":{"weight":1.0,"played":[0.9994,6.0E-4],"evs":[0.0,-2.82325]},"J9o":{"weight":1.0,"played":[0.998,0.002],"evs":[0.0,-2.93746]},"Q9o":{"weight":1.0,"played":[0.9982,0.0018],"evs":[0.0,-3.37218]},"K9o":{"weight":1.0,"played":[0.9989,0.0011],"evs":[0.0,-2.69593]},"A9o":{"weight":1.0,"played":[0.9998,2.0E-4],"evs":[0.0,-3.22539]},"T2s":{"weight":1.0,"played":[0.9898,0.0102],"evs":[0.0,-3.70915]},"T3s":{"weight":1.0,"played":[0.9979,0.0021],"evs":[0.0,-2.80681]},"T4s":{"weight":1.0,"played":[0.991,0.009],"evs":[0.0,-1.59839]},"T5s":{"weight":1.0,"played":[0.9985,0.0015],"evs":[0.0,-3.86433]},"T6s":{"weight":1.0,"played":[0.9521,0.0479],"evs":[0.0,-1.90266]},"T7s":{"weight":1.0,"played":[0.9332,0.0668],"evs":[0.0,-1.25672]},"T8s":{"weight":1.0,"played":[1.0,0.0],"evs":[0.0,-2.93472]},"T9s":{"weight":1.0,"played":[0.8738,0.1262],"evs":[0.0,-0.7796]},"TT":{"weight":1.0,"played":[0.002,0.998],"evs":[0.0,2.38197]},"JTo":{"weight":1.0,"played":[0.996,0.004],"evs":[0.0,-1.92407]},"QTo":{"weight":1.0,"played":[0.9989,0.0011],"evs":[0.0,-2.75357]},"KTo":{"weight":1.0,"played":[0.9995,5.0E-4],"evs":[0.0,-1.95149]},"ATo":{"weight":1.0,"played":[0.9922,0.0078],