{"player":2,"street":0,"children":3,"sequence":[{"player":0,"type":"R","amount":5600000,"street":0},{"player":1,"type":"F","amount":0,"street":0}],"actions":[{"type":"F","amount":0,"node":130},{"type":"C","amount":5600000,"node":145},{"type":"R","amount":27360000,"node":219}],"hands":{"22":{"weight":1.0,"played":[0.0,0.0,1.0],"evs":[0.0,0.21782,0.27052]},"32o":{"weight":1.0,"played":[1.0,0.0,0.0],"evs":[0.0,-0.53521,-0.65843]},"42o":{"weight":1.0,"played":[1.0,0.0,0.0],"evs":[0.0,-0.50678,-0.62143]},"52o":{"weight":1.0,"played":[1.0,0.0,0.0],"evs":[0.0,-0.47527,-0.57946]},"62o":{"weight":1.0,"played":[1.0,0.0,0.0],"evs":[0.0,-0.53675,-0.66003]},"72o":{"weight":1.0,"played":[1.0,0.0,0.0],"evs":[0.0,-0.58864,-0.7355]},"82o":{"weight":1.0,"played":[1.0,0.0,0.0],"evs":[0.0,-0.57065,-0.70053]},"92o":{"weight":1.0,"played":[1.0,0.0,0.0],"evs":[0.0,-0.54399,-0.65942]},"T2o":{"weight":1.0,"played":[1.0,0.0,0.0],"evs":[0.0,-0.51144,-0.61103]},"J2o":{"weight":1.0,"played":[1.0,0.0,0.0],"evs":[0.0,-0.47743,-0.5725]},"Q2o":{"weight":1.0,"played":[1.0,0.0,0.0],"evs":[0.0,-0.42488,-0.5105]},"K2o":{"weight":1.0,"played":[1.0,0.0,0.0],"evs":[0.0,-0.3628,-0.42647]},"A2o":{"weight":1.0,"played":[1.0,0.0,0.0],"evs":[0.0,-0.10554,-0.10614]},"32s":{"weight":1.0,"played":[1.0,0.0,0.0],"evs":[0.0,-0.30641,-0.36334]},"33":{"weight":1.0,"played":[0.0,0.0,1.0],"evs":[0.0,0.28466,0.33142]},"43o":{"weight":1.0,"played":[1.0,0.0,0.0],"evs":[0.0,-0.42524,-0.51417]},"53o":{"weight":1.0,"played":[1.0,0.0,0.0],"evs":[0.0,-0.38925,-0.4682]},"63o":{"weight":1.0,"played":[1.0,0.0,0.0],"evs":[0.0,-0.45027,-0.5464]},"73o":{"weight":1.0,"played":[1.0,0.0,0.0],"evs":[0.0,-0.50682,-0.62415]},"83o":{"weight":1.0,"played":[1.0,0.0,0.0],"evs":[0.0,-0.57375,-0.70603]},"93o":{"weight":1.0,"played":[1.0,0.0,0.0],"evs":[0.0,-0.53009,-0.6384]},"T3o":{"weight":1.0,"played":[1.0,0.0,0.0],"evs":[0.0,-0.49323,-0.58487]},"J3o":{"weight":1.0,"played":[1.0,0.0,0.0],"evs":[0.0,-0.45866,-0.54822]},"Q3o":{"weight":1.0,"played":[1.0,0.0,0.0],"evs":[0.0,-0.40378,-0.48123]},"K3o":{"weight":1.0,"played":[1.0,0.0,0.0],"evs":[0.0,-0.3423,-0.39837]},"A3o":{"weight":1.0,"played":[1.0,0.0,0.0],"evs":[0.0,-0.07917,-0.07813]},"42s":{"weight":1.0,"played":[1.0,0.0,0.0],"evs":[0.0,-0.27688,-0.32947]},"43s":{"weight":1.0,"played":[1.0,0.0,0.0],"evs":[0.0,-0.20055,-0.23315]},"44":{"weight":1.0,"played":[0.0,0.0,1.0],"evs":[0.0,0.37688,0.40502]},"54o":{"weight":1.0,"played":[1.0,0.0,0.0],"evs":[0.0,-0.29783,-0.35139]},"64o":{"weight":1.0,"played":[1.0,0.0,0.0],"evs":[0.0,-0.35067,-0.4241]},"74o":{"weight":1.0,"played":[1.0,0.0,0.0],"evs":[0.0,-0.41019,-0.50322]},"84o":{"weight":1.0,"played":[1.0,0.0,0.0],"evs":[0.0,-0.47902,-0.5827]},"94o":{"weight":1.0,"played":[1.0,0.0,0.0],"evs":[0.0,-0.51621,-0.6286]},"T4o":{"weight":1.0,"played":[1.0,0.0,0.0],"evs":[0.0,-0.46699,-0.55174]},"J4o":{"weight":1.0,"played":[1.0,0.0,0.0],"evs":[0.0,-0.43193,-0.51429]},"Q4o":{"weight":1.0,"played":[1.0,0.0,0.0],"evs":[0.0,-0.37819,-0.44853]},"K4o":{"weight":1.0,"played":[1.0,0.0,0.0],"evs":[0.0,-0.31753,-0.36838]},"A4o":{"weight":1.0,"played":[1.0,0.0,0.0],"evs":[0.0,-0.04646,-0.04639]},"52s":{"weight":1.0,"played":[1.0,0.0,0.0],"evs":[0.0,-0.24858,-0.29264]},"53s":{"weight":1.0,"played":[1.0,0.0,0.0],"evs":[0.0,-0.16138,-0.18533]},"54s":{"weight":1.0,"played":[1.0,0.0,0.0],"evs":[0.0,-0.06472,-0.07777]},"55":{"weight":1.0,"played":[0.0,0.0,1.0],"evs":[0.0,0.49776,0.51136]},"65o":{"weight":1.0,"played":[1.0,0.0,0.0],"evs":[0.0,-0.26315,-0.31255]},"75o":{"weight":1.0,"played":[1.0,0.0,0.0],"evs":[0.0,-0.3125,-0.38121]},"85o":{"weight":1.0,"played":[1.0,0.0,0.0],"evs":[0.0,-0.3799,-0.46194]},"95o":{"weight":1.0,"played":[1.0,0.0,0.0],"evs":[0.0,-0.42116,-0.50603]},"T5o":{"weight":1.0,"played":[1.0,0.0,0.0],"evs":[0.0,-0.45408,-0.5381]},"J5o":{"weight":1.0,"played":[1.0,0.0,0.0],"evs":[0.0,-0.40599,-0.48264]},"Q5o":{"weight":1.0,"played":[1.0,0.0,0.0],"evs":[0.0,-0.34895,-0.41242]},"K5o":{"weight":1.0,"played":[1.0,0.0,0.0],"evs":[0.0,-0.28523,-0.33204]},"A5o":{"weight":1.0,"played":[0.4798,2.0E-4,0.52],"evs":[0.0,-0.00226,7.3E-4]},"62s":{"weight":1.0,"played":[1.0,0.0,0.0],"evs":[0.0,-0.29827,-0.35808]},"63s":{"weight":1.0,"played":[1.0,0.0,0.0],"evs":[0.0,-0.22139,-0.25813]},"64s":{"weight":1.0,"played":[1.0,0.0,0.0],"evs":[0.0,-0.11981,-0.14448]},"65s":{"weight":1.0,"played":[1.0,0.0,0.0],"evs":[0.0,-0.02317,-0.03644]},"66":{"weight":1.0,"played":[0.0,0.0011,0.9989],"evs":[0.0,0.6301,0.63934]},"76o":{"weight":1.0,"played":[1.0,0.0,0.0],"evs":[0.0,-0.22276,-0.27565]},"86o":{"weight":1.0,"played":[1.0,0.0,0.0],"evs":[0.0,-0.28446,-0.3466]},"96o":{"weight":1.0,"played":[1.0,0.0,0.0],"evs":[0.0,-0.32255,-0.38717]},"T6o":{"weight":1.0,"played":[1.0,0.0,0.0],"evs":[0.0,-0.36175,-0.42436]},"J6o":{"weight":1.0,"played":[1.0,0.0,0.0],"evs":[0.0,-0.39111,-0.46759]},"Q6o":{"weight":1.0,"played":[1.0,0.0,0.0],"evs":[0.0,-0.32233,-0.38231]},"K6o":{"weight":1.0,"played":[1.0,0.0,0.0],"evs":[0.0,-0.25665,-0.29691]},"A6o":{"weight":1.0,"played":[1.0,0.0,0.0],"evs":[0.0,-0.04847,-0.05782]},"72s":{"weight":1.0,"played":[1.0,0.0,0.0],"evs":[0.0,-0.35785,-0.43642]},"73s":{"weight":1.0,"played":[1.0,0.0,0.0],"evs":[0.0,-0.27385,-0.33179]},"74s":{"weight":1.0,"played":[1.0,0.0,0.0],"evs":[0.0,-0.18264,-0.2153]},"75s":{"weight":1.0,"played":[1.0,0.0,0.0],"evs":[0.0,-0.08521,-0.10174]},"76s":{"weight":1.0,"played":[0.0273,0.9726,1.0E-4],"evs":[0.0,0.01138,0.00322]},"77":{"weight":1.0,"played":[0.0,0.0013,0.9987],"evs":[0.0,0.75059,0.75916]},"87o":{"weight":1.0,"played":[1.0,0.0,0.0],"evs":[0.0,-0.20814,-0.25682]},"97o":{"weight":1.0,"played":[1.0,0.0,0.0],"evs":[0.0,-0.24016,-0.29435]},"T7o":{"weight":1.0,"played":[1.0,0.0,0.0],"evs":[0.0,-0.27315,-0.32154]},"J7o":{"weight":1.0,"played":[1.0,0.0,0.0],"evs":[0.0,-0.30334,-0.36623]},"Q7o":{"weight":1.0,"played":[1.0,0.0,0.0],"evs":[0.0,-0.31466,-0.37868]},"K7o":{"weight":1.0,"played":[1.0,0.0,0.0],"evs":[0.0,-0.2348,-0.2741]},"A7o":{"weight":1.0,"played":[0.0,0.4824,0.5175],"evs":[0.0,0.01589,0.01587]},"82s":{"weight":1.0,"played":[1.0,0.0,0.0],"evs":[0.0,-0.33792,-0.40703]},"83s":{"weight":1.0,"played":[1.0,0.0,0.0],"evs":[0.0,-0.32891,-0.39907]},"84s":{"weight":1.0,"played":[1.0,0.0,0.0],"evs":[0.0,-0.24986,-0.29482]},"85s":{"weight":1.0,"played":[1.0,0.0,0.0],"evs":[0.0,-0.14982,-0.1748]},"86s":{"weight":1.0,"played":[1.0,0.0,0.0],"evs":[0.0,-0.05094,-0.06279]},"87s":{"weight":1.0,"played":[2.0E-4,0.9969,0.0028],"evs":[0.0,0.02723,0.02266]},"88":{"weight":1.0,"played":[0.0,0.0,1.0],"evs":[0.0,0.89207,0.9112]},"98o":{"weight":1.0,"played":[1.0,0.0,0.0],"evs":[0.0,-0.18451,-0.22867]},"T8o":{"weight":1.0,"played":[1.0,0.0,0.0],"evs":[0.0,-0.20263,-0.23887]},"J8o":{"weight":1.0,"played":[1.0,0.0,0.0],"evs":[0.0,-0.24372,-0.28979]},"Q8o":{"weight":1.0,"played":[1.0,0.0,0.0],"evs":[0.0,-0.26018,-0.3083]},"K8o":{"weight":1.0,"played":[1.0,0.0,0.0],"evs":[0.0,-0.25119,-0.2921]},"A8o":{"weight":1.0,"played":[0.0,0.464,0.536],"evs":[0.0,0.10774,0.10831]},"92s":{"weight":1.0,"played":[1.0,0.0,0.0],"evs":[0.0,-0.30858,-0.36125]},"93s":{"weight":1.0,"played":[1.0,0.0,0.0],"evs":[0.0,-0.29612,-0.34273]},"94s":{"weight":1.0,"played":[1.0,0.0,0.0],"evs":[0.0,-0.28141,-0.3333]},"95s":{"weight":1.0,"played":[1.0,0.0,0.0],"evs":[0.0,-0.18438,-0.2123]},"96s":{"weight":1.0,"played":[1.0,0.0,0.0],"evs":[0.0,-0.0952,-0.1046]},"97s":{"weight":1.0,"played":[0.9996,4.0E-4,0.0],"evs":[0.0,-0.01098,-0.01606]},"98s":{"weight":1.0,"played":[0.0,0.2419,0.758],"evs":[0.0,0.04865,0.05027]},"99":{"weight":1.0,"played":[0.0,0.0,1.0],"evs":[0.0,1.12764,1.17228]},"T9o":{"weight":1.0,"played":[1.0,0.0,0.0],"evs":[0.0,-0.10553,-0.1201]},"J9o":{"weight":1.0,"played":[1.0,0.0,0.0],"evs":[0.0,-0.13499,-0.16353]},"Q9o":{"weight":1.0,"played":[1.0,0.0,0.0],"evs":[0.0,-0.15263,-0.18822]},"K9o":{"weight":1.0,"played":[1.0,0.0,0.0],"evs":[0.0,-0.13794,-0.16846]},"A9o":{"weight":1.0,"played":[0.0,6.0E-4,0.9994],"evs":[0.0,0.29823,0.30458]},"T2s":{"weight":1.0,