{"player":3,"street":0,"children":2,"sequence":[{"player":0,"type":"R","amount":945000,"street":0},{"player":1,"type":"R","amount":1135000,"street":0},{"player":2,"type":"C","amount":795000,"street":0}],"actions":[{"type":"F","amount":0,"node":64},{"type":"R","amount":1975000,"node":65}],"hands":{"22":{"weight":1.0,"played":[0.7718,0.2282],"evs":[0.0,-2.18977]},"32o":{"weight":1.0,"played":[0.995,0.005],"evs":[0.0,-4.62465]},"42o":{"weight":1.0,"played":[0.9997,3.0E-4],"evs":[0.0,-5.40104]},"52o":{"weight":1.0,"played":[1.0,0.0],"evs":[0.0,-4.20477]},"62o":{"weight":1.0,"played":[1.0,0.0],"evs":[0.0,-4.5868]},"72o":{"weight":1.0,"played":[0.9987,0.0013],"evs":[0.0,-7.66516]},"82o":{"weight":1.0,"played":[0.9966,0.0034],"evs":[0.0,-6.24087]},"92o":{"weight":1.0,"played":[1.0,0.0],"evs":[0.0,-6.58417]},"T2o":{"weight":1.0,"played":[0.9929,0.0071],"evs":[0.0,-5.0899]},"J2o":{"weight":1.0,"played":[0.9936,0.0064],"evs":[0.0,-6.03773]},"Q2o":{"weight":1.0,"played":[0.9899,0.0101],"evs":[0.0,-4.7966]},"K2o":{"weight":1.0,"played":[0.9864,0.0136],"evs":[0.0,-4.69936]},"A2o":{"weight":1.0,"played":[0.9978,0.0022],"evs":[0.0,-5.9362]},"32s":{"weight":1.0,"played":[0.9628,0.0372],"evs":[0.0,-3.03545]},"33":{"weight":1.0,"played":[0.0355,0.9645],"evs":[0.0,2.02117]},"43o":{"weight":1.0,"played":[0.9959,0.0041],"evs":[0.0,-5.83811]},"53o":{"weight":1.0,"played":[0.7825,0.2175],"evs":[0.0,-4.49697]},"63o":{"weight":1.0,"played":[0.9572,0.0428],"evs":[0.0,-5.99184]},"73o":{"weight":1.0,"played":[0.9993,7.0E-4],"evs":[0.0,-4.25855]},"83o":{"weight":1.0,"played":[0.998,0.002],"evs":[0.0,-6.61793]},"93o":{"weight":1.0,"played":[0.9989,0.0011],"evs":[0.0,-6.52966]},"T3o":{"weight":1.0,"played":[0.999,0.001],"evs":[0.0,-2.61444]},"J3o":{"weight":1.0,"played":[0.9964,0.0036],"evs":[0.0,-4.88932]},"Q3o":{"weight":1.0,"played":[0.9984,0.0016],"evs":[0.0,-5.70403]},"K3o":{"weight":1.0,"played":[0.9828,0.0172],"evs":[0.0,-2.65702]},"A3o":{"weight":1.0,"played":[0.76,0.24],"evs":[0.0,0.41265]},"42s":{"weight":1.0,"played":[0.9921,0.0079],"evs":[0.0,-2.41746]},"43s":{"weight":1.0,"played":[0.9881,0.0119],"evs":[0.0,-7.5737]},"44":{"weight":1.0,"played":[0.0181,0.9819],"evs":[0.0,2.02162]},"54o":{"weight":1.0,"played":[0.6193,0.3807],"evs":[0.0,0.30433]},"64o":{"weight":1.0,"played":[0.6212,0.3788],"evs":[0.0,-1.45469]},"74o":{"weight":1.0,"played":[0.9365,0.0635],"evs":[0.0,-3.46185]},"84o":{"weight":1.0,"played":[0.9985,0.0015],"evs":[0.0,-4.93327]},"94o":{"weight":1.0,"played":[0.9915,0.0085],"evs":[0.0,-4.06744]},"T4o":{"weight":1.0,"played":[0.9999,1.0E-4],"evs":[0.0,-5.31069]},"J4o":{"weight":1.0,"played":[0.9986,0.0014],"evs":[0.0,-5.06185]},"Q4o":{"weight":1.0,"played":[0.9126,0.0874],"evs":[0.0,-2.45595]},"K4o":{"weight":1.0,"played":[0.8914,0.1086],"evs":[0.0,-7.84714]},"A4o":{"weight":1.0,"played":[0.7322,0.2678],"evs":[0.0,-1.93986]},"52s":{"weight":1.0,"played":[0.56,0.44],"evs":[0.0,-0.58106]},"53s":{"weight":1.0,"played":[0.8854,0.1146],"evs":[0.0,-2.33615]},"54s":{"weight":1.0,"played":[0.7593,0.2407],"evs":[0.0,1.96267]},"55":{"weight":1.0,"played":[6.0E-4,0.9994],"evs":[0.0,4.07738]},"65o":{"weight":1.0,"played":[0.9971,0.0029],"evs":[0.0,-2.18528]},"75o":{"weight":1.0,"played":[0.8914,0.1086],"evs":[0.0,-3.58831]},"85o":{"weight":1.0,"played":[0.9786,0.0214],"evs":[0.0,-3.54267]},"95o":{"weight":1.0,"played":[0.998,0.002],"evs":[0.0,-6.01188]},"T5o":{"weight":1.0,"played":[0.9997,3.0E-4],"evs":[0.0,-4.99245]},"J5o":{"weight":1.0,"played":[0.8667,0.1333],"evs":[0.0,-3.68877]},"Q5o":{"weight":1.0,"played":[0.9124,0.0876],"evs":[0.0,-5.59485]},"K5o":{"weight":1.0,"played":[0.9864,0.0136],"evs":[0.0,-5.15106]},"A5o":{"weight":1.0,"played":[0.9502,0.0498],"evs":[0.0,-1.96284]},"62s":{"weight":1.0,"played":[0.9823,0.0177],"evs":[0.0,-5.34518]},"63s":{"weight":1.0,"played":[0.9701,0.0299],"evs":[0.0,-3.52549]},"64s":{"weight":1.0,"played":[0.4023,0.5977],"evs":[0.0,-2.58515]},"65s":{"weight":1.0,"played":[0.2164,0.7836],"evs":[0.0,0.47822]},"66":{"weight":1.0,"played":[6.0E-4,0.9994],"evs":[0.0,3.84547]},"76o":{"weight":1.0,"played":[0.6921,0.3079],"evs":[0.0,-1.1053]},"86o":{"weight":1.0,"played":[0.2506,0.7494],"evs":[0.0,0.45793]},"96o":{"weight":1.0,"played":[0.9086,0.0914],"evs":[0.0,-2.20103]},"T6o":{"weight":1.0,"played":[0.9827,0.0173],"evs":[0.0,-3.98012]},"J6o":{"weight":1.0,"played":[0.9819,0.0181],"evs":[0.0,-1.83804]},"Q6o":{"weight":1.0,"played":[0.8674,0.1326],"evs":[0.0,-1.79519]},"K6o":{"weight":1.0,"played":[0.0594,0.9406],"evs":[0.0,0.69385]},"A6o":{"weight":1.0,"played":[0.9984,0.0016],"evs":[0.0,-1.49079]},"72s":{"weight":1.0,"played":[0.9842,0.0158],"evs":[0.0,-2.18093]},"73s":{"weight":1.0,"played":[0.7578,0.2422],"evs":[0.0,-5.16817]},"74s":{"weight":1.0,"played":[0.4549,0.5451],"evs":[0.0,-0.3593]},"75s":{"weight":1.0,"played":[0.259,0.741],"evs":[0.0,4.07882]},"76s":{"weight":1.0,"played":[5.0E-4,0.9995],"evs":[0.0,5.01185]},"77":{"weight":1.0,"played":[7.0E-4,0.9993],"evs":[0.0,6.33372]},"87o":{"weight":1.0,"played":[0.602,0.398],"evs":[0.0,-2.85553]},"97o":{"weight":1.0,"played":[0.5295,0.4705],"evs":[0.0,0.82699]},"T7o":{"weight":1.0,"played":[0.9877,0.0123],"evs":[0.0,-2.142]},"J7o":{"weight":1.0,"played":[0.9329,0.0671],"evs":[0.0,-2.30618]},"Q7o":{"weight":1.0,"played":[0.9891,0.0109],"evs":[0.0,-4.94087]},"K7o":{"weight":1.0,"played":[0.7967,0.2033],"evs":[0.0,-0.88974]},"A7o":{"weight":1.0,"played":[0.7375,0.2625],"evs":[0.0,-0.91181]},"82s":{"weight":1.0,"played":[0.8541,0.1459],"evs":[0.0,-5.79126]},"83s":{"weight":1.0,"played":[0.9686,0.0314],"evs":[0.0,-2.87213]},"84s":{"weight":1.0,"played":[0.1126,0.8874],"evs":[0.0,1.68035]},"85s":{"weight":1.0,"played":[0.0549,0.9451],"evs":[0.0,4.94138]},"86s":{"weight":1.0,"played":[0.8289,0.1711],"evs":[0.0,-4.38148]},"87s":{"weight":1.0,"played":[0.2076,0.7924],"evs":[0.0,1.84573]},"88":{"weight":1.0,"played":[0.0162,0.9838],"evs":[0.0,8.4775]},"98o":{"weight":1.0,"played":[0.9555,0.0445],"evs":[0.0,-4.045]},"T8o":{"weight":1.0,"played":[0.7426,0.2574],"evs":[0.0,-2.28391]},"J8o":{"weight":1.0,"played":[0.6159,0.3841],"evs":[0.0,-0.33496]},"Q8o":{"weight":1.0,"played":[0.8485,0.1515],"evs":[0.0,-1.32526]},"K8o":{"weight":1.0,"played":[0.3412,0.6588],"evs":[0.0,-0.99507]},"A8o":{"weight":1.0,"played":[0.6371,0.3629],"evs":[0.0,1.03935]},"92s":{"weight":1.0,"played":[0.9817,0.0183],"evs":[0.0,-2.64367]},"93s":{"weight":1.0,"played":[0.8876,0.1124],"evs":[0.0,-2.1335]},"94s":{"weight":1.0,"played":[0.3631,0.6369],"evs":[0.0,0.24782]},"95s":{"weight":1.0,"played":[0.671,0.329],"evs":[0.0,-1.62492]},"96s":{"weight":1.0,"played":[0.8611,0.1389],"evs":[0.0,-1.16988]},"97s":{"weight":1.0,"played":[0.3821,0.6179],"evs":[0.0,1.76058]},"98s":{"weight":1.0,"played":[0.3068,0.6932],"evs":[0.0,3.42925]},"99":{"weight":1.0,"played":[0.0,1.0],"evs":[0.0,14.54104]},"T9o":{"weight":1.0,"played":[0.4823,0.5177],"evs":[0.0,-1.43828]},"J9o":{"weight":1.0,"played":[0.1642,0.8358],"evs":[0.0,1.02012]},"Q9o":{"weight":1.0,"played":[0.5687,0.4313],"evs":[0.0,-3.31726]},"K9o":{"weight":1.0,"played":[0.4751,0.5249],"evs":[0.0,-2.18045]},"A9o":{"weight":1.0,"played":[0.8944,0.1056],"evs":[0.0,-1.2029]},"T2s":{"weight":1.0,"played":[0.6034,0.3966],"evs":[0.0,1.1633]},"T3s":{"weight":1.0,"played":[0.9937,0.0063],"evs":[0.0,-5.84997]},"T4s":{"weight":1.0,"played":[0.9134,0.0866],"evs":[0.0,-3.81058]},"T5s":{"weight":1.0,"played":[0.8972,0.1028],"evs":[0.0,-0.6753]},"T6s":{"weight":1.0,"played":[0.223,0.777],"evs":[0.0,3.55783]},"T7s":{"weight":1.0,"played":[0.0514,0.9486],"evs":[0.0,4.70263]},"T8s":{"weight":1.0,"played":[0.0457,0.9543],"evs":[0.0,7.15769]},"T9s":{"weight":1.0,"played":[0.1886,0.8114],"evs":[0.0,2.94982]},"TT":{"weight":1.0,"played":[0.0,1.0],"evs":[0.0,13.01064]},"JTo":{"weight":1.0,"played":[0.2277,0.7723],"evs":[0.0,1.52546]},"QTo":{"weight":1.0,"played":[0.3425,0.6575],"evs":[0.0,-0.27112]},"KTo":{"weight":1.0,"played":[0.005,0.995],"evs":[0.0,1.90518]},"ATo":{"weight":1.0,