{"player":2,"street":0,"children":3,"sequence":[{"player":0,"type":"F","amount":0,"street":0},{"player":1,"type":"R","amount":7034000,"street":0}],"actions":[{"type":"F","amount":0,"node":30},{"type":"C","amount":7034000,"node":39},{"type":"R","amount":8548400,"node":65}],"hands":{"22":{"weight":1.0,"played":[1.0,0.0,0.0],"evs":[0.0,-0.55662,-0.54964]},"32o":{"weight":1.0,"played":[1.0,0.0,0.0],"evs":[0.0,-3.52885,-3.54064]},"42o":{"weight":1.0,"played":[1.0,0.0,0.0],"evs":[0.0,-3.36063,-3.3708]},"52o":{"weight":1.0,"played":[1.0,0.0,0.0],"evs":[0.0,-3.20132,-3.21165]},"62o":{"weight":1.0,"played":[1.0,0.0,0.0],"evs":[0.0,-3.45673,-3.46976]},"72o":{"weight":1.0,"played":[1.0,0.0,0.0],"evs":[0.0,-3.66712,-3.67525]},"82o":{"weight":1.0,"played":[1.0,0.0,0.0],"evs":[0.0,-3.49667,-3.50019]},"92o":{"weight":1.0,"played":[1.0,0.0,0.0],"evs":[0.0,-3.49437,-3.49389]},"T2o":{"weight":1.0,"played":[1.0,0.0,0.0],"evs":[0.0,-3.34876,-3.34355]},"J2o":{"weight":1.0,"played":[1.0,0.0,0.0],"evs":[0.0,-3.15615,-3.15264]},"Q2o":{"weight":1.0,"played":[1.0,0.0,0.0],"evs":[0.0,-2.84916,-2.84564]},"K2o":{"weight":1.0,"played":[1.0,0.0,0.0],"evs":[0.0,-2.38996,-2.38425]},"A2o":{"weight":1.0,"played":[1.0,0.0,0.0],"evs":[0.0,-1.08954,-1.08445]},"32s":{"weight":1.0,"played":[1.0,0.0,0.0],"evs":[0.0,-2.52023,-2.52941]},"33":{"weight":1.0,"played":[1.0,0.0,0.0],"evs":[0.0,-0.13291,-0.12398]},"43o":{"weight":1.0,"played":[1.0,0.0,0.0],"evs":[0.0,-2.92869,-2.93848]},"53o":{"weight":1.0,"played":[1.0,0.0,0.0],"evs":[0.0,-2.75835,-2.76644]},"63o":{"weight":1.0,"played":[1.0,0.0,0.0],"evs":[0.0,-3.00362,-3.01365]},"73o":{"weight":1.0,"played":[1.0,0.0,0.0],"evs":[0.0,-3.22163,-3.22863]},"83o":{"weight":1.0,"played":[1.0,0.0,0.0],"evs":[0.0,-3.41708,-3.42084]},"93o":{"weight":1.0,"played":[1.0,0.0,0.0],"evs":[0.0,-3.3344,-3.334]},"T3o":{"weight":1.0,"played":[1.0,0.0,0.0],"evs":[0.0,-3.19555,-3.19131]},"J3o":{"weight":1.0,"played":[1.0,0.0,0.0],"evs":[0.0,-2.98916,-2.98622]},"Q3o":{"weight":1.0,"played":[1.0,0.0,0.0],"evs":[0.0,-2.6846,-2.68025]},"K3o":{"weight":1.0,"played":[1.0,0.0,0.0],"evs":[0.0,-2.23433,-2.22795]},"A3o":{"weight":1.0,"played":[1.0,0.0,0.0],"evs":[0.0,-0.9098,-0.90415]},"42s":{"weight":1.0,"played":[1.0,0.0,0.0],"evs":[0.0,-2.36173,-2.3695]},"43s":{"weight":1.0,"played":[1.0,0.0,0.0],"evs":[0.0,-1.9596,-1.96627]},"44":{"weight":1.0,"played":[0.0,0.3307,0.6693],"evs":[0.0,0.31248,0.31755]},"54o":{"weight":1.0,"played":[1.0,0.0,0.0],"evs":[0.0,-2.33466,-2.34097]},"64o":{"weight":1.0,"played":[1.0,0.0,0.0],"evs":[0.0,-2.56497,-2.57253]},"74o":{"weight":1.0,"played":[1.0,0.0,0.0],"evs":[0.0,-2.77864,-2.78325]},"84o":{"weight":1.0,"played":[1.0,0.0,0.0],"evs":[0.0,-2.97299,-2.97347]},"94o":{"weight":1.0,"played":[1.0,0.0,0.0],"evs":[0.0,-3.24423,-3.24383]},"T4o":{"weight":1.0,"played":[1.0,0.0,0.0],"evs":[0.0,-3.03401,-3.02832]},"J4o":{"weight":1.0,"played":[1.0,0.0,0.0],"evs":[0.0,-2.83313,-2.82973]},"Q4o":{"weight":1.0,"played":[1.0,0.0,0.0],"evs":[0.0,-2.52853,-2.52388]},"K4o":{"weight":1.0,"played":[1.0,0.0,0.0],"evs":[0.0,-2.06571,-2.0585]},"A4o":{"weight":1.0,"played":[1.0,0.0,0.0],"evs":[0.0,-0.73297,-0.72921]},"52s":{"weight":1.0,"played":[1.0,0.0,0.0],"evs":[0.0,-2.21374,-2.22111]},"53s":{"weight":1.0,"played":[1.0,0.0,0.0],"evs":[0.0,-1.79755,-1.80248]},"54s":{"weight":1.0,"played":[1.0,0.0,0.0],"evs":[0.0,-1.401,-1.40481]},"55":{"weight":1.0,"played":[0.0,0.5225,0.4775],"evs":[0.0,0.82528,0.82832]},"65o":{"weight":1.0,"played":[1.0,0.0,0.0],"evs":[0.0,-2.1551,-2.16154]},"75o":{"weight":1.0,"played":[1.0,0.0,0.0],"evs":[0.0,-2.35391,-2.35691]},"85o":{"weight":1.0,"played":[1.0,0.0,0.0],"evs":[0.0,-2.52852,-2.52919]},"95o":{"weight":1.0,"played":[1.0,0.0,0.0],"evs":[0.0,-2.80669,-2.8055]},"T5o":{"weight":1.0,"played":[1.0,0.0,0.0],"evs":[0.0,-2.94587,-2.94151]},"J5o":{"weight":1.0,"played":[1.0,0.0,0.0],"evs":[0.0,-2.67734,-2.6753]},"Q5o":{"weight":1.0,"played":[1.0,0.0,0.0],"evs":[0.0,-2.36907,-2.36594]},"K5o":{"weight":1.0,"played":[1.0,0.0,0.0],"evs":[0.0,-1.89507,-1.89031]},"A5o":{"weight":1.0,"played":[1.0,0.0,0.0],"evs":[0.0,-0.4827,-0.47951]},"62s":{"weight":1.0,"played":[1.0,0.0,0.0],"evs":[0.0,-2.44264,-2.45106]},"63s":{"weight":1.0,"played":[1.0,0.0,0.0],"evs":[0.0,-2.01421,-2.02211]},"64s":{"weight":1.0,"played":[1.0,0.0,0.0],"evs":[0.0,-1.60157,-1.60615]},"65s":{"weight":1.0,"played":[1.0,0.0,0.0],"evs":[0.0,-1.23374,-1.23653]},"66":{"weight":1.0,"played":[0.0,0.3239,0.6761],"evs":[0.0,1.29858,1.3022]},"76o":{"weight":1.0,"played":[1.0,0.0,0.0],"evs":[0.0,-1.97142,-1.97283]},"86o":{"weight":1.0,"played":[1.0,0.0,0.0],"evs":[0.0,-2.12178,-2.12275]},"96o":{"weight":1.0,"played":[1.0,0.0,0.0],"evs":[0.0,-2.37903,-2.37874]},"T6o":{"weight":1.0,"played":[1.0,0.0,0.0],"evs":[0.0,-2.52466,-2.52027]},"J6o":{"weight":1.0,"played":[1.0,0.0,0.0],"evs":[0.0,-2.59643,-2.59377]},"Q6o":{"weight":1.0,"played":[1.0,0.0,0.0],"evs":[0.0,-2.21889,-2.21541]},"K6o":{"weight":1.0,"played":[1.0,0.0,0.0],"evs":[0.0,-1.72381,-1.71854]},"A6o":{"weight":1.0,"played":[1.0,0.0,0.0],"evs":[0.0,-0.53483,-0.53289]},"72s":{"weight":1.0,"played":[1.0,0.0,0.0],"evs":[0.0,-2.63151,-2.63761]},"73s":{"weight":1.0,"played":[1.0,0.0,0.0],"evs":[0.0,-2.22338,-2.22568]},"74s":{"weight":1.0,"played":[1.0,0.0,0.0],"evs":[0.0,-1.80819,-1.81082]},"75s":{"weight":1.0,"played":[1.0,0.0,0.0],"evs":[0.0,-1.39911,-1.40086]},"76s":{"weight":1.0,"played":[1.0,0.0,0.0],"evs":[0.0,-1.03406,-1.03644]},"77":{"weight":1.0,"played":[0.0,0.1886,0.8114],"evs":[0.0,1.82886,1.83276]},"87o":{"weight":1.0,"played":[1.0,0.0,0.0],"evs":[0.0,-1.79423,-1.79274]},"97o":{"weight":1.0,"played":[1.0,0.0,0.0],"evs":[0.0,-2.01906,-2.01728]},"T7o":{"weight":1.0,"played":[1.0,0.0,0.0],"evs":[0.0,-2.14599,-2.14068]},"J7o":{"weight":1.0,"played":[1.0,0.0,0.0],"evs":[0.0,-2.22701,-2.22441]},"Q7o":{"weight":1.0,"played":[1.0,0.0,0.0],"evs":[0.0,-2.17252,-2.16794]},"K7o":{"weight":1.0,"played":[1.0,0.0,0.0],"evs":[0.0,-1.58622,-1.58106]},"A7o":{"weight":1.0,"played":[1.0,0.0,0.0],"evs":[0.0,-0.13924,-0.13591]},"82s":{"weight":1.0,"played":[1.0,0.0,0.0],"evs":[0.0,-2.46983,-2.47248]},"83s":{"weight":1.0,"played":[1.0,0.0,0.0],"evs":[0.0,-2.40278,-2.40418]},"84s":{"weight":1.0,"played":[1.0,0.0,0.0],"evs":[0.0,-1.98365,-1.98371]},"85s":{"weight":1.0,"played":[1.0,0.0,0.0],"evs":[0.0,-1.56779,-1.56623]},"86s":{"weight":1.0,"played":[1.0,0.0,0.0],"evs":[0.0,-1.17948,-1.17887]},"87s":{"weight":1.0,"played":[1.0,0.0,0.0],"evs":[0.0,-0.87913,-0.87864]},"88":{"weight":1.0,"played":[0.0,0.2069,0.7931],"evs":[0.0,2.42044,2.4239]},"98o":{"weight":1.0,"played":[1.0,0.0,0.0],"evs":[0.0,-1.67464,-1.67159]},"T8o":{"weight":1.0,"played":[1.0,0.0,0.0],"evs":[0.0,-1.73386,-1.73082]},"J8o":{"weight":1.0,"played":[1.0,0.0,0.0],"evs":[0.0,-1.83046,-1.82843]},"Q8o":{"weight":1.0,"played":[1.0,0.0,0.0],"evs":[0.0,-1.76073,-1.75772]},"K8o":{"weight":1.0,"played":[1.0,0.0,0.0],"evs":[0.0,-1.45687,-1.452]},"A8o":{"weight":1.0,"played":[0.0,0.3664,0.6336],"evs":[0.0,0.28461,0.28861]},"92s":{"weight":1.0,"played":[1.0,0.0,0.0],"evs":[0.0,-2.46063,-2.46057]},"93s":{"weight":1.0,"played":[1.0,0.0,0.0],"evs":[0.0,-2.31672,-2.31554]},"94s":{"weight":1.0,"played":[1.0,0.0,0.0],"evs":[0.0,-2.23173,-2.23195]},"95s":{"weight":1.0,"played":[1.0,0.0,0.0],"evs":[0.0,-1.82104,-1.82105]},"96s":{"weight":1.0,"played":[1.0,0.0,0.0],"evs":[0.0,-1.41023,-1.40941]},"97s":{"weight":1.0,"played":[1.0,0.0,0.0],"evs":[0.0,-1.08286,-1.08203]},"98s":{"weight":1.0,"played":[1.0,0.0,0.0],"evs":[0.0,-0.75983,-0.7568]},"99":{"weight":1.0,"played":[0.0,0.2376,0.7624],"evs":[0.0,3.18085,3.18546]},"T9o":{"weight":1.0,"played":[1.0,0.0,0.0],"evs":[0.0,-1.41813,-1.41739]},"J9o":{"weight":1.0,"played":[1.0,0.0,0.0],"evs":[0.0,-1.47674,-1.47593]},"Q9o":{"weight":1.0,"played":[1.0,0.0,0.0],"evs":[0.0,-1.36392,-1.36281]},"K9o":{"weight":1.0,"played":[1.0,0.0,0.0],"evs":[0.0,-0.9391,-0.93532]},"A9o":{"weight":1.0,"played":[0.0,0.1565,0.8435],"evs":[0.0,0.84232,0.84601]},