{"player":3,"street":0,"children":2,"sequence":[{"player":0,"type":"R","amount":16160000,"street":0},{"player":1,"type":"C","amount":16160000,"street":0},{"player":2,"type":"C","amount":16160000,"street":0}],"actions":[{"type":"F","amount":0,"node":91},{"type":"C","amount":11360000,"node":103}],"hands":{"22":{"weight":1.0,"played":[0.8887,0.1113],"evs":[0.0,-6.02967]},"32o":{"weight":1.0,"played":[0.9949,0.0051],"evs":[0.0,-5.49326]},"42o":{"weight":1.0,"played":[0.9673,0.0327],"evs":[0.0,-7.44144]},"52o":{"weight":1.0,"played":[0.9996,4.0E-4],"evs":[0.0,-4.17733]},"62o":{"weight":1.0,"played":[1.0,0.0],"evs":[0.0,-3.53347]},"72o":{"weight":1.0,"played":[1.0,0.0],"evs":[0.0,-5.94705]},"82o":{"weight":1.0,"played":[0.9976,0.0024],"evs":[0.0,-6.0426]},"92o":{"weight":1.0,"played":[0.9843,0.0157],"evs":[0.0,-4.21868]},"T2o":{"weight":1.0,"played":[0.9993,7.0E-4],"evs":[0.0,-6.91514]},"J2o":{"weight":1.0,"played":[0.9938,0.0062],"evs":[0.0,-6.26902]},"Q2o":{"weight":1.0,"played":[1.0,0.0],"evs":[0.0,-4.30685]},"K2o":{"weight":1.0,"played":[0.9996,4.0E-4],"evs":[0.0,-5.9047]},"A2o":{"weight":1.0,"played":[1.0,0.0],"evs":[0.0,-5.51056]},"32s":{"weight":1.0,"played":[0.8999,0.1001],"evs":[0.0,-6.61073]},"33":{"weight":1.0,"played":[0.9937,0.0063],"evs":[0.0,-5.34953]},"43o":{"weight":1.0,"played":[0.988,0.012],"evs":[0.0,-5.21122]},"53o":{"weight":1.0,"played":[1.0,0.0],"evs":[0.0,-5.92126]},"63o":{"weight":1.0,"played":[0.998,0.002],"evs":[0.0,-2.79474]},"73o":{"weight":1.0,"played":[1.0,0.0],"evs":[0.0,-5.04064]},"83o":{"weight":1.0,"played":[1.0,0.0],"evs":[0.0,-7.69758]},"93o":{"weight":1.0,"played":[0.9996,4.0E-4],"evs":[0.0,-5.51508]},"T3o":{"weight":1.0,"played":[0.9999,1.0E-4],"evs":[0.0,-7.59991]},"J3o":{"weight":1.0,"played":[0.9984,0.0016],"evs":[0.0,-7.09983]},"Q3o":{"weight":1.0,"played":[0.9956,0.0044],"evs":[0.0,-6.90243]},"K3o":{"weight":1.0,"played":[0.9998,2.0E-4],"evs":[0.0,-7.47792]},"A3o":{"weight":1.0,"played":[0.9999,1.0E-4],"evs":[0.0,-5.98154]},"42s":{"weight":1.0,"played":[0.9573,0.0427],"evs":[0.0,-4.37768]},"43s":{"weight":1.0,"played":[0.0993,0.9007],"evs":[0.0,2.47678]},"44":{"weight":1.0,"played":[0.9812,0.0188],"evs":[0.0,-7.39163]},"54o":{"weight":1.0,"played":[1.0,0.0],"evs":[0.0,-7.28352]},"64o":{"weight":1.0,"played":[0.9945,0.0055],"evs":[0.0,-3.72047]},"74o":{"weight":1.0,"played":[0.924,0.076],"evs":[0.0,-5.3818]},"84o":{"weight":1.0,"played":[1.0,0.0],"evs":[0.0,-6.16806]},"94o":{"weight":1.0,"played":[0.997,0.003],"evs":[0.0,-6.22883]},"T4o":{"weight":1.0,"played":[1.0,0.0],"evs":[0.0,-6.49736]},"J4o":{"weight":1.0,"played":[1.0,0.0],"evs":[0.0,-6.55452]},"Q4o":{"weight":1.0,"played":[0.9622,0.0378],"evs":[0.0,-5.33769]},"K4o":{"weight":1.0,"played":[1.0,0.0],"evs":[0.0,-3.41177]},"A4o":{"weight":1.0,"played":[0.9949,0.0051],"evs":[0.0,-6.17685]},"52s":{"weight":1.0,"played":[0.9262,0.0738],"evs":[0.0,-1.944]},"53s":{"weight":1.0,"played":[1.0,0.0],"evs":[0.0,-6.24314]},"54s":{"weight":1.0,"played":[0.9859,0.0141],"evs":[0.0,-3.9321]},"55":{"weight":1.0,"played":[0.9986,0.0014],"evs":[0.0,-5.70869]},"65o":{"weight":1.0,"played":[0.9999,1.0E-4],"evs":[0.0,-4.37037]},"75o":{"weight":1.0,"played":[0.9757,0.0243],"evs":[0.0,-4.871]},"85o":{"weight":1.0,"played":[0.9853,0.0147],"evs":[0.0,-3.43686]},"95o":{"weight":1.0,"played":[0.9969,0.0031],"evs":[0.0,-5.29802]},"T5o":{"weight":1.0,"played":[0.9857,0.0143],"evs":[0.0,-5.69844]},"J5o":{"weight":1.0,"played":[0.9968,0.0032],"evs":[0.0,-3.83903]},"Q5o":{"weight":1.0,"played":[1.0,0.0],"evs":[0.0,-4.92691]},"K5o":{"weight":1.0,"played":[0.9975,0.0025],"evs":[0.0,-4.04706]},"A5o":{"weight":1.0,"played":[0.9935,0.0065],"evs":[0.0,-4.37667]},"62s":{"weight":1.0,"played":[0.9658,0.0342],"evs":[0.0,-8.25493]},"63s":{"weight":1.0,"played":[0.9743,0.0257],"evs":[0.0,-7.06711]},"64s":{"weight":1.0,"played":[0.615,0.385],"evs":[0.0,-1.15531]},"65s":{"weight":1.0,"played":[0.9642,0.0358],"evs":[0.0,-4.29741]},"66":{"weight":1.0,"played":[0.9182,0.0818],"evs":[0.0,-2.04343]},"76o":{"weight":1.0,"played":[0.9998,2.0E-4],"evs":[0.0,-5.09735]},"86o":{"weight":1.0,"played":[1.0,0.0],"evs":[0.0,-4.73271]},"96o":{"weight":1.0,"played":[0.9997,3.0E-4],"evs":[0.0,-6.83104]},"T6o":{"weight":1.0,"played":[0.9587,0.0413],"evs":[0.0,-5.92131]},"J6o":{"weight":1.0,"played":[0.9781,0.0219],"evs":[0.0,-5.46782]},"Q6o":{"weight":1.0,"played":[0.9969,0.0031],"evs":[0.0,-5.31429]},"K6o":{"weight":1.0,"played":[1.0,0.0],"evs":[0.0,-3.43334]},"A6o":{"weight":1.0,"played":[0.9882,0.0118],"evs":[0.0,-6.57574]},"72s":{"weight":1.0,"played":[0.9935,0.0065],"evs":[0.0,-2.29022]},"73s":{"weight":1.0,"played":[0.7706,0.2294],"evs":[0.0,-5.14335]},"74s":{"weight":1.0,"played":[0.862,0.138],"evs":[0.0,-1.73136]},"75s":{"weight":1.0,"played":[0.9196,0.0804],"evs":[0.0,-6.02844]},"76s":{"weight":1.0,"played":[0.9038,0.0962],"evs":[0.0,-6.5984]},"77":{"weight":1.0,"played":[0.6563,0.3437],"evs":[0.0,-0.90281]},"87o":{"weight":1.0,"played":[0.9958,0.0042],"evs":[0.0,-4.3088]},"97o":{"weight":1.0,"played":[0.9991,9.0E-4],"evs":[0.0,-4.6033]},"T7o":{"weight":1.0,"played":[0.9961,0.0039],"evs":[0.0,-5.60425]},"J7o":{"weight":1.0,"played":[1.0,0.0],"evs":[0.0,-3.93587]},"Q7o":{"weight":1.0,"played":[0.9907,0.0093],"evs":[0.0,-5.68883]},"K7o":{"weight":1.0,"played":[0.9988,0.0012],"evs":[0.0,-5.22909]},"A7o":{"weight":1.0,"played":[0.9918,0.0082],"evs":[0.0,-4.41614]},"82s":{"weight":1.0,"played":[0.9683,0.0317],"evs":[0.0,-3.48369]},"83s":{"weight":1.0,"played":[0.9997,3.0E-4],"evs":[0.0,-7.52251]},"84s":{"weight":1.0,"played":[0.9241,0.0759],"evs":[0.0,0.43167]},"85s":{"weight":1.0,"played":[0.9867,0.0133],"evs":[0.0,-4.74275]},"86s":{"weight":1.0,"played":[0.214,0.786],"evs":[0.0,0.17595]},"87s":{"weight":1.0,"played":[0.9486,0.0514],"evs":[0.0,-5.27171]},"88":{"weight":1.0,"played":[0.6907,0.3093],"evs":[0.0,-0.38135]},"98o":{"weight":1.0,"played":[0.9979,0.0021],"evs":[0.0,-5.5063]},"T8o":{"weight":1.0,"played":[1.0,0.0],"evs":[0.0,-2.34108]},"J8o":{"weight":1.0,"played":[0.8668,0.1332],"evs":[0.0,-3.45526]},"Q8o":{"weight":1.0,"played":[0.9981,0.0019],"evs":[0.0,-4.63213]},"K8o":{"weight":1.0,"played":[0.9975,0.0025],"evs":[0.0,-6.40922]},"A8o":{"weight":1.0,"played":[0.944,0.056],"evs":[0.0,-4.67291]},"92s":{"weight":1.0,"played":[1.0,0.0],"evs":[0.0,-1.9866]},"93s":{"weight":1.0,"played":[0.9262,0.0738],"evs":[0.0,-4.96007]},"94s":{"weight":1.0,"played":[0.9858,0.0142],"evs":[0.0,-4.597]},"95s":{"weight":1.0,"played":[0.9611,0.0389],"evs":[0.0,-1.21015]},"96s":{"weight":1.0,"played":[0.9288,0.0712],"evs":[0.0,-5.30239]},"97s":{"weight":1.0,"played":[0.9733,0.0267],"evs":[0.0,-2.89552]},"98s":{"weight":1.0,"played":[0.7698,0.2302],"evs":[0.0,-4.2261]},"99":{"weight":1.0,"played":[0.9556,0.0444],"evs":[0.0,-5.69245]},"T9o":{"weight":1.0,"played":[0.9779,0.0221],"evs":[0.0,-6.61055]},"J9o":{"weight":1.0,"played":[0.9995,5.0E-4],"evs":[0.0,-4.42417]},"Q9o":{"weight":1.0,"played":[1.0,0.0],"evs":[0.0,-4.84434]},"K9o":{"weight":1.0,"played":[1.0,0.0],"evs":[0.0,-4.59372]},"A9o":{"weight":1.0,"played":[0.9969,0.0031],"evs":[0.0,-7.69308]},"T2s":{"weight":1.0,"played":[0.9724,0.0276],"evs":[0.0,-6.11247]},"T3s":{"weight":1.0,"played":[0.9996,4.0E-4],"evs":[0.0,-4.09763]},"T4s":{"weight":1.0,"played":[0.9985,0.0015],"evs":[0.0,-7.75722]},"T5s":{"weight":1.0,"played":[0.9556,0.0444],"evs":[0.0,-8.19538]},"T6s":{"weight":1.0,"played":[0.9999,1.0E-4],"evs":[0.0,-6.81637]},"T7s":{"weight":1.0,"played":[1.0,0.0],"evs":[0.0,-5.71472]},"T8s":{"weight":1.0,"played":[0.7526,0.2474],"evs":[0.0,0.13642]},"T9s":{"weight":1.0,"played":[0.9923,0.0077],"evs":[0.0,-1.07398]},"TT":{"weight":1.0,"played":[0.3395,0.6605],"evs":[0.0,0.49856]},"JTo":{"weight":1.0,"played":[0.6614,0.3386],"evs":[0.0,-3.68783]},"QTo":{"weight":1.0,"played":[0.9853,0.0147],"evs":[0.0,-3.35168]},"KTo":{"weight":1.0,"played":[1.0,0.0],"evs":[0.0,-4.18991]},"ATo":{"weight":1.0,"played":[0.9883,0.0117],"evs":[0.0,-4.75758]},"J2s":{"weight":1.0,