{"player":1,"street":0,"children":3,"sequence":[{"player":0,"type":"C","amount":100000,"street":0}],"actions":[{"type":"F","amount":0,"node":126},{"type":"C","amount":100000,"node":488},{"type":"R","amount":955000,"node":1181}],"hands":{"22":{"weight":1.0,"played":[1.0,0.0,0.0],"evs":[0.0,-0.15586,-0.26328]},"32o":{"weight":1.0,"played":[1.0,0.0,0.0],"evs":[0.0,-0.78202,-3.1826]},"42o":{"weight":1.0,"played":[1.0,0.0,0.0],"evs":[0.0,-0.75722,-3.02335]},"52o":{"weight":1.0,"played":[1.0,0.0,0.0],"evs":[0.0,-0.73804,-2.86788]},"62o":{"weight":1.0,"played":[1.0,0.0,0.0],"evs":[0.0,-0.78297,-3.09362]},"72o":{"weight":1.0,"played":[1.0,0.0,0.0],"evs":[0.0,-0.82489,-3.34675]},"82o":{"weight":1.0,"played":[1.0,0.0,0.0],"evs":[0.0,-0.81093,-3.1677]},"92o":{"weight":1.0,"played":[1.0,0.0,0.0],"evs":[0.0,-0.82312,-3.15365]},"T2o":{"weight":1.0,"played":[1.0,0.0,0.0],"evs":[0.0,-0.79284,-2.96268]},"J2o":{"weight":1.0,"played":[1.0,0.0,0.0],"evs":[0.0,-0.75874,-2.71702]},"Q2o":{"weight":1.0,"played":[1.0,0.0,0.0],"evs":[0.0,-0.71697,-2.39318]},"K2o":{"weight":1.0,"played":[1.0,0.0,0.0],"evs":[0.0,-0.66211,-1.95307]},"A2o":{"weight":1.0,"played":[1.0,0.0,0.0],"evs":[0.0,-0.35388,-0.77741]},"32s":{"weight":1.0,"played":[1.0,0.0,0.0],"evs":[0.0,-0.67253,-2.27772]},"33":{"weight":1.0,"played":[0.0,0.185,0.815],"evs":[0.0,0.07996,0.07893]},"43o":{"weight":1.0,"played":[1.0,0.0,0.0],"evs":[0.0,-0.69377,-2.63809]},"53o":{"weight":1.0,"played":[1.0,0.0,0.0],"evs":[0.0,-0.6687,-2.47542]},"63o":{"weight":1.0,"played":[1.0,0.0,0.0],"evs":[0.0,-0.71635,-2.69627]},"73o":{"weight":1.0,"played":[1.0,0.0,0.0],"evs":[0.0,-0.767,-2.95211]},"83o":{"weight":1.0,"played":[1.0,0.0,0.0],"evs":[0.0,-0.79443,-3.11258]},"93o":{"weight":1.0,"played":[1.0,0.0,0.0],"evs":[0.0,-0.80089,-3.02202]},"T3o":{"weight":1.0,"played":[1.0,0.0,0.0],"evs":[0.0,-0.7704,-2.83389]},"J3o":{"weight":1.0,"played":[1.0,0.0,0.0],"evs":[0.0,-0.73621,-2.59234]},"Q3o":{"weight":1.0,"played":[1.0,0.0,0.0],"evs":[0.0,-0.69415,-2.26229]},"K3o":{"weight":1.0,"played":[1.0,0.0,0.0],"evs":[0.0,-0.63552,-1.82391]},"A3o":{"weight":1.0,"played":[1.0,0.0,0.0],"evs":[0.0,-0.28135,-0.63385]},"42s":{"weight":1.0,"played":[1.0,0.0,0.0],"evs":[0.0,-0.64118,-2.11003]},"43s":{"weight":1.0,"played":[1.0,0.0,0.0],"evs":[0.0,-0.57849,-1.7629]},"44":{"weight":1.0,"played":[0.0,0.0058,0.9942],"evs":[0.0,0.46014,0.48715]},"54o":{"weight":1.0,"played":[1.0,0.0,0.0],"evs":[0.0,-0.60866,-2.0857]},"64o":{"weight":1.0,"played":[1.0,0.0,0.0],"evs":[0.0,-0.64826,-2.29224]},"74o":{"weight":1.0,"played":[1.0,0.0,0.0],"evs":[0.0,-0.70173,-2.544]},"84o":{"weight":1.0,"played":[1.0,0.0,0.0],"evs":[0.0,-0.7364,-2.71155]},"94o":{"weight":1.0,"played":[1.0,0.0,0.0],"evs":[0.0,-0.78098,-2.9557]},"T4o":{"weight":1.0,"played":[1.0,0.0,0.0],"evs":[0.0,-0.74838,-2.6986]},"J4o":{"weight":1.0,"played":[1.0,0.0,0.0],"evs":[0.0,-0.7131,-2.45169]},"Q4o":{"weight":1.0,"played":[1.0,0.0,0.0],"evs":[0.0,-0.67027,-2.12135]},"K4o":{"weight":1.0,"played":[1.0,0.0,0.0],"evs":[0.0,-0.60933,-1.68649]},"A4o":{"weight":1.0,"played":[1.0,0.0,0.0],"evs":[0.0,-0.21404,-0.47707]},"52s":{"weight":1.0,"played":[1.0,0.0,0.0],"evs":[0.0,-0.62209,-1.96413]},"53s":{"weight":1.0,"played":[1.0,0.0,0.0],"evs":[0.0,-0.54875,-1.58913]},"54s":{"weight":1.0,"played":[1.0,0.0,0.0],"evs":[0.0,-0.45689,-1.23727]},"55":{"weight":1.0,"played":[0.0,5.0E-4,0.9995],"evs":[0.0,0.92279,0.97709]},"65o":{"weight":1.0,"played":[1.0,0.0,0.0],"evs":[0.0,-0.59266,-1.91463]},"75o":{"weight":1.0,"played":[1.0,0.0,0.0],"evs":[0.0,-0.63271,-2.13569]},"85o":{"weight":1.0,"played":[1.0,0.0,0.0],"evs":[0.0,-0.67566,-2.29833]},"95o":{"weight":1.0,"played":[1.0,0.0,0.0],"evs":[0.0,-0.72832,-2.5458]},"T5o":{"weight":1.0,"played":[1.0,0.0,0.0],"evs":[0.0,-0.73009,-2.60495]},"J5o":{"weight":1.0,"played":[1.0,0.0,0.0],"evs":[0.0,-0.69411,-2.30251]},"Q5o":{"weight":1.0,"played":[1.0,0.0,0.0],"evs":[0.0,-0.64664,-1.96725]},"K5o":{"weight":1.0,"played":[1.0,0.0,0.0],"evs":[0.0,-0.57943,-1.5194]},"A5o":{"weight":1.0,"played":[1.0,0.0,0.0],"evs":[0.0,-0.09149,-0.27087]},"62s":{"weight":1.0,"played":[1.0,0.0,0.0],"evs":[0.0,-0.66552,-2.17357]},"63s":{"weight":1.0,"played":[1.0,0.0,0.0],"evs":[0.0,-0.59385,-1.80649]},"64s":{"weight":1.0,"played":[1.0,0.0,0.0],"evs":[0.0,-0.51321,-1.43389]},"65s":{"weight":1.0,"played":[1.0,0.0,0.0],"evs":[0.0,-0.35464,-1.07364]},"66":{"weight":1.0,"played":[0.0,2.0E-4,0.9998],"evs":[0.0,1.36046,1.46851]},"76o":{"weight":1.0,"played":[1.0,0.0,0.0],"evs":[0.0,-0.59756,-1.79109]},"86o":{"weight":1.0,"played":[1.0,0.0,0.0],"evs":[0.0,-0.62759,-1.92592]},"96o":{"weight":1.0,"played":[1.0,0.0,0.0],"evs":[0.0,-0.68256,-2.15204]},"T6o":{"weight":1.0,"played":[1.0,0.0,0.0],"evs":[0.0,-0.70175,-2.2277]},"J6o":{"weight":1.0,"played":[1.0,0.0,0.0],"evs":[0.0,-0.69447,-2.22593]},"Q6o":{"weight":1.0,"played":[1.0,0.0,0.0],"evs":[0.0,-0.64372,-1.82808]},"K6o":{"weight":1.0,"played":[1.0,0.0,0.0],"evs":[0.0,-0.56889,-1.3694]},"A6o":{"weight":1.0,"played":[1.0,0.0,0.0],"evs":[0.0,-0.15055,-0.34376]},"72s":{"weight":1.0,"played":[1.0,0.0,0.0],"evs":[0.0,-0.71005,-2.40948]},"73s":{"weight":1.0,"played":[1.0,0.0,0.0],"evs":[0.0,-0.64217,-2.03295]},"74s":{"weight":1.0,"played":[1.0,0.0,0.0],"evs":[0.0,-0.57252,-1.65917]},"75s":{"weight":1.0,"played":[1.0,0.0,0.0],"evs":[0.0,-0.48102,-1.27381]},"76s":{"weight":1.0,"played":[1.0,0.0,0.0],"evs":[0.0,-0.31124,-0.95238]},"77":{"weight":1.0,"played":[0.0,0.0,1.0],"evs":[0.0,1.79668,1.96495]},"87o":{"weight":1.0,"played":[1.0,0.0,0.0],"evs":[0.0,-0.59945,-1.66347]},"97o":{"weight":1.0,"played":[1.0,0.0,0.0],"evs":[0.0,-0.64369,-1.85055]},"T7o":{"weight":1.0,"played":[1.0,0.0,0.0],"evs":[0.0,-0.65585,-1.89769]},"J7o":{"weight":1.0,"played":[1.0,0.0,0.0],"evs":[0.0,-0.65446,-1.90975]},"Q7o":{"weight":1.0,"played":[1.0,0.0,0.0],"evs":[0.0,-0.63244,-1.79577]},"K7o":{"weight":1.0,"played":[1.0,0.0,0.0],"evs":[0.0,-0.53694,-1.24882]},"A7o":{"weight":1.0,"played":[0.8345,0.1655,0.0],"evs":[0.0,-0.00164,-0.0227]},"82s":{"weight":1.0,"played":[1.0,0.0,0.0],"evs":[0.0,-0.69076,-2.23498]},"83s":{"weight":1.0,"played":[1.0,0.0,0.0],"evs":[0.0,-0.67382,-2.18874]},"84s":{"weight":1.0,"played":[1.0,0.0,0.0],"evs":[0.0,-0.61187,-1.81533]},"85s":{"weight":1.0,"played":[1.0,0.0,0.0],"evs":[0.0,-0.54593,-1.42974]},"86s":{"weight":1.0,"played":[1.0,0.0,0.0],"evs":[0.0,-0.39961,-1.0751]},"87s":{"weight":1.0,"played":[1.0,0.0,0.0],"evs":[0.0,-0.26493,-0.81936]},"88":{"weight":1.0,"played":[0.0,0.0,1.0],"evs":[0.0,2.35327,2.55259]},"98o":{"weight":1.0,"played":[1.0,0.0,0.0],"evs":[0.0,-0.59956,-1.50528]},"T8o":{"weight":1.0,"played":[1.0,0.0,0.0],"evs":[0.0,-0.60132,-1.51536]},"J8o":{"weight":1.0,"played":[1.0,0.0,0.0],"evs":[0.0,-0.59828,-1.53072]},"Q8o":{"weight":1.0,"played":[1.0,0.0,0.0],"evs":[0.0,-0.58047,-1.4245]},"K8o":{"weight":1.0,"played":[1.0,0.0,0.0],"evs":[0.0,-0.46428,-1.15038]},"A8o":{"weight":1.0,"played":[0.0,6.0E-4,0.9994],"evs":[0.0,0.24445,0.32045]},"92s":{"weight":1.0,"played":[1.0,0.0,0.0],"evs":[0.0,-0.70063,-2.20851]},"93s":{"weight":1.0,"played":[1.0,0.0,0.0],"evs":[0.0,-0.67686,-2.09812]},"94s":{"weight":1.0,"played":[1.0,0.0,0.0],"evs":[0.0,-0.65867,-2.03478]},"95s":{"weight":1.0,"played":[1.0,0.0,0.0],"evs":[0.0,-0.60024,-1.64334]},"96s":{"weight":1.0,"played":[1.0,0.0,0.0],"evs":[0.0,-0.52982,-1.29419]},"97s":{"weight":1.0,"played":[1.0,0.0,0.0],"evs":[0.0,-0.37657,-0.98946]},"98s":{"weight":1.0,"played":[1.0,0.0,0.0],"evs":[0.0,-0.18474,-0.6721]},"99":{"weight":1.0,"played":[0.0,0.0,1.0],"evs":[0.0,2.95103,3.25174]},"T9o":{"weight":1.0,"played":[1.0,0.0,0.0],"evs":[0.0,-0.54489,-1.20328]},"J9o":{"weight":1.0,"played":[1.0,0.0,0.0],"evs":[0.0,-0.53719,-1.19908]},"Q9o":{"weight":1.0,"played":[1.0,0.0,0.0],"evs":[0.0,-0.48114,-1.07371]},"K9o":{"weight":1.0,"played":[1.0,0.0,0.0],"evs":[0.0,-0.31688,-0.7677]},"A9o":{"weight":1.0,"played":[0.0,0.0,1.0],"evs":[0.0,0.52168,0.74109]},"T2s":{"weight":1.0,"played":[1.0,0.0,0.0],"evs":[0.0,-0.66557,-2.03627]},