{"player":2,"street":0,"children":3,"sequence":[{"player":0,"type":"C","amount":100000,"street":0},{"player":1,"type":"F","amount":0,"street":0}],"actions":[{"type":"F","amount":0,"node":127},{"type":"C","amount":100000,"node":171},{"type":"R","amount":1295000,"node":453}],"hands":{"22":{"weight":1.0,"played":[0.6182,0.3818,0.0],"evs":[0.0,-4.8E-4,-0.07327]},"32o":{"weight":1.0,"played":[1.0,0.0,0.0],"evs":[0.0,-0.62717,-2.97493]},"42o":{"weight":1.0,"played":[1.0,0.0,0.0],"evs":[0.0,-0.59029,-2.80362]},"52o":{"weight":1.0,"played":[1.0,0.0,0.0],"evs":[0.0,-0.56704,-2.62459]},"62o":{"weight":1.0,"played":[1.0,0.0,0.0],"evs":[0.0,-0.63903,-2.84905]},"72o":{"weight":1.0,"played":[1.0,0.0,0.0],"evs":[0.0,-0.70222,-3.10719]},"82o":{"weight":1.0,"played":[1.0,0.0,0.0],"evs":[0.0,-0.67983,-2.89969]},"92o":{"weight":1.0,"played":[1.0,0.0,0.0],"evs":[0.0,-0.68614,-2.84443]},"T2o":{"weight":1.0,"played":[1.0,0.0,0.0],"evs":[0.0,-0.64948,-2.65909]},"J2o":{"weight":1.0,"played":[1.0,0.0,0.0],"evs":[0.0,-0.62132,-2.4396]},"Q2o":{"weight":1.0,"played":[1.0,0.0,0.0],"evs":[0.0,-0.57594,-2.1688]},"K2o":{"weight":1.0,"played":[1.0,0.0,0.0],"evs":[0.0,-0.5286,-1.79532]},"A2o":{"weight":1.0,"played":[1.0,0.0,0.0],"evs":[0.0,-0.28928,-0.69388]},"32s":{"weight":1.0,"played":[1.0,0.0,0.0],"evs":[0.0,-0.44666,-2.03695]},"33":{"weight":1.0,"played":[0.0,0.0468,0.9532],"evs":[0.0,0.2519,0.28416]},"43o":{"weight":1.0,"played":[1.0,0.0,0.0],"evs":[0.0,-0.50713,-2.40313]},"53o":{"weight":1.0,"played":[1.0,0.0,0.0],"evs":[0.0,-0.46874,-2.21214]},"63o":{"weight":1.0,"played":[1.0,0.0,0.0],"evs":[0.0,-0.54243,-2.4295]},"73o":{"weight":1.0,"played":[1.0,0.0,0.0],"evs":[0.0,-0.62384,-2.68804]},"83o":{"weight":1.0,"played":[1.0,0.0,0.0],"evs":[0.0,-0.65661,-2.82018]},"93o":{"weight":1.0,"played":[1.0,0.0,0.0],"evs":[0.0,-0.65672,-2.69422]},"T3o":{"weight":1.0,"played":[1.0,0.0,0.0],"evs":[0.0,-0.61963,-2.51203]},"J3o":{"weight":1.0,"played":[1.0,0.0,0.0],"evs":[0.0,-0.58702,-2.28784]},"Q3o":{"weight":1.0,"played":[1.0,0.0,0.0],"evs":[0.0,-0.54323,-2.00946]},"K3o":{"weight":1.0,"played":[1.0,0.0,0.0],"evs":[0.0,-0.49109,-1.64569]},"A3o":{"weight":1.0,"played":[1.0,0.0,0.0],"evs":[0.0,-0.2297,-0.54554]},"42s":{"weight":1.0,"played":[1.0,0.0,0.0],"evs":[0.0,-0.40381,-1.87542]},"43s":{"weight":1.0,"played":[1.0,0.0,0.0],"evs":[0.0,-0.31339,-1.50607]},"44":{"weight":1.0,"played":[0.0,8.0E-4,0.9992],"evs":[0.0,0.62021,0.71612]},"54o":{"weight":1.0,"played":[1.0,0.0,0.0],"evs":[0.0,-0.38787,-1.81627]},"64o":{"weight":1.0,"played":[1.0,0.0,0.0],"evs":[0.0,-0.44227,-2.02579]},"74o":{"weight":1.0,"played":[1.0,0.0,0.0],"evs":[0.0,-0.53368,-2.26464]},"84o":{"weight":1.0,"played":[1.0,0.0,0.0],"evs":[0.0,-0.57593,-2.41481]},"94o":{"weight":1.0,"played":[1.0,0.0,0.0],"evs":[0.0,-0.62922,-2.61084]},"T4o":{"weight":1.0,"played":[1.0,0.0,0.0],"evs":[0.0,-0.5862,-2.35575]},"J4o":{"weight":1.0,"played":[1.0,0.0,0.0],"evs":[0.0,-0.55602,-2.12749]},"Q4o":{"weight":1.0,"played":[1.0,0.0,0.0],"evs":[0.0,-0.51301,-1.85994]},"K4o":{"weight":1.0,"played":[1.0,0.0,0.0],"evs":[0.0,-0.45467,-1.49733]},"A4o":{"weight":1.0,"played":[1.0,0.0,0.0],"evs":[0.0,-0.15115,-0.38054]},"52s":{"weight":1.0,"played":[1.0,0.0,0.0],"evs":[0.0,-0.37367,-1.71722]},"53s":{"weight":1.0,"played":[1.0,0.0,0.0],"evs":[0.0,-0.26641,-1.32839]},"54s":{"weight":1.0,"played":[1.0,0.0,0.0],"evs":[0.0,-0.18553,-0.96418]},"55":{"weight":1.0,"played":[0.0,1.0E-4,0.9999],"evs":[0.0,1.10076,1.22727]},"65o":{"weight":1.0,"played":[1.0,0.0,0.0],"evs":[0.0,-0.3594,-1.62623]},"75o":{"weight":1.0,"played":[1.0,0.0,0.0],"evs":[0.0,-0.4303,-1.84693]},"85o":{"weight":1.0,"played":[1.0,0.0,0.0],"evs":[0.0,-0.48511,-1.98825]},"95o":{"weight":1.0,"played":[1.0,0.0,0.0],"evs":[0.0,-0.55829,-2.18315]},"T5o":{"weight":1.0,"played":[1.0,0.0,0.0],"evs":[0.0,-0.56618,-2.26167]},"J5o":{"weight":1.0,"played":[1.0,0.0,0.0],"evs":[0.0,-0.53266,-1.97172]},"Q5o":{"weight":1.0,"played":[1.0,0.0,0.0],"evs":[0.0,-0.48474,-1.69152]},"K5o":{"weight":1.0,"played":[1.0,0.0,0.0],"evs":[0.0,-0.41795,-1.32937]},"A5o":{"weight":1.0,"played":[0.9976,0.0024,0.0],"evs":[0.0,-0.04192,-0.18984]},"62s":{"weight":1.0,"played":[1.0,0.0,0.0],"evs":[0.0,-0.44876,-1.90712]},"63s":{"weight":1.0,"played":[1.0,0.0,0.0],"evs":[0.0,-0.34726,-1.53113]},"64s":{"weight":1.0,"played":[1.0,0.0,0.0],"evs":[0.0,-0.24546,-1.1565]},"65s":{"weight":1.0,"played":[1.0,0.0,0.0],"evs":[0.0,-0.15635,-0.77509]},"66":{"weight":1.0,"played":[0.0,0.0,1.0],"evs":[0.0,1.57603,1.74634]},"76o":{"weight":1.0,"played":[1.0,0.0,0.0],"evs":[0.0,-0.37442,-1.48653]},"86o":{"weight":1.0,"played":[1.0,0.0,0.0],"evs":[0.0,-0.42084,-1.60951]},"96o":{"weight":1.0,"played":[1.0,0.0,0.0],"evs":[0.0,-0.49085,-1.79756]},"T6o":{"weight":1.0,"played":[1.0,0.0,0.0],"evs":[0.0,-0.52082,-1.86961]},"J6o":{"weight":1.0,"played":[1.0,0.0,0.0],"evs":[0.0,-0.53404,-1.89304]},"Q6o":{"weight":1.0,"played":[1.0,0.0,0.0],"evs":[0.0,-0.48104,-1.55696]},"K6o":{"weight":1.0,"played":[1.0,0.0,0.0],"evs":[0.0,-0.41393,-1.18658]},"A6o":{"weight":1.0,"played":[0.9999,1.0E-4,0.0],"evs":[0.0,-0.1119,-0.31977]},"72s":{"weight":1.0,"played":[1.0,0.0,0.0],"evs":[0.0,-0.51583,-2.16122]},"73s":{"weight":1.0,"played":[1.0,0.0,0.0],"evs":[0.0,-0.42667,-1.77985]},"74s":{"weight":1.0,"played":[1.0,0.0,0.0],"evs":[0.0,-0.32641,-1.37833]},"75s":{"weight":1.0,"played":[1.0,0.0,0.0],"evs":[0.0,-0.22249,-0.97875]},"76s":{"weight":1.0,"played":[1.0,0.0,0.0],"evs":[0.0,-0.16318,-0.65428]},"77":{"weight":1.0,"played":[0.0,0.0,1.0],"evs":[0.0,2.03071,2.22845]},"87o":{"weight":1.0,"played":[1.0,0.0,0.0],"evs":[0.0,-0.38364,-1.3446]},"97o":{"weight":1.0,"played":[1.0,0.0,0.0],"evs":[0.0,-0.44684,-1.51456]},"T7o":{"weight":1.0,"played":[1.0,0.0,0.0],"evs":[0.0,-0.46452,-1.56583]},"J7o":{"weight":1.0,"played":[1.0,0.0,0.0],"evs":[0.0,-0.49654,-1.6138]},"Q7o":{"weight":1.0,"played":[1.0,0.0,0.0],"evs":[0.0,-0.48967,-1.57295]},"K7o":{"weight":1.0,"played":[1.0,0.0,0.0],"evs":[0.0,-0.41793,-1.13106]},"A7o":{"weight":1.0,"played":[0.0,1.0,0.0],"evs":[0.0,0.01105,-0.09055]},"82s":{"weight":1.0,"played":[1.0,0.0,0.0],"evs":[0.0,-0.48688,-1.95496]},"83s":{"weight":1.0,"played":[1.0,0.0,0.0],"evs":[0.0,-0.46312,-1.89213]},"84s":{"weight":1.0,"played":[1.0,0.0,0.0],"evs":[0.0,-0.37651,-1.50993]},"85s":{"weight":1.0,"played":[1.0,0.0,0.0],"evs":[0.0,-0.26992,-1.1171]},"86s":{"weight":1.0,"played":[1.0,0.0,0.0],"evs":[0.0,-0.20627,-0.7568]},"87s":{"weight":1.0,"played":[1.0,0.0,0.0],"evs":[0.0,-0.16516,-0.50525]},"88":{"weight":1.0,"played":[0.0,0.0,1.0],"evs":[0.0,2.62602,2.89208]},"98o":{"weight":1.0,"played":[1.0,0.0,0.0],"evs":[0.0,-0.37886,-1.1736]},"T8o":{"weight":1.0,"played":[1.0,0.0,0.0],"evs":[0.0,-0.38404,-1.18656]},"J8o":{"weight":1.0,"played":[1.0,0.0,0.0],"evs":[0.0,-0.40883,-1.22264]},"Q8o":{"weight":1.0,"played":[1.0,0.0,0.0],"evs":[0.0,-0.40702,-1.19028]},"K8o":{"weight":1.0,"played":[1.0,0.0,0.0],"evs":[0.0,-0.3583,-1.01928]},"A8o":{"weight":1.0,"played":[0.0,0.2863,0.7137],"evs":[0.0,0.28638,0.28694]},"92s":{"weight":1.0,"played":[1.0,0.0,0.0],"evs":[0.0,-0.49144,-1.9016]},"93s":{"weight":1.0,"played":[1.0,0.0,0.0],"evs":[0.0,-0.45913,-1.7636]},"94s":{"weight":1.0,"played":[1.0,0.0,0.0],"evs":[0.0,-0.43236,-1.68869]},"95s":{"weight":1.0,"played":[1.0,0.0,0.0],"evs":[0.0,-0.35412,-1.3002]},"96s":{"weight":1.0,"played":[1.0,0.0,0.0],"evs":[0.0,-0.27951,-0.92631]},"97s":{"weight":1.0,"played":[1.0,0.0,0.0],"evs":[0.0,-0.22988,-0.66002]},"98s":{"weight":1.0,"played":[1.0,0.0,0.0],"evs":[0.0,-0.14431,-0.33825]},"99":{"weight":1.0,"played":[0.0,0.0,1.0],"evs":[0.0,3.27996,3.59779]},"T9o":{"weight":1.0,"played":[1.0,0.0,0.0],"evs":[0.0,-0.33468,-0.8671]},"J9o":{"weight":1.0,"played":[1.0,0.0,0.0],"evs":[0.0,-0.33486,-0.90234]},"Q9o":{"weight":1.0,"played":[1.0,0.0,0.0],"evs":[0.0,-0.32062,-0.85153]},"K9o":{"weight":1.0,"played":[1.0,0.0,0.0],"evs":[0.0,-0.2418,-0.66612]},"A9o":{"weight":1.0,"played":[0.0,0.0184,0.9816],"evs":[0.0,0.64993,0.72287]},"T2s":{"weight":1.0,