{"player":1,"street":0,"children":3,"sequence":[{"player":0,"type":"F","amount":0,"street":0}],"actions":[{"type":"F","amount":0,"node":2},{"type":"R","amount":200000},{"type":"R","amount":975000,"node":22}],"hands":{"22":{"weight":1.0,"played":[0.0,0.0,1.0],"evs":[0.0,0.60187,0.64009]},"32o":{"weight":1.0,"played":[1.0,0.0,0.0],"evs":[0.0,-0.79101,-2.29721]},"42o":{"weight":1.0,"played":[1.0,0.0,0.0],"evs":[0.0,-0.77788,-2.14639]},"52o":{"weight":1.0,"played":[1.0,0.0,0.0],"evs":[0.0,-0.75488,-2.00049]},"62o":{"weight":1.0,"played":[1.0,0.0,0.0],"evs":[0.0,-0.7707,-2.21437]},"72o":{"weight":1.0,"played":[1.0,0.0,0.0],"evs":[0.0,-0.76838,-2.36708]},"82o":{"weight":1.0,"played":[1.0,0.0,0.0],"evs":[0.0,-0.75955,-2.21448]},"92o":{"weight":1.0,"played":[1.0,0.0,0.0],"evs":[0.0,-0.74033,-2.14423]},"T2o":{"weight":1.0,"played":[1.0,0.0,0.0],"evs":[0.0,-0.70101,-1.99329]},"J2o":{"weight":1.0,"played":[1.0,0.0,0.0],"evs":[0.0,-0.66863,-1.84362]},"Q2o":{"weight":1.0,"played":[1.0,0.0,0.0],"evs":[0.0,-0.63988,-1.61018]},"K2o":{"weight":1.0,"played":[1.0,0.0,0.0],"evs":[0.0,-0.56247,-1.22287]},"A2o":{"weight":1.0,"played":[0.0,0.0028,0.9972],"evs":[0.0,0.2024,0.21644]},"32s":{"weight":1.0,"played":[1.0,0.0,0.0],"evs":[0.0,-0.72995,-1.4699]},"33":{"weight":1.0,"played":[0.0,0.0,1.0],"evs":[0.0,0.92503,1.01858]},"43o":{"weight":1.0,"played":[1.0,0.0,0.0],"evs":[0.0,-0.72946,-1.8012]},"53o":{"weight":1.0,"played":[1.0,0.0,0.0],"evs":[0.0,-0.70541,-1.64336]},"63o":{"weight":1.0,"played":[1.0,0.0,0.0],"evs":[0.0,-0.7172,-1.84988]},"73o":{"weight":1.0,"played":[1.0,0.0,0.0],"evs":[0.0,-0.72238,-2.01776]},"83o":{"weight":1.0,"played":[1.0,0.0,0.0],"evs":[0.0,-0.73052,-2.15772]},"93o":{"weight":1.0,"played":[1.0,0.0,0.0],"evs":[0.0,-0.70314,-2.02213]},"T3o":{"weight":1.0,"played":[1.0,0.0,0.0],"evs":[0.0,-0.66604,-1.87258]},"J3o":{"weight":1.0,"played":[1.0,0.0,0.0],"evs":[0.0,-0.62933,-1.72283]},"Q3o":{"weight":1.0,"played":[1.0,0.0,0.0],"evs":[0.0,-0.60018,-1.49239]},"K3o":{"weight":1.0,"played":[1.0,0.0,0.0],"evs":[0.0,-0.52457,-1.10472]},"A3o":{"weight":1.0,"played":[0.0,1.0E-4,0.9999],"evs":[0.0,0.31297,0.33785]},"42s":{"weight":1.0,"played":[1.0,0.0,0.0],"evs":[0.0,-0.71419,-1.32916]},"43s":{"weight":1.0,"played":[1.0,0.0,0.0],"evs":[0.0,-0.66219,-1.0052]},"44":{"weight":1.0,"played":[0.0,0.0,1.0],"evs":[0.0,1.32421,1.43302]},"54o":{"weight":1.0,"played":[1.0,0.0,0.0],"evs":[0.0,-0.67803,-1.29019]},"64o":{"weight":1.0,"played":[1.0,0.0,0.0],"evs":[0.0,-0.68756,-1.48514]},"74o":{"weight":1.0,"played":[1.0,0.0,0.0],"evs":[0.0,-0.69118,-1.64806]},"84o":{"weight":1.0,"played":[1.0,0.0,0.0],"evs":[0.0,-0.70147,-1.79018]},"94o":{"weight":1.0,"played":[1.0,0.0,0.0],"evs":[0.0,-0.69188,-1.94383]},"T4o":{"weight":1.0,"played":[1.0,0.0,0.0],"evs":[0.0,-0.64909,-1.73461]},"J4o":{"weight":1.0,"played":[1.0,0.0,0.0],"evs":[0.0,-0.61329,-1.58532]},"Q4o":{"weight":1.0,"played":[1.0,0.0,0.0],"evs":[0.0,-0.5802,-1.35975]},"K4o":{"weight":1.0,"played":[1.0,0.0,0.0],"evs":[0.0,-0.50251,-0.97314]},"A4o":{"weight":1.0,"played":[0.0,0.0,1.0],"evs":[0.0,0.43169,0.47381]},"52s":{"weight":1.0,"played":[1.0,0.0,0.0],"evs":[0.0,-0.68899,-1.20059]},"53s":{"weight":1.0,"played":[1.0,0.0,0.0],"evs":[0.0,-0.59407,-0.86134]},"54s":{"weight":1.0,"played":[1.0,0.0,0.0],"evs":[0.0,-0.48518,-0.53437]},"55":{"weight":1.0,"played":[0.0,0.0,1.0],"evs":[0.0,1.76461,1.88027]},"65o":{"weight":1.0,"played":[1.0,0.0,0.0],"evs":[0.0,-0.65094,-1.14107]},"75o":{"weight":1.0,"played":[1.0,0.0,0.0],"evs":[0.0,-0.65111,-1.29564]},"85o":{"weight":1.0,"played":[1.0,0.0,0.0],"evs":[0.0,-0.66199,-1.43174]},"95o":{"weight":1.0,"played":[1.0,0.0,0.0],"evs":[0.0,-0.65122,-1.5857]},"T5o":{"weight":1.0,"played":[1.0,0.0,0.0],"evs":[0.0,-0.62437,-1.66799]},"J5o":{"weight":1.0,"played":[1.0,0.0,0.0],"evs":[0.0,-0.5853,-1.46224]},"Q5o":{"weight":1.0,"played":[1.0,0.0,0.0],"evs":[0.0,-0.5502,-1.23843]},"K5o":{"weight":1.0,"played":[1.0,0.0,0.0],"evs":[0.0,-0.47066,-0.85079]},"A5o":{"weight":1.0,"played":[0.0,0.0,1.0],"evs":[0.0,0.61563,0.67212]},"62s":{"weight":1.0,"played":[1.0,0.0,0.0],"evs":[0.0,-0.70571,-1.39183]},"63s":{"weight":1.0,"played":[1.0,0.0,0.0],"evs":[0.0,-0.65561,-1.06142]},"64s":{"weight":1.0,"played":[1.0,0.0,0.0],"evs":[0.0,-0.55759,-0.72457]},"65s":{"weight":1.0,"played":[1.0,0.0,0.0],"evs":[0.0,-0.38597,-0.39728]},"66":{"weight":1.0,"played":[0.0,0.0,1.0],"evs":[0.0,2.17273,2.29735]},"76o":{"weight":1.0,"played":[1.0,0.0,0.0],"evs":[0.0,-0.61877,-0.9706]},"86o":{"weight":1.0,"played":[1.0,0.0,0.0],"evs":[0.0,-0.63345,-1.09479]},"96o":{"weight":1.0,"played":[1.0,0.0,0.0],"evs":[0.0,-0.62258,-1.24332]},"T6o":{"weight":1.0,"played":[1.0,0.0,0.0],"evs":[0.0,-0.60036,-1.33059]},"J6o":{"weight":1.0,"played":[1.0,0.0,0.0],"evs":[0.0,-0.57551,-1.39434]},"Q6o":{"weight":1.0,"played":[1.0,0.0,0.0],"evs":[0.0,-0.53777,-1.11863]},"K6o":{"weight":1.0,"played":[1.0,0.0,0.0],"evs":[0.0,-0.45499,-0.72119]},"A6o":{"weight":1.0,"played":[0.0,0.0034,0.9966],"evs":[0.0,0.63932,0.67507]},"72s":{"weight":1.0,"played":[1.0,0.0,0.0],"evs":[0.0,-0.70602,-1.54249]},"73s":{"weight":1.0,"played":[1.0,0.0,0.0],"evs":[0.0,-0.65669,-1.21646]},"74s":{"weight":1.0,"played":[1.0,0.0,0.0],"evs":[0.0,-0.6066,-0.87514]},"75s":{"weight":1.0,"played":[1.0,0.0,0.0],"evs":[0.0,-0.47762,-0.53328]},"76s":{"weight":1.0,"played":[1.0,0.0,0.0],"evs":[0.0,-0.22434,-0.22571]},"77":{"weight":1.0,"played":[0.0,0.0,1.0],"evs":[0.0,2.6158,2.71969]},"87o":{"weight":1.0,"played":[1.0,0.0,0.0],"evs":[0.0,-0.59568,-0.81057]},"97o":{"weight":1.0,"played":[1.0,0.0,0.0],"evs":[0.0,-0.59387,-0.9523]},"T7o":{"weight":1.0,"played":[1.0,0.0,0.0],"evs":[0.0,-0.56511,-1.01234]},"J7o":{"weight":1.0,"played":[1.0,0.0,0.0],"evs":[0.0,-0.54373,-1.09898]},"Q7o":{"weight":1.0,"played":[1.0,0.0,0.0],"evs":[0.0,-0.51727,-1.08691]},"K7o":{"weight":1.0,"played":[1.0,0.0,0.0],"evs":[0.0,-0.41984,-0.62103]},"A7o":{"weight":1.0,"played":[0.0,0.0,1.0],"evs":[0.0,0.97644,1.028]},"82s":{"weight":1.0,"played":[1.0,0.0,0.0],"evs":[0.0,-0.69662,-1.39356]},"83s":{"weight":1.0,"played":[1.0,0.0,0.0],"evs":[0.0,-0.66382,-1.33352]},"84s":{"weight":1.0,"played":[1.0,0.0,0.0],"evs":[0.0,-0.64288,-0.99467]},"85s":{"weight":1.0,"played":[1.0,0.0,0.0],"evs":[0.0,-0.53398,-0.66668]},"86s":{"weight":1.0,"played":[1.0,0.0,0.0],"evs":[0.0,-0.35013,-0.35149]},"87s":{"weight":1.0,"played":[1.0,0.0,0.0],"evs":[0.0,-0.08632,-0.07482]},"88":{"weight":1.0,"played":[0.0,0.0,1.0],"evs":[0.0,3.09801,3.19875]},"98o":{"weight":1.0,"played":[1.0,0.0,0.0],"evs":[0.0,-0.53824,-0.66488]},"T8o":{"weight":1.0,"played":[1.0,0.0,0.0],"evs":[0.0,-0.52005,-0.69769]},"J8o":{"weight":1.0,"played":[1.0,0.0,0.0],"evs":[0.0,-0.50765,-0.77519]},"Q8o":{"weight":1.0,"played":[1.0,0.0,0.0],"evs":[0.0,-0.47872,-0.76229]},"K8o":{"weight":1.0,"played":[1.0,0.0,0.0],"evs":[0.0,-0.39244,-0.51818]},"A8o":{"weight":1.0,"played":[0.0,0.0,1.0],"evs":[0.0,1.35173,1.44268]},"92s":{"weight":1.0,"played":[1.0,0.0,0.0],"evs":[0.0,-0.67091,-1.31779]},"93s":{"weight":1.0,"played":[1.0,0.0,0.0],"evs":[0.0,-0.63931,-1.20763]},"94s":{"weight":1.0,"played":[1.0,0.0,0.0],"evs":[0.0,-0.62811,-1.13645]},"95s":{"weight":1.0,"played":[1.0,0.0,0.0],"evs":[0.0,-0.57132,-0.80964]},"96s":{"weight":1.0,"played":[1.0,0.0,0.0],"evs":[0.0,-0.45002,-0.48515]},"97s":{"weight":1.0,"played":[1.0,0.0,0.0],"evs":[0.0,-0.22256,-0.22019]},"98s":{"weight":1.0,"played":[0.0,0.0068,0.9932],"evs":[0.0,0.05418,0.0596]},"99":{"weight":1.0,"played":[0.0,0.0,1.0],"evs":[0.0,3.6523,3.76005]},"T9o":{"weight":1.0,"played":[1.0,0.0,0.0],"evs":[0.0,-0.36403,-0.39741]},"J9o":{"weight":1.0,"played":[1.0,0.0,0.0],"evs":[0.0,-0.37668,-0.46418]},"Q9o":{"weight":1.0,"played":[1.0,0.0,0.0],"evs":[0.0,-0.37109,-0.43431]},"K9o":{"weight":1.0,"played":[1.0,0.0,0.0],"evs":[0.0,-0.15856,-0.13166]},"A9o":{"weight":1.0,"played":[0.0,0.0,1.0],"evs":[0.0,1.83397,1.92537]},"T2s":{"weight":1.0,"played":[1.0,0.0,0.0],"evs":[0.0,-0.63064,-1.17711]},"T3s":{"weight":1.0,"played":[1.0,0.0,0.0],