{"player":2,"street":0,"children":3,"sequence":[{"player":0,"type":"R","amount":1125000,"street":0},{"player":1,"type":"C","amount":975000,"street":0}],"actions":[{"type":"F","amount":0,"node":50},{"type":"C","amount":1125000,"node":53},{"type":"R","amount":1785000,"node":58}],"hands":{"22":{"weight":1.0,"played":[0.0011,0.8082,0.1907],"evs":[0.0,0.21249,0.21759]},"32o":{"weight":1.0,"played":[1.0,0.0,0.0],"evs":[0.0,-4.76034,-4.7589]},"42o":{"weight":1.0,"played":[1.0,0.0,0.0],"evs":[0.0,-4.44129,-4.4384]},"52o":{"weight":1.0,"played":[1.0,0.0,0.0],"evs":[0.0,-4.19738,-4.19797]},"62o":{"weight":1.0,"played":[1.0,0.0,0.0],"evs":[0.0,-4.66707,-4.66889]},"72o":{"weight":1.0,"played":[1.0,0.0,0.0],"evs":[0.0,-5.23725,-5.23118]},"82o":{"weight":1.0,"played":[1.0,0.0,0.0],"evs":[0.0,-4.93595,-4.93117]},"92o":{"weight":1.0,"played":[1.0,0.0,0.0],"evs":[0.0,-4.85985,-4.85611]},"T2o":{"weight":1.0,"played":[1.0,0.0,0.0],"evs":[0.0,-4.83659,-4.83549]},"J2o":{"weight":1.0,"played":[1.0,0.0,0.0],"evs":[0.0,-4.67773,-4.6861]},"Q2o":{"weight":1.0,"played":[1.0,0.0,0.0],"evs":[0.0,-4.23944,-4.23569]},"K2o":{"weight":1.0,"played":[1.0,0.0,0.0],"evs":[0.0,-3.70212,-3.71251]},"A2o":{"weight":1.0,"played":[1.0,0.0,0.0],"evs":[0.0,-3.56437,-3.56135]},"32s":{"weight":1.0,"played":[1.0,0.0,0.0],"evs":[0.0,-2.4958,-2.48972]},"33":{"weight":1.0,"played":[0.0,0.4664,0.5336],"evs":[0.0,0.8932,0.91487]},"43o":{"weight":1.0,"played":[1.0,0.0,0.0],"evs":[0.0,-3.47253,-3.47165]},"53o":{"weight":1.0,"played":[1.0,0.0,0.0],"evs":[0.0,-3.0925,-3.08776]},"63o":{"weight":1.0,"played":[1.0,0.0,0.0],"evs":[0.0,-3.6998,-3.70656]},"73o":{"weight":1.0,"played":[1.0,0.0,0.0],"evs":[0.0,-4.31781,-4.31472]},"83o":{"weight":1.0,"played":[1.0,0.0,0.0],"evs":[0.0,-4.77466,-4.77268]},"93o":{"weight":1.0,"played":[1.0,0.0,0.0],"evs":[0.0,-4.49686,-4.48767]},"T3o":{"weight":1.0,"played":[1.0,0.0,0.0],"evs":[0.0,-4.57522,-4.57843]},"J3o":{"weight":1.0,"played":[1.0,0.0,0.0],"evs":[0.0,-4.33367,-4.33531]},"Q3o":{"weight":1.0,"played":[1.0,0.0,0.0],"evs":[0.0,-3.95644,-3.95186]},"K3o":{"weight":1.0,"played":[1.0,0.0,0.0],"evs":[0.0,-3.34598,-3.34369]},"A3o":{"weight":1.0,"played":[1.0,0.0,0.0],"evs":[0.0,-3.19227,-3.18284]},"42s":{"weight":1.0,"played":[1.0,0.0,0.0],"evs":[0.0,-2.13587,-2.14144]},"43s":{"weight":1.0,"played":[1.0,0.0,0.0],"evs":[0.0,-1.30287,-1.30056]},"44":{"weight":1.0,"played":[0.0,0.6898,0.3102],"evs":[0.0,1.49986,1.49938]},"54o":{"weight":1.0,"played":[1.0,0.0,0.0],"evs":[0.0,-2.21469,-2.21731]},"64o":{"weight":1.0,"played":[1.0,0.0,0.0],"evs":[0.0,-2.68564,-2.68672]},"74o":{"weight":1.0,"played":[1.0,0.0,0.0],"evs":[0.0,-3.2579,-3.26943]},"84o":{"weight":1.0,"played":[1.0,0.0,0.0],"evs":[0.0,-3.81703,-3.82124]},"94o":{"weight":1.0,"played":[1.0,0.0,0.0],"evs":[0.0,-4.39467,-4.38369]},"T4o":{"weight":1.0,"played":[1.0,0.0,0.0],"evs":[0.0,-4.29202,-4.28997]},"J4o":{"weight":1.0,"played":[1.0,0.0,0.0],"evs":[0.0,-4.04889,-4.06188]},"Q4o":{"weight":1.0,"played":[1.0,0.0,0.0],"evs":[0.0,-3.61726,-3.61546]},"K4o":{"weight":1.0,"played":[1.0,0.0,0.0],"evs":[0.0,-3.05024,-3.06465]},"A4o":{"weight":1.0,"played":[1.0,0.0,0.0],"evs":[0.0,-2.90225,-2.90219]},"52s":{"weight":1.0,"played":[1.0,0.0,0.0],"evs":[0.0,-1.89482,-1.90574]},"53s":{"weight":1.0,"played":[1.0,0.0,0.0],"evs":[0.0,-0.90852,-0.90993]},"54s":{"weight":1.0,"played":[0.9647,0.0226,0.0128],"evs":[0.0,-0.02723,-0.02232]},"55":{"weight":1.0,"played":[0.0,0.9221,0.0779],"evs":[0.0,2.42213,2.41226]},"65o":{"weight":1.0,"played":[1.0,0.0,0.0],"evs":[0.0,-1.80784,-1.80618]},"75o":{"weight":1.0,"played":[1.0,0.0,0.0],"evs":[0.0,-2.43203,-2.43219]},"85o":{"weight":1.0,"played":[1.0,0.0,0.0],"evs":[0.0,-3.00017,-3.00282]},"95o":{"weight":1.0,"played":[1.0,0.0,0.0],"evs":[0.0,-3.62483,-3.62061]},"T5o":{"weight":1.0,"played":[1.0,0.0,0.0],"evs":[0.0,-4.21372,-4.2209]},"J5o":{"weight":1.0,"played":[1.0,0.0,0.0],"evs":[0.0,-3.80323,-3.81016]},"Q5o":{"weight":1.0,"played":[1.0,0.0,0.0],"evs":[0.0,-3.46561,-3.46308]},"K5o":{"weight":1.0,"played":[1.0,0.0,0.0],"evs":[0.0,-2.91479,-2.91843]},"A5o":{"weight":1.0,"played":[1.0,0.0,0.0],"evs":[0.0,-2.62583,-2.62882]},"62s":{"weight":1.0,"played":[1.0,0.0,0.0],"evs":[0.0,-2.34417,-2.33384]},"63s":{"weight":1.0,"played":[1.0,0.0,0.0],"evs":[0.0,-1.38202,-1.38398]},"64s":{"weight":1.0,"played":[0.9998,1.0E-4,1.0E-4],"evs":[0.0,-0.46863,-0.47688]},"65s":{"weight":1.0,"played":[0.0,0.9442,0.0558],"evs":[0.0,0.28294,0.27867]},"66":{"weight":1.0,"played":[0.0,0.5057,0.4943],"evs":[0.0,3.61506,3.61277]},"76o":{"weight":1.0,"played":[1.0,0.0,0.0],"evs":[0.0,-1.55799,-1.56735]},"86o":{"weight":1.0,"played":[1.0,0.0,0.0],"evs":[0.0,-2.04142,-2.04884]},"96o":{"weight":1.0,"played":[1.0,0.0,0.0],"evs":[0.0,-2.57814,-2.57013]},"T6o":{"weight":1.0,"played":[1.0,0.0,0.0],"evs":[0.0,-3.26316,-3.26627]},"J6o":{"weight":1.0,"played":[1.0,0.0,0.0],"evs":[0.0,-3.6815,-3.69042]},"Q6o":{"weight":1.0,"played":[1.0,0.0,0.0],"evs":[0.0,-3.15378,-3.15506]},"K6o":{"weight":1.0,"played":[1.0,0.0,0.0],"evs":[0.0,-2.51377,-2.51982]},"A6o":{"weight":1.0,"played":[1.0,0.0,0.0],"evs":[0.0,-3.0465,-3.04109]},"72s":{"weight":1.0,"played":[1.0,0.0,0.0],"evs":[0.0,-2.88829,-2.88285]},"73s":{"weight":1.0,"played":[1.0,0.0,0.0],"evs":[0.0,-2.02542,-2.03296]},"74s":{"weight":1.0,"played":[1.0,0.0,0.0],"evs":[0.0,-1.09149,-1.08432]},"75s":{"weight":1.0,"played":[0.9622,0.0257,0.0121],"evs":[0.0,-0.25939,-0.25843]},"76s":{"weight":1.0,"played":[0.0,0.9942,0.0058],"evs":[0.0,0.59066,0.57532]},"77":{"weight":1.0,"played":[0.0,0.2281,0.7719],"evs":[0.0,4.79664,4.7972]},"87o":{"weight":1.0,"played":[1.0,0.0,0.0],"evs":[0.0,-1.3515,-1.35262]},"97o":{"weight":1.0,"played":[1.0,0.0,0.0],"evs":[0.0,-1.7724,-1.76494]},"T7o":{"weight":1.0,"played":[1.0,0.0,0.0],"evs":[0.0,-2.39857,-2.39135]},"J7o":{"weight":1.0,"played":[1.0,0.0,0.0],"evs":[0.0,-2.76043,-2.77558]},"Q7o":{"weight":1.0,"played":[1.0,0.0,0.0],"evs":[0.0,-2.98186,-2.98632]},"K7o":{"weight":1.0,"played":[1.0,0.0,0.0],"evs":[0.0,-2.30806,-2.31792]},"A7o":{"weight":1.0,"played":[1.0,0.0,0.0],"evs":[0.0,-2.43703,-2.43756]},"82s":{"weight":1.0,"played":[1.0,0.0,0.0],"evs":[0.0,-2.5171,-2.51899]},"83s":{"weight":1.0,"played":[1.0,0.0,0.0],"evs":[0.0,-2.49342,-2.49442]},"84s":{"weight":1.0,"played":[0.9999,1.0E-4,0.0],"evs":[0.0,-1.51471,-1.50592]},"85s":{"weight":1.0,"played":[0.9997,2.0E-4,2.0E-4],"evs":[0.0,-0.84404,-0.83886]},"86s":{"weight":1.0,"played":[0.004,0.1186,0.8775],"evs":[0.0,0.19899,0.20227]},"87s":{"weight":1.0,"played":[0.0,0.6693,0.3307],"evs":[0.0,0.72183,0.71815]},"88":{"weight":1.0,"played":[0.0,0.2049,0.7951],"evs":[0.0,6.12521,6.13934]},"98o":{"weight":1.0,"played":[1.0,0.0,0.0],"evs":[0.0,-1.14961,-1.1437]},"T8o":{"weight":1.0,"played":[1.0,0.0,0.0],"evs":[0.0,-1.62896,-1.6324]},"J8o":{"weight":1.0,"played":[1.0,0.0,0.0],"evs":[0.0,-1.95049,-1.95908]},"Q8o":{"weight":1.0,"played":[1.0,0.0,0.0],"evs":[0.0,-2.22856,-2.23846]},"K8o":{"weight":1.0,"played":[1.0,0.0,0.0],"evs":[0.0,-2.15316,-2.16044]},"A8o":{"weight":1.0,"played":[1.0,0.0,0.0],"evs":[0.0,-1.79956,-1.792]},"92s":{"weight":1.0,"played":[1.0,0.0,0.0],"evs":[0.0,-2.51296,-2.50102]},"93s":{"weight":1.0,"played":[1.0,0.0,0.0],"evs":[0.0,-2.26004,-2.25244]},"94s":{"weight":1.0,"played":[1.0,0.0,0.0],"evs":[0.0,-2.0577,-2.05512]},"95s":{"weight":1.0,"played":[0.9999,0.0,0.0],"evs":[0.0,-1.18693,-1.194]},"96s":{"weight":1.0,"played":[0.9896,0.0043,0.006],"evs":[0.0,-0.43727,-0.42987]},"97s":{"weight":1.0,"played":[0.0,0.0503,0.9497],"evs":[0.0,0.33726,0.35338]},"98s":{"weight":1.0,"played":[0.0,0.2421,0.7579],"evs":[0.0,1.09918,1.09406]},"99":{"weight":1.0,"played":[0.0,0.5578,0.4422],"evs":[0.0,7.74118,7.74327]},"T9o":{"weight":1.0,"played":[0.9999,1.0E-4,0.0],"evs":[0.0,-0.83688,-0.83403]},"J9o":{"weight":1.0,"played":[0.9999,0.0,0.0],"evs":[0.0,-1.14649,-1.15916]},"Q9o":{"weight":1.0,"played":[1.0,0.0,0.0],"evs":[0.0,-1.33626,-1.34031]},"K9o":{"weight":1.0,"played":[1.0,0.0,0.0],