{"player":3,"street":0,"children":2,"sequence":[{"player":0,"type":"R","amount":200000,"street":0},{"player":1,"type":"R","amount":1196300,"street":0},{"player":2,"type":"R","amount":1375000,"street":0}],"actions":[{"type":"F","amount":0,"node":650},{"type":"R","amount":1463000,"node":657}],"hands":{"22":{"weight":1.0,"played":[0.9989,0.0011],"evs":[0.0,-3.48751]},"32o":{"weight":1.0,"played":[1.0,0.0],"evs":[0.0,-6.41508]},"42o":{"weight":1.0,"played":[1.0,0.0],"evs":[0.0,-6.524]},"52o":{"weight":1.0,"played":[1.0,0.0],"evs":[0.0,-6.10458]},"62o":{"weight":1.0,"played":[1.0,0.0],"evs":[0.0,-6.46264]},"72o":{"weight":1.0,"played":[0.9999,1.0E-4],"evs":[0.0,-8.6941]},"82o":{"weight":1.0,"played":[1.0,0.0],"evs":[0.0,-7.33223]},"92o":{"weight":1.0,"played":[0.9999,1.0E-4],"evs":[0.0,-7.44611]},"T2o":{"weight":1.0,"played":[1.0,0.0],"evs":[0.0,-7.24413]},"J2o":{"weight":1.0,"played":[0.9999,1.0E-4],"evs":[0.0,-7.09868]},"Q2o":{"weight":1.0,"played":[0.9999,1.0E-4],"evs":[0.0,-7.74554]},"K2o":{"weight":1.0,"played":[1.0,0.0],"evs":[0.0,-6.45664]},"A2o":{"weight":1.0,"played":[1.0,0.0],"evs":[0.0,-7.2368]},"32s":{"weight":1.0,"played":[0.9998,2.0E-4],"evs":[0.0,-3.77003]},"33":{"weight":1.0,"played":[0.9974,0.0026],"evs":[0.0,-2.52728]},"43o":{"weight":1.0,"played":[1.0,0.0],"evs":[0.0,-5.08386]},"53o":{"weight":1.0,"played":[0.9999,1.0E-4],"evs":[0.0,-5.00915]},"63o":{"weight":1.0,"played":[0.9999,1.0E-4],"evs":[0.0,-5.46998]},"73o":{"weight":1.0,"played":[1.0,0.0],"evs":[0.0,-6.94937]},"83o":{"weight":1.0,"played":[1.0,0.0],"evs":[0.0,-8.08863]},"93o":{"weight":1.0,"played":[1.0,0.0],"evs":[0.0,-7.00882]},"T3o":{"weight":1.0,"played":[1.0,0.0],"evs":[0.0,-6.56874]},"J3o":{"weight":1.0,"played":[0.9999,1.0E-4],"evs":[0.0,-7.19375]},"Q3o":{"weight":1.0,"played":[0.9999,1.0E-4],"evs":[0.0,-6.5264]},"K3o":{"weight":1.0,"played":[0.9997,3.0E-4],"evs":[0.0,-5.71403]},"A3o":{"weight":1.0,"played":[0.9996,4.0E-4],"evs":[0.0,-5.95941]},"42s":{"weight":1.0,"played":[0.988,0.012],"evs":[0.0,-3.45231]},"43s":{"weight":1.0,"played":[0.966,0.034],"evs":[0.0,-3.29947]},"44":{"weight":1.0,"played":[0.9992,8.0E-4],"evs":[0.0,-2.35332]},"54o":{"weight":1.0,"played":[0.9994,6.0E-4],"evs":[0.0,-3.48437]},"64o":{"weight":1.0,"played":[1.0,0.0],"evs":[0.0,-4.15453]},"74o":{"weight":1.0,"played":[0.9999,1.0E-4],"evs":[0.0,-5.76826]},"84o":{"weight":1.0,"played":[0.9999,1.0E-4],"evs":[0.0,-6.68785]},"94o":{"weight":1.0,"played":[1.0,0.0],"evs":[0.0,-7.4281]},"T4o":{"weight":1.0,"played":[1.0,0.0],"evs":[0.0,-6.72247]},"J4o":{"weight":1.0,"played":[1.0,0.0],"evs":[0.0,-6.09223]},"Q4o":{"weight":1.0,"played":[0.9999,1.0E-4],"evs":[0.0,-6.2133]},"K4o":{"weight":1.0,"played":[1.0,0.0],"evs":[0.0,-5.1882]},"A4o":{"weight":1.0,"played":[0.9989,0.0011],"evs":[0.0,-5.34516]},"52s":{"weight":1.0,"played":[0.9996,4.0E-4],"evs":[0.0,-3.8698]},"53s":{"weight":1.0,"played":[0.9976,0.0024],"evs":[0.0,-3.58951]},"54s":{"weight":1.0,"played":[0.9894,0.0106],"evs":[0.0,-1.19607]},"55":{"weight":1.0,"played":[0.9909,0.0091],"evs":[0.0,-1.24113]},"65o":{"weight":1.0,"played":[0.9997,3.0E-4],"evs":[0.0,-3.31265]},"75o":{"weight":1.0,"played":[0.9995,5.0E-4],"evs":[0.0,-5.12487]},"85o":{"weight":1.0,"played":[0.9993,7.0E-4],"evs":[0.0,-5.24146]},"95o":{"weight":1.0,"played":[1.0,0.0],"evs":[0.0,-5.92026]},"T5o":{"weight":1.0,"played":[1.0,0.0],"evs":[0.0,-6.34865]},"J5o":{"weight":1.0,"played":[1.0,0.0],"evs":[0.0,-6.21237]},"Q5o":{"weight":1.0,"played":[1.0,0.0],"evs":[0.0,-5.87539]},"K5o":{"weight":1.0,"played":[1.0,0.0],"evs":[0.0,-5.0318]},"A5o":{"weight":1.0,"played":[0.9998,2.0E-4],"evs":[0.0,-5.33663]},"62s":{"weight":1.0,"played":[1.0,0.0],"evs":[0.0,-4.03059]},"63s":{"weight":1.0,"played":[0.9987,0.0013],"evs":[0.0,-3.06314]},"64s":{"weight":1.0,"played":[0.9761,0.0239],"evs":[0.0,-0.57765]},"65s":{"weight":1.0,"played":[0.9512,0.0488],"evs":[0.0,-1.74428]},"66":{"weight":1.0,"played":[0.94,0.06],"evs":[0.0,-1.40362]},"76o":{"weight":1.0,"played":[0.9935,0.0065],"evs":[0.0,-3.66633]},"86o":{"weight":1.0,"played":[0.9978,0.0022],"evs":[0.0,-4.64591]},"96o":{"weight":1.0,"played":[1.0,0.0],"evs":[0.0,-4.46803]},"T6o":{"weight":1.0,"played":[0.9999,1.0E-4],"evs":[0.0,-5.52119]},"J6o":{"weight":1.0,"played":[0.999,0.001],"evs":[0.0,-6.77843]},"Q6o":{"weight":1.0,"played":[1.0,0.0],"evs":[0.0,-5.93378]},"K6o":{"weight":1.0,"played":[0.9997,3.0E-4],"evs":[0.0,-4.87789]},"A6o":{"weight":1.0,"played":[0.9997,3.0E-4],"evs":[0.0,-7.23606]},"72s":{"weight":1.0,"played":[0.9985,0.0015],"evs":[0.0,-5.24089]},"73s":{"weight":1.0,"played":[1.0,0.0],"evs":[0.0,-3.37834]},"74s":{"weight":1.0,"played":[0.9985,0.0015],"evs":[0.0,-3.18505]},"75s":{"weight":1.0,"played":[0.9992,8.0E-4],"evs":[0.0,-2.22755]},"76s":{"weight":1.0,"played":[0.9934,0.0066],"evs":[0.0,-1.3203]},"77":{"weight":1.0,"played":[0.6562,0.3438],"evs":[0.0,-0.64387]},"87o":{"weight":1.0,"played":[0.9996,4.0E-4],"evs":[0.0,-3.29172]},"97o":{"weight":1.0,"played":[0.9994,6.0E-4],"evs":[0.0,-4.29164]},"T7o":{"weight":1.0,"played":[0.9996,4.0E-4],"evs":[0.0,-4.99197]},"J7o":{"weight":1.0,"played":[0.9997,3.0E-4],"evs":[0.0,-6.2935]},"Q7o":{"weight":1.0,"played":[0.9998,2.0E-4],"evs":[0.0,-6.35446]},"K7o":{"weight":1.0,"played":[0.9996,4.0E-4],"evs":[0.0,-4.78543]},"A7o":{"weight":1.0,"played":[0.9998,2.0E-4],"evs":[0.0,-6.48619]},"82s":{"weight":1.0,"played":[1.0,0.0],"evs":[0.0,-4.19953]},"83s":{"weight":1.0,"played":[0.9991,9.0E-4],"evs":[0.0,-5.00715]},"84s":{"weight":1.0,"played":[0.998,0.002],"evs":[0.0,-4.17761]},"85s":{"weight":1.0,"played":[0.9975,0.0025],"evs":[0.0,-2.96188]},"86s":{"weight":1.0,"played":[0.9729,0.0271],"evs":[0.0,-1.52764]},"87s":{"weight":1.0,"played":[0.9954,0.0046],"evs":[0.0,-2.3432]},"88":{"weight":1.0,"played":[0.0,1.0],"evs":[0.0,0.25813]},"98o":{"weight":1.0,"played":[0.9969,0.0031],"evs":[0.0,-3.59396]},"T8o":{"weight":1.0,"played":[1.0,0.0],"evs":[0.0,-4.5722]},"J8o":{"weight":1.0,"played":[0.9999,1.0E-4],"evs":[0.0,-5.12126]},"Q8o":{"weight":1.0,"played":[0.9998,2.0E-4],"evs":[0.0,-5.7486]},"K8o":{"weight":1.0,"played":[0.9998,2.0E-4],"evs":[0.0,-4.84766]},"A8o":{"weight":1.0,"played":[0.9998,2.0E-4],"evs":[0.0,-6.65059]},"92s":{"weight":1.0,"played":[0.9921,0.0079],"evs":[0.0,-5.25985]},"93s":{"weight":1.0,"played":[0.9993,7.0E-4],"evs":[0.0,-4.31308]},"94s":{"weight":1.0,"played":[0.9988,0.0012],"evs":[0.0,-4.25894]},"95s":{"weight":1.0,"played":[0.996,0.004],"evs":[0.0,-2.76726]},"96s":{"weight":1.0,"played":[0.9998,2.0E-4],"evs":[0.0,-2.68403]},"97s":{"weight":1.0,"played":[0.865,0.135],"evs":[0.0,-1.67915]},"98s":{"weight":1.0,"played":[0.9843,0.0157],"evs":[0.0,-1.85893]},"99":{"weight":1.0,"played":[0.0178,0.9822],"evs":[0.0,2.43804]},"T9o":{"weight":1.0,"played":[0.9997,3.0E-4],"evs":[0.0,-3.52888]},"J9o":{"weight":1.0,"played":[0.9999,1.0E-4],"evs":[0.0,-4.3021]},"Q9o":{"weight":1.0,"played":[0.9997,3.0E-4],"evs":[0.0,-4.72464]},"K9o":{"weight":1.0,"played":[0.9998,2.0E-4],"evs":[0.0,-3.92987]},"A9o":{"weight":1.0,"played":[0.9996,4.0E-4],"evs":[0.0,-6.31004]},"T2s":{"weight":1.0,"played":[0.9993,7.0E-4],"evs":[0.0,-3.84916]},"T3s":{"weight":1.0,"played":[1.0,0.0],"evs":[0.0,-5.61778]},"T4s":{"weight":1.0,"played":[0.9979,0.0021],"evs":[0.0,-3.17231]},"T5s":{"weight":1.0,"played":[0.9997,3.0E-4],"evs":[0.0,-3.51521]},"T6s":{"weight":1.0,"played":[0.9992,8.0E-4],"evs":[0.0,-3.63737]},"T7s":{"weight":1.0,"played":[0.9974,0.0026],"evs":[0.0,-3.05198]},"T8s":{"weight":1.0,"played":[0.9988,0.0012],"evs":[0.0,-1.3497]},"T9s":{"weight":1.0,"played":[0.9374,0.0626],"evs":[0.0,-1.94]},"TT":{"weight":1.0,"played":[0.0,1.0],"evs":[0.0,4.3548]},"JTo":{"weight":1.0,"played":[0.992,0.008],"evs":[0.0,-3.30964]},"QTo":{"weight":1.0,"played":[0.9998,2.0E-4],"evs":[0.0,-3.10839]},"KTo":{"weight":1.0,"played":[0.9993,7.0E-4],"evs":[0.0,-3.26863]},"ATo":{"weight":1.0,"played":[0.9995,5.0E-4],"evs":[0.0,-5.21181]},"J2s":{"weight":1.0,"played":[0.9997,3.0E-4],"evs":[0.0,-4.91528]},"J3s":{"weight":1.0,