{"player":2,"street":0,"children":3,"sequence":[{"player":0,"type":"R","amount":1165000,"street":0},{"player":1,"type":"C","amount":1165000,"street":0}],"actions":[{"type":"F","amount":0,"node":706},{"type":"C","amount":1165000,"node":726},{"type":"R","amount":1375000,"node":745}],"hands":{"22":{"weight":1.0,"played":[1.0,0.0,0.0],"evs":[0.0,-1.54766,-1.51622]},"32o":{"weight":1.0,"played":[1.0,0.0,0.0],"evs":[0.0,-5.72525,-5.73698]},"42o":{"weight":1.0,"played":[1.0,0.0,0.0],"evs":[0.0,-5.36766,-5.35244]},"52o":{"weight":1.0,"played":[1.0,0.0,0.0],"evs":[0.0,-5.04413,-5.05308]},"62o":{"weight":1.0,"played":[1.0,0.0,0.0],"evs":[0.0,-5.38698,-5.39091]},"72o":{"weight":1.0,"played":[1.0,0.0,0.0],"evs":[0.0,-5.93219,-5.94313]},"82o":{"weight":1.0,"played":[1.0,0.0,0.0],"evs":[0.0,-5.72952,-5.72274]},"92o":{"weight":1.0,"played":[1.0,0.0,0.0],"evs":[0.0,-5.79827,-5.81533]},"T2o":{"weight":1.0,"played":[1.0,0.0,0.0],"evs":[0.0,-5.95781,-5.97026]},"J2o":{"weight":1.0,"played":[1.0,0.0,0.0],"evs":[0.0,-5.31773,-5.32741]},"Q2o":{"weight":1.0,"played":[1.0,0.0,0.0],"evs":[0.0,-5.25615,-5.29523]},"K2o":{"weight":1.0,"played":[1.0,0.0,0.0],"evs":[0.0,-4.8902,-4.94818]},"A2o":{"weight":1.0,"played":[1.0,0.0,0.0],"evs":[0.0,-5.33196,-5.32433]},"32s":{"weight":1.0,"played":[1.0,0.0,0.0],"evs":[0.0,-3.44178,-3.42944]},"33":{"weight":1.0,"played":[1.0,0.0,0.0],"evs":[0.0,-1.08244,-1.09522]},"43o":{"weight":1.0,"played":[1.0,0.0,0.0],"evs":[0.0,-4.53822,-4.53472]},"53o":{"weight":1.0,"played":[1.0,0.0,0.0],"evs":[0.0,-4.16139,-4.18418]},"63o":{"weight":1.0,"played":[1.0,0.0,0.0],"evs":[0.0,-4.64848,-4.64766]},"73o":{"weight":1.0,"played":[1.0,0.0,0.0],"evs":[0.0,-5.24464,-5.24865]},"83o":{"weight":1.0,"played":[1.0,0.0,0.0],"evs":[0.0,-5.6493,-5.65296]},"93o":{"weight":1.0,"played":[1.0,0.0,0.0],"evs":[0.0,-5.56493,-5.58138]},"T3o":{"weight":1.0,"played":[1.0,0.0,0.0],"evs":[0.0,-5.72033,-5.72764]},"J3o":{"weight":1.0,"played":[1.0,0.0,0.0],"evs":[0.0,-5.04782,-5.08336]},"Q3o":{"weight":1.0,"played":[1.0,0.0,0.0],"evs":[0.0,-5.0036,-5.04455]},"K3o":{"weight":1.0,"played":[1.0,0.0,0.0],"evs":[0.0,-4.57316,-4.62167]},"A3o":{"weight":1.0,"played":[1.0,0.0,0.0],"evs":[0.0,-4.96649,-4.95317]},"42s":{"weight":1.0,"played":[1.0,0.0,0.0],"evs":[0.0,-3.23309,-3.20835]},"43s":{"weight":1.0,"played":[1.0,0.0,0.0],"evs":[0.0,-2.55493,-2.55287]},"44":{"weight":1.0,"played":[1.0,0.0,0.0],"evs":[0.0,-0.4852,-0.50668]},"54o":{"weight":1.0,"played":[1.0,0.0,0.0],"evs":[0.0,-3.34523,-3.33031]},"64o":{"weight":1.0,"played":[1.0,0.0,0.0],"evs":[0.0,-3.64889,-3.63546]},"74o":{"weight":1.0,"played":[1.0,0.0,0.0],"evs":[0.0,-4.26182,-4.25129]},"84o":{"weight":1.0,"played":[1.0,0.0,0.0],"evs":[0.0,-4.81001,-4.81879]},"94o":{"weight":1.0,"played":[1.0,0.0,0.0],"evs":[0.0,-5.4771,-5.49277]},"T4o":{"weight":1.0,"played":[1.0,0.0,0.0],"evs":[0.0,-5.52092,-5.54251]},"J4o":{"weight":1.0,"played":[1.0,0.0,0.0],"evs":[0.0,-4.82419,-4.85666]},"Q4o":{"weight":1.0,"played":[1.0,0.0,0.0],"evs":[0.0,-4.78237,-4.79924]},"K4o":{"weight":1.0,"played":[1.0,0.0,0.0],"evs":[0.0,-4.41385,-4.47244]},"A4o":{"weight":1.0,"played":[1.0,0.0,0.0],"evs":[0.0,-4.82716,-4.80462]},"52s":{"weight":1.0,"played":[1.0,0.0,0.0],"evs":[0.0,-2.90172,-2.88498]},"53s":{"weight":1.0,"played":[1.0,0.0,0.0],"evs":[0.0,-2.04023,-2.01936]},"54s":{"weight":1.0,"played":[1.0,0.0,0.0],"evs":[0.0,-1.14696,-1.13682]},"55":{"weight":1.0,"played":[0.0314,0.4162,0.5524],"evs":[0.0,0.34084,0.34187]},"65o":{"weight":1.0,"played":[1.0,0.0,0.0],"evs":[0.0,-2.86479,-2.87216]},"75o":{"weight":1.0,"played":[1.0,0.0,0.0],"evs":[0.0,-3.35916,-3.34236]},"85o":{"weight":1.0,"played":[1.0,0.0,0.0],"evs":[0.0,-3.83599,-3.85271]},"95o":{"weight":1.0,"played":[1.0,0.0,0.0],"evs":[0.0,-4.50465,-4.5111]},"T5o":{"weight":1.0,"played":[1.0,0.0,0.0],"evs":[0.0,-5.25185,-5.24939]},"J5o":{"weight":1.0,"played":[1.0,0.0,0.0],"evs":[0.0,-4.56926,-4.60357]},"Q5o":{"weight":1.0,"played":[1.0,0.0,0.0],"evs":[0.0,-4.53277,-4.56172]},"K5o":{"weight":1.0,"played":[1.0,0.0,0.0],"evs":[0.0,-4.10793,-4.13575]},"A5o":{"weight":1.0,"played":[1.0,0.0,0.0],"evs":[0.0,-4.41481,-4.4175]},"62s":{"weight":1.0,"played":[1.0,0.0,0.0],"evs":[0.0,-3.29396,-3.2728]},"63s":{"weight":1.0,"played":[1.0,0.0,0.0],"evs":[0.0,-2.62753,-2.63199]},"64s":{"weight":1.0,"played":[1.0,0.0,0.0],"evs":[0.0,-1.79827,-1.79528]},"65s":{"weight":1.0,"played":[1.0,0.0,0.0],"evs":[0.0,-0.95861,-0.91802]},"66":{"weight":1.0,"played":[0.0,0.2487,0.7513],"evs":[0.0,1.6604,1.64953]},"76o":{"weight":1.0,"played":[1.0,0.0,0.0],"evs":[0.0,-2.51188,-2.51358]},"86o":{"weight":1.0,"played":[1.0,0.0,0.0],"evs":[0.0,-2.95083,-2.94437]},"96o":{"weight":1.0,"played":[1.0,0.0,0.0],"evs":[0.0,-3.51066,-3.50195]},"T6o":{"weight":1.0,"played":[1.0,0.0,0.0],"evs":[0.0,-4.24889,-4.25227]},"J6o":{"weight":1.0,"played":[1.0,0.0,0.0],"evs":[0.0,-4.46883,-4.49326]},"Q6o":{"weight":1.0,"played":[1.0,0.0,0.0],"evs":[0.0,-4.08155,-4.12193]},"K6o":{"weight":1.0,"played":[1.0,0.0,0.0],"evs":[0.0,-3.73494,-3.7676]},"A6o":{"weight":1.0,"played":[1.0,0.0,0.0],"evs":[0.0,-4.85043,-4.83146]},"72s":{"weight":1.0,"played":[1.0,0.0,0.0],"evs":[0.0,-3.76101,-3.78423]},"73s":{"weight":1.0,"played":[1.0,0.0,0.0],"evs":[0.0,-3.17814,-3.16889]},"74s":{"weight":1.0,"played":[1.0,0.0,0.0],"evs":[0.0,-2.15881,-2.16004]},"75s":{"weight":1.0,"played":[1.0,0.0,0.0],"evs":[0.0,-1.31993,-1.33852]},"76s":{"weight":1.0,"played":[1.0,0.0,0.0],"evs":[0.0,-0.53301,-0.51209]},"77":{"weight":1.0,"played":[0.0,0.2335,0.7664],"evs":[0.0,2.51963,2.50433]},"87o":{"weight":1.0,"played":[1.0,0.0,0.0],"evs":[0.0,-2.40949,-2.42326]},"97o":{"weight":1.0,"played":[1.0,0.0,0.0],"evs":[0.0,-2.85549,-2.87525]},"T7o":{"weight":1.0,"played":[1.0,0.0,0.0],"evs":[0.0,-3.43336,-3.44133]},"J7o":{"weight":1.0,"played":[1.0,0.0,0.0],"evs":[0.0,-3.49661,-3.53438]},"Q7o":{"weight":1.0,"played":[1.0,0.0,0.0],"evs":[0.0,-3.91953,-3.94558]},"K7o":{"weight":1.0,"played":[1.0,0.0,0.0],"evs":[0.0,-3.45033,-3.50602]},"A7o":{"weight":1.0,"played":[1.0,0.0,0.0],"evs":[0.0,-4.39319,-4.38854]},"82s":{"weight":1.0,"played":[1.0,0.0,0.0],"evs":[0.0,-3.47256,-3.45808]},"83s":{"weight":1.0,"played":[1.0,0.0,0.0],"evs":[0.0,-3.50238,-3.53324]},"84s":{"weight":1.0,"played":[1.0,0.0,0.0],"evs":[0.0,-2.80017,-2.79479]},"85s":{"weight":1.0,"played":[1.0,0.0,0.0],"evs":[0.0,-1.84903,-1.88549]},"86s":{"weight":1.0,"played":[0.9997,1.0E-4,2.0E-4],"evs":[0.0,-0.91038,-0.91363]},"87s":{"weight":1.0,"played":[0.9968,0.0,0.0032],"evs":[0.0,-0.31282,-0.29885]},"88":{"weight":1.0,"played":[0.0,0.0292,0.9708],"evs":[0.0,3.57147,3.57257]},"98o":{"weight":1.0,"played":[1.0,0.0,0.0],"evs":[0.0,-2.31096,-2.32116]},"T8o":{"weight":1.0,"played":[1.0,0.0,0.0],"evs":[0.0,-2.74421,-2.75254]},"J8o":{"weight":1.0,"played":[1.0,0.0,0.0],"evs":[0.0,-2.76193,-2.8119]},"Q8o":{"weight":1.0,"played":[1.0,0.0,0.0],"evs":[0.0,-3.39474,-3.41556]},"K8o":{"weight":1.0,"played":[1.0,0.0,0.0],"evs":[0.0,-3.33673,-3.37102]},"A8o":{"weight":1.0,"played":[1.0,0.0,0.0],"evs":[0.0,-3.98751,-3.99239]},"92s":{"weight":1.0,"played":[1.0,0.0,0.0],"evs":[0.0,-3.41136,-3.40748]},"93s":{"weight":1.0,"played":[1.0,0.0,0.0],"evs":[0.0,-3.3046,-3.31711]},"94s":{"weight":1.0,"played":[1.0,0.0,0.0],"evs":[0.0,-3.23889,-3.26751]},"95s":{"weight":1.0,"played":[1.0,0.0,0.0],"evs":[0.0,-2.31602,-2.33709]},"96s":{"weight":1.0,"played":[1.0,0.0,0.0],"evs":[0.0,-1.56082,-1.54073]},"97s":{"weight":1.0,"played":[0.9994,0.0,6.0E-4],"evs":[0.0,-0.78934,-0.80702]},"98s":{"weight":1.0,"played":[0.9289,0.0606,0.0104],"evs":[0.0,-0.27702,-0.29475]},"99":{"weight":1.0,"played":[0.0,0.7084,0.2916],"evs":[0.0,5.02795,4.9965]},"T9o":{"weight":1.0,"played":[1.0,0.0,0.0],"evs":[0.0,-2.0937,-2.0986]},"J9o":{"weight":1.0,"played":[1.0,0.0,0.0],"evs":[0.0,-2.26701,-2.28769]},"Q9o":{"weight":1.0,"played":[1.0,0.0,0.0],"evs":[0.0,-2.72057,-2.76611]},"K9o":{"weight":1.0,"played":[1.0,0.0,0.0],"evs":[0.0,-2.85978,-2.89994]},"A9o":{"weight":1.0,"played":[1.0,0.0,0.0],