{"player":3,"street":0,"children":2,"sequence":[{"player":0,"type":"R","amount":1165000,"street":0},{"player":1,"type":"C","amount":1165000,"street":0},{"player":2,"type":"R","amount":1375000,"street":0}],"actions":[{"type":"F","amount":0,"node":746},{"type":"R","amount":1463000,"node":753}],"hands":{"22":{"weight":1.0,"played":[0.9737,0.0263],"evs":[0.0,-0.81822]},"32o":{"weight":1.0,"played":[1.0,0.0],"evs":[0.0,-5.83561]},"42o":{"weight":1.0,"played":[1.0,0.0],"evs":[0.0,-5.04597]},"52o":{"weight":1.0,"played":[1.0,0.0],"evs":[0.0,-5.18251]},"62o":{"weight":1.0,"played":[1.0,0.0],"evs":[0.0,-6.16489]},"72o":{"weight":1.0,"played":[1.0,0.0],"evs":[0.0,-6.25864]},"82o":{"weight":1.0,"played":[1.0,0.0],"evs":[0.0,-5.65755]},"92o":{"weight":1.0,"played":[1.0,0.0],"evs":[0.0,-5.92681]},"T2o":{"weight":1.0,"played":[1.0,0.0],"evs":[0.0,-6.61063]},"J2o":{"weight":1.0,"played":[1.0,0.0],"evs":[0.0,-6.54208]},"Q2o":{"weight":1.0,"played":[1.0,0.0],"evs":[0.0,-5.60119]},"K2o":{"weight":1.0,"played":[1.0,0.0],"evs":[0.0,-5.48642]},"A2o":{"weight":1.0,"played":[0.9999,1.0E-4],"evs":[0.0,-6.19574]},"32s":{"weight":1.0,"played":[1.0,0.0],"evs":[0.0,-3.61288]},"33":{"weight":1.0,"played":[0.9963,0.0037],"evs":[0.0,-0.91606]},"43o":{"weight":1.0,"played":[1.0,0.0],"evs":[0.0,-4.24129]},"53o":{"weight":1.0,"played":[1.0,0.0],"evs":[0.0,-3.4683]},"63o":{"weight":1.0,"played":[1.0,0.0],"evs":[0.0,-4.70694]},"73o":{"weight":1.0,"played":[1.0,0.0],"evs":[0.0,-4.98605]},"83o":{"weight":1.0,"played":[1.0,0.0],"evs":[0.0,-6.06765]},"93o":{"weight":1.0,"played":[1.0,0.0],"evs":[0.0,-5.66125]},"T3o":{"weight":1.0,"played":[1.0,0.0],"evs":[0.0,-6.38733]},"J3o":{"weight":1.0,"played":[1.0,0.0],"evs":[0.0,-6.09769]},"Q3o":{"weight":1.0,"played":[1.0,0.0],"evs":[0.0,-5.51697]},"K3o":{"weight":1.0,"played":[1.0,0.0],"evs":[0.0,-5.16493]},"A3o":{"weight":1.0,"played":[1.0,0.0],"evs":[0.0,-5.66868]},"42s":{"weight":1.0,"played":[0.9997,3.0E-4],"evs":[0.0,-3.21097]},"43s":{"weight":1.0,"played":[0.9966,0.0034],"evs":[0.0,-1.74589]},"44":{"weight":1.0,"played":[0.5182,0.4818],"evs":[0.0,-0.07636]},"54o":{"weight":1.0,"played":[0.9999,1.0E-4],"evs":[0.0,-2.87222]},"64o":{"weight":1.0,"played":[0.9999,1.0E-4],"evs":[0.0,-3.46838]},"74o":{"weight":1.0,"played":[1.0,0.0],"evs":[0.0,-4.11385]},"84o":{"weight":1.0,"played":[0.9999,1.0E-4],"evs":[0.0,-4.58266]},"94o":{"weight":1.0,"played":[1.0,0.0],"evs":[0.0,-5.78802]},"T4o":{"weight":1.0,"played":[1.0,0.0],"evs":[0.0,-5.42486]},"J4o":{"weight":1.0,"played":[1.0,0.0],"evs":[0.0,-5.66436]},"Q4o":{"weight":1.0,"played":[1.0,0.0],"evs":[0.0,-5.40019]},"K4o":{"weight":1.0,"played":[1.0,0.0],"evs":[0.0,-4.58864]},"A4o":{"weight":1.0,"played":[0.9995,5.0E-4],"evs":[0.0,-5.07701]},"52s":{"weight":1.0,"played":[0.9999,1.0E-4],"evs":[0.0,-2.90308]},"53s":{"weight":1.0,"played":[0.9784,0.0216],"evs":[0.0,-1.07255]},"54s":{"weight":1.0,"played":[0.8306,0.1694],"evs":[0.0,-1.10304]},"55":{"weight":1.0,"played":[0.3296,0.6704],"evs":[0.0,0.3594]},"65o":{"weight":1.0,"played":[0.9972,0.0028],"evs":[0.0,-2.31143]},"75o":{"weight":1.0,"played":[0.9997,3.0E-4],"evs":[0.0,-3.14158]},"85o":{"weight":1.0,"played":[1.0,0.0],"evs":[0.0,-3.7425]},"95o":{"weight":1.0,"played":[1.0,0.0],"evs":[0.0,-4.74576]},"T5o":{"weight":1.0,"played":[1.0,0.0],"evs":[0.0,-6.05719]},"J5o":{"weight":1.0,"played":[1.0,0.0],"evs":[0.0,-5.22373]},"Q5o":{"weight":1.0,"played":[1.0,0.0],"evs":[0.0,-4.56743]},"K5o":{"weight":1.0,"played":[0.9999,1.0E-4],"evs":[0.0,-4.54962]},"A5o":{"weight":1.0,"played":[0.9994,6.0E-4],"evs":[0.0,-5.17873]},"62s":{"weight":1.0,"played":[0.9975,0.0025],"evs":[0.0,-3.44429]},"63s":{"weight":1.0,"played":[0.9997,3.0E-4],"evs":[0.0,-1.73496]},"64s":{"weight":1.0,"played":[0.8636,0.1364],"evs":[0.0,-0.48341]},"65s":{"weight":1.0,"played":[0.004,0.996],"evs":[0.0,0.83676]},"66":{"weight":1.0,"played":[0.0,1.0],"evs":[0.0,2.43349]},"76o":{"weight":1.0,"played":[0.9974,0.0026],"evs":[0.0,-2.01629]},"86o":{"weight":1.0,"played":[0.9994,6.0E-4],"evs":[0.0,-2.37128]},"96o":{"weight":1.0,"played":[0.9999,1.0E-4],"evs":[0.0,-3.3517]},"T6o":{"weight":1.0,"played":[0.9999,1.0E-4],"evs":[0.0,-4.91314]},"J6o":{"weight":1.0,"played":[1.0,0.0],"evs":[0.0,-5.02822]},"Q6o":{"weight":1.0,"played":[1.0,0.0],"evs":[0.0,-4.73452]},"K6o":{"weight":1.0,"played":[1.0,0.0],"evs":[0.0,-3.96383]},"A6o":{"weight":1.0,"played":[1.0,0.0],"evs":[0.0,-5.96725]},"72s":{"weight":1.0,"played":[1.0,0.0],"evs":[0.0,-3.57102]},"73s":{"weight":1.0,"played":[1.0,0.0],"evs":[0.0,-2.22672]},"74s":{"weight":1.0,"played":[0.9901,0.0099],"evs":[0.0,-1.55127]},"75s":{"weight":1.0,"played":[0.9104,0.0896],"evs":[0.0,-0.0423]},"76s":{"weight":1.0,"played":[0.4467,0.5533],"evs":[0.0,0.57452]},"77":{"weight":1.0,"played":[0.0,1.0],"evs":[0.0,2.94652]},"87o":{"weight":1.0,"played":[0.9994,6.0E-4],"evs":[0.0,-1.50487]},"97o":{"weight":1.0,"played":[1.0,0.0],"evs":[0.0,-2.09196]},"T7o":{"weight":1.0,"played":[1.0,0.0],"evs":[0.0,-3.24249]},"J7o":{"weight":1.0,"played":[1.0,0.0],"evs":[0.0,-3.99589]},"Q7o":{"weight":1.0,"played":[1.0,0.0],"evs":[0.0,-3.92074]},"K7o":{"weight":1.0,"played":[0.9999,1.0E-4],"evs":[0.0,-3.67801]},"A7o":{"weight":1.0,"played":[0.9999,1.0E-4],"evs":[0.0,-5.66244]},"82s":{"weight":1.0,"played":[0.9993,7.0E-4],"evs":[0.0,-3.63255]},"83s":{"weight":1.0,"played":[0.9998,2.0E-4],"evs":[0.0,-2.8909]},"84s":{"weight":1.0,"played":[0.9997,3.0E-4],"evs":[0.0,-2.1166]},"85s":{"weight":1.0,"played":[0.9344,0.0656],"evs":[0.0,-1.53507]},"86s":{"weight":1.0,"played":[0.6642,0.3358],"evs":[0.0,-0.0605]},"87s":{"weight":1.0,"played":[0.6034,0.3966],"evs":[0.0,0.66546]},"88":{"weight":1.0,"played":[0.0,1.0],"evs":[0.0,5.32608]},"98o":{"weight":1.0,"played":[0.9988,0.0012],"evs":[0.0,-1.73012]},"T8o":{"weight":1.0,"played":[0.9993,7.0E-4],"evs":[0.0,-2.49799]},"J8o":{"weight":1.0,"played":[1.0,0.0],"evs":[0.0,-2.77692]},"Q8o":{"weight":1.0,"played":[0.9997,3.0E-4],"evs":[0.0,-3.72654]},"K8o":{"weight":1.0,"played":[1.0,0.0],"evs":[0.0,-3.95588]},"A8o":{"weight":1.0,"played":[0.9998,2.0E-4],"evs":[0.0,-5.13327]},"92s":{"weight":1.0,"played":[0.9979,0.0021],"evs":[0.0,-3.59702]},"93s":{"weight":1.0,"played":[0.9935,0.0065],"evs":[0.0,-2.87835]},"94s":{"weight":1.0,"played":[0.9999,1.0E-4],"evs":[0.0,-2.68276]},"95s":{"weight":1.0,"played":[0.9986,0.0014],"evs":[0.0,-2.78514]},"96s":{"weight":1.0,"played":[0.939,0.061],"evs":[0.0,-0.32223]},"97s":{"weight":1.0,"played":[0.5384,0.4616],"evs":[0.0,-0.02665]},"98s":{"weight":1.0,"played":[0.3771,0.6229],"evs":[0.0,0.34205]},"99":{"weight":1.0,"played":[0.0,1.0],"evs":[0.0,7.22449]},"T9o":{"weight":1.0,"played":[0.9954,0.0046],"evs":[0.0,-1.58503]},"J9o":{"weight":1.0,"played":[1.0,0.0],"evs":[0.0,-1.91839]},"Q9o":{"weight":1.0,"played":[0.9987,0.0013],"evs":[0.0,-2.34069]},"K9o":{"weight":1.0,"played":[0.9995,5.0E-4],"evs":[0.0,-2.08908]},"A9o":{"weight":1.0,"played":[0.9995,5.0E-4],"evs":[0.0,-4.11831]},"T2s":{"weight":1.0,"played":[0.9944,0.0056],"evs":[0.0,-4.3597]},"T3s":{"weight":1.0,"played":[1.0,0.0],"evs":[0.0,-2.62327]},"T4s":{"weight":1.0,"played":[0.9997,3.0E-4],"evs":[0.0,-3.25952]},"T5s":{"weight":1.0,"played":[1.0,0.0],"evs":[0.0,-2.62387]},"T6s":{"weight":1.0,"played":[0.9879,0.0121],"evs":[0.0,-1.7125]},"T7s":{"weight":1.0,"played":[0.9986,0.0014],"evs":[0.0,-0.39138]},"T8s":{"weight":1.0,"played":[0.2089,0.7911],"evs":[0.0,1.13904]},"T9s":{"weight":1.0,"played":[0.6353,0.3647],"evs":[0.0,0.68017]},"TT":{"weight":1.0,"played":[0.0,1.0],"evs":[0.0,9.10629]},"JTo":{"weight":1.0,"played":[0.9997,3.0E-4],"evs":[0.0,-1.26558]},"QTo":{"weight":1.0,"played":[0.993,0.007],"evs":[0.0,-1.6888]},"KTo":{"weight":1.0,"played":[0.9992,8.0E-4],"evs":[0.0,-1.79426]},"ATo":{"weight":1.0,"played":[0.9945,0.0055],"evs":[0.0,-3.66715]},"J2s":{"weight":1.0,"played":[1.0,0.0],"evs":[0.0,-2.94335]},"J3s":{"weight":1.0,"played":[1.0,0.0],"evs":[0.0,-3.20527]},"J4s":{"weight":1.0,"played":[0.9985,0.0015],"evs":[0.0,-1.9593]},"J5s":{"weight":1.0,