{"player":0,"street":0,"children":3,"sequence":[],"actions":[{"type":"F","amount":0,"node":1},{"type":"R","amount":200000,"node":198},{"type":"R","amount":2785000}],"hands":{"22":{"weight":1.0,"played":[0.0,0.9999,0.0],"evs":[0.0,0.16172,-0.01424]},"32o":{"weight":1.0,"played":[1.0,0.0,0.0],"evs":[0.0,-0.55521,-2.11448]},"42o":{"weight":1.0,"played":[1.0,0.0,0.0],"evs":[0.0,-0.5262,-2.02386]},"52o":{"weight":1.0,"played":[1.0,0.0,0.0],"evs":[0.0,-0.49811,-1.8781]},"62o":{"weight":1.0,"played":[1.0,0.0,0.0],"evs":[0.0,-0.54319,-2.02848]},"72o":{"weight":1.0,"played":[1.0,0.0,0.0],"evs":[0.0,-0.57561,-2.15658]},"82o":{"weight":1.0,"played":[1.0,0.0,0.0],"evs":[0.0,-0.55713,-1.99508]},"92o":{"weight":1.0,"played":[1.0,0.0,0.0],"evs":[0.0,-0.54463,-1.90061]},"T2o":{"weight":1.0,"played":[1.0,0.0,0.0],"evs":[0.0,-0.52862,-1.80155]},"J2o":{"weight":1.0,"played":[1.0,0.0,0.0],"evs":[0.0,-0.50548,-1.66916]},"Q2o":{"weight":1.0,"played":[1.0,0.0,0.0],"evs":[0.0,-0.45716,-1.47485]},"K2o":{"weight":1.0,"played":[1.0,0.0,0.0],"evs":[0.0,-0.40422,-1.2446]},"A2o":{"weight":1.0,"played":[1.0,0.0,0.0],"evs":[0.0,-0.16136,-0.50442]},"32s":{"weight":1.0,"played":[1.0,0.0,0.0],"evs":[0.0,-0.36753,-1.407]},"33":{"weight":1.0,"played":[0.0,1.0,0.0],"evs":[0.0,0.26973,0.10303]},"43o":{"weight":1.0,"played":[1.0,0.0,0.0],"evs":[0.0,-0.45711,-1.75796]},"53o":{"weight":1.0,"played":[1.0,0.0,0.0],"evs":[0.0,-0.42036,-1.60069]},"63o":{"weight":1.0,"played":[1.0,0.0,0.0],"evs":[0.0,-0.46445,-1.75174]},"73o":{"weight":1.0,"played":[1.0,0.0,0.0],"evs":[0.0,-0.51068,-1.88377]},"83o":{"weight":1.0,"played":[1.0,0.0,0.0],"evs":[0.0,-0.53511,-1.98013]},"93o":{"weight":1.0,"played":[1.0,0.0,0.0],"evs":[0.0,-0.51996,-1.82723]},"T3o":{"weight":1.0,"played":[1.0,0.0,0.0],"evs":[0.0,-0.50135,-1.73649]},"J3o":{"weight":1.0,"played":[1.0,0.0,0.0],"evs":[0.0,-0.47534,-1.59635]},"Q3o":{"weight":1.0,"played":[1.0,0.0,0.0],"evs":[0.0,-0.42605,-1.39629]},"K3o":{"weight":1.0,"played":[1.0,0.0,0.0],"evs":[0.0,-0.36695,-1.17229]},"A3o":{"weight":1.0,"played":[1.0,0.0,0.0],"evs":[0.0,-0.09509,-0.4344]},"42s":{"weight":1.0,"played":[1.0,0.0,0.0],"evs":[0.0,-0.32975,-1.31951]},"43s":{"weight":1.0,"played":[1.0,0.0,0.0],"evs":[0.0,-0.2321,-1.06718]},"44":{"weight":1.0,"played":[0.0,1.0,0.0],"evs":[0.0,0.42422,0.23768]},"54o":{"weight":1.0,"played":[1.0,0.0,0.0],"evs":[0.0,-0.32865,-1.33533]},"64o":{"weight":1.0,"played":[1.0,0.0,0.0],"evs":[0.0,-0.38185,-1.4761]},"74o":{"weight":1.0,"played":[1.0,0.0,0.0],"evs":[0.0,-0.43271,-1.60891]},"84o":{"weight":1.0,"played":[1.0,0.0,0.0],"evs":[0.0,-0.47044,-1.71064]},"94o":{"weight":1.0,"played":[1.0,0.0,0.0],"evs":[0.0,-0.49566,-1.80472]},"T4o":{"weight":1.0,"played":[1.0,0.0,0.0],"evs":[0.0,-0.47298,-1.65785]},"J4o":{"weight":1.0,"played":[1.0,0.0,0.0],"evs":[0.0,-0.44787,-1.52369]},"Q4o":{"weight":1.0,"played":[1.0,0.0,0.0],"evs":[0.0,-0.38918,-1.32606]},"K4o":{"weight":1.0,"played":[1.0,0.0,0.0],"evs":[0.0,-0.32505,-1.09715]},"A4o":{"weight":1.0,"played":[1.0,0.0,0.0],"evs":[0.0,-0.04736,-0.37106]},"52s":{"weight":1.0,"played":[1.0,0.0,0.0],"evs":[0.0,-0.2897,-1.18712]},"53s":{"weight":1.0,"played":[1.0,0.0,0.0],"evs":[0.0,-0.17488,-0.9379]},"54s":{"weight":1.0,"played":[1.0,0.0,0.0],"evs":[0.0,-0.04971,-0.67097]},"55":{"weight":1.0,"played":[0.0,1.0,0.0],"evs":[0.0,0.74032,0.54691]},"65o":{"weight":1.0,"played":[1.0,0.0,0.0],"evs":[0.0,-0.27475,-1.17318]},"75o":{"weight":1.0,"played":[1.0,0.0,0.0],"evs":[0.0,-0.3314,-1.29679]},"85o":{"weight":1.0,"played":[1.0,0.0,0.0],"evs":[0.0,-0.38079,-1.39708]},"95o":{"weight":1.0,"played":[1.0,0.0,0.0],"evs":[0.0,-0.42232,-1.49577]},"T5o":{"weight":1.0,"played":[1.0,0.0,0.0],"evs":[0.0,-0.44169,-1.59279]},"J5o":{"weight":1.0,"played":[1.0,0.0,0.0],"evs":[0.0,-0.41461,-1.40182]},"Q5o":{"weight":1.0,"played":[1.0,0.0,0.0],"evs":[0.0,-0.34694,-1.20882]},"K5o":{"weight":1.0,"played":[1.0,0.0,0.0],"evs":[0.0,-0.28014,-0.98322]},"A5o":{"weight":1.0,"played":[0.0017,0.9983,0.0],"evs":[0.0,0.01884,-0.25699]},"62s":{"weight":1.0,"played":[1.0,0.0,0.0],"evs":[0.0,-0.34399,-1.31502]},"63s":{"weight":1.0,"played":[1.0,0.0,0.0],"evs":[0.0,-0.23774,-1.06262]},"64s":{"weight":1.0,"played":[1.0,0.0,0.0],"evs":[0.0,-0.11387,-0.80425]},"65s":{"weight":1.0,"played":[0.0177,0.9823,0.0],"evs":[0.0,0.02094,-0.5273]},"66":{"weight":1.0,"played":[0.0,1.0,0.0],"evs":[0.0,1.10804,0.97411]},"76o":{"weight":1.0,"played":[1.0,0.0,0.0],"evs":[0.0,-0.24462,-1.00601]},"86o":{"weight":1.0,"played":[1.0,0.0,0.0],"evs":[0.0,-0.29025,-1.10067]},"96o":{"weight":1.0,"played":[1.0,0.0,0.0],"evs":[0.0,-0.3361,-1.19209]},"T6o":{"weight":1.0,"played":[1.0,0.0,0.0],"evs":[0.0,-0.37752,-1.29619]},"J6o":{"weight":1.0,"played":[1.0,0.0,0.0],"evs":[0.0,-0.39916,-1.33807]},"Q6o":{"weight":1.0,"played":[1.0,0.0,0.0],"evs":[0.0,-0.31813,-1.10096]},"K6o":{"weight":1.0,"played":[1.0,0.0,0.0],"evs":[0.0,-0.25015,-0.87516]},"A6o":{"weight":1.0,"played":[1.0,0.0,0.0],"evs":[0.0,-0.03771,-0.35685]},"72s":{"weight":1.0,"played":[1.0,0.0,0.0],"evs":[0.0,-0.40174,-1.4497]},"73s":{"weight":1.0,"played":[1.0,0.0,0.0],"evs":[0.0,-0.30262,-1.18775]},"74s":{"weight":1.0,"played":[1.0,0.0,0.0],"evs":[0.0,-0.1945,-0.93415]},"75s":{"weight":1.0,"played":[1.0,0.0,0.0],"evs":[0.0,-0.05961,-0.63546]},"76s":{"weight":1.0,"played":[1.0E-4,0.9999,0.0],"evs":[0.0,0.06335,-0.36818]},"77":{"weight":1.0,"played":[0.0,1.0,0.0],"evs":[0.0,1.49961,1.43592]},"87o":{"weight":1.0,"played":[1.0,0.0,0.0],"evs":[0.0,-0.22029,-0.8537]},"97o":{"weight":1.0,"played":[1.0,0.0,0.0],"evs":[0.0,-0.2498,-0.9287]},"T7o":{"weight":1.0,"played":[1.0,0.0,0.0],"evs":[0.0,-0.28018,-1.00784]},"J7o":{"weight":1.0,"played":[1.0,0.0,0.0],"evs":[0.0,-0.31642,-1.06321]},"Q7o":{"weight":1.0,"played":[1.0,0.0,0.0],"evs":[0.0,-0.29838,-1.05134]},"K7o":{"weight":1.0,"played":[1.0,0.0,0.0],"evs":[0.0,-0.2186,-0.78899]},"A7o":{"weight":1.0,"played":[0.0,1.0,0.0],"evs":[0.0,0.04456,-0.20521]},"82s":{"weight":1.0,"played":[1.0,0.0,0.0],"evs":[0.0,-0.37353,-1.29687]},"83s":{"weight":1.0,"played":[1.0,0.0,0.0],"evs":[0.0,-0.34663,-1.28128]},"84s":{"weight":1.0,"played":[1.0,0.0,0.0],"evs":[0.0,-0.25072,-1.02513]},"85s":{"weight":1.0,"played":[1.0,0.0,0.0],"evs":[0.0,-0.12879,-0.73619]},"86s":{"weight":1.0,"played":[0.2311,0.7689,0.0],"evs":[0.0,4.4E-4,-0.45052]},"87s":{"weight":1.0,"played":[1.0E-4,0.9999,0.0],"evs":[0.0,0.10628,-0.22364]},"88":{"weight":1.0,"played":[0.0,0.9998,2.0E-4],"evs":[0.0,1.97917,1.94304]},"98o":{"weight":1.0,"played":[1.0,0.0,0.0],"evs":[0.0,-0.16283,-0.68501]},"T8o":{"weight":1.0,"played":[1.0,0.0,0.0],"evs":[0.0,-0.18446,-0.72854]},"J8o":{"weight":1.0,"played":[1.0,0.0,0.0],"evs":[0.0,-0.2262,-0.79389]},"Q8o":{"weight":1.0,"played":[1.0,0.0,0.0],"evs":[0.0,-0.21127,-0.78502]},"K8o":{"weight":1.0,"played":[1.0,0.0,0.0],"evs":[0.0,-0.18501,-0.72133]},"A8o":{"weight":1.0,"played":[0.0,1.0,0.0],"evs":[0.0,0.17115,-0.06404]},"92s":{"weight":1.0,"played":[1.0,0.0,0.0],"evs":[0.0,-0.33472,-1.1976]},"93s":{"weight":1.0,"played":[1.0,0.0,0.0],"evs":[0.0,-0.30294,-1.12563]},"94s":{"weight":1.0,"played":[1.0,0.0,0.0],"evs":[0.0,-0.27973,-1.1074]},"95s":{"weight":1.0,"played":[1.0,0.0,0.0],"evs":[0.0,-0.18104,-0.83461]},"96s":{"weight":1.0,"played":[1.0,0.0,0.0],"evs":[0.0,-0.04773,-0.54118]},"97s":{"weight":1.0,"played":[2.0E-4,0.9998,0.0],"evs":[0.0,0.05949,-0.28196]},"98s":{"weight":1.0,"played":[0.0,1.0,0.0],"evs":[0.0,0.18352,-0.06393]},"99":{"weight":1.0,"played":[0.0,1.0,0.0],"evs":[0.0,2.54829,2.49958]},"T9o":{"weight":1.0,"played":[1.0,0.0,0.0],"evs":[0.0,-0.05496,-0.46554]},"J9o":{"weight":1.0,"played":[1.0,0.0,0.0],"evs":[0.0,-0.09384,-0.51972]},"Q9o":{"weight":1.0,"played":[1.0,0.0,0.0],"evs":[0.0,-0.07775,-0.51745]},"K9o":{"weight":1.0,"played":[1.0,0.0,0.0],"evs":[0.0,-0.06599,-0.46337]},"A9o":{"weight":1.0,"played":[0.0,1.0,0.0],"evs":[0.0,0.38371,0.12125]},"T2s":{"weight":1.0,"played":[1.0,0.0,0.0],"evs":[0.0,-0.30596,-1.11278]},"T3s":{"weight":1.0,"played":[1.0,0.0,0.0],