{"player":2,"street":0,"children":3,"sequence":[{"player":0,"type":"R","amount":1045000,"street":0},{"player":1,"type":"C","amount":1045000,"street":0}],"actions":[{"type":"F","amount":0,"node":251},{"type":"C","amount":1045000},{"type":"R","amount":1725000,"node":271}],"hands":{"22":{"weight":1.0,"played":[1.0,0.0,0.0],"evs":[0.0,-3.53644,-3.76964]},"32o":{"weight":1.0,"played":[1.0,0.0,0.0],"evs":[0.0,-6.27154,-8.26097]},"42o":{"weight":1.0,"played":[1.0,0.0,0.0],"evs":[0.0,-5.97498,-7.80171]},"52o":{"weight":1.0,"played":[1.0,0.0,0.0],"evs":[0.0,-5.69831,-7.39958]},"62o":{"weight":1.0,"played":[1.0,0.0,0.0],"evs":[0.0,-5.99219,-7.78679]},"72o":{"weight":1.0,"played":[1.0,0.0,0.0],"evs":[0.0,-6.43646,-8.37716]},"82o":{"weight":1.0,"played":[1.0,0.0,0.0],"evs":[0.0,-6.27671,-8.06198]},"92o":{"weight":1.0,"played":[1.0,0.0,0.0],"evs":[0.0,-6.41173,-8.19288]},"T2o":{"weight":1.0,"played":[1.0,0.0,0.0],"evs":[0.0,-6.45112,-8.10897]},"J2o":{"weight":1.0,"played":[1.0,0.0,0.0],"evs":[0.0,-6.32709,-7.97598]},"Q2o":{"weight":1.0,"played":[1.0,0.0,0.0],"evs":[0.0,-6.19365,-7.69835]},"K2o":{"weight":1.0,"played":[1.0,0.0,0.0],"evs":[0.0,-5.90216,-7.15434]},"A2o":{"weight":1.0,"played":[1.0,0.0,0.0],"evs":[0.0,-5.13302,-5.69602]},"32s":{"weight":1.0,"played":[1.0,0.0,0.0],"evs":[0.0,-4.63304,-6.18659]},"33":{"weight":1.0,"played":[1.0,0.0,0.0],"evs":[0.0,-2.97331,-3.16577]},"43o":{"weight":1.0,"played":[1.0,0.0,0.0],"evs":[0.0,-5.31947,-6.98585]},"53o":{"weight":1.0,"played":[1.0,0.0,0.0],"evs":[0.0,-4.85478,-6.38515]},"63o":{"weight":1.0,"played":[1.0,0.0,0.0],"evs":[0.0,-5.31684,-7.01928]},"73o":{"weight":1.0,"played":[1.0,0.0,0.0],"evs":[0.0,-5.87621,-7.63191]},"83o":{"weight":1.0,"played":[1.0,0.0,0.0],"evs":[0.0,-6.31891,-8.13441]},"93o":{"weight":1.0,"played":[1.0,0.0,0.0],"evs":[0.0,-6.22276,-7.92578]},"T3o":{"weight":1.0,"played":[1.0,0.0,0.0],"evs":[0.0,-6.37592,-8.00179]},"J3o":{"weight":1.0,"played":[1.0,0.0,0.0],"evs":[0.0,-6.23544,-7.82857]},"Q3o":{"weight":1.0,"played":[1.0,0.0,0.0],"evs":[0.0,-5.99236,-7.36797]},"K3o":{"weight":1.0,"played":[1.0,0.0,0.0],"evs":[0.0,-5.81364,-6.94179]},"A3o":{"weight":1.0,"played":[1.0,0.0,0.0],"evs":[0.0,-4.94727,-5.53966]},"42s":{"weight":1.0,"played":[1.0,0.0,0.0],"evs":[0.0,-4.42916,-5.79301]},"43s":{"weight":1.0,"played":[1.0,0.0,0.0],"evs":[0.0,-3.62638,-4.88916]},"44":{"weight":1.0,"played":[0.9998,0.0,2.0E-4],"evs":[0.0,-1.992,-2.00304]},"54o":{"weight":1.0,"played":[1.0,0.0,0.0],"evs":[0.0,-4.14613,-5.42303]},"64o":{"weight":1.0,"played":[1.0,0.0,0.0],"evs":[0.0,-4.41979,-5.87654]},"74o":{"weight":1.0,"played":[1.0,0.0,0.0],"evs":[0.0,-4.88983,-6.37674]},"84o":{"weight":1.0,"played":[1.0,0.0,0.0],"evs":[0.0,-5.51286,-7.05559]},"94o":{"weight":1.0,"played":[1.0,0.0,0.0],"evs":[0.0,-6.1418,-7.71939]},"T4o":{"weight":1.0,"played":[1.0,0.0,0.0],"evs":[0.0,-6.11475,-7.63732]},"J4o":{"weight":1.0,"played":[1.0,0.0,0.0],"evs":[0.0,-5.94537,-7.38483]},"Q4o":{"weight":1.0,"played":[1.0,0.0,0.0],"evs":[0.0,-5.74105,-6.97021]},"K4o":{"weight":1.0,"played":[1.0,0.0,0.0],"evs":[0.0,-5.43938,-6.47816]},"A4o":{"weight":1.0,"played":[1.0,0.0,0.0],"evs":[0.0,-4.56414,-4.9901]},"52s":{"weight":1.0,"played":[1.0,0.0,0.0],"evs":[0.0,-4.15387,-5.4443]},"53s":{"weight":1.0,"played":[1.0,0.0,0.0],"evs":[0.0,-3.15925,-4.36625]},"54s":{"weight":1.0,"played":[1.0,0.0,0.0],"evs":[0.0,-2.49861,-3.46803]},"55":{"weight":1.0,"played":[0.9999,0.0,1.0E-4],"evs":[0.0,-0.63008,-0.5541]},"65o":{"weight":1.0,"played":[1.0,0.0,0.0],"evs":[0.0,-3.61171,-4.85493]},"75o":{"weight":1.0,"played":[1.0,0.0,0.0],"evs":[0.0,-4.08835,-5.35523]},"85o":{"weight":1.0,"played":[1.0,0.0,0.0],"evs":[0.0,-4.69328,-6.03566]},"95o":{"weight":1.0,"played":[1.0,0.0,0.0],"evs":[0.0,-5.18746,-6.5425]},"T5o":{"weight":1.0,"played":[1.0,0.0,0.0],"evs":[0.0,-5.84425,-7.18172]},"J5o":{"weight":1.0,"played":[1.0,0.0,0.0],"evs":[0.0,-5.58796,-6.86618]},"Q5o":{"weight":1.0,"played":[1.0,0.0,0.0],"evs":[0.0,-5.34235,-6.47984]},"K5o":{"weight":1.0,"played":[1.0,0.0,0.0],"evs":[0.0,-5.05732,-5.95066]},"A5o":{"weight":1.0,"played":[1.0,0.0,0.0],"evs":[0.0,-4.05835,-4.3409]},"62s":{"weight":1.0,"played":[1.0,0.0,0.0],"evs":[0.0,-4.29068,-5.6809]},"63s":{"weight":1.0,"played":[1.0,0.0,0.0],"evs":[0.0,-3.48267,-4.76124]},"64s":{"weight":1.0,"played":[1.0,0.0,0.0],"evs":[0.0,-2.93264,-3.99324]},"65s":{"weight":1.0,"played":[1.0,0.0,0.0],"evs":[0.0,-2.14065,-3.18722]},"66":{"weight":1.0,"played":[0.0086,0.0154,0.976],"evs":[0.0,0.23514,0.26608]},"76o":{"weight":1.0,"played":[1.0,0.0,0.0],"evs":[0.0,-3.43542,-4.56978]},"86o":{"weight":1.0,"played":[1.0,0.0,0.0],"evs":[0.0,-3.9056,-5.12199]},"96o":{"weight":1.0,"played":[1.0,0.0,0.0],"evs":[0.0,-4.29387,-5.56636]},"T6o":{"weight":1.0,"played":[1.0,0.0,0.0],"evs":[0.0,-5.00192,-6.22268]},"J6o":{"weight":1.0,"played":[1.0,0.0,0.0],"evs":[0.0,-5.30533,-6.60721]},"Q6o":{"weight":1.0,"played":[1.0,0.0,0.0],"evs":[0.0,-4.98651,-6.05313]},"K6o":{"weight":1.0,"played":[1.0,0.0,0.0],"evs":[0.0,-4.68331,-5.44729]},"A6o":{"weight":1.0,"played":[1.0,0.0,0.0],"evs":[0.0,-4.461,-4.82407]},"72s":{"weight":1.0,"played":[1.0,0.0,0.0],"evs":[0.0,-4.7903,-6.23469]},"73s":{"weight":1.0,"played":[1.0,0.0,0.0],"evs":[0.0,-4.09422,-5.37781]},"74s":{"weight":1.0,"played":[1.0,0.0,0.0],"evs":[0.0,-3.22739,-4.31001]},"75s":{"weight":1.0,"played":[1.0,0.0,0.0],"evs":[0.0,-2.58581,-3.52432]},"76s":{"weight":1.0,"played":[1.0,0.0,0.0],"evs":[0.0,-1.98448,-2.82271]},"77":{"weight":1.0,"played":[0.0,0.0551,0.9449],"evs":[0.0,0.94263,0.9612]},"87o":{"weight":1.0,"played":[1.0,0.0,0.0],"evs":[0.0,-3.44239,-4.58545]},"97o":{"weight":1.0,"played":[1.0,0.0,0.0],"evs":[0.0,-3.8867,-5.05768]},"T7o":{"weight":1.0,"played":[1.0,0.0,0.0],"evs":[0.0,-4.41647,-5.53453]},"J7o":{"weight":1.0,"played":[1.0,0.0,0.0],"evs":[0.0,-4.8218,-5.98805]},"Q7o":{"weight":1.0,"played":[1.0,0.0,0.0],"evs":[0.0,-5.15852,-6.30469]},"K7o":{"weight":1.0,"played":[1.0,0.0,0.0],"evs":[0.0,-4.76116,-5.56995]},"A7o":{"weight":1.0,"played":[1.0,0.0,0.0],"evs":[0.0,-4.15187,-4.45868]},"82s":{"weight":1.0,"played":[1.0,0.0,0.0],"evs":[0.0,-4.64893,-6.08162]},"83s":{"weight":1.0,"played":[1.0,0.0,0.0],"evs":[0.0,-4.67222,-5.99629]},"84s":{"weight":1.0,"played":[1.0,0.0,0.0],"evs":[0.0,-3.90489,-5.10737]},"85s":{"weight":1.0,"played":[1.0,0.0,0.0],"evs":[0.0,-3.04502,-4.00961]},"86s":{"weight":1.0,"played":[1.0,0.0,0.0],"evs":[0.0,-2.23954,-3.13415]},"87s":{"weight":1.0,"played":[1.0,0.0,0.0],"evs":[0.0,-1.85941,-2.674]},"88":{"weight":1.0,"played":[0.0,0.2585,0.7415],"evs":[0.0,2.04608,2.08726]},"98o":{"weight":1.0,"played":[1.0,0.0,0.0],"evs":[0.0,-3.59806,-4.61667]},"T8o":{"weight":1.0,"played":[1.0,0.0,0.0],"evs":[0.0,-3.8993,-4.90558]},"J8o":{"weight":1.0,"played":[1.0,0.0,0.0],"evs":[0.0,-4.2873,-5.25963]},"Q8o":{"weight":1.0,"played":[1.0,0.0,0.0],"evs":[0.0,-4.6187,-5.53527]},"K8o":{"weight":1.0,"played":[1.0,0.0,0.0],"evs":[0.0,-4.72982,-5.54661]},"A8o":{"weight":1.0,"played":[1.0,0.0,0.0],"evs":[0.0,-3.80224,-3.99518]},"92s":{"weight":1.0,"played":[1.0,0.0,0.0],"evs":[0.0,-4.58661,-5.90958]},"93s":{"weight":1.0,"played":[1.0,0.0,0.0],"evs":[0.0,-4.45424,-5.77059]},"94s":{"weight":1.0,"played":[1.0,0.0,0.0],"evs":[0.0,-4.43258,-5.7431]},"95s":{"weight":1.0,"played":[1.0,0.0,0.0],"evs":[0.0,-3.64301,-4.65302]},"96s":{"weight":1.0,"played":[1.0,0.0,0.0],"evs":[0.0,-2.55963,-3.39745]},"97s":{"weight":1.0,"played":[1.0,0.0,0.0],"evs":[0.0,-2.03564,-2.95758]},"98s":{"weight":1.0,"played":[0.9997,0.0,2.0E-4],"evs":[0.0,-1.8369,-2.63006]},"99":{"weight":1.0,"played":[0.0,0.5481,0.4519],"evs":[0.0,3.45883,3.46319]},"T9o":{"weight":1.0,"played":[1.0,0.0,0.0],"evs":[0.0,-3.37627,-4.25298]},"J9o":{"weight":1.0,"played":[1.0,0.0,0.0],"evs":[0.0,-3.8982,-4.82266]},"Q9o":{"weight":1.0,"played":[1.0,0.0,0.0],"evs":[0.0,-4.04939,-4.84129]},"K9o":{"weight":1.0,"played":[1.0,0.0,0.0],"evs":[0.0,-4.23514,-4.78634]},"A9o":{"weight":1.0,"played":[1.0,0.0,0.0],"evs":[0.0,-3.477,-3.6495]},"T2s":{"weight":1.0,