{"player":1,"street":0,"children":3,"sequence":[{"player":0,"type":"F","amount":0,"street":0}],"actions":[{"type":"F","amount":0,"node":2},{"type":"R","amount":200000},{"type":"R","amount":1265000,"node":73}],"hands":{"22":{"weight":1.0,"played":[1.0,0.0,0.0],"evs":[0.0,-0.03835,-0.11889]},"32o":{"weight":1.0,"played":[1.0,0.0,0.0],"evs":[0.0,-0.45963,-2.03606]},"42o":{"weight":1.0,"played":[1.0,0.0,0.0],"evs":[0.0,-0.43194,-1.93308]},"52o":{"weight":1.0,"played":[1.0,0.0,0.0],"evs":[0.0,-0.41481,-1.82605]},"62o":{"weight":1.0,"played":[1.0,0.0,0.0],"evs":[0.0,-0.44285,-1.96407]},"72o":{"weight":1.0,"played":[1.0,0.0,0.0],"evs":[0.0,-0.46255,-2.07763]},"82o":{"weight":1.0,"played":[1.0,0.0,0.0],"evs":[0.0,-0.43606,-1.95215]},"92o":{"weight":1.0,"played":[1.0,0.0,0.0],"evs":[0.0,-0.42473,-1.88272]},"T2o":{"weight":1.0,"played":[1.0,0.0,0.0],"evs":[0.0,-0.38399,-1.77073]},"J2o":{"weight":1.0,"played":[1.0,0.0,0.0],"evs":[0.0,-0.37723,-1.63943]},"Q2o":{"weight":1.0,"played":[1.0,0.0,0.0],"evs":[0.0,-0.34984,-1.46146]},"K2o":{"weight":1.0,"played":[1.0,0.0,0.0],"evs":[0.0,-0.31975,-1.18479]},"A2o":{"weight":1.0,"played":[1.0,0.0,0.0],"evs":[0.0,-0.10566,-0.41872]},"32s":{"weight":1.0,"played":[1.0,0.0,0.0],"evs":[0.0,-0.37945,-1.45256]},"33":{"weight":1.0,"played":[0.0,0.0608,0.9392],"evs":[0.0,0.12617,0.12972]},"43o":{"weight":1.0,"played":[1.0,0.0,0.0],"evs":[0.0,-0.39493,-1.67972]},"53o":{"weight":1.0,"played":[1.0,0.0,0.0],"evs":[0.0,-0.37669,-1.569]},"63o":{"weight":1.0,"played":[1.0,0.0,0.0],"evs":[0.0,-0.40125,-1.70726]},"73o":{"weight":1.0,"played":[1.0,0.0,0.0],"evs":[0.0,-0.42552,-1.82357]},"83o":{"weight":1.0,"played":[1.0,0.0,0.0],"evs":[0.0,-0.4213,-1.90554]},"93o":{"weight":1.0,"played":[1.0,0.0,0.0],"evs":[0.0,-0.40907,-1.79409]},"T3o":{"weight":1.0,"played":[1.0,0.0,0.0],"evs":[0.0,-0.36647,-1.68329]},"J3o":{"weight":1.0,"played":[1.0,0.0,0.0],"evs":[0.0,-0.36145,-1.5485]},"Q3o":{"weight":1.0,"played":[1.0,0.0,0.0],"evs":[0.0,-0.33282,-1.37162]},"K3o":{"weight":1.0,"played":[1.0,0.0,0.0],"evs":[0.0,-0.29998,-1.09917]},"A3o":{"weight":1.0,"played":[1.0,0.0,0.0],"evs":[0.0,-0.07906,-0.32416]},"42s":{"weight":1.0,"played":[1.0,0.0,0.0],"evs":[0.0,-0.35019,-1.35616]},"43s":{"weight":1.0,"played":[1.0,0.0,0.0],"evs":[0.0,-0.31412,-1.11808]},"44":{"weight":1.0,"played":[0.0,0.0,1.0],"evs":[0.0,0.37168,0.40564]},"54o":{"weight":1.0,"played":[1.0,0.0,0.0],"evs":[0.0,-0.33187,-1.32245]},"64o":{"weight":1.0,"played":[1.0,0.0,0.0],"evs":[0.0,-0.34979,-1.45717]},"74o":{"weight":1.0,"played":[1.0,0.0,0.0],"evs":[0.0,-0.37185,-1.56499]},"84o":{"weight":1.0,"played":[1.0,0.0,0.0],"evs":[0.0,-0.37299,-1.65542]},"94o":{"weight":1.0,"played":[1.0,0.0,0.0],"evs":[0.0,-0.37821,-1.74422]},"T4o":{"weight":1.0,"played":[1.0,0.0,0.0],"evs":[0.0,-0.33585,-1.59401]},"J4o":{"weight":1.0,"played":[1.0,0.0,0.0],"evs":[0.0,-0.33097,-1.45923]},"Q4o":{"weight":1.0,"played":[1.0,0.0,0.0],"evs":[0.0,-0.29785,-1.28017]},"K4o":{"weight":1.0,"played":[1.0,0.0,0.0],"evs":[0.0,-0.26429,-1.01208]},"A4o":{"weight":1.0,"played":[1.0,0.0,0.0],"evs":[0.0,-0.04204,-0.23262]},"52s":{"weight":1.0,"played":[1.0,0.0,0.0],"evs":[0.0,-0.33489,-1.24475]},"53s":{"weight":1.0,"played":[1.0,0.0,0.0],"evs":[0.0,-0.29563,-1.00952]},"54s":{"weight":1.0,"played":[1.0,0.0,0.0],"evs":[0.0,-0.23755,-0.78054]},"55":{"weight":1.0,"played":[0.0,0.0,1.0],"evs":[0.0,0.68386,0.73151]},"65o":{"weight":1.0,"played":[1.0,0.0,0.0],"evs":[0.0,-0.3126,-1.20356]},"75o":{"weight":1.0,"played":[1.0,0.0,0.0],"evs":[0.0,-0.33002,-1.30401]},"85o":{"weight":1.0,"played":[1.0,0.0,0.0],"evs":[0.0,-0.33077,-1.39158]},"95o":{"weight":1.0,"played":[1.0,0.0,0.0],"evs":[0.0,-0.34199,-1.48324]},"T5o":{"weight":1.0,"played":[1.0,0.0,0.0],"evs":[0.0,-0.31836,-1.53137]},"J5o":{"weight":1.0,"played":[1.0,0.0,0.0],"evs":[0.0,-0.31271,-1.35841]},"Q5o":{"weight":1.0,"played":[1.0,0.0,0.0],"evs":[0.0,-0.2758,-1.18036]},"K5o":{"weight":1.0,"played":[1.0,0.0,0.0],"evs":[0.0,-0.24068,-0.90839]},"A5o":{"weight":1.0,"played":[0.9835,0.0165,0.0],"evs":[0.0,-0.00503,-0.10552]},"62s":{"weight":1.0,"played":[1.0,0.0,0.0],"evs":[0.0,-0.35865,-1.37838]},"63s":{"weight":1.0,"played":[1.0,0.0,0.0],"evs":[0.0,-0.31444,-1.13797]},"64s":{"weight":1.0,"played":[1.0,0.0,0.0],"evs":[0.0,-0.26387,-0.90612]},"65s":{"weight":1.0,"played":[1.0,0.0,0.0],"evs":[0.0,-0.21458,-0.66664]},"66":{"weight":1.0,"played":[0.0,0.0,1.0],"evs":[0.0,0.98121,1.04664]},"76o":{"weight":1.0,"played":[1.0,0.0,0.0],"evs":[0.0,-0.29902,-1.08091]},"86o":{"weight":1.0,"played":[1.0,0.0,0.0],"evs":[0.0,-0.30171,-1.14856]},"96o":{"weight":1.0,"played":[1.0,0.0,0.0],"evs":[0.0,-0.31102,-1.23528]},"T6o":{"weight":1.0,"played":[1.0,0.0,0.0],"evs":[0.0,-0.29495,-1.28788]},"J6o":{"weight":1.0,"played":[1.0,0.0,0.0],"evs":[0.0,-0.31196,-1.31099]},"Q6o":{"weight":1.0,"played":[1.0,0.0,0.0],"evs":[0.0,-0.27423,-1.09422]},"K6o":{"weight":1.0,"played":[1.0,0.0,0.0],"evs":[0.0,-0.23962,-0.81685]},"A6o":{"weight":1.0,"played":[1.0,0.0,0.0],"evs":[0.0,-0.03897,-0.15073]},"72s":{"weight":1.0,"played":[1.0,0.0,0.0],"evs":[0.0,-0.37468,-1.48044]},"73s":{"weight":1.0,"played":[1.0,0.0,0.0],"evs":[0.0,-0.33951,-1.24488]},"74s":{"weight":1.0,"played":[1.0,0.0,0.0],"evs":[0.0,-0.28357,-1.01017]},"75s":{"weight":1.0,"played":[1.0,0.0,0.0],"evs":[0.0,-0.24529,-0.75854]},"76s":{"weight":1.0,"played":[1.0,0.0,0.0],"evs":[0.0,-0.19401,-0.55213]},"77":{"weight":1.0,"played":[0.0,0.0,1.0],"evs":[0.0,1.28335,1.37033]},"87o":{"weight":1.0,"played":[1.0,0.0,0.0],"evs":[0.0,-0.27326,-0.94964]},"97o":{"weight":1.0,"played":[1.0,0.0,0.0],"evs":[0.0,-0.2848,-1.02198]},"T7o":{"weight":1.0,"played":[1.0,0.0,0.0],"evs":[0.0,-0.26626,-1.06908]},"J7o":{"weight":1.0,"played":[1.0,0.0,0.0],"evs":[0.0,-0.28819,-1.09021]},"Q7o":{"weight":1.0,"played":[1.0,0.0,0.0],"evs":[0.0,-0.27276,-1.06394]},"K7o":{"weight":1.0,"played":[1.0,0.0,0.0],"evs":[0.0,-0.23915,-0.74273]},"A7o":{"weight":1.0,"played":[0.0,0.1721,0.8279],"evs":[0.0,0.02691,0.02724]},"82s":{"weight":1.0,"played":[1.0,0.0,0.0],"evs":[0.0,-0.34535,-1.36698]},"83s":{"weight":1.0,"played":[1.0,0.0,0.0],"evs":[0.0,-0.33384,-1.32756]},"84s":{"weight":1.0,"played":[1.0,0.0,0.0],"evs":[0.0,-0.28364,-1.09308]},"85s":{"weight":1.0,"played":[1.0,0.0,0.0],"evs":[0.0,-0.24623,-0.85387]},"86s":{"weight":1.0,"played":[1.0,0.0,0.0],"evs":[0.0,-0.21185,-0.62279]},"87s":{"weight":1.0,"played":[1.0,0.0,0.0],"evs":[0.0,-0.16484,-0.43829]},"88":{"weight":1.0,"played":[0.0,0.0,1.0],"evs":[0.0,1.65537,1.74878]},"98o":{"weight":1.0,"played":[1.0,0.0,0.0],"evs":[0.0,-0.24253,-0.8206]},"T8o":{"weight":1.0,"played":[1.0,0.0,0.0],"evs":[0.0,-0.21159,-0.83817]},"J8o":{"weight":1.0,"played":[1.0,0.0,0.0],"evs":[0.0,-0.22887,-0.87056]},"Q8o":{"weight":1.0,"played":[1.0,0.0,0.0],"evs":[0.0,-0.21286,-0.84082]},"K8o":{"weight":1.0,"played":[1.0,0.0,0.0],"evs":[0.0,-0.19571,-0.68322]},"A8o":{"weight":1.0,"played":[0.0,0.0119,0.9881],"evs":[0.0,0.23135,0.24273]},"92s":{"weight":1.0,"played":[1.0,0.0,0.0],"evs":[0.0,-0.33567,-1.30397]},"93s":{"weight":1.0,"played":[1.0,0.0,0.0],"evs":[0.0,-0.32346,-1.22716]},"94s":{"weight":1.0,"played":[1.0,0.0,0.0],"evs":[0.0,-0.29545,-1.1761]},"95s":{"weight":1.0,"played":[1.0,0.0,0.0],"evs":[0.0,-0.25774,-0.92873]},"96s":{"weight":1.0,"played":[1.0,0.0,0.0],"evs":[0.0,-0.22546,-0.69613]},"97s":{"weight":1.0,"played":[1.0,0.0,0.0],"evs":[0.0,-0.18495,-0.49863]},"98s":{"weight":1.0,"played":[1.0,0.0,0.0],"evs":[0.0,-0.12409,-0.31025]},"99":{"weight":1.0,"played":[0.0,0.0,1.0],"evs":[0.0,2.07346,2.16547]},"T9o":{"weight":1.0,"played":[1.0,0.0,0.0],"evs":[0.0,-0.17034,-0.61033]},"J9o":{"weight":1.0,"played":[1.0,0.0,0.0],"evs":[0.0,-0.18507,-0.64469]},"Q9o":{"weight":1.0,"played":[1.0,0.0,0.0],"evs":[0.0,-0.15874,-0.61884]},"K9o":{"weight":1.0,"played":[1.0,0.0,0.0],"evs":[0.0,-0.13695,-0.46575]},"A9o":{"weight":1.0,"played":[0.0,0.022,0.978],"evs":[0.0,0.53176,0.53309]},"T2s":{"weight":1.0,"played":[1.0,0.0,0.0],"evs":[0.0,-0.29462,-1.19728]},"T3s":{"weight":1.0,