{"player":1,"street":0,"children":3,"sequence":[{"player":0,"type":"F","amount":0,"street":0}],"actions":[{"type":"F","amount":0,"node":2},{"type":"R","amount":200000,"node":89},{"type":"R","amount":1265000,"node":255}],"hands":{"22":{"weight":1.0,"played":[1.0,0.0,0.0],"evs":[0.0,-0.04647,-0.11936]},"32o":{"weight":1.0,"played":[1.0,0.0,0.0],"evs":[0.0,-0.44495,-2.0386]},"42o":{"weight":1.0,"played":[1.0,0.0,0.0],"evs":[0.0,-0.42062,-1.9363]},"52o":{"weight":1.0,"played":[1.0,0.0,0.0],"evs":[0.0,-0.40055,-1.82625]},"62o":{"weight":1.0,"played":[1.0,0.0,0.0],"evs":[0.0,-0.42657,-1.97066]},"72o":{"weight":1.0,"played":[1.0,0.0,0.0],"evs":[0.0,-0.44298,-2.07988]},"82o":{"weight":1.0,"played":[1.0,0.0,0.0],"evs":[0.0,-0.42258,-1.95309]},"92o":{"weight":1.0,"played":[1.0,0.0,0.0],"evs":[0.0,-0.40654,-1.88578]},"T2o":{"weight":1.0,"played":[1.0,0.0,0.0],"evs":[0.0,-0.36707,-1.77344]},"J2o":{"weight":1.0,"played":[1.0,0.0,0.0],"evs":[0.0,-0.36743,-1.6424]},"Q2o":{"weight":1.0,"played":[1.0,0.0,0.0],"evs":[0.0,-0.33874,-1.46231]},"K2o":{"weight":1.0,"played":[1.0,0.0,0.0],"evs":[0.0,-0.30205,-1.19405]},"A2o":{"weight":1.0,"played":[1.0,0.0,0.0],"evs":[0.0,-0.10003,-0.41043]},"32s":{"weight":1.0,"played":[1.0,0.0,0.0],"evs":[0.0,-0.37164,-1.44635]},"33":{"weight":1.0,"played":[0.0,0.0633,0.9367],"evs":[0.0,0.11179,0.12441]},"43o":{"weight":1.0,"played":[1.0,0.0,0.0],"evs":[0.0,-0.38162,-1.68902]},"53o":{"weight":1.0,"played":[1.0,0.0,0.0],"evs":[0.0,-0.35926,-1.57279]},"63o":{"weight":1.0,"played":[1.0,0.0,0.0],"evs":[0.0,-0.38519,-1.71378]},"73o":{"weight":1.0,"played":[1.0,0.0,0.0],"evs":[0.0,-0.40472,-1.82462]},"83o":{"weight":1.0,"played":[1.0,0.0,0.0],"evs":[0.0,-0.40806,-1.9099]},"93o":{"weight":1.0,"played":[1.0,0.0,0.0],"evs":[0.0,-0.3897,-1.79603]},"T3o":{"weight":1.0,"played":[1.0,0.0,0.0],"evs":[0.0,-0.35011,-1.68362]},"J3o":{"weight":1.0,"played":[1.0,0.0,0.0],"evs":[0.0,-0.34719,-1.54801]},"Q3o":{"weight":1.0,"played":[1.0,0.0,0.0],"evs":[0.0,-0.31886,-1.37479]},"K3o":{"weight":1.0,"played":[1.0,0.0,0.0],"evs":[0.0,-0.27988,-1.10141]},"A3o":{"weight":1.0,"played":[1.0,0.0,0.0],"evs":[0.0,-0.0755,-0.32884]},"42s":{"weight":1.0,"played":[1.0,0.0,0.0],"evs":[0.0,-0.33872,-1.35636]},"43s":{"weight":1.0,"played":[1.0,0.0,0.0],"evs":[0.0,-0.3045,-1.12274]},"44":{"weight":1.0,"played":[0.0,0.0,1.0],"evs":[0.0,0.35523,0.39802]},"54o":{"weight":1.0,"played":[1.0,0.0,0.0],"evs":[0.0,-0.31875,-1.32673]},"64o":{"weight":1.0,"played":[1.0,0.0,0.0],"evs":[0.0,-0.33708,-1.45723]},"74o":{"weight":1.0,"played":[1.0,0.0,0.0],"evs":[0.0,-0.35491,-1.57093]},"84o":{"weight":1.0,"played":[1.0,0.0,0.0],"evs":[0.0,-0.36236,-1.65534]},"94o":{"weight":1.0,"played":[1.0,0.0,0.0],"evs":[0.0,-0.36073,-1.75085]},"T4o":{"weight":1.0,"played":[1.0,0.0,0.0],"evs":[0.0,-0.32071,-1.59676]},"J4o":{"weight":1.0,"played":[1.0,0.0,0.0],"evs":[0.0,-0.31746,-1.45758]},"Q4o":{"weight":1.0,"played":[1.0,0.0,0.0],"evs":[0.0,-0.28999,-1.28204]},"K4o":{"weight":1.0,"played":[1.0,0.0,0.0],"evs":[0.0,-0.24787,-1.014]},"A4o":{"weight":1.0,"played":[1.0,0.0,0.0],"evs":[0.0,-0.04345,-0.22838]},"52s":{"weight":1.0,"played":[1.0,0.0,0.0],"evs":[0.0,-0.32462,-1.24935]},"53s":{"weight":1.0,"played":[1.0,0.0,0.0],"evs":[0.0,-0.28825,-1.01051]},"54s":{"weight":1.0,"played":[1.0,0.0,0.0],"evs":[0.0,-0.22937,-0.77995]},"55":{"weight":1.0,"played":[0.0,0.0,1.0],"evs":[0.0,0.68067,0.73087]},"65o":{"weight":1.0,"played":[1.0,0.0,0.0],"evs":[0.0,-0.30088,-1.20853]},"75o":{"weight":1.0,"played":[1.0,0.0,0.0],"evs":[0.0,-0.31114,-1.30607]},"85o":{"weight":1.0,"played":[1.0,0.0,0.0],"evs":[0.0,-0.31501,-1.39036]},"95o":{"weight":1.0,"played":[1.0,0.0,0.0],"evs":[0.0,-0.32234,-1.48346]},"T5o":{"weight":1.0,"played":[1.0,0.0,0.0],"evs":[0.0,-0.29784,-1.53324]},"J5o":{"weight":1.0,"played":[1.0,0.0,0.0],"evs":[0.0,-0.29686,-1.35627]},"Q5o":{"weight":1.0,"played":[1.0,0.0,0.0],"evs":[0.0,-0.264,-1.18153]},"K5o":{"weight":1.0,"played":[1.0,0.0,0.0],"evs":[0.0,-0.22519,-0.9105]},"A5o":{"weight":1.0,"played":[0.9841,0.0159,0.0],"evs":[0.0,-0.00918,-0.10872]},"62s":{"weight":1.0,"played":[1.0,0.0,0.0],"evs":[0.0,-0.34651,-1.38904]},"63s":{"weight":1.0,"played":[1.0,0.0,0.0],"evs":[0.0,-0.30597,-1.14202]},"64s":{"weight":1.0,"played":[1.0,0.0,0.0],"evs":[0.0,-0.25847,-0.90669]},"65s":{"weight":1.0,"played":[1.0,0.0,0.0],"evs":[0.0,-0.21487,-0.67997]},"66":{"weight":1.0,"played":[0.0,0.0,1.0],"evs":[0.0,0.98684,1.05178]},"76o":{"weight":1.0,"played":[1.0,0.0,0.0],"evs":[0.0,-0.289,-1.07773]},"86o":{"weight":1.0,"played":[1.0,0.0,0.0],"evs":[0.0,-0.29037,-1.15151]},"96o":{"weight":1.0,"played":[1.0,0.0,0.0],"evs":[0.0,-0.29534,-1.24199]},"T6o":{"weight":1.0,"played":[1.0,0.0,0.0],"evs":[0.0,-0.27725,-1.29554]},"J6o":{"weight":1.0,"played":[1.0,0.0,0.0],"evs":[0.0,-0.29724,-1.31475]},"Q6o":{"weight":1.0,"played":[1.0,0.0,0.0],"evs":[0.0,-0.26057,-1.09419]},"K6o":{"weight":1.0,"played":[1.0,0.0,0.0],"evs":[0.0,-0.22004,-0.81274]},"A6o":{"weight":1.0,"played":[1.0,0.0,0.0],"evs":[0.0,-0.03349,-0.14576]},"72s":{"weight":1.0,"played":[1.0,0.0,0.0],"evs":[0.0,-0.3596,-1.48487]},"73s":{"weight":1.0,"played":[1.0,0.0,0.0],"evs":[0.0,-0.3238,-1.24673]},"74s":{"weight":1.0,"played":[1.0,0.0,0.0],"evs":[0.0,-0.27178,-1.0094]},"75s":{"weight":1.0,"played":[1.0,0.0,0.0],"evs":[0.0,-0.22821,-0.76891]},"76s":{"weight":1.0,"played":[1.0,0.0,0.0],"evs":[0.0,-0.19014,-0.55978]},"77":{"weight":1.0,"played":[0.0,0.0,1.0],"evs":[0.0,1.29311,1.37017]},"87o":{"weight":1.0,"played":[1.0,0.0,0.0],"evs":[0.0,-0.26174,-0.95353]},"97o":{"weight":1.0,"played":[1.0,0.0,0.0],"evs":[0.0,-0.26722,-1.02667]},"T7o":{"weight":1.0,"played":[1.0,0.0,0.0],"evs":[0.0,-0.24895,-1.06901]},"J7o":{"weight":1.0,"played":[1.0,0.0,0.0],"evs":[0.0,-0.27817,-1.09344]},"Q7o":{"weight":1.0,"played":[1.0,0.0,0.0],"evs":[0.0,-0.26161,-1.06324]},"K7o":{"weight":1.0,"played":[1.0,0.0,0.0],"evs":[0.0,-0.22276,-0.74732]},"A7o":{"weight":1.0,"played":[0.0,0.1683,0.8317],"evs":[0.0,0.0259,0.0301]},"82s":{"weight":1.0,"played":[1.0,0.0,0.0],"evs":[0.0,-0.33669,-1.37135]},"83s":{"weight":1.0,"played":[1.0,0.0,0.0],"evs":[0.0,-0.32301,-1.33015]},"84s":{"weight":1.0,"played":[1.0,0.0,0.0],"evs":[0.0,-0.27808,-1.09243]},"85s":{"weight":1.0,"played":[1.0,0.0,0.0],"evs":[0.0,-0.23818,-0.85093]},"86s":{"weight":1.0,"played":[1.0,0.0,0.0],"evs":[0.0,-0.20728,-0.62457]},"87s":{"weight":1.0,"played":[1.0,0.0,0.0],"evs":[0.0,-0.14903,-0.42749]},"88":{"weight":1.0,"played":[0.0,0.0,1.0],"evs":[0.0,1.67026,1.74062]},"98o":{"weight":1.0,"played":[1.0,0.0,0.0],"evs":[0.0,-0.22916,-0.82581]},"T8o":{"weight":1.0,"played":[1.0,0.0,0.0],"evs":[0.0,-0.20022,-0.83985]},"J8o":{"weight":1.0,"played":[1.0,0.0,0.0],"evs":[0.0,-0.22159,-0.86763]},"Q8o":{"weight":1.0,"played":[1.0,0.0,0.0],"evs":[0.0,-0.20911,-0.84614]},"K8o":{"weight":1.0,"played":[1.0,0.0,0.0],"evs":[0.0,-0.1816,-0.68373]},"A8o":{"weight":1.0,"played":[0.0,0.0158,0.9842],"evs":[0.0,0.22769,0.2408]},"92s":{"weight":1.0,"played":[1.0,0.0,0.0],"evs":[0.0,-0.3196,-1.30602]},"93s":{"weight":1.0,"played":[1.0,0.0,0.0],"evs":[0.0,-0.30337,-1.22398]},"94s":{"weight":1.0,"played":[1.0,0.0,0.0],"evs":[0.0,-0.27902,-1.18129]},"95s":{"weight":1.0,"played":[1.0,0.0,0.0],"evs":[0.0,-0.2421,-0.94145]},"96s":{"weight":1.0,"played":[1.0,0.0,0.0],"evs":[0.0,-0.21259,-0.70078]},"97s":{"weight":1.0,"played":[1.0,0.0,0.0],"evs":[0.0,-0.17285,-0.50703]},"98s":{"weight":1.0,"played":[1.0,0.0,0.0],"evs":[0.0,-0.11666,-0.31405]},"99":{"weight":1.0,"played":[0.0,1.0E-4,0.9999],"evs":[0.0,2.09624,2.16661]},"T9o":{"weight":1.0,"played":[1.0,0.0,0.0],"evs":[0.0,-0.15662,-0.6185]},"J9o":{"weight":1.0,"played":[1.0,0.0,0.0],"evs":[0.0,-0.17628,-0.64821]},"Q9o":{"weight":1.0,"played":[1.0,0.0,0.0],"evs":[0.0,-0.15355,-0.61938]},"K9o":{"weight":1.0,"played":[1.0,0.0,0.0],"evs":[0.0,-0.11609,-0.46246]},"A9o":{"weight":1.0,"played":[0.0,0.0363,0.9637],"evs":[0.0,0.52796,0.53592]},"T2s":{"weight":1.0,"played":[1.0,0.0,0.0],"evs":[0.0,-0.27894,-1.19402]},