{"player":3,"street":0,"children":2,"sequence":[{"player":0,"type":"R","amount":955000,"street":0},{"player":1,"type":"C","amount":955000,"street":0},{"player":2,"type":"C","amount":955000,"street":0}],"actions":[{"type":"F","amount":0,"node":383},{"type":"R","amount":2985000,"node":392}],"hands":{"22":{"weight":1.0,"played":[0.949,0.051],"evs":[0.0,-1.25773]},"32o":{"weight":1.0,"played":[1.0,0.0],"evs":[0.0,-6.4743]},"42o":{"weight":1.0,"played":[1.0,0.0],"evs":[0.0,-6.03731]},"52o":{"weight":1.0,"played":[1.0,0.0],"evs":[0.0,-5.58101]},"62o":{"weight":1.0,"played":[1.0,0.0],"evs":[0.0,-6.28095]},"72o":{"weight":1.0,"played":[1.0,0.0],"evs":[0.0,-7.07099]},"82o":{"weight":1.0,"played":[1.0,0.0],"evs":[0.0,-6.74297]},"92o":{"weight":1.0,"played":[1.0,0.0],"evs":[0.0,-7.05642]},"T2o":{"weight":1.0,"played":[1.0,0.0],"evs":[0.0,-6.64476]},"J2o":{"weight":1.0,"played":[1.0,0.0],"evs":[0.0,-6.61306]},"Q2o":{"weight":1.0,"played":[1.0,0.0],"evs":[0.0,-5.74227]},"K2o":{"weight":1.0,"played":[1.0,0.0],"evs":[0.0,-5.77097]},"A2o":{"weight":1.0,"played":[1.0,0.0],"evs":[0.0,-4.87004]},"32s":{"weight":1.0,"played":[0.9998,2.0E-4],"evs":[0.0,-4.39436]},"33":{"weight":1.0,"played":[0.777,0.223],"evs":[0.0,-0.3897]},"43o":{"weight":1.0,"played":[1.0,0.0],"evs":[0.0,-5.10218]},"53o":{"weight":1.0,"played":[1.0,0.0],"evs":[0.0,-4.85423]},"63o":{"weight":1.0,"played":[1.0,0.0],"evs":[0.0,-5.28752]},"73o":{"weight":1.0,"played":[1.0,0.0],"evs":[0.0,-5.78427]},"83o":{"weight":1.0,"played":[1.0,0.0],"evs":[0.0,-6.81875]},"93o":{"weight":1.0,"played":[1.0,0.0],"evs":[0.0,-6.41255]},"T3o":{"weight":1.0,"played":[1.0,0.0],"evs":[0.0,-6.46239]},"J3o":{"weight":1.0,"played":[1.0,0.0],"evs":[0.0,-6.06138]},"Q3o":{"weight":1.0,"played":[1.0,0.0],"evs":[0.0,-5.09639]},"K3o":{"weight":1.0,"played":[1.0,0.0],"evs":[0.0,-5.21887]},"A3o":{"weight":1.0,"played":[0.9995,5.0E-4],"evs":[0.0,-4.31282]},"42s":{"weight":1.0,"played":[0.9996,4.0E-4],"evs":[0.0,-3.5885]},"43s":{"weight":1.0,"played":[0.9994,6.0E-4],"evs":[0.0,-3.75977]},"44":{"weight":1.0,"played":[0.2711,0.7289],"evs":[0.0,0.21628]},"54o":{"weight":1.0,"played":[0.9995,5.0E-4],"evs":[0.0,-3.62446]},"64o":{"weight":1.0,"played":[0.9999,1.0E-4],"evs":[0.0,-4.02963]},"74o":{"weight":1.0,"played":[1.0,0.0],"evs":[0.0,-5.03564]},"84o":{"weight":1.0,"played":[1.0,0.0],"evs":[0.0,-5.29844]},"94o":{"weight":1.0,"played":[1.0,0.0],"evs":[0.0,-6.12742]},"T4o":{"weight":1.0,"played":[1.0,0.0],"evs":[0.0,-6.00645]},"J4o":{"weight":1.0,"played":[1.0,0.0],"evs":[0.0,-5.94475]},"Q4o":{"weight":1.0,"played":[1.0,0.0],"evs":[0.0,-4.93367]},"K4o":{"weight":1.0,"played":[1.0,0.0],"evs":[0.0,-3.98528]},"A4o":{"weight":1.0,"played":[0.9999,1.0E-4],"evs":[0.0,-4.50344]},"52s":{"weight":1.0,"played":[0.9997,3.0E-4],"evs":[0.0,-3.12728]},"53s":{"weight":1.0,"played":[0.9945,0.0055],"evs":[0.0,-2.48669]},"54s":{"weight":1.0,"played":[0.9391,0.0609],"evs":[0.0,-1.4297]},"55":{"weight":1.0,"played":[0.0067,0.9933],"evs":[0.0,1.83211]},"65o":{"weight":1.0,"played":[1.0,0.0],"evs":[0.0,-3.03496]},"75o":{"weight":1.0,"played":[1.0,0.0],"evs":[0.0,-3.858]},"85o":{"weight":1.0,"played":[1.0,0.0],"evs":[0.0,-4.49031]},"95o":{"weight":1.0,"played":[1.0,0.0],"evs":[0.0,-4.3206]},"T5o":{"weight":1.0,"played":[1.0,0.0],"evs":[0.0,-5.50716]},"J5o":{"weight":1.0,"played":[0.9998,2.0E-4],"evs":[0.0,-5.23484]},"Q5o":{"weight":1.0,"played":[1.0,0.0],"evs":[0.0,-3.91571]},"K5o":{"weight":1.0,"played":[0.9998,2.0E-4],"evs":[0.0,-4.68659]},"A5o":{"weight":1.0,"played":[1.0,0.0],"evs":[0.0,-3.51626]},"62s":{"weight":1.0,"played":[1.0,0.0],"evs":[0.0,-4.21625]},"63s":{"weight":1.0,"played":[0.9998,2.0E-4],"evs":[0.0,-3.76817]},"64s":{"weight":1.0,"played":[0.9819,0.0181],"evs":[0.0,-2.26928]},"65s":{"weight":1.0,"played":[0.9926,0.0074],"evs":[0.0,-0.11777]},"66":{"weight":1.0,"played":[0.0,1.0],"evs":[0.0,1.47032]},"76o":{"weight":1.0,"played":[1.0,0.0],"evs":[0.0,-2.35953]},"86o":{"weight":1.0,"played":[1.0,0.0],"evs":[0.0,-3.46131]},"96o":{"weight":1.0,"played":[0.9999,1.0E-4],"evs":[0.0,-3.74385]},"T6o":{"weight":1.0,"played":[1.0,0.0],"evs":[0.0,-4.59428]},"J6o":{"weight":1.0,"played":[1.0,0.0],"evs":[0.0,-5.22864]},"Q6o":{"weight":1.0,"played":[0.9999,1.0E-4],"evs":[0.0,-4.29545]},"K6o":{"weight":1.0,"played":[1.0,0.0],"evs":[0.0,-4.09086]},"A6o":{"weight":1.0,"played":[1.0,0.0],"evs":[0.0,-4.15082]},"72s":{"weight":1.0,"played":[1.0,0.0],"evs":[0.0,-4.20843]},"73s":{"weight":1.0,"played":[0.9997,3.0E-4],"evs":[0.0,-2.68551]},"74s":{"weight":1.0,"played":[0.9999,1.0E-4],"evs":[0.0,-2.07649]},"75s":{"weight":1.0,"played":[0.8088,0.1912],"evs":[0.0,-0.4834]},"76s":{"weight":1.0,"played":[0.8561,0.1439],"evs":[0.0,-0.72993]},"77":{"weight":1.0,"played":[0.0,1.0],"evs":[0.0,3.86655]},"87o":{"weight":1.0,"played":[0.9987,0.0013],"evs":[0.0,-2.69844]},"97o":{"weight":1.0,"played":[0.9999,1.0E-4],"evs":[0.0,-2.85322]},"T7o":{"weight":1.0,"played":[0.9996,4.0E-4],"evs":[0.0,-3.24178]},"J7o":{"weight":1.0,"played":[1.0,0.0],"evs":[0.0,-4.51267]},"Q7o":{"weight":1.0,"played":[1.0,0.0],"evs":[0.0,-4.7023]},"K7o":{"weight":1.0,"played":[1.0,0.0],"evs":[0.0,-3.00093]},"A7o":{"weight":1.0,"played":[0.9996,4.0E-4],"evs":[0.0,-3.58319]},"82s":{"weight":1.0,"played":[1.0,0.0],"evs":[0.0,-4.90748]},"83s":{"weight":1.0,"played":[0.9999,1.0E-4],"evs":[0.0,-4.27616]},"84s":{"weight":1.0,"played":[0.9995,5.0E-4],"evs":[0.0,-3.10564]},"85s":{"weight":1.0,"played":[0.9983,0.0017],"evs":[0.0,-1.89083]},"86s":{"weight":1.0,"played":[0.9466,0.0534],"evs":[0.0,-0.71644]},"87s":{"weight":1.0,"played":[0.939,0.061],"evs":[0.0,-0.74191]},"88":{"weight":1.0,"played":[0.0,1.0],"evs":[0.0,5.0565]},"98o":{"weight":1.0,"played":[0.9987,0.0013],"evs":[0.0,-2.41028]},"T8o":{"weight":1.0,"played":[1.0,0.0],"evs":[0.0,-2.95331]},"J8o":{"weight":1.0,"played":[0.9999,1.0E-4],"evs":[0.0,-3.45401]},"Q8o":{"weight":1.0,"played":[1.0,0.0],"evs":[0.0,-3.42034]},"K8o":{"weight":1.0,"played":[0.9996,4.0E-4],"evs":[0.0,-3.65522]},"A8o":{"weight":1.0,"played":[0.9991,9.0E-4],"evs":[0.0,-3.00747]},"92s":{"weight":1.0,"played":[1.0,0.0],"evs":[0.0,-4.09312]},"93s":{"weight":1.0,"played":[0.9998,2.0E-4],"evs":[0.0,-3.47818]},"94s":{"weight":1.0,"played":[0.9998,2.0E-4],"evs":[0.0,-3.32923]},"95s":{"weight":1.0,"played":[0.9999,1.0E-4],"evs":[0.0,-2.69479]},"96s":{"weight":1.0,"played":[0.9999,1.0E-4],"evs":[0.0,-1.11003]},"97s":{"weight":1.0,"played":[0.9937,0.0063],"evs":[0.0,-1.43013]},"98s":{"weight":1.0,"played":[0.3148,0.6852],"evs":[0.0,0.04097]},"99":{"weight":1.0,"played":[0.0,1.0],"evs":[0.0,7.57498]},"T9o":{"weight":1.0,"played":[1.0,0.0],"evs":[0.0,-3.02921]},"J9o":{"weight":1.0,"played":[0.9996,4.0E-4],"evs":[0.0,-3.21357]},"Q9o":{"weight":1.0,"played":[0.9986,0.0014],"evs":[0.0,-3.17533]},"K9o":{"weight":1.0,"played":[0.9978,0.0022],"evs":[0.0,-2.35174]},"A9o":{"weight":1.0,"played":[0.9963,0.0037],"evs":[0.0,-2.69762]},"T2s":{"weight":1.0,"played":[0.9995,5.0E-4],"evs":[0.0,-3.88136]},"T3s":{"weight":1.0,"played":[0.9995,5.0E-4],"evs":[0.0,-3.53195]},"T4s":{"weight":1.0,"played":[1.0,0.0],"evs":[0.0,-3.41221]},"T5s":{"weight":1.0,"played":[0.9998,2.0E-4],"evs":[0.0,-3.50748]},"T6s":{"weight":1.0,"played":[0.9997,3.0E-4],"evs":[0.0,-2.97732]},"T7s":{"weight":1.0,"played":[0.9999,1.0E-4],"evs":[0.0,-1.03158]},"T8s":{"weight":1.0,"played":[0.8078,0.1922],"evs":[0.0,-0.55865]},"T9s":{"weight":1.0,"played":[0.0421,0.9579],"evs":[0.0,0.1276]},"TT":{"weight":1.0,"played":[0.0,1.0],"evs":[0.0,8.99691]},"JTo":{"weight":1.0,"played":[0.9996,4.0E-4],"evs":[0.0,-1.54589]},"QTo":{"weight":1.0,"played":[0.9899,0.0101],"evs":[0.0,-2.27716]},"KTo":{"weight":1.0,"played":[0.9933,0.0067],"evs":[0.0,-1.36619]},"ATo":{"weight":1.0,"played":[0.877,0.123],"evs":[0.0,-1.09524]},"J2s":{"weight":1.0,"played":[0.9995,5.0E-4],"evs":[0.0,-2.68866]},"J3s":{"weight":1.0,"played":[1.0,0.0],"evs":[0.0,-3.3548]},"J4s":{"weight":1.0,"played":[1.0,0.0],"evs":[0.0,-3.60689]},"J5s":{"weight":1.0,"played":[0.9992,8.0E-4],