{"player":2,"street":0,"children":3,"sequence":[{"player":0,"type":"F","amount":0,"street":0},{"player":1,"type":"R","amount":1265000,"street":0}],"actions":[{"type":"F","amount":0,"node":74},{"type":"C","amount":1265000,"node":86},{"type":"R","amount":2215000,"node":100}],"hands":{"22":{"weight":1.0,"played":[0.0054,0.372,0.6226],"evs":[0.0,0.01673,0.02383]},"32o":{"weight":1.0,"played":[1.0,0.0,0.0],"evs":[0.0,-4.1188,-4.14515]},"42o":{"weight":1.0,"played":[1.0,0.0,0.0],"evs":[0.0,-3.85262,-3.87951]},"52o":{"weight":1.0,"played":[1.0,0.0,0.0],"evs":[0.0,-3.59917,-3.62348]},"62o":{"weight":1.0,"played":[1.0,0.0,0.0],"evs":[0.0,-3.92359,-3.95147]},"72o":{"weight":1.0,"played":[1.0,0.0,0.0],"evs":[0.0,-4.29982,-4.33062]},"82o":{"weight":1.0,"played":[1.0,0.0,0.0],"evs":[0.0,-4.00247,-4.0315]},"92o":{"weight":1.0,"played":[1.0,0.0,0.0],"evs":[0.0,-3.89614,-3.92242]},"T2o":{"weight":1.0,"played":[1.0,0.0,0.0],"evs":[0.0,-3.7584,-3.7798]},"J2o":{"weight":1.0,"played":[1.0,0.0,0.0],"evs":[0.0,-3.63872,-3.65266]},"Q2o":{"weight":1.0,"played":[1.0,0.0,0.0],"evs":[0.0,-3.31783,-3.32136]},"K2o":{"weight":1.0,"played":[1.0,0.0,0.0],"evs":[0.0,-2.97432,-2.97309]},"A2o":{"weight":1.0,"played":[1.0,0.0,0.0],"evs":[0.0,-1.74461,-1.7359]},"32s":{"weight":1.0,"played":[1.0,0.0,0.0],"evs":[0.0,-2.7803,-2.80189]},"33":{"weight":1.0,"played":[0.0,0.2599,0.7401],"evs":[0.0,0.43354,0.43547]},"43o":{"weight":1.0,"played":[1.0,0.0,0.0],"evs":[0.0,-3.33255,-3.35728]},"53o":{"weight":1.0,"played":[1.0,0.0,0.0],"evs":[0.0,-3.06594,-3.08764]},"63o":{"weight":1.0,"played":[1.0,0.0,0.0],"evs":[0.0,-3.36178,-3.38915]},"73o":{"weight":1.0,"played":[1.0,0.0,0.0],"evs":[0.0,-3.7669,-3.79459]},"83o":{"weight":1.0,"played":[1.0,0.0,0.0],"evs":[0.0,-3.97608,-4.00556]},"93o":{"weight":1.0,"played":[1.0,0.0,0.0],"evs":[0.0,-3.75614,-3.78345]},"T3o":{"weight":1.0,"played":[1.0,0.0,0.0],"evs":[0.0,-3.62725,-3.64829]},"J3o":{"weight":1.0,"played":[1.0,0.0,0.0],"evs":[0.0,-3.48076,-3.49507]},"Q3o":{"weight":1.0,"played":[1.0,0.0,0.0],"evs":[0.0,-3.16592,-3.16945]},"K3o":{"weight":1.0,"played":[1.0,0.0,0.0],"evs":[0.0,-2.81388,-2.81607]},"A3o":{"weight":1.0,"played":[1.0,0.0,0.0],"evs":[0.0,-1.57385,-1.56627]},"42s":{"weight":1.0,"played":[1.0,0.0,0.0],"evs":[0.0,-2.54457,-2.56366]},"43s":{"weight":1.0,"played":[1.0,0.0,0.0],"evs":[0.0,-2.02442,-2.04227]},"44":{"weight":1.0,"played":[0.0,0.0761,0.9239],"evs":[0.0,1.11294,1.11186]},"54o":{"weight":1.0,"played":[1.0,0.0,0.0],"evs":[0.0,-2.4489,-2.46829]},"64o":{"weight":1.0,"played":[1.0,0.0,0.0],"evs":[0.0,-2.75919,-2.7823]},"74o":{"weight":1.0,"played":[1.0,0.0,0.0],"evs":[0.0,-3.12287,-3.14781]},"84o":{"weight":1.0,"played":[1.0,0.0,0.0],"evs":[0.0,-3.36581,-3.39346]},"94o":{"weight":1.0,"played":[1.0,0.0,0.0],"evs":[0.0,-3.61535,-3.64068]},"T4o":{"weight":1.0,"played":[1.0,0.0,0.0],"evs":[0.0,-3.36589,-3.38513]},"J4o":{"weight":1.0,"played":[1.0,0.0,0.0],"evs":[0.0,-3.24463,-3.25886]},"Q4o":{"weight":1.0,"played":[1.0,0.0,0.0],"evs":[0.0,-2.91817,-2.92159]},"K4o":{"weight":1.0,"played":[1.0,0.0,0.0],"evs":[0.0,-2.58873,-2.5916]},"A4o":{"weight":1.0,"played":[1.0,0.0,0.0],"evs":[0.0,-1.30064,-1.29511]},"52s":{"weight":1.0,"played":[1.0,0.0,0.0],"evs":[0.0,-2.29827,-2.31545]},"53s":{"weight":1.0,"played":[1.0,0.0,0.0],"evs":[0.0,-1.77851,-1.79617]},"54s":{"weight":1.0,"played":[1.0,0.0,0.0],"evs":[0.0,-1.18964,-1.20446]},"55":{"weight":1.0,"played":[0.0,2.0E-4,0.9998],"evs":[0.0,1.89198,1.89795]},"65o":{"weight":1.0,"played":[1.0,0.0,0.0],"evs":[0.0,-2.15012,-2.17002]},"75o":{"weight":1.0,"played":[1.0,0.0,0.0],"evs":[0.0,-2.49759,-2.51841]},"85o":{"weight":1.0,"played":[1.0,0.0,0.0],"evs":[0.0,-2.72169,-2.74304]},"95o":{"weight":1.0,"played":[1.0,0.0,0.0],"evs":[0.0,-2.98322,-3.00556]},"T5o":{"weight":1.0,"played":[1.0,0.0,0.0],"evs":[0.0,-3.21931,-3.23681]},"J5o":{"weight":1.0,"played":[1.0,0.0,0.0],"evs":[0.0,-2.99656,-3.00659]},"Q5o":{"weight":1.0,"played":[1.0,0.0,0.0],"evs":[0.0,-2.66021,-2.65963]},"K5o":{"weight":1.0,"played":[1.0,0.0,0.0],"evs":[0.0,-2.31747,-2.31935]},"A5o":{"weight":1.0,"played":[1.0,0.0,0.0],"evs":[0.0,-1.00622,-0.99979]},"62s":{"weight":1.0,"played":[1.0,0.0,0.0],"evs":[0.0,-2.54997,-2.56863]},"63s":{"weight":1.0,"played":[1.0,0.0,0.0],"evs":[0.0,-2.02787,-2.04998]},"64s":{"weight":1.0,"played":[1.0,0.0,0.0],"evs":[0.0,-1.44807,-1.4623]},"65s":{"weight":1.0,"played":[1.0,0.0,0.0],"evs":[0.0,-0.91503,-0.92963]},"66":{"weight":1.0,"played":[0.0,0.013,0.987],"evs":[0.0,2.59816,2.59993]},"76o":{"weight":1.0,"played":[1.0,0.0,0.0],"evs":[0.0,-1.96448,-1.98382]},"86o":{"weight":1.0,"played":[1.0,0.0,0.0],"evs":[0.0,-2.15976,-2.18041]},"96o":{"weight":1.0,"played":[1.0,0.0,0.0],"evs":[0.0,-2.42117,-2.44194]},"T6o":{"weight":1.0,"played":[1.0,0.0,0.0],"evs":[0.0,-2.66659,-2.68449]},"J6o":{"weight":1.0,"played":[1.0,0.0,0.0],"evs":[0.0,-2.8799,-2.89315]},"Q6o":{"weight":1.0,"played":[1.0,0.0,0.0],"evs":[0.0,-2.47747,-2.47869]},"K6o":{"weight":1.0,"played":[1.0,0.0,0.0],"evs":[0.0,-2.13238,-2.1332]},"A6o":{"weight":1.0,"played":[1.0,0.0,0.0],"evs":[0.0,-1.22921,-1.22313]},"72s":{"weight":1.0,"played":[1.0,0.0,0.0],"evs":[0.0,-2.92557,-2.94673]},"73s":{"weight":1.0,"played":[1.0,0.0,0.0],"evs":[0.0,-2.41657,-2.43957]},"74s":{"weight":1.0,"played":[1.0,0.0,0.0],"evs":[0.0,-1.82262,-1.8412]},"75s":{"weight":1.0,"played":[1.0,0.0,0.0],"evs":[0.0,-1.24965,-1.2653]},"76s":{"weight":1.0,"played":[1.0,0.0,0.0],"evs":[0.0,-0.69805,-0.71447]},"77":{"weight":1.0,"played":[0.0,0.1459,0.8541],"evs":[0.0,3.282,3.28214]},"87o":{"weight":1.0,"played":[1.0,0.0,0.0],"evs":[0.0,-1.81866,-1.83754]},"97o":{"weight":1.0,"played":[1.0,0.0,0.0],"evs":[0.0,-2.03682,-2.05528]},"T7o":{"weight":1.0,"played":[1.0,0.0,0.0],"evs":[0.0,-2.27565,-2.28642]},"J7o":{"weight":1.0,"played":[1.0,0.0,0.0],"evs":[0.0,-2.5055,-2.51279]},"Q7o":{"weight":1.0,"played":[1.0,0.0,0.0],"evs":[0.0,-2.55824,-2.55776]},"K7o":{"weight":1.0,"played":[1.0,0.0,0.0],"evs":[0.0,-2.10654,-2.10491]},"A7o":{"weight":1.0,"played":[1.0,0.0,0.0],"evs":[0.0,-0.8165,-0.81134]},"82s":{"weight":1.0,"played":[1.0,0.0,0.0],"evs":[0.0,-2.66747,-2.68745]},"83s":{"weight":1.0,"played":[1.0,0.0,0.0],"evs":[0.0,-2.65009,-2.67195]},"84s":{"weight":1.0,"played":[1.0,0.0,0.0],"evs":[0.0,-2.05934,-2.08072]},"85s":{"weight":1.0,"played":[1.0,0.0,0.0],"evs":[0.0,-1.46798,-1.48426]},"86s":{"weight":1.0,"played":[1.0,0.0,0.0],"evs":[0.0,-0.92907,-0.94395]},"87s":{"weight":1.0,"played":[1.0,0.0,0.0],"evs":[0.0,-0.57364,-0.58972]},"88":{"weight":1.0,"played":[0.0,0.3624,0.6376],"evs":[0.0,4.17978,4.18028]},"98o":{"weight":1.0,"played":[1.0,0.0,0.0],"evs":[0.0,-1.57188,-1.58537]},"T8o":{"weight":1.0,"played":[1.0,0.0,0.0],"evs":[0.0,-1.7373,-1.74653]},"J8o":{"weight":1.0,"played":[1.0,0.0,0.0],"evs":[0.0,-1.96934,-1.97519]},"Q8o":{"weight":1.0,"played":[1.0,0.0,0.0],"evs":[0.0,-2.03253,-2.02942]},"K8o":{"weight":1.0,"played":[1.0,0.0,0.0],"evs":[0.0,-2.02188,-2.02232]},"A8o":{"weight":1.0,"played":[1.0,0.0,0.0],"evs":[0.0,-0.19289,-0.18461]},"92s":{"weight":1.0,"played":[1.0,0.0,0.0],"evs":[0.0,-2.53141,-2.55116]},"93s":{"weight":1.0,"played":[1.0,0.0,0.0],"evs":[0.0,-2.38883,-2.40917]},"94s":{"weight":1.0,"played":[1.0,0.0,0.0],"evs":[0.0,-2.30041,-2.31993]},"95s":{"weight":1.0,"played":[1.0,0.0,0.0],"evs":[0.0,-1.69609,-1.71185]},"96s":{"weight":1.0,"played":[1.0,0.0,0.0],"evs":[0.0,-1.19587,-1.20649]},"97s":{"weight":1.0,"played":[1.0,0.0,0.0],"evs":[0.0,-0.80788,-0.82296]},"98s":{"weight":1.0,"played":[1.0,0.0,0.0],"evs":[0.0,-0.35633,-0.36667]},"99":{"weight":1.0,"played":[0.0,0.2992,0.7008],"evs":[0.0,5.18185,5.18582]},"T9o":{"weight":1.0,"played":[1.0,0.0,0.0],"evs":[0.0,-1.22383,-1.23017]},"J9o":{"weight":1.0,"played":[1.0,0.0,0.0],"evs":[0.0,-1.46163,-1.46399]},"Q9o":{"weight":1.0,"played":[1.0,0.0,0.0],"evs":[0.0,-1.51632,-1.51139]},"K9o":{"weight":1.0,"played":[1.0,0.0,0.0],"evs":[0.0,-1.4616,-1.46216]},"A9o":{"weight":1.0,"played":[0.0,0.2464,0.7536],"evs":[0.0,0.61222,0.61852]},