{"player":1,"street":0,"children":3,"sequence":[{"player":0,"type":"F","amount":0,"street":0}],"actions":[{"type":"F","amount":0,"node":2},{"type":"R","amount":200000,"node":58},{"type":"R","amount":1985000,"node":183}],"hands":{"22":{"weight":1.0,"played":[0.0,0.0,1.0],"evs":[0.0,0.34809,0.43672]},"32o":{"weight":1.0,"played":[1.0,0.0,0.0],"evs":[0.0,-0.55814,-1.7145]},"42o":{"weight":1.0,"played":[1.0,0.0,0.0],"evs":[0.0,-0.53328,-1.58529]},"52o":{"weight":1.0,"played":[1.0,0.0,0.0],"evs":[0.0,-0.50714,-1.45056]},"62o":{"weight":1.0,"played":[1.0,0.0,0.0],"evs":[0.0,-0.55081,-1.5999]},"72o":{"weight":1.0,"played":[1.0,0.0,0.0],"evs":[0.0,-0.56688,-1.73417]},"82o":{"weight":1.0,"played":[1.0,0.0,0.0],"evs":[0.0,-0.54275,-1.59381]},"92o":{"weight":1.0,"played":[1.0,0.0,0.0],"evs":[0.0,-0.52713,-1.52166]},"T2o":{"weight":1.0,"played":[1.0,0.0,0.0],"evs":[0.0,-0.50818,-1.39258]},"J2o":{"weight":1.0,"played":[1.0,0.0,0.0],"evs":[0.0,-0.48992,-1.29342]},"Q2o":{"weight":1.0,"played":[1.0,0.0,0.0],"evs":[0.0,-0.44156,-1.1286]},"K2o":{"weight":1.0,"played":[1.0,0.0,0.0],"evs":[0.0,-0.37944,-0.89425]},"A2o":{"weight":1.0,"played":[1.0,0.0,0.0],"evs":[0.0,-0.05459,-0.23635]},"32s":{"weight":1.0,"played":[1.0,0.0,0.0],"evs":[0.0,-0.37703,-1.03717]},"33":{"weight":1.0,"played":[0.0,0.0916,0.9084],"evs":[0.0,0.59138,0.5941]},"43o":{"weight":1.0,"played":[1.0,0.0,0.0],"evs":[0.0,-0.47751,-1.30817]},"53o":{"weight":1.0,"played":[1.0,0.0,0.0],"evs":[0.0,-0.44492,-1.17206]},"63o":{"weight":1.0,"played":[1.0,0.0,0.0],"evs":[0.0,-0.48896,-1.33697]},"73o":{"weight":1.0,"played":[1.0,0.0,0.0],"evs":[0.0,-0.51618,-1.47099]},"83o":{"weight":1.0,"played":[1.0,0.0,0.0],"evs":[0.0,-0.52983,-1.56447]},"93o":{"weight":1.0,"played":[1.0,0.0,0.0],"evs":[0.0,-0.50847,-1.43617]},"T3o":{"weight":1.0,"played":[1.0,0.0,0.0],"evs":[0.0,-0.48866,-1.3133]},"J3o":{"weight":1.0,"played":[1.0,0.0,0.0],"evs":[0.0,-0.4691,-1.21219]},"Q3o":{"weight":1.0,"played":[1.0,0.0,0.0],"evs":[0.0,-0.41407,-1.04388]},"K3o":{"weight":1.0,"played":[1.0,0.0,0.0],"evs":[0.0,-0.34295,-0.81599]},"A3o":{"weight":1.0,"played":[0.5132,0.4868,0.0],"evs":[0.0,1.6E-4,-0.16469]},"42s":{"weight":1.0,"played":[1.0,0.0,0.0],"evs":[0.0,-0.3416,-0.91341]},"43s":{"weight":1.0,"played":[1.0,0.0,0.0],"evs":[0.0,-0.23518,-0.67092]},"44":{"weight":1.0,"played":[0.0,0.4788,0.5212],"evs":[0.0,0.89419,0.89445]},"54o":{"weight":1.0,"played":[1.0,0.0,0.0],"evs":[0.0,-0.35315,-0.87916]},"64o":{"weight":1.0,"played":[1.0,0.0,0.0],"evs":[0.0,-0.41195,-1.03365]},"74o":{"weight":1.0,"played":[1.0,0.0,0.0],"evs":[0.0,-0.44978,-1.17303]},"84o":{"weight":1.0,"played":[1.0,0.0,0.0],"evs":[0.0,-0.47137,-1.26773]},"94o":{"weight":1.0,"played":[1.0,0.0,0.0],"evs":[0.0,-0.49375,-1.38761]},"T4o":{"weight":1.0,"played":[1.0,0.0,0.0],"evs":[0.0,-0.46638,-1.20815]},"J4o":{"weight":1.0,"played":[1.0,0.0,0.0],"evs":[0.0,-0.44803,-1.10535]},"Q4o":{"weight":1.0,"played":[1.0,0.0,0.0],"evs":[0.0,-0.37682,-0.93681]},"K4o":{"weight":1.0,"played":[1.0,0.0,0.0],"evs":[0.0,-0.30819,-0.70911]},"A4o":{"weight":1.0,"played":[0.0,1.0,0.0],"evs":[0.0,0.0481,-0.05144]},"52s":{"weight":1.0,"played":[1.0,0.0,0.0],"evs":[0.0,-0.30168,-0.77807]},"53s":{"weight":1.0,"played":[1.0,0.0,0.0],"evs":[0.0,-0.17785,-0.52867]},"54s":{"weight":1.0,"played":[0.9998,2.0E-4,0.0],"evs":[0.0,-0.05044,-0.26291]},"55":{"weight":1.0,"played":[0.0,0.173,0.827],"evs":[0.0,1.29375,1.29338]},"65o":{"weight":1.0,"played":[1.0,0.0,0.0],"evs":[0.0,-0.30609,-0.73641]},"75o":{"weight":1.0,"played":[1.0,0.0,0.0],"evs":[0.0,-0.35164,-0.8582]},"85o":{"weight":1.0,"played":[1.0,0.0,0.0],"evs":[0.0,-0.38877,-0.95576]},"95o":{"weight":1.0,"played":[1.0,0.0,0.0],"evs":[0.0,-0.42627,-1.06619]},"T5o":{"weight":1.0,"played":[1.0,0.0,0.0],"evs":[0.0,-0.43585,-1.12834]},"J5o":{"weight":1.0,"played":[1.0,0.0,0.0],"evs":[0.0,-0.40509,-0.98005]},"Q5o":{"weight":1.0,"played":[1.0,0.0,0.0],"evs":[0.0,-0.32874,-0.81942]},"K5o":{"weight":1.0,"played":[1.0,0.0,0.0],"evs":[0.0,-0.25726,-0.58394]},"A5o":{"weight":1.0,"played":[0.0,1.0,0.0],"evs":[0.0,0.1312,0.07372]},"62s":{"weight":1.0,"played":[1.0,0.0,0.0],"evs":[0.0,-0.36943,-0.92734]},"63s":{"weight":1.0,"played":[1.0,0.0,0.0],"evs":[0.0,-0.26864,-0.68889]},"64s":{"weight":1.0,"played":[1.0,0.0,0.0],"evs":[0.0,-0.13694,-0.40486]},"65s":{"weight":1.0,"played":[0.0016,0.9984,0.0],"evs":[0.0,0.02111,-0.11598]},"66":{"weight":1.0,"played":[0.0,0.5914,0.4086],"evs":[0.0,1.65977,1.65901]},"76o":{"weight":1.0,"played":[1.0,0.0,0.0],"evs":[0.0,-0.26983,-0.59606]},"86o":{"weight":1.0,"played":[1.0,0.0,0.0],"evs":[0.0,-0.29965,-0.68227]},"96o":{"weight":1.0,"played":[1.0,0.0,0.0],"evs":[0.0,-0.33578,-0.79536]},"T6o":{"weight":1.0,"played":[1.0,0.0,0.0],"evs":[0.0,-0.36937,-0.85633]},"J6o":{"weight":1.0,"played":[1.0,0.0,0.0],"evs":[0.0,-0.39757,-0.93626]},"Q6o":{"weight":1.0,"played":[1.0,0.0,0.0],"evs":[0.0,-0.30877,-0.72751]},"K6o":{"weight":1.0,"played":[1.0,0.0,0.0],"evs":[0.0,-0.23553,-0.50031]},"A6o":{"weight":1.0,"played":[0.0,1.0,0.0],"evs":[0.0,0.07684,-0.02313]},"72s":{"weight":1.0,"played":[1.0,0.0,0.0],"evs":[0.0,-0.41102,-1.05809]},"73s":{"weight":1.0,"played":[1.0,0.0,0.0],"evs":[0.0,-0.32621,-0.82232]},"74s":{"weight":1.0,"played":[1.0,0.0,0.0],"evs":[0.0,-0.21188,-0.5275]},"75s":{"weight":1.0,"played":[1.0,0.0,0.0],"evs":[0.0,-0.05632,-0.23672]},"76s":{"weight":1.0,"played":[0.0,1.0,0.0],"evs":[0.0,0.08598,0.00921]},"77":{"weight":1.0,"played":[0.0,0.9999,1.0E-4],"evs":[0.0,2.06019,2.03282]},"87o":{"weight":1.0,"played":[1.0,0.0,0.0],"evs":[0.0,-0.2128,-0.46468]},"97o":{"weight":1.0,"played":[1.0,0.0,0.0],"evs":[0.0,-0.23842,-0.56159]},"T7o":{"weight":1.0,"played":[1.0,0.0,0.0],"evs":[0.0,-0.27171,-0.62019]},"J7o":{"weight":1.0,"played":[1.0,0.0,0.0],"evs":[0.0,-0.30495,-0.70259]},"Q7o":{"weight":1.0,"played":[1.0,0.0,0.0],"evs":[0.0,-0.28171,-0.71573]},"K7o":{"weight":1.0,"played":[1.0,0.0,0.0],"evs":[0.0,-0.19873,-0.44129]},"A7o":{"weight":1.0,"played":[0.0,1.0,0.0],"evs":[0.0,0.22289,0.16116]},"82s":{"weight":1.0,"played":[1.0,0.0,0.0],"evs":[0.0,-0.36452,-0.91807]},"83s":{"weight":1.0,"played":[1.0,0.0,0.0],"evs":[0.0,-0.35183,-0.89608]},"84s":{"weight":1.0,"played":[1.0,0.0,0.0],"evs":[0.0,-0.2519,-0.62249]},"85s":{"weight":1.0,"played":[1.0,0.0,0.0],"evs":[0.0,-0.11461,-0.32719]},"86s":{"weight":1.0,"played":[0.0036,0.9964,0.0],"evs":[0.0,0.03063,-0.05873]},"87s":{"weight":1.0,"played":[0.0,1.0,0.0],"evs":[0.0,0.17416,0.12635]},"88":{"weight":1.0,"played":[0.0,1.0,0.0],"evs":[0.0,2.56213,2.49119]},"98o":{"weight":1.0,"played":[1.0,0.0,0.0],"evs":[0.0,-0.12191,-0.32061]},"T8o":{"weight":1.0,"played":[1.0,0.0,0.0],"evs":[0.0,-0.14063,-0.35317]},"J8o":{"weight":1.0,"played":[1.0,0.0,0.0],"evs":[0.0,-0.18319,-0.44357]},"Q8o":{"weight":1.0,"played":[1.0,0.0,0.0],"evs":[0.0,-0.17402,-0.46992]},"K8o":{"weight":1.0,"played":[1.0,0.0,0.0],"evs":[0.0,-0.15011,-0.39255]},"A8o":{"weight":1.0,"played":[0.0,0.984,0.016],"evs":[0.0,0.42159,0.40776]},"92s":{"weight":1.0,"played":[1.0,0.0,0.0],"evs":[0.0,-0.32376,-0.84977]},"93s":{"weight":1.0,"played":[1.0,0.0,0.0],"evs":[0.0,-0.29968,-0.78905]},"94s":{"weight":1.0,"played":[1.0,0.0,0.0],"evs":[0.0,-0.28152,-0.73357]},"95s":{"weight":1.0,"played":[1.0,0.0,0.0],"evs":[0.0,-0.16002,-0.44536]},"96s":{"weight":1.0,"played":[1.0,0.0,0.0],"evs":[0.0,-0.03273,-0.18145]},"97s":{"weight":1.0,"played":[1.0E-4,0.9999,0.0],"evs":[0.0,0.10092,0.04344]},"98s":{"weight":1.0,"played":[0.0,0.9885,0.0115],"evs":[0.0,0.26795,0.25319]},"99":{"weight":1.0,"played":[0.0,1.0,0.0],"evs":[0.0,3.12256,2.98853]},"T9o":{"weight":1.0,"played":[0.0069,0.9931,0.0],"evs":[0.0,0.00718,-0.12936]},"J9o":{"weight":1.0,"played":[1.0,0.0,0.0],"evs":[0.0,-0.0304,-0.2086]},"Q9o":{"weight":1.0,"played":[1.0,0.0,0.0],"evs":[0.0,-0.009,-0.22674]},"K9o":{"weight":1.0,"played":[0.6561,0.3439,0.0],"evs":[0.0,-0.00145,-0.16477]},"A9o":{"weight":1.0,"played":[0.0,0.3048,0.6952],"evs":[0.0,0.75702,0.75746]},"T2s":{"weight":1.0,"played":[1.0,0.0,0.0],