{"player":1,"street":0,"children":4,"sequence":[{"player":0,"type":"R","amount":200000,"street":0}],"actions":[{"type":"F","amount":0,"node":199},{"type":"C","amount":200000,"node":324},{"type":"R","amount":500000,"node":553},{"type":"R","amount":2785000,"node":623}],"hands":{"22":{"weight":1.0,"played":[0.6704,0.3192,0.0104,0.0],"evs":[0.0,-0.00103,-0.0176,-0.38457]},"32o":{"weight":1.0,"played":[1.0,0.0,0.0,0.0],"evs":[0.0,-0.68398,-0.76783,-2.21526]},"42o":{"weight":1.0,"played":[1.0,0.0,0.0,0.0],"evs":[0.0,-0.64977,-0.73762,-2.14673]},"52o":{"weight":1.0,"played":[1.0,0.0,0.0,0.0],"evs":[0.0,-0.64216,-0.70491,-2.02383]},"62o":{"weight":1.0,"played":[1.0,0.0,0.0,0.0],"evs":[0.0,-0.71884,-0.75785,-2.14754]},"72o":{"weight":1.0,"played":[1.0,0.0,0.0,0.0],"evs":[0.0,-0.78851,-0.83352,-2.35324]},"82o":{"weight":1.0,"played":[1.0,0.0,0.0,0.0],"evs":[0.0,-0.76448,-0.79063,-2.17193]},"92o":{"weight":1.0,"played":[1.0,0.0,0.0,0.0],"evs":[0.0,-0.74806,-0.75678,-2.04483]},"T2o":{"weight":1.0,"played":[1.0,0.0,0.0,0.0],"evs":[0.0,-0.74089,-0.73528,-1.98131]},"J2o":{"weight":1.0,"played":[1.0,0.0,0.0,0.0],"evs":[0.0,-0.71638,-0.71463,-1.79843]},"Q2o":{"weight":1.0,"played":[1.0,0.0,0.0,0.0],"evs":[0.0,-0.65517,-0.61612,-1.58153]},"K2o":{"weight":1.0,"played":[1.0,0.0,0.0,0.0],"evs":[0.0,-0.57886,-0.55857,-1.35815]},"A2o":{"weight":1.0,"played":[1.0,0.0,0.0,0.0],"evs":[0.0,-0.47565,-0.3669,-0.84101]},"32s":{"weight":1.0,"played":[1.0,0.0,0.0,0.0],"evs":[0.0,-0.40796,-0.45502,-1.51416]},"33":{"weight":1.0,"played":[0.001,0.9866,0.0123,0.0],"evs":[0.0,0.07663,0.07246,-0.28528]},"43o":{"weight":1.0,"played":[1.0,0.0,0.0,0.0],"evs":[0.0,-0.54542,-0.62261,-1.88042]},"53o":{"weight":1.0,"played":[1.0,0.0,0.0,0.0],"evs":[0.0,-0.51524,-0.58402,-1.73927]},"63o":{"weight":1.0,"played":[1.0,0.0,0.0,0.0],"evs":[0.0,-0.61696,-0.63516,-1.8803]},"73o":{"weight":1.0,"played":[1.0,0.0,0.0,0.0],"evs":[0.0,-0.71218,-0.73653,-2.07861]},"83o":{"weight":1.0,"played":[1.0,0.0,0.0,0.0],"evs":[0.0,-0.75632,-0.78301,-2.16168]},"93o":{"weight":1.0,"played":[1.0,0.0,0.0,0.0],"evs":[0.0,-0.71044,-0.73858,-1.96567]},"T3o":{"weight":1.0,"played":[1.0,0.0,0.0,0.0],"evs":[0.0,-0.70992,-0.71947,-1.92719]},"J3o":{"weight":1.0,"played":[1.0,0.0,0.0,0.0],"evs":[0.0,-0.68653,-0.69551,-1.72439]},"Q3o":{"weight":1.0,"played":[1.0,0.0,0.0,0.0],"evs":[0.0,-0.62055,-0.58843,-1.50612]},"K3o":{"weight":1.0,"played":[1.0,0.0,0.0,0.0],"evs":[0.0,-0.5475,-0.53728,-1.29115]},"A3o":{"weight":1.0,"played":[1.0,0.0,0.0,0.0],"evs":[0.0,-0.41186,-0.33176,-0.77179]},"42s":{"weight":1.0,"played":[1.0,0.0,0.0,0.0],"evs":[0.0,-0.35196,-0.41642,-1.43033]},"43s":{"weight":1.0,"played":[1.0,0.0,0.0,0.0],"evs":[0.0,-0.24165,-0.32573,-1.20245]},"44":{"weight":1.0,"played":[0.0,0.9998,2.0E-4,0.0],"evs":[0.0,0.16554,0.15977,-0.20545]},"54o":{"weight":1.0,"played":[1.0,0.0,0.0,0.0],"evs":[0.0,-0.40821,-0.47679,-1.48776]},"64o":{"weight":1.0,"played":[1.0,0.0,0.0,0.0],"evs":[0.0,-0.48863,-0.50829,-1.60208]},"74o":{"weight":1.0,"played":[1.0,0.0,0.0,0.0],"evs":[0.0,-0.59935,-0.6066,-1.79988]},"84o":{"weight":1.0,"played":[1.0,0.0,0.0,0.0],"evs":[0.0,-0.67066,-0.67796,-1.91597]},"94o":{"weight":1.0,"played":[1.0,0.0,0.0,0.0],"evs":[0.0,-0.69435,-0.72662,-1.97479]},"T4o":{"weight":1.0,"played":[1.0,0.0,0.0,0.0],"evs":[0.0,-0.68233,-0.68892,-1.85804]},"J4o":{"weight":1.0,"played":[1.0,0.0,0.0,0.0],"evs":[0.0,-0.65671,-0.66009,-1.66868]},"Q4o":{"weight":1.0,"played":[1.0,0.0,0.0,0.0],"evs":[0.0,-0.59089,-0.55864,-1.44549]},"K4o":{"weight":1.0,"played":[1.0,0.0,0.0,0.0],"evs":[0.0,-0.50672,-0.49577,-1.20759]},"A4o":{"weight":1.0,"played":[1.0,0.0,0.0,0.0],"evs":[0.0,-0.37326,-0.30583,-0.69884]},"52s":{"weight":1.0,"played":[1.0,0.0,0.0,0.0],"evs":[0.0,-0.34135,-0.41122,-1.33929]},"53s":{"weight":1.0,"played":[1.0,0.0,0.0,0.0],"evs":[0.0,-0.19271,-0.2854,-1.05912]},"54s":{"weight":1.0,"played":[1.0,0.0,0.0,0.0],"evs":[0.0,-0.06564,-0.18587,-0.82422]},"55":{"weight":1.0,"played":[0.0,0.983,0.0168,1.0E-4],"evs":[0.0,0.29149,0.29063,0.00524]},"65o":{"weight":1.0,"played":[1.0,0.0,0.0,0.0],"evs":[0.0,-0.36442,-0.39004,-1.31736]},"75o":{"weight":1.0,"played":[1.0,0.0,0.0,0.0],"evs":[0.0,-0.46877,-0.46675,-1.50463]},"85o":{"weight":1.0,"played":[1.0,0.0,0.0,0.0],"evs":[0.0,-0.55729,-0.54886,-1.61595]},"95o":{"weight":1.0,"played":[1.0,0.0,0.0,0.0],"evs":[0.0,-0.61219,-0.61608,-1.68996]},"T5o":{"weight":1.0,"played":[1.0,0.0,0.0,0.0],"evs":[0.0,-0.6676,-0.67996,-1.81464]},"J5o":{"weight":1.0,"played":[1.0,0.0,0.0,0.0],"evs":[0.0,-0.64404,-0.64163,-1.58137]},"Q5o":{"weight":1.0,"played":[1.0,0.0,0.0,0.0],"evs":[0.0,-0.57722,-0.53221,-1.35615]},"K5o":{"weight":1.0,"played":[1.0,0.0,0.0,0.0],"evs":[0.0,-0.48689,-0.45826,-1.12638]},"A5o":{"weight":1.0,"played":[1.0,0.0,0.0,0.0],"evs":[0.0,-0.30996,-0.22821,-0.59853]},"62s":{"weight":1.0,"played":[1.0,0.0,0.0,0.0],"evs":[0.0,-0.43493,-0.45846,-1.46418]},"63s":{"weight":1.0,"played":[1.0,0.0,0.0,0.0],"evs":[0.0,-0.29274,-0.33332,-1.17761]},"64s":{"weight":1.0,"played":[1.0,0.0,0.0,0.0],"evs":[0.0,-0.14809,-0.20763,-0.91863]},"65s":{"weight":1.0,"played":[1.0,0.0,0.0,0.0],"evs":[0.0,-0.02597,-0.09463,-0.66746]},"66":{"weight":1.0,"played":[0.0,0.9968,0.0032,0.0],"evs":[0.0,0.54878,0.51716,0.45263]},"76o":{"weight":1.0,"played":[1.0,0.0,0.0,0.0],"evs":[0.0,-0.35975,-0.33352,-1.20073]},"86o":{"weight":1.0,"played":[1.0,0.0,0.0,0.0],"evs":[0.0,-0.43036,-0.40876,-1.29811]},"96o":{"weight":1.0,"played":[1.0,0.0,0.0,0.0],"evs":[0.0,-0.47713,-0.4569,-1.36128]},"T6o":{"weight":1.0,"played":[1.0,0.0,0.0,0.0],"evs":[0.0,-0.57675,-0.53423,-1.49715]},"J6o":{"weight":1.0,"played":[1.0,0.0,0.0,0.0],"evs":[0.0,-0.62316,-0.59488,-1.49734]},"Q6o":{"weight":1.0,"played":[1.0,0.0,0.0,0.0],"evs":[0.0,-0.54236,-0.47767,-1.23229]},"K6o":{"weight":1.0,"played":[1.0,0.0,0.0,0.0],"evs":[0.0,-0.43266,-0.38858,-0.99051]},"A6o":{"weight":1.0,"played":[1.0,0.0,0.0,0.0],"evs":[0.0,-0.38116,-0.26433,-0.73427]},"72s":{"weight":1.0,"played":[1.0,0.0,0.0,0.0],"evs":[0.0,-0.51149,-0.51211,-1.61659]},"73s":{"weight":1.0,"played":[1.0,0.0,0.0,0.0],"evs":[0.0,-0.39587,-0.41306,-1.3707]},"74s":{"weight":1.0,"played":[1.0,0.0,0.0,0.0],"evs":[0.0,-0.25669,-0.2914,-1.11844]},"75s":{"weight":1.0,"played":[1.0,0.0,0.0,0.0],"evs":[0.0,-0.11547,-0.16594,-0.84834]},"76s":{"weight":1.0,"played":[0.1683,0.8317,0.0,0.0],"evs":[0.0,0.00774,-0.02176,-0.53969]},"77":{"weight":1.0,"played":[0.0,0.9912,4.0E-4,0.0084],"evs":[0.0,0.88172,0.83449,0.84222]},"87o":{"weight":1.0,"played":[1.0,0.0,0.0,0.0],"evs":[0.0,-0.36298,-0.30973,-1.09099]},"97o":{"weight":1.0,"played":[1.0,0.0,0.0,0.0],"evs":[0.0,-0.36916,-0.33453,-1.13773]},"T7o":{"weight":1.0,"played":[1.0,0.0,0.0,0.0],"evs":[0.0,-0.47146,-0.41937,-1.25991]},"J7o":{"weight":1.0,"played":[1.0,0.0,0.0,0.0],"evs":[0.0,-0.53515,-0.47701,-1.27466]},"Q7o":{"weight":1.0,"played":[1.0,0.0,0.0,0.0],"evs":[0.0,-0.53747,-0.45213,-1.22588]},"K7o":{"weight":1.0,"played":[1.0,0.0,0.0,0.0],"evs":[0.0,-0.42663,-0.36126,-0.94656]},"A7o":{"weight":1.0,"played":[1.0,0.0,0.0,0.0],"evs":[0.0,-0.31462,-0.20844,-0.63037]},"82s":{"weight":1.0,"played":[1.0,0.0,0.0,0.0],"evs":[0.0,-0.46804,-0.4838,-1.4857]},"83s":{"weight":1.0,"played":[1.0,0.0,0.0,0.0],"evs":[0.0,-0.45932,-0.47296,-1.46346]},"84s":{"weight":1.0,"played":[1.0,0.0,0.0,0.0],"evs":[0.0,-0.34446,-0.36145,-1.22624]},"85s":{"weight":1.0,"played":[1.0,0.0,0.0,0.0],"evs":[0.0,-0.21285,-0.23894,-0.94043]},"86s":{"weight":1.0,"played":[1.0,0.0,0.0,0.0],"evs":[0.0,-0.08147,-0.09565,-0.64628]},"87s":{"weight":1.0,"played":[0.2051,0.7906,0.0043,0.0],"evs":[0.0,0.02289,0.00304,-0.43754]},"88":{"weight":1.0,"played":[0.0,0.9935,0.0065,0.0],"evs":[0.0,1.41546,1.40206,1.34105]},"98o":{"weight":1.0,"played":[1.0,0.0,0.0,0.0],"evs":[0.0,-0.2892,-0.23696,-0.91482]},"T8o":{"weight":1.0,"played":[1.0,0.0,0.0,0.0],"evs":[0.0,-0.35668,-0.29361,-0.96914]},"J8o":{"weight":1.0,"played":[1.0,0.0,0.0,0.0],"evs":[0.0,-0.40208,-0.36284,-0.98802]},"Q8o":{"weight":1.0,