{"player":2,"street":0,"children":3,"sequence":[{"player":0,"type":"R","amount":200000,"street":0},{"player":1,"type":"C","amount":200000,"street":0}],"actions":[{"type":"F","amount":0,"node":325},{"type":"C","amount":200000,"node":417},{"type":"R","amount":1885000,"node":512}],"hands":{"22":{"weight":1.0,"played":[1.0,0.0,0.0],"evs":[0.0,-0.15906,-0.32094]},"32o":{"weight":1.0,"played":[1.0,0.0,0.0],"evs":[0.0,-0.77716,-2.65499]},"42o":{"weight":1.0,"played":[1.0,0.0,0.0],"evs":[0.0,-0.75693,-2.57512]},"52o":{"weight":1.0,"played":[1.0,0.0,0.0],"evs":[0.0,-0.7231,-2.42847]},"62o":{"weight":1.0,"played":[1.0,0.0,0.0],"evs":[0.0,-0.81496,-2.63431]},"72o":{"weight":1.0,"played":[1.0,0.0,0.0],"evs":[0.0,-0.91472,-2.86846]},"82o":{"weight":1.0,"played":[1.0,0.0,0.0],"evs":[0.0,-0.8894,-2.63925]},"92o":{"weight":1.0,"played":[1.0,0.0,0.0],"evs":[0.0,-0.86169,-2.49215]},"T2o":{"weight":1.0,"played":[1.0,0.0,0.0],"evs":[0.0,-0.90268,-2.52379]},"J2o":{"weight":1.0,"played":[1.0,0.0,0.0],"evs":[0.0,-0.88938,-2.37801]},"Q2o":{"weight":1.0,"played":[1.0,0.0,0.0],"evs":[0.0,-0.84704,-2.12517]},"K2o":{"weight":1.0,"played":[1.0,0.0,0.0],"evs":[0.0,-0.75801,-1.75784]},"A2o":{"weight":1.0,"played":[1.0,0.0,0.0],"evs":[0.0,-0.70218,-1.22373]},"32s":{"weight":1.0,"played":[1.0,0.0,0.0],"evs":[0.0,-0.52217,-1.81619]},"33":{"weight":1.0,"played":[1.0,0.0,0.0],"evs":[0.0,-0.09383,-0.31499]},"43o":{"weight":1.0,"played":[1.0,0.0,0.0],"evs":[0.0,-0.65658,-2.28157]},"53o":{"weight":1.0,"played":[1.0,0.0,0.0],"evs":[0.0,-0.61369,-2.12196]},"63o":{"weight":1.0,"played":[1.0,0.0,0.0],"evs":[0.0,-0.69145,-2.34446]},"73o":{"weight":1.0,"played":[1.0,0.0,0.0],"evs":[0.0,-0.81792,-2.58885]},"83o":{"weight":1.0,"played":[1.0,0.0,0.0],"evs":[0.0,-0.90154,-2.70591]},"93o":{"weight":1.0,"played":[1.0,0.0,0.0],"evs":[0.0,-0.84883,-2.49795]},"T3o":{"weight":1.0,"played":[1.0,0.0,0.0],"evs":[0.0,-0.89382,-2.54015]},"J3o":{"weight":1.0,"played":[1.0,0.0,0.0],"evs":[0.0,-0.88894,-2.38702]},"Q3o":{"weight":1.0,"played":[1.0,0.0,0.0],"evs":[0.0,-0.83344,-2.11038]},"K3o":{"weight":1.0,"played":[1.0,0.0,0.0],"evs":[0.0,-0.74528,-1.7145]},"A3o":{"weight":1.0,"played":[1.0,0.0,0.0],"evs":[0.0,-0.65307,-1.19547]},"42s":{"weight":1.0,"played":[1.0,0.0,0.0],"evs":[0.0,-0.48468,-1.67646]},"43s":{"weight":1.0,"played":[1.0,0.0,0.0],"evs":[0.0,-0.36229,-1.39295]},"44":{"weight":1.0,"played":[0.3071,0.6929,0.0],"evs":[0.0,0.01472,-0.1984]},"54o":{"weight":1.0,"played":[1.0,0.0,0.0],"evs":[0.0,-0.4828,-1.81672]},"64o":{"weight":1.0,"played":[1.0,0.0,0.0],"evs":[0.0,-0.54835,-2.00814]},"74o":{"weight":1.0,"played":[1.0,0.0,0.0],"evs":[0.0,-0.70226,-2.22419]},"84o":{"weight":1.0,"played":[1.0,0.0,0.0],"evs":[0.0,-0.79837,-2.31397]},"94o":{"weight":1.0,"played":[1.0,0.0,0.0],"evs":[0.0,-0.83617,-2.45282]},"T4o":{"weight":1.0,"played":[1.0,0.0,0.0],"evs":[0.0,-0.87568,-2.46105]},"J4o":{"weight":1.0,"played":[1.0,0.0,0.0],"evs":[0.0,-0.8643,-2.26746]},"Q4o":{"weight":1.0,"played":[1.0,0.0,0.0],"evs":[0.0,-0.81316,-2.02174]},"K4o":{"weight":1.0,"played":[1.0,0.0,0.0],"evs":[0.0,-0.72315,-1.61672]},"A4o":{"weight":1.0,"played":[1.0,0.0,0.0],"evs":[0.0,-0.61072,-1.05436]},"52s":{"weight":1.0,"played":[1.0,0.0,0.0],"evs":[0.0,-0.40356,-1.592]},"53s":{"weight":1.0,"played":[1.0,0.0,0.0],"evs":[0.0,-0.3218,-1.30408]},"54s":{"weight":1.0,"played":[1.0,0.0,0.0],"evs":[0.0,-0.19627,-0.98035]},"55":{"weight":1.0,"played":[0.0,0.9999,0.0],"evs":[0.0,0.16318,0.03323]},"65o":{"weight":1.0,"played":[1.0,0.0,0.0],"evs":[0.0,-0.42315,-1.63179]},"75o":{"weight":1.0,"played":[1.0,0.0,0.0],"evs":[0.0,-0.55995,-1.86548]},"85o":{"weight":1.0,"played":[1.0,0.0,0.0],"evs":[0.0,-0.65758,-2.00296]},"95o":{"weight":1.0,"played":[1.0,0.0,0.0],"evs":[0.0,-0.73309,-2.10022]},"T5o":{"weight":1.0,"played":[1.0,0.0,0.0],"evs":[0.0,-0.86191,-2.39941]},"J5o":{"weight":1.0,"played":[1.0,0.0,0.0],"evs":[0.0,-0.85816,-2.17219]},"Q5o":{"weight":1.0,"played":[1.0,0.0,0.0],"evs":[0.0,-0.78598,-1.91052]},"K5o":{"weight":1.0,"played":[1.0,0.0,0.0],"evs":[0.0,-0.6877,-1.50796]},"A5o":{"weight":1.0,"played":[1.0,0.0,0.0],"evs":[0.0,-0.53401,-0.93841]},"62s":{"weight":1.0,"played":[1.0,0.0,0.0],"evs":[0.0,-0.51466,-1.74624]},"63s":{"weight":1.0,"played":[1.0,0.0,0.0],"evs":[0.0,-0.3723,-1.46152]},"64s":{"weight":1.0,"played":[1.0,0.0,0.0],"evs":[0.0,-0.23994,-1.09071]},"65s":{"weight":1.0,"played":[1.0,0.0,0.0],"evs":[0.0,-0.08359,-0.82512]},"66":{"weight":1.0,"played":[0.0,0.5633,0.4367],"evs":[0.0,0.41756,0.41797]},"76o":{"weight":1.0,"played":[1.0,0.0,0.0],"evs":[0.0,-0.44287,-1.49854]},"86o":{"weight":1.0,"played":[1.0,0.0,0.0],"evs":[0.0,-0.5008,-1.63559]},"96o":{"weight":1.0,"played":[1.0,0.0,0.0],"evs":[0.0,-0.60372,-1.74467]},"T6o":{"weight":1.0,"played":[1.0,0.0,0.0],"evs":[0.0,-0.73031,-2.02826]},"J6o":{"weight":1.0,"played":[1.0,0.0,0.0],"evs":[0.0,-0.80077,-2.11321]},"Q6o":{"weight":1.0,"played":[1.0,0.0,0.0],"evs":[0.0,-0.74369,-1.77429]},"K6o":{"weight":1.0,"played":[1.0,0.0,0.0],"evs":[0.0,-0.64538,-1.4067]},"A6o":{"weight":1.0,"played":[1.0,0.0,0.0],"evs":[0.0,-0.62862,-1.19575]},"72s":{"weight":1.0,"played":[1.0,0.0,0.0],"evs":[0.0,-0.63463,-2.01504]},"73s":{"weight":1.0,"played":[1.0,0.0,0.0],"evs":[0.0,-0.50442,-1.70131]},"74s":{"weight":1.0,"played":[1.0,0.0,0.0],"evs":[0.0,-0.36797,-1.33835]},"75s":{"weight":1.0,"played":[1.0,0.0,0.0],"evs":[0.0,-0.27703,-1.09087]},"76s":{"weight":1.0,"played":[1.0,0.0,0.0],"evs":[0.0,-0.11423,-0.71541]},"77":{"weight":1.0,"played":[0.0,8.0E-4,0.9992],"evs":[0.0,0.74179,0.85396]},"87o":{"weight":1.0,"played":[1.0,0.0,0.0],"evs":[0.0,-0.45818,-1.33825]},"97o":{"weight":1.0,"played":[1.0,0.0,0.0],"evs":[0.0,-0.49723,-1.46566]},"T7o":{"weight":1.0,"played":[1.0,0.0,0.0],"evs":[0.0,-0.61559,-1.73218]},"J7o":{"weight":1.0,"played":[1.0,0.0,0.0],"evs":[0.0,-0.74234,-1.79646]},"Q7o":{"weight":1.0,"played":[1.0,0.0,0.0],"evs":[0.0,-0.74077,-1.75889]},"K7o":{"weight":1.0,"played":[1.0,0.0,0.0],"evs":[0.0,-0.6307,-1.32128]},"A7o":{"weight":1.0,"played":[1.0,0.0,0.0],"evs":[0.0,-0.60305,-1.03974]},"82s":{"weight":1.0,"played":[1.0,0.0,0.0],"evs":[0.0,-0.61285,-1.78654]},"83s":{"weight":1.0,"played":[1.0,0.0,0.0],"evs":[0.0,-0.58254,-1.78449]},"84s":{"weight":1.0,"played":[1.0,0.0,0.0],"evs":[0.0,-0.49116,-1.45378]},"85s":{"weight":1.0,"played":[1.0,0.0,0.0],"evs":[0.0,-0.36314,-1.17256]},"86s":{"weight":1.0,"played":[1.0,0.0,0.0],"evs":[0.0,-0.17613,-0.82283]},"87s":{"weight":1.0,"played":[1.0,0.0,0.0],"evs":[0.0,-0.13138,-0.57913]},"88":{"weight":1.0,"played":[0.0,0.0,1.0],"evs":[0.0,1.24286,1.69009]},"98o":{"weight":1.0,"played":[1.0,0.0,0.0],"evs":[0.0,-0.42802,-1.12418]},"T8o":{"weight":1.0,"played":[1.0,0.0,0.0],"evs":[0.0,-0.52014,-1.35883]},"J8o":{"weight":1.0,"played":[1.0,0.0,0.0],"evs":[0.0,-0.63156,-1.43182]},"Q8o":{"weight":1.0,"played":[1.0,0.0,0.0],"evs":[0.0,-0.66962,-1.42135]},"K8o":{"weight":1.0,"played":[1.0,0.0,0.0],"evs":[0.0,-0.61156,-1.25872]},"A8o":{"weight":1.0,"played":[1.0,0.0,0.0],"evs":[0.0,-0.51054,-0.85494]},"92s":{"weight":1.0,"played":[1.0,0.0,0.0],"evs":[0.0,-0.55649,-1.57886]},"93s":{"weight":1.0,"played":[1.0,0.0,0.0],"evs":[0.0,-0.54518,-1.59191]},"94s":{"weight":1.0,"played":[1.0,0.0,0.0],"evs":[0.0,-0.52896,-1.5741]},"95s":{"weight":1.0,"played":[1.0,0.0,0.0],"evs":[0.0,-0.4197,-1.22726]},"96s":{"weight":1.0,"played":[1.0,0.0,0.0],"evs":[0.0,-0.26117,-0.91873]},"97s":{"weight":1.0,"played":[1.0,0.0,0.0],"evs":[0.0,-0.13642,-0.61546]},"98s":{"weight":1.0,"played":[0.974,0.026,0.0],"evs":[0.0,-0.05403,-0.3323]},"99":{"weight":1.0,"played":[0.0,1.0E-4,0.9999],"evs":[0.0,1.75235,2.51819]},"T9o":{"weight":1.0,"played":[1.0,0.0,0.0],"evs":[0.0,-0.43628,-0.99617]},"J9o":{"weight":1.0,"played":[1.0,0.0,0.0],"evs":[0.0,-0.50719,-1.03764]},"Q9o":{"weight":1.0,"played":[1.0,0.0,0.0],"evs":[0.0,-0.53359,-1.03265]},"K9o":{"weight":1.0,"played":[1.0,0.0,0.0],"evs":[0.0,-0.47603,-0.87255]},"A9o":{"weight":1.0,"played":[1.0,0.0,0.0],"evs":[0.0,-0.39376,-0.70313]},"T2s":{"weight":1.0,