{"player":3,"street":0,"children":2,"sequence":[{"player":0,"type":"R","amount":200000,"street":0},{"player":1,"type":"R","amount":500000,"street":0},{"player":2,"type":"R","amount":1885000,"street":0}],"actions":[{"type":"F","amount":0,"node":591},{"type":"C","amount":985000,"node":608}],"hands":{"22":{"weight":1.0,"played":[0.9965,0.0035],"evs":[0.0,-1.66846]},"32o":{"weight":1.0,"played":[1.0,0.0],"evs":[0.0,-3.86882]},"42o":{"weight":1.0,"played":[1.0,0.0],"evs":[0.0,-3.07893]},"52o":{"weight":1.0,"played":[0.9999,1.0E-4],"evs":[0.0,-3.66811]},"62o":{"weight":1.0,"played":[1.0,0.0],"evs":[0.0,-3.44106]},"72o":{"weight":1.0,"played":[1.0,0.0],"evs":[0.0,-4.33179]},"82o":{"weight":1.0,"played":[1.0,0.0],"evs":[0.0,-4.13615]},"92o":{"weight":1.0,"played":[0.9999,1.0E-4],"evs":[0.0,-3.87564]},"T2o":{"weight":1.0,"played":[0.9997,3.0E-4],"evs":[0.0,-4.14828]},"J2o":{"weight":1.0,"played":[1.0,0.0],"evs":[0.0,-3.87059]},"Q2o":{"weight":1.0,"played":[0.9995,5.0E-4],"evs":[0.0,-3.77426]},"K2o":{"weight":1.0,"played":[0.9999,1.0E-4],"evs":[0.0,-3.48081]},"A2o":{"weight":1.0,"played":[0.9998,2.0E-4],"evs":[0.0,-3.27855]},"32s":{"weight":1.0,"played":[0.9991,9.0E-4],"evs":[0.0,-1.82315]},"33":{"weight":1.0,"played":[0.9959,0.0041],"evs":[0.0,-1.81385]},"43o":{"weight":1.0,"played":[0.9995,5.0E-4],"evs":[0.0,-2.59776]},"53o":{"weight":1.0,"played":[0.9991,9.0E-4],"evs":[0.0,-2.6152]},"63o":{"weight":1.0,"played":[0.9998,2.0E-4],"evs":[0.0,-3.04917]},"73o":{"weight":1.0,"played":[1.0,0.0],"evs":[0.0,-3.8884]},"83o":{"weight":1.0,"played":[1.0,0.0],"evs":[0.0,-4.07712]},"93o":{"weight":1.0,"played":[1.0,0.0],"evs":[0.0,-4.0428]},"T3o":{"weight":1.0,"played":[0.9998,2.0E-4],"evs":[0.0,-3.89639]},"J3o":{"weight":1.0,"played":[0.9998,2.0E-4],"evs":[0.0,-3.99167]},"Q3o":{"weight":1.0,"played":[0.9999,1.0E-4],"evs":[0.0,-4.20069]},"K3o":{"weight":1.0,"played":[1.0,0.0],"evs":[0.0,-3.60531]},"A3o":{"weight":1.0,"played":[0.9996,4.0E-4],"evs":[0.0,-3.16909]},"42s":{"weight":1.0,"played":[0.998,0.002],"evs":[0.0,-2.49295]},"43s":{"weight":1.0,"played":[0.9885,0.0115],"evs":[0.0,-2.07001]},"44":{"weight":1.0,"played":[0.9932,0.0068],"evs":[0.0,-1.30644]},"54o":{"weight":1.0,"played":[0.9991,9.0E-4],"evs":[0.0,-2.37423]},"64o":{"weight":1.0,"played":[1.0,0.0],"evs":[0.0,-2.31082]},"74o":{"weight":1.0,"played":[1.0,0.0],"evs":[0.0,-3.13686]},"84o":{"weight":1.0,"played":[1.0,0.0],"evs":[0.0,-3.53341]},"94o":{"weight":1.0,"played":[1.0,0.0],"evs":[0.0,-3.43954]},"T4o":{"weight":1.0,"played":[1.0,0.0],"evs":[0.0,-3.7276]},"J4o":{"weight":1.0,"played":[0.9999,1.0E-4],"evs":[0.0,-3.44757]},"Q4o":{"weight":1.0,"played":[1.0,0.0],"evs":[0.0,-3.85145]},"K4o":{"weight":1.0,"played":[0.9996,4.0E-4],"evs":[0.0,-3.90021]},"A4o":{"weight":1.0,"played":[1.0,0.0],"evs":[0.0,-3.08715]},"52s":{"weight":1.0,"played":[0.9997,3.0E-4],"evs":[0.0,-2.09644]},"53s":{"weight":1.0,"played":[0.9928,0.0072],"evs":[0.0,-1.45577]},"54s":{"weight":1.0,"played":[0.9214,0.0786],"evs":[0.0,-0.13232]},"55":{"weight":1.0,"played":[0.9945,0.0055],"evs":[0.0,-1.18923]},"65o":{"weight":1.0,"played":[0.9996,4.0E-4],"evs":[0.0,-2.08653]},"75o":{"weight":1.0,"played":[0.9999,1.0E-4],"evs":[0.0,-2.61703]},"85o":{"weight":1.0,"played":[0.9992,8.0E-4],"evs":[0.0,-2.94399]},"95o":{"weight":1.0,"played":[1.0,0.0],"evs":[0.0,-3.39804]},"T5o":{"weight":1.0,"played":[0.9999,1.0E-4],"evs":[0.0,-3.96685]},"J5o":{"weight":1.0,"played":[1.0,0.0],"evs":[0.0,-3.40114]},"Q5o":{"weight":1.0,"played":[1.0,0.0],"evs":[0.0,-4.56693]},"K5o":{"weight":1.0,"played":[1.0,0.0],"evs":[0.0,-2.98993]},"A5o":{"weight":1.0,"played":[1.0,0.0],"evs":[0.0,-2.39895]},"62s":{"weight":1.0,"played":[0.9884,0.0116],"evs":[0.0,-1.00044]},"63s":{"weight":1.0,"played":[0.9982,0.0018],"evs":[0.0,-1.70527]},"64s":{"weight":1.0,"played":[0.9993,7.0E-4],"evs":[0.0,-0.69118]},"65s":{"weight":1.0,"played":[0.9754,0.0246],"evs":[0.0,-1.16083]},"66":{"weight":1.0,"played":[0.9998,2.0E-4],"evs":[0.0,-0.78932]},"76o":{"weight":1.0,"played":[0.9981,0.0019],"evs":[0.0,-2.34523]},"86o":{"weight":1.0,"played":[1.0,0.0],"evs":[0.0,-2.7909]},"96o":{"weight":1.0,"played":[1.0,0.0],"evs":[0.0,-2.1375]},"T6o":{"weight":1.0,"played":[1.0,0.0],"evs":[0.0,-3.64121]},"J6o":{"weight":1.0,"played":[1.0,0.0],"evs":[0.0,-3.82528]},"Q6o":{"weight":1.0,"played":[0.9994,6.0E-4],"evs":[0.0,-3.12623]},"K6o":{"weight":1.0,"played":[0.9998,2.0E-4],"evs":[0.0,-3.46949]},"A6o":{"weight":1.0,"played":[0.9999,1.0E-4],"evs":[0.0,-2.94557]},"72s":{"weight":1.0,"played":[0.998,0.002],"evs":[0.0,-2.39855]},"73s":{"weight":1.0,"played":[0.9994,6.0E-4],"evs":[0.0,-2.34542]},"74s":{"weight":1.0,"played":[0.9999,1.0E-4],"evs":[0.0,-2.45079]},"75s":{"weight":1.0,"played":[0.9112,0.0888],"evs":[0.0,-2.06137]},"76s":{"weight":1.0,"played":[0.9367,0.0633],"evs":[0.0,-1.28809]},"77":{"weight":1.0,"played":[0.9244,0.0756],"evs":[0.0,-0.87588]},"87o":{"weight":1.0,"played":[0.9998,2.0E-4],"evs":[0.0,-2.70283]},"97o":{"weight":1.0,"played":[0.9995,5.0E-4],"evs":[0.0,-3.11916]},"T7o":{"weight":1.0,"played":[0.9997,3.0E-4],"evs":[0.0,-3.3201]},"J7o":{"weight":1.0,"played":[0.9996,4.0E-4],"evs":[0.0,-3.13372]},"Q7o":{"weight":1.0,"played":[0.9998,2.0E-4],"evs":[0.0,-3.93649]},"K7o":{"weight":1.0,"played":[1.0,0.0],"evs":[0.0,-2.59183]},"A7o":{"weight":1.0,"played":[0.9997,3.0E-4],"evs":[0.0,-3.46161]},"82s":{"weight":1.0,"played":[0.9999,1.0E-4],"evs":[0.0,-3.09829]},"83s":{"weight":1.0,"played":[0.9996,4.0E-4],"evs":[0.0,-2.75097]},"84s":{"weight":1.0,"played":[0.9998,2.0E-4],"evs":[0.0,-2.35662]},"85s":{"weight":1.0,"played":[0.9942,0.0058],"evs":[0.0,-2.37966]},"86s":{"weight":1.0,"played":[0.9998,2.0E-4],"evs":[0.0,-1.2179]},"87s":{"weight":1.0,"played":[0.9641,0.0359],"evs":[0.0,-1.47554]},"88":{"weight":1.0,"played":[0.9777,0.0223],"evs":[0.0,-0.74132]},"98o":{"weight":1.0,"played":[0.9999,1.0E-4],"evs":[0.0,-2.39362]},"T8o":{"weight":1.0,"played":[0.999,0.001],"evs":[0.0,-2.68743]},"J8o":{"weight":1.0,"played":[0.9993,7.0E-4],"evs":[0.0,-2.92804]},"Q8o":{"weight":1.0,"played":[0.9997,3.0E-4],"evs":[0.0,-2.94463]},"K8o":{"weight":1.0,"played":[0.9999,1.0E-4],"evs":[0.0,-3.96474]},"A8o":{"weight":1.0,"played":[0.9997,3.0E-4],"evs":[0.0,-3.35921]},"92s":{"weight":1.0,"played":[0.9966,0.0034],"evs":[0.0,-2.64784]},"93s":{"weight":1.0,"played":[0.9993,7.0E-4],"evs":[0.0,-2.72593]},"94s":{"weight":1.0,"played":[0.9997,3.0E-4],"evs":[0.0,-3.67417]},"95s":{"weight":1.0,"played":[0.9998,2.0E-4],"evs":[0.0,-2.78068]},"96s":{"weight":1.0,"played":[0.9998,2.0E-4],"evs":[0.0,-2.06429]},"97s":{"weight":1.0,"played":[0.9977,0.0023],"evs":[0.0,-1.67998]},"98s":{"weight":1.0,"played":[0.9753,0.0247],"evs":[0.0,-2.46214]},"99":{"weight":1.0,"played":[0.2616,0.7384],"evs":[0.0,0.24886]},"T9o":{"weight":1.0,"played":[0.9913,0.0087],"evs":[0.0,-2.93395]},"J9o":{"weight":1.0,"played":[0.9993,7.0E-4],"evs":[0.0,-2.8941]},"Q9o":{"weight":1.0,"played":[0.9994,6.0E-4],"evs":[0.0,-2.82721]},"K9o":{"weight":1.0,"played":[0.9994,6.0E-4],"evs":[0.0,-3.45574]},"A9o":{"weight":1.0,"played":[0.9991,9.0E-4],"evs":[0.0,-3.65409]},"T2s":{"weight":1.0,"played":[0.9975,0.0025],"evs":[0.0,-3.24989]},"T3s":{"weight":1.0,"played":[1.0,0.0],"evs":[0.0,-3.01595]},"T4s":{"weight":1.0,"played":[0.9979,0.0021],"evs":[0.0,-3.23405]},"T5s":{"weight":1.0,"played":[0.9981,0.0019],"evs":[0.0,-2.59836]},"T6s":{"weight":1.0,"played":[0.9954,0.0046],"evs":[0.0,-1.63658]},"T7s":{"weight":1.0,"played":[0.8662,0.1338],"evs":[0.0,-2.0329]},"T8s":{"weight":1.0,"played":[0.9922,0.0078],"evs":[0.0,-1.87005]},"T9s":{"weight":1.0,"played":[0.7935,0.2065],"evs":[0.0,-0.65131]},"TT":{"weight":1.0,"played":[0.0075,0.9925],"evs":[0.0,0.36692]},"JTo":{"weight":1.0,"played":[1.0,0.0],"evs":[0.0,-2.46383]},"QTo":{"weight":1.0,"played":[0.9993,7.0E-4],"evs":[0.0,-2.96217]},"KTo":{"weight":1.0,"played":[1.0,0.0],"evs":[0.0,-2.73401]},"ATo":{"weight":1.0,"played":[0.9998,2.0E-4],"evs":[0.0,-2.89808]},"J2s":{"weight":1.0,"played":[0.9991,9.0E-4],"evs":[0.0,-3.16055]},