{"player":2,"street":0,"children":3,"sequence":[{"player":0,"type":"R","amount":1490000,"street":0},{"player":1,"type":"C","amount":1490000,"street":0}],"actions":[{"type":"F","amount":0,"node":295},{"type":"C","amount":1490000,"node":329},{"type":"R","amount":5230000,"node":363}],"hands":{"22":{"weight":1.0,"played":[1.0,0.0,0.0],"evs":[0.0,-1.36796,-2.54444]},"32o":{"weight":1.0,"played":[1.0,0.0,0.0],"evs":[0.0,-3.07488,-5.88507]},"42o":{"weight":1.0,"played":[1.0,0.0,0.0],"evs":[0.0,-2.94137,-5.39818]},"52o":{"weight":1.0,"played":[1.0,0.0,0.0],"evs":[0.0,-2.88193,-5.19046]},"62o":{"weight":1.0,"played":[1.0,0.0,0.0],"evs":[0.0,-2.98373,-5.73225]},"72o":{"weight":1.0,"played":[1.0,0.0,0.0],"evs":[0.0,-3.34896,-6.0194]},"82o":{"weight":1.0,"played":[1.0,0.0,0.0],"evs":[0.0,-3.06595,-5.48922]},"92o":{"weight":1.0,"played":[1.0,0.0,0.0],"evs":[0.0,-3.62904,-6.2069]},"T2o":{"weight":1.0,"played":[1.0,0.0,0.0],"evs":[0.0,-2.85067,-5.3932]},"J2o":{"weight":1.0,"played":[1.0,0.0,0.0],"evs":[0.0,-2.92332,-5.52175]},"Q2o":{"weight":1.0,"played":[1.0,0.0,0.0],"evs":[0.0,-2.80035,-5.17704]},"K2o":{"weight":1.0,"played":[1.0,0.0,0.0],"evs":[0.0,-2.58292,-4.74431]},"A2o":{"weight":1.0,"played":[1.0,0.0,0.0],"evs":[0.0,-3.34127,-4.31366]},"32s":{"weight":1.0,"played":[1.0,0.0,0.0],"evs":[0.0,-2.32637,-4.54855]},"33":{"weight":1.0,"played":[1.0,0.0,0.0],"evs":[0.0,-1.09889,-2.14337]},"43o":{"weight":1.0,"played":[1.0,0.0,0.0],"evs":[0.0,-2.72009,-4.95629]},"53o":{"weight":1.0,"played":[1.0,0.0,0.0],"evs":[0.0,-2.5891,-4.78533]},"63o":{"weight":1.0,"played":[1.0,0.0,0.0],"evs":[0.0,-2.85514,-5.29891]},"73o":{"weight":1.0,"played":[1.0,0.0,0.0],"evs":[0.0,-3.00654,-5.32313]},"83o":{"weight":1.0,"played":[1.0,0.0,0.0],"evs":[0.0,-3.03056,-5.40014]},"93o":{"weight":1.0,"played":[1.0,0.0,0.0],"evs":[0.0,-3.49604,-5.87061]},"T3o":{"weight":1.0,"played":[1.0,0.0,0.0],"evs":[0.0,-2.84315,-5.21688]},"J3o":{"weight":1.0,"played":[1.0,0.0,0.0],"evs":[0.0,-2.94402,-5.44313]},"Q3o":{"weight":1.0,"played":[1.0,0.0,0.0],"evs":[0.0,-2.59644,-4.80772]},"K3o":{"weight":1.0,"played":[1.0,0.0,0.0],"evs":[0.0,-2.59595,-4.68398]},"A3o":{"weight":1.0,"played":[1.0,0.0,0.0],"evs":[0.0,-3.12892,-4.02839]},"42s":{"weight":1.0,"played":[1.0,0.0,0.0],"evs":[0.0,-2.23453,-3.99246]},"43s":{"weight":1.0,"played":[1.0,0.0,0.0],"evs":[0.0,-1.99649,-3.59653]},"44":{"weight":1.0,"played":[0.9999,0.0,1.0E-4],"evs":[0.0,-0.90542,-1.4867]},"54o":{"weight":1.0,"played":[1.0,0.0,0.0],"evs":[0.0,-2.12702,-3.88578]},"64o":{"weight":1.0,"played":[1.0,0.0,0.0],"evs":[0.0,-2.30433,-4.41272]},"74o":{"weight":1.0,"played":[1.0,0.0,0.0],"evs":[0.0,-2.69656,-4.75629]},"84o":{"weight":1.0,"played":[1.0,0.0,0.0],"evs":[0.0,-2.79971,-4.87032]},"94o":{"weight":1.0,"played":[1.0,0.0,0.0],"evs":[0.0,-3.49836,-5.83875]},"T4o":{"weight":1.0,"played":[1.0,0.0,0.0],"evs":[0.0,-2.89649,-5.1514]},"J4o":{"weight":1.0,"played":[1.0,0.0,0.0],"evs":[0.0,-2.94812,-5.16644]},"Q4o":{"weight":1.0,"played":[1.0,0.0,0.0],"evs":[0.0,-2.64232,-4.6214]},"K4o":{"weight":1.0,"played":[1.0,0.0,0.0],"evs":[0.0,-2.49967,-4.24804]},"A4o":{"weight":1.0,"played":[1.0,0.0,0.0],"evs":[0.0,-3.10955,-3.7415]},"52s":{"weight":1.0,"played":[1.0,0.0,0.0],"evs":[0.0,-2.37745,-4.02185]},"53s":{"weight":1.0,"played":[1.0,0.0,0.0],"evs":[0.0,-1.8856,-3.4646]},"54s":{"weight":1.0,"played":[1.0,0.0,0.0],"evs":[0.0,-1.5621,-2.77906]},"55":{"weight":1.0,"played":[0.9995,0.0,5.0E-4],"evs":[0.0,-0.52413,-0.56921]},"65o":{"weight":1.0,"played":[1.0,0.0,0.0],"evs":[0.0,-1.95598,-3.84868]},"75o":{"weight":1.0,"played":[1.0,0.0,0.0],"evs":[0.0,-2.3566,-4.18081]},"85o":{"weight":1.0,"played":[1.0,0.0,0.0],"evs":[0.0,-2.35027,-4.04407]},"95o":{"weight":1.0,"played":[1.0,0.0,0.0],"evs":[0.0,-3.14489,-5.17199]},"T5o":{"weight":1.0,"played":[1.0,0.0,0.0],"evs":[0.0,-2.74736,-4.93564]},"J5o":{"weight":1.0,"played":[1.0,0.0,0.0],"evs":[0.0,-2.66445,-4.75622]},"Q5o":{"weight":1.0,"played":[1.0,0.0,0.0],"evs":[0.0,-2.62265,-4.45765]},"K5o":{"weight":1.0,"played":[1.0,0.0,0.0],"evs":[0.0,-2.36006,-4.03225]},"A5o":{"weight":1.0,"played":[1.0,0.0,0.0],"evs":[0.0,-2.91018,-3.32335]},"62s":{"weight":1.0,"played":[1.0,0.0,0.0],"evs":[0.0,-2.39247,-4.36763]},"63s":{"weight":1.0,"played":[1.0,0.0,0.0],"evs":[0.0,-1.94086,-3.63021]},"64s":{"weight":1.0,"played":[1.0,0.0,0.0],"evs":[0.0,-1.60804,-3.13893]},"65s":{"weight":1.0,"played":[1.0,0.0,0.0],"evs":[0.0,-1.09302,-2.45635]},"66":{"weight":1.0,"played":[0.8979,0.0482,0.0538],"evs":[0.0,-0.26899,-0.65194]},"76o":{"weight":1.0,"played":[1.0,0.0,0.0],"evs":[0.0,-2.06409,-3.68665]},"86o":{"weight":1.0,"played":[1.0,0.0,0.0],"evs":[0.0,-2.22139,-3.79913]},"96o":{"weight":1.0,"played":[1.0,0.0,0.0],"evs":[0.0,-2.88404,-4.86401]},"T6o":{"weight":1.0,"played":[1.0,0.0,0.0],"evs":[0.0,-2.64635,-4.69275]},"J6o":{"weight":1.0,"played":[1.0,0.0,0.0],"evs":[0.0,-2.84629,-4.97412]},"Q6o":{"weight":1.0,"played":[1.0,0.0,0.0],"evs":[0.0,-2.69951,-4.60349]},"K6o":{"weight":1.0,"played":[1.0,0.0,0.0],"evs":[0.0,-2.48247,-4.16973]},"A6o":{"weight":1.0,"played":[1.0,0.0,0.0],"evs":[0.0,-2.9498,-3.93035]},"72s":{"weight":1.0,"played":[1.0,0.0,0.0],"evs":[0.0,-2.6677,-4.68551]},"73s":{"weight":1.0,"played":[1.0,0.0,0.0],"evs":[0.0,-2.23109,-3.87468]},"74s":{"weight":1.0,"played":[1.0,0.0,0.0],"evs":[0.0,-1.82537,-3.27758]},"75s":{"weight":1.0,"played":[1.0,0.0,0.0],"evs":[0.0,-1.52539,-2.95398]},"76s":{"weight":1.0,"played":[1.0,0.0,0.0],"evs":[0.0,-1.19745,-2.3052]},"77":{"weight":1.0,"played":[0.0,0.0208,0.9792],"evs":[0.0,0.45802,0.60388]},"87o":{"weight":1.0,"played":[1.0,0.0,0.0],"evs":[0.0,-1.87162,-3.29369]},"97o":{"weight":1.0,"played":[1.0,0.0,0.0],"evs":[0.0,-2.57688,-4.16164]},"T7o":{"weight":1.0,"played":[1.0,0.0,0.0],"evs":[0.0,-2.26509,-4.11604]},"J7o":{"weight":1.0,"played":[1.0,0.0,0.0],"evs":[0.0,-2.57113,-4.53806]},"Q7o":{"weight":1.0,"played":[1.0,0.0,0.0],"evs":[0.0,-2.60883,-4.52659]},"K7o":{"weight":1.0,"played":[1.0,0.0,0.0],"evs":[0.0,-2.44812,-4.00572]},"A7o":{"weight":1.0,"played":[1.0,0.0,0.0],"evs":[0.0,-2.85371,-3.47319]},"82s":{"weight":1.0,"played":[1.0,0.0,0.0],"evs":[0.0,-2.42462,-4.35813]},"83s":{"weight":1.0,"played":[1.0,0.0,0.0],"evs":[0.0,-2.28708,-3.92836]},"84s":{"weight":1.0,"played":[1.0,0.0,0.0],"evs":[0.0,-2.15148,-3.56559]},"85s":{"weight":1.0,"played":[1.0,0.0,0.0],"evs":[0.0,-1.73241,-3.00225]},"86s":{"weight":1.0,"played":[1.0,0.0,0.0],"evs":[0.0,-1.31308,-2.55344]},"87s":{"weight":1.0,"played":[1.0,0.0,0.0],"evs":[0.0,-1.17438,-2.08915]},"88":{"weight":1.0,"played":[0.0,3.0E-4,0.9997],"evs":[0.0,1.0618,1.65644]},"98o":{"weight":1.0,"played":[1.0,0.0,0.0],"evs":[0.0,-2.16305,-3.44287]},"T8o":{"weight":1.0,"played":[1.0,0.0,0.0],"evs":[0.0,-1.7452,-3.38772]},"J8o":{"weight":1.0,"played":[1.0,0.0,0.0],"evs":[0.0,-2.07762,-3.74378]},"Q8o":{"weight":1.0,"played":[1.0,0.0,0.0],"evs":[0.0,-2.05533,-3.6379]},"K8o":{"weight":1.0,"played":[1.0,0.0,0.0],"evs":[0.0,-2.24235,-3.79458]},"A8o":{"weight":1.0,"played":[1.0,0.0,0.0],"evs":[0.0,-2.48648,-2.86539]},"92s":{"weight":1.0,"played":[1.0,0.0,0.0],"evs":[0.0,-2.78306,-4.6014]},"93s":{"weight":1.0,"played":[1.0,0.0,0.0],"evs":[0.0,-2.79602,-4.46096]},"94s":{"weight":1.0,"played":[1.0,0.0,0.0],"evs":[0.0,-2.94486,-4.4731]},"95s":{"weight":1.0,"played":[1.0,0.0,0.0],"evs":[0.0,-2.43077,-3.6305]},"96s":{"weight":1.0,"played":[1.0,0.0,0.0],"evs":[0.0,-2.12923,-3.45815]},"97s":{"weight":1.0,"played":[1.0,0.0,0.0],"evs":[0.0,-1.93179,-3.1495]},"98s":{"weight":1.0,"played":[1.0,0.0,0.0],"evs":[0.0,-1.34392,-2.38853]},"99":{"weight":1.0,"played":[0.0,0.1758,0.8242],"evs":[0.0,1.27665,1.42214]},"T9o":{"weight":1.0,"played":[1.0,0.0,0.0],"evs":[0.0,-2.08989,-3.37632]},"J9o":{"weight":1.0,"played":[1.0,0.0,0.0],"evs":[0.0,-2.45996,-3.95632]},"Q9o":{"weight":1.0,"played":[1.0,0.0,0.0],"evs":[0.0,-2.47934,-3.87339]},"K9o":{"weight":1.0,"played":[1.0,0.0,0.0],"evs":[0.0,-2.52573,-3.62666]},"A9o":{"weight":1.0,"played":[1.0,0.0,0.0],"evs":[0.0,-2.12938,-2.97692]},