{"player":2,"street":0,"children":3,"sequence":[{"player":0,"type":"F","amount":0,"street":0},{"player":1,"type":"F","amount":0,"street":0}],"actions":[{"type":"F","amount":0},{"type":"C","amount":2500000,"node":3},{"type":"R","amount":24250000,"node":5}],"hands":{"22":{"weight":1.0,"played":[0.0,0.0,1.0],"evs":[0.0,0.43608,0.81102]},"32o":{"weight":1.0,"played":[1.0,0.0,0.0],"evs":[0.0,-0.26925,-1.03772]},"42o":{"weight":1.0,"played":[1.0,0.0,0.0],"evs":[0.0,-0.23479,-0.94563]},"52o":{"weight":1.0,"played":[1.0,0.0,0.0],"evs":[0.0,-0.22815,-0.83193]},"62o":{"weight":1.0,"played":[1.0,0.0,0.0],"evs":[0.0,-0.24932,-0.89358]},"72o":{"weight":1.0,"played":[1.0,0.0,0.0],"evs":[0.0,-0.28082,-0.92547]},"82o":{"weight":1.0,"played":[1.0,0.0,0.0],"evs":[0.0,-0.23391,-0.81006]},"92o":{"weight":1.0,"played":[1.0,0.0,0.0],"evs":[0.0,-0.21502,-0.72836]},"T2o":{"weight":1.0,"played":[1.0,0.0,0.0],"evs":[0.0,-0.18966,-0.60293]},"J2o":{"weight":1.0,"played":[1.0,0.0,0.0],"evs":[0.0,-0.12883,-0.40558]},"Q2o":{"weight":1.0,"played":[0.9012,0.0988,0.0],"evs":[0.0,-0.00205,-0.0038]},"K2o":{"weight":1.0,"played":[0.0,0.0,1.0],"evs":[0.0,0.29594,0.56585]},"A2o":{"weight":1.0,"played":[0.0,0.0,1.0],"evs":[0.0,0.94191,1.27894]},"32s":{"weight":1.0,"played":[1.0,0.0,0.0],"evs":[0.0,-0.16891,-0.64763]},"33":{"weight":1.0,"played":[0.0,0.0,1.0],"evs":[0.0,0.69783,0.99475]},"43o":{"weight":1.0,"played":[1.0,0.0,0.0],"evs":[0.0,-0.18743,-0.77111]},"53o":{"weight":1.0,"played":[1.0,0.0,0.0],"evs":[0.0,-0.169,-0.65579]},"63o":{"weight":1.0,"played":[1.0,0.0,0.0],"evs":[0.0,-0.19014,-0.715]},"73o":{"weight":1.0,"played":[1.0,0.0,0.0],"evs":[0.0,-0.22147,-0.76428]},"83o":{"weight":1.0,"played":[1.0,0.0,0.0],"evs":[0.0,-0.21191,-0.77481]},"93o":{"weight":1.0,"played":[1.0,0.0,0.0],"evs":[0.0,-0.19569,-0.67308]},"T3o":{"weight":1.0,"played":[1.0,0.0,0.0],"evs":[0.0,-0.15815,-0.54012]},"J3o":{"weight":1.0,"played":[1.0,0.0,0.0],"evs":[0.0,-0.09763,-0.34676]},"Q3o":{"weight":1.0,"played":[9.0E-4,0.002,0.9971],"evs":[0.0,0.03408,0.05724]},"K3o":{"weight":1.0,"played":[0.0,0.0,1.0],"evs":[0.0,0.38019,0.6129]},"A3o":{"weight":1.0,"played":[0.0,0.0,1.0],"evs":[0.0,1.0366,1.33778]},"42s":{"weight":1.0,"played":[1.0,0.0,0.0],"evs":[0.0,-0.11773,-0.54408]},"43s":{"weight":1.0,"played":[1.0,0.0,0.0],"evs":[0.0,-0.07119,-0.3835]},"44":{"weight":1.0,"played":[0.0,0.0,1.0],"evs":[0.0,1.04415,1.23474]},"54o":{"weight":1.0,"played":[1.0,0.0,0.0],"evs":[0.0,-0.11228,-0.46916]},"64o":{"weight":1.0,"played":[1.0,0.0,0.0],"evs":[0.0,-0.12442,-0.51724]},"74o":{"weight":1.0,"played":[1.0,0.0,0.0],"evs":[0.0,-0.15024,-0.56122]},"84o":{"weight":1.0,"played":[1.0,0.0,0.0],"evs":[0.0,-0.14454,-0.56312]},"94o":{"weight":1.0,"played":[1.0,0.0,0.0],"evs":[0.0,-0.16372,-0.61543]},"T4o":{"weight":1.0,"played":[1.0,0.0,0.0],"evs":[0.0,-0.12879,-0.46553]},"J4o":{"weight":1.0,"played":[1.0,0.0,0.0],"evs":[0.0,-0.05462,-0.25353]},"Q4o":{"weight":1.0,"played":[0.0,0.0,1.0],"evs":[0.0,0.0617,0.13954]},"K4o":{"weight":1.0,"played":[0.0,0.0,1.0],"evs":[0.0,0.52411,0.72537]},"A4o":{"weight":1.0,"played":[0.0,0.0,1.0],"evs":[0.0,1.161,1.42653]},"52s":{"weight":1.0,"played":[1.0,0.0,0.0],"evs":[0.0,-0.11205,-0.44922]},"53s":{"weight":1.0,"played":[0.9999,1.0E-4,0.0],"evs":[0.0,-0.06786,-0.28757]},"54s":{"weight":1.0,"played":[0.9948,0.0052,0.0],"evs":[0.0,-0.00965,-0.13131]},"55":{"weight":1.0,"played":[0.0,0.0,1.0],"evs":[0.0,1.37523,1.48975]},"65o":{"weight":1.0,"played":[1.0,0.0,0.0],"evs":[0.0,-0.09763,-0.32475]},"75o":{"weight":1.0,"played":[1.0,0.0,0.0],"evs":[0.0,-0.1118,-0.36101]},"85o":{"weight":1.0,"played":[1.0,0.0,0.0],"evs":[0.0,-0.09865,-0.35865]},"95o":{"weight":1.0,"played":[1.0,0.0,0.0],"evs":[0.0,-0.11585,-0.38965]},"T5o":{"weight":1.0,"played":[1.0,0.0,0.0],"evs":[0.0,-0.1168,-0.35927]},"J5o":{"weight":1.0,"played":[0.9996,4.0E-4,0.0],"evs":[0.0,-0.0469,-0.13906]},"Q5o":{"weight":1.0,"played":[0.0,0.0,1.0],"evs":[0.0,0.12,0.27681]},"K5o":{"weight":1.0,"played":[0.0,0.0,1.0],"evs":[0.0,0.6155,0.84557]},"A5o":{"weight":1.0,"played":[0.0,0.0,1.0],"evs":[0.0,1.23939,1.53941]},"62s":{"weight":1.0,"played":[1.0,0.0,0.0],"evs":[0.0,-0.14392,-0.5003]},"63s":{"weight":1.0,"played":[1.0,0.0,0.0],"evs":[0.0,-0.07805,-0.3161]},"64s":{"weight":1.0,"played":[0.9982,0.0018,0.0],"evs":[0.0,-0.0061,-0.16215]},"65s":{"weight":1.0,"played":[0.0751,0.7487,0.1762],"evs":[0.0,0.00721,0.0054]},"66":{"weight":1.0,"played":[0.0,1.0E-4,0.9999],"evs":[0.0,1.72419,1.77125]},"76o":{"weight":1.0,"played":[1.0,0.0,0.0],"evs":[0.0,-0.04195,-0.18078]},"86o":{"weight":1.0,"played":[1.0,0.0,0.0],"evs":[0.0,-0.0298,-0.17029]},"96o":{"weight":1.0,"played":[1.0,0.0,0.0],"evs":[0.0,-0.03244,-0.19217]},"T6o":{"weight":1.0,"played":[0.9999,1.0E-4,0.0],"evs":[0.0,-0.04551,-0.17777]},"J6o":{"weight":1.0,"played":[0.9937,0.0063,0.0],"evs":[0.0,-0.00849,-0.0697]},"Q6o":{"weight":1.0,"played":[0.0,0.0,1.0],"evs":[0.0,0.25706,0.38728]},"K6o":{"weight":1.0,"played":[0.0,0.0,1.0],"evs":[0.0,0.75137,0.97015]},"A6o":{"weight":1.0,"played":[0.0,0.0,1.0],"evs":[0.0,1.29922,1.58224]},"72s":{"weight":1.0,"played":[1.0,0.0,0.0],"evs":[0.0,-0.17323,-0.5322]},"73s":{"weight":1.0,"played":[1.0,0.0,0.0],"evs":[0.0,-0.11536,-0.37911]},"74s":{"weight":1.0,"played":[0.9968,0.0032,0.0],"evs":[0.0,-0.0463,-0.21354]},"75s":{"weight":1.0,"played":[0.2291,0.1723,0.5986],"evs":[0.0,-0.00274,0.00708]},"76s":{"weight":1.0,"played":[1.0E-4,0.0,0.9998],"evs":[0.0,0.07012,0.16008]},"77":{"weight":1.0,"played":[0.0,0.0,1.0],"evs":[0.0,2.01746,2.03381]},"87o":{"weight":1.0,"played":[0.8095,0.1905,0.0],"evs":[0.0,-9.9E-4,-0.02286]},"97o":{"weight":1.0,"played":[0.7204,0.2796,0.0],"evs":[0.0,-5.1E-4,-0.03213]},"T7o":{"weight":1.0,"played":[0.3765,0.2971,0.3263],"evs":[0.0,2.8E-4,-6.3E-4]},"J7o":{"weight":1.0,"played":[0.0,0.0,1.0],"evs":[0.0,0.04077,0.10829]},"Q7o":{"weight":1.0,"played":[0.0,0.0,1.0],"evs":[0.0,0.31223,0.48839]},"K7o":{"weight":1.0,"played":[0.0,0.0,1.0],"evs":[0.0,0.81414,1.09558]},"A7o":{"weight":1.0,"played":[0.0,0.0,1.0],"evs":[0.0,1.38189,1.72881]},"82s":{"weight":1.0,"played":[1.0,0.0,0.0],"evs":[0.0,-0.10997,-0.41744]},"83s":{"weight":1.0,"played":[1.0,0.0,0.0],"evs":[0.0,-0.10076,-0.40458]},"84s":{"weight":1.0,"played":[1.0,0.0,0.0],"evs":[0.0,-0.03692,-0.21401]},"85s":{"weight":1.0,"played":[0.7141,0.0626,0.2232],"evs":[0.0,-0.00628,-0.01781]},"86s":{"weight":1.0,"played":[1.0E-4,0.0015,0.9984],"evs":[0.0,0.08479,0.14524]},"87s":{"weight":1.0,"played":[0.0,0.0,1.0],"evs":[0.0,0.27952,0.30844]},"88":{"weight":1.0,"played":[0.0,1.0E-4,0.9999],"evs":[0.0,2.28308,2.33064]},"98o":{"weight":1.0,"played":[1.0E-4,0.0141,0.9857],"evs":[0.0,0.12913,0.13939]},"T8o":{"weight":1.0,"played":[0.0,0.0,1.0],"evs":[0.0,0.18107,0.22952]},"J8o":{"weight":1.0,"played":[0.0,0.0,1.0],"evs":[0.0,0.27079,0.3609]},"Q8o":{"weight":1.0,"played":[0.0,0.0,1.0],"evs":[0.0,0.53869,0.73906]},"K8o":{"weight":1.0,"played":[0.0,0.0,1.0],"evs":[0.0,0.9404,1.2572]},"A8o":{"weight":1.0,"played":[0.0,0.0,1.0],"evs":[0.0,1.53523,1.91239]},"92s":{"weight":1.0,"played":[1.0,0.0,0.0],"evs":[0.0,-0.09978,-0.34107]},"93s":{"weight":1.0,"played":[0.9999,1.0E-4,0.0],"evs":[0.0,-0.06582,-0.29163]},"94s":{"weight":1.0,"played":[0.9999,1.0E-4,0.0],"evs":[0.0,-0.03673,-0.23203]},"95s":{"weight":1.0,"played":[0.8535,0.1465,0.0],"evs":[0.0,-0.00866,-0.02514]},"96s":{"weight":1.0,"played":[2.0E-4,0.0094,0.9904],"evs":[0.0,0.11703,0.1253]},"97s":{"weight":1.0,"played":[0.0,0.2378,0.7622],"evs":[0.0,0.29185,0.29072]},"98s":{"weight":1.0,"played":[0.0,0.0691,0.9309],"evs":[0.0,0.45231,0.46098]},"99":{"weight":1.0,"played":[0.0,0.0021,0.9979],"evs":[0.0,2.59255,2.64223]},"T9o":{"weight":1.0,"played":[0.0,0.0,1.0],"evs":[0.0,0.37689,0.43128]},"J9o":{"weight":1.0,"played":[0.0,0.0,1.0],"evs":[0.0,0.48097,0.57522]},"Q9o":{"weight":1.0,"played":[0.0,0.0,1.0],"evs":[0.0,0.76347,0.94813]},"K9o":{"weight":1.0,"played":[0.0,0.0,1.0],"evs":[0.0,1.17098,1.4661]},"A9o":{"weight":1.0,"played":[0.0,0.0,1.0],