{"player":1,"street":0,"children":3,"sequence":[{"player":0,"type":"R","amount":590000,"street":0}],"actions":[{"type":"F","amount":0,"node":18},{"type":"C","amount":590000,"node":29},{"type":"R","amount":1090000,"node":45}],"hands":{"22":{"weight":1.0,"played":[0.0,2.0E-4,0.9998],"evs":[0.0,0.87151,0.90236]},"32o":{"weight":1.0,"played":[1.0,0.0,0.0],"evs":[0.0,-4.32465,-4.41335]},"42o":{"weight":1.0,"played":[1.0,0.0,0.0],"evs":[0.0,-4.03458,-4.09395]},"52o":{"weight":1.0,"played":[1.0,0.0,0.0],"evs":[0.0,-3.68722,-3.75063]},"62o":{"weight":1.0,"played":[1.0,0.0,0.0],"evs":[0.0,-4.27374,-4.28726]},"72o":{"weight":1.0,"played":[1.0,0.0,0.0],"evs":[0.0,-4.74936,-4.73894]},"82o":{"weight":1.0,"played":[1.0,0.0,0.0],"evs":[0.0,-4.3074,-4.28299]},"92o":{"weight":1.0,"played":[1.0,0.0,0.0],"evs":[0.0,-3.9948,-3.94984]},"T2o":{"weight":1.0,"played":[1.0,0.0,0.0],"evs":[0.0,-3.40542,-3.38955]},"J2o":{"weight":1.0,"played":[1.0,0.0,0.0],"evs":[0.0,-2.83628,-2.82091]},"Q2o":{"weight":1.0,"played":[1.0,0.0,0.0],"evs":[0.0,-2.15439,-2.11448]},"K2o":{"weight":1.0,"played":[1.0,0.0,0.0],"evs":[0.0,-1.10581,-1.07402]},"A2o":{"weight":1.0,"played":[0.0,0.0181,0.9819],"evs":[0.0,1.14861,1.15356]},"32s":{"weight":1.0,"played":[1.0,0.0,0.0],"evs":[0.0,-2.27777,-2.35042]},"33":{"weight":1.0,"played":[0.0,4.0E-4,0.9996],"evs":[0.0,1.69838,1.8061]},"43o":{"weight":1.0,"played":[1.0,0.0,0.0],"evs":[0.0,-3.17836,-3.22546]},"53o":{"weight":1.0,"played":[1.0,0.0,0.0],"evs":[0.0,-2.79596,-2.83838]},"63o":{"weight":1.0,"played":[1.0,0.0,0.0],"evs":[0.0,-3.36847,-3.36793]},"73o":{"weight":1.0,"played":[1.0,0.0,0.0],"evs":[0.0,-3.82629,-3.81723]},"83o":{"weight":1.0,"played":[1.0,0.0,0.0],"evs":[0.0,-4.12943,-4.12025]},"93o":{"weight":1.0,"played":[1.0,0.0,0.0],"evs":[0.0,-3.738,-3.68545]},"T3o":{"weight":1.0,"played":[1.0,0.0,0.0],"evs":[0.0,-3.133,-3.11544]},"J3o":{"weight":1.0,"played":[1.0,0.0,0.0],"evs":[0.0,-2.51505,-2.4957]},"Q3o":{"weight":1.0,"played":[1.0,0.0,0.0],"evs":[0.0,-1.84349,-1.79414]},"K3o":{"weight":1.0,"played":[1.0,0.0,0.0],"evs":[0.0,-0.80277,-0.75012]},"A3o":{"weight":1.0,"played":[0.0,0.0106,0.9894],"evs":[0.0,1.60587,1.64501]},"42s":{"weight":1.0,"played":[1.0,0.0,0.0],"evs":[0.0,-1.91717,-1.95852]},"43s":{"weight":1.0,"played":[1.0,0.0,0.0],"evs":[0.0,-1.09578,-1.13389]},"44":{"weight":1.0,"played":[0.0,0.0,1.0],"evs":[0.0,2.70007,2.80731]},"54o":{"weight":1.0,"played":[1.0,0.0,0.0],"evs":[0.0,-2.01722,-2.00077]},"64o":{"weight":1.0,"played":[1.0,0.0,0.0],"evs":[0.0,-2.49996,-2.45202]},"74o":{"weight":1.0,"played":[1.0,0.0,0.0],"evs":[0.0,-2.91349,-2.85215]},"84o":{"weight":1.0,"played":[1.0,0.0,0.0],"evs":[0.0,-3.21591,-3.15166]},"94o":{"weight":1.0,"played":[1.0,0.0,0.0],"evs":[0.0,-3.55394,-3.49098]},"T4o":{"weight":1.0,"played":[1.0,0.0,0.0],"evs":[0.0,-2.80234,-2.77]},"J4o":{"weight":1.0,"played":[1.0,0.0,0.0],"evs":[0.0,-2.19164,-2.16833]},"Q4o":{"weight":1.0,"played":[1.0,0.0,0.0],"evs":[0.0,-1.50909,-1.46294]},"K4o":{"weight":1.0,"played":[0.9996,1.0E-4,3.0E-4],"evs":[0.0,-0.34167,-0.30852]},"A4o":{"weight":1.0,"played":[0.0,0.0104,0.9896],"evs":[0.0,2.0574,2.06734]},"52s":{"weight":1.0,"played":[1.0,0.0,0.0],"evs":[0.0,-1.58174,-1.62956]},"53s":{"weight":1.0,"played":[1.0,0.0,0.0],"evs":[0.0,-0.78402,-0.80443]},"54s":{"weight":1.0,"played":[0.2349,0.2802,0.4849],"evs":[0.0,-0.02514,0.00347]},"55":{"weight":1.0,"played":[0.0,0.0042,0.9958],"evs":[0.0,3.89132,4.01304]},"65o":{"weight":1.0,"played":[1.0,0.0,0.0],"evs":[0.0,-1.66361,-1.62274]},"75o":{"weight":1.0,"played":[1.0,0.0,0.0],"evs":[0.0,-2.01332,-1.94874]},"85o":{"weight":1.0,"played":[1.0,0.0,0.0],"evs":[0.0,-2.31144,-2.24809]},"95o":{"weight":1.0,"played":[1.0,0.0,0.0],"evs":[0.0,-2.59843,-2.53104]},"T5o":{"weight":1.0,"played":[1.0,0.0,0.0],"evs":[0.0,-2.58359,-2.5562]},"J5o":{"weight":1.0,"played":[1.0,0.0,0.0],"evs":[0.0,-1.83692,-1.81136]},"Q5o":{"weight":1.0,"played":[1.0,0.0,0.0],"evs":[0.0,-1.09174,-1.0355]},"K5o":{"weight":1.0,"played":[0.0,3.0E-4,0.9997],"evs":[0.0,0.09184,0.1343]},"A5o":{"weight":1.0,"played":[0.0,0.004,0.996],"evs":[0.0,2.56945,2.58853]},"62s":{"weight":1.0,"played":[1.0,0.0,0.0],"evs":[0.0,-2.09935,-2.10088]},"63s":{"weight":1.0,"played":[1.0,0.0,0.0],"evs":[0.0,-1.21058,-1.19685]},"64s":{"weight":1.0,"played":[0.9998,1.0E-4,1.0E-4],"evs":[0.0,-0.45888,-0.40659]},"65s":{"weight":1.0,"played":[1.0E-4,0.0264,0.9735],"evs":[0.0,0.28485,0.35352]},"66":{"weight":1.0,"played":[0.0,2.0E-4,0.9998],"evs":[0.0,5.18171,5.33832]},"76o":{"weight":1.0,"played":[1.0,0.0,0.0],"evs":[0.0,-1.28422,-1.19397]},"86o":{"weight":1.0,"played":[1.0,0.0,0.0],"evs":[0.0,-1.47578,-1.39305]},"96o":{"weight":1.0,"played":[1.0,0.0,0.0],"evs":[0.0,-1.72879,-1.63658]},"T6o":{"weight":1.0,"played":[1.0,0.0,0.0],"evs":[0.0,-1.70548,-1.64682]},"J6o":{"weight":1.0,"played":[1.0,0.0,0.0],"evs":[0.0,-1.62366,-1.55971]},"Q6o":{"weight":1.0,"played":[1.0,0.0,0.0],"evs":[0.0,-0.70468,-0.63528]},"K6o":{"weight":1.0,"played":[0.0,0.0017,0.9983],"evs":[0.0,0.56139,0.6288]},"A6o":{"weight":1.0,"played":[0.0,2.0E-4,0.9998],"evs":[0.0,2.51962,2.53787]},"72s":{"weight":1.0,"played":[1.0,0.0,0.0],"evs":[0.0,-2.5546,-2.53089]},"73s":{"weight":1.0,"played":[1.0,0.0,0.0],"evs":[0.0,-1.72989,-1.70795]},"74s":{"weight":1.0,"played":[1.0,0.0,0.0],"evs":[0.0,-0.84147,-0.78263]},"75s":{"weight":1.0,"played":[0.1359,0.0019,0.8623],"evs":[0.0,-0.03608,0.0304]},"76s":{"weight":1.0,"played":[0.0,0.0,1.0],"evs":[0.0,0.63622,0.72554]},"77":{"weight":1.0,"played":[0.0,0.0,1.0],"evs":[0.0,6.52058,6.67612]},"87o":{"weight":1.0,"played":[1.0,0.0,0.0],"evs":[0.0,-0.77314,-0.70148]},"97o":{"weight":1.0,"played":[1.0,0.0,0.0],"evs":[0.0,-0.89439,-0.81611]},"T7o":{"weight":1.0,"played":[1.0,0.0,0.0],"evs":[0.0,-0.82724,-0.7669]},"J7o":{"weight":1.0,"played":[1.0,0.0,0.0],"evs":[0.0,-0.6946,-0.62932]},"Q7o":{"weight":1.0,"played":[1.0,0.0,0.0],"evs":[0.0,-0.43247,-0.37245]},"K7o":{"weight":1.0,"played":[0.0,0.0,1.0],"evs":[0.0,1.0148,1.08627]},"A7o":{"weight":1.0,"played":[0.0,0.0,1.0],"evs":[0.0,3.19799,3.22439]},"82s":{"weight":1.0,"played":[1.0,0.0,0.0],"evs":[0.0,-2.09857,-2.06213]},"83s":{"weight":1.0,"played":[1.0,0.0,0.0],"evs":[0.0,-1.98718,-1.97142]},"84s":{"weight":1.0,"played":[1.0,0.0,0.0],"evs":[0.0,-1.16134,-1.0941]},"85s":{"weight":1.0,"played":[0.9974,2.0E-4,0.0025],"evs":[0.0,-0.21845,-0.15766]},"86s":{"weight":1.0,"played":[0.0,0.0054,0.9946],"evs":[0.0,0.50557,0.60153]},"87s":{"weight":1.0,"played":[0.0,7.0E-4,0.9993],"evs":[0.0,1.19443,1.27869]},"88":{"weight":1.0,"played":[0.0,0.0,1.0],"evs":[0.0,8.15395,8.27785]},"98o":{"weight":1.0,"played":[0.0,1.0E-4,0.9999],"evs":[0.0,-0.03663,0.03371]},"T8o":{"weight":1.0,"played":[0.0,1.0E-4,0.9999],"evs":[0.0,0.14915,0.19939]},"J8o":{"weight":1.0,"played":[0.0,0.0,1.0],"evs":[0.0,0.21995,0.26538]},"Q8o":{"weight":1.0,"played":[0.0,0.0,1.0],"evs":[0.0,0.58706,0.62839]},"K8o":{"weight":1.0,"played":[0.0,3.0E-4,0.9997],"evs":[0.0,1.54307,1.58948]},"A8o":{"weight":1.0,"played":[0.0,0.0111,0.9889],"evs":[0.0,3.91605,3.92855]},"92s":{"weight":1.0,"played":[1.0,0.0,0.0],"evs":[0.0,-1.83251,-1.77174]},"93s":{"weight":1.0,"played":[1.0,0.0,0.0],"evs":[0.0,-1.5869,-1.55421]},"94s":{"weight":1.0,"played":[1.0,0.0,0.0],"evs":[0.0,-1.42655,-1.35666]},"95s":{"weight":1.0,"played":[1.0,0.0,0.0],"evs":[0.0,-0.49732,-0.43745]},"96s":{"weight":1.0,"played":[0.0,0.0016,0.9984],"evs":[0.0,0.2177,0.32629]},"97s":{"weight":1.0,"played":[0.0,1.0E-4,0.9999],"evs":[0.0,0.98733,1.07017]},"98s":{"weight":1.0,"played":[0.0,0.0,1.0],"evs":[0.0,1.88937,1.95455]},"99":{"weight":1.0,"played":[0.0,1.0E-4,0.9999],"evs":[0.0,9.88805,9.97855]},"T9o":{"weight":1.0,"played":[0.0,1.0E-4,0.9999],"evs":[0.0,1.12168,1.17719]},"J9o":{"weight":1.0,"played":[0.0,0.0,1.0],"evs":[0.0,1.26793,1.32196]},"Q9o":{"weight":1.0,"played":[0.0,7.0E-4,0.9993],"evs":[0.0,1.81557,1.8626]},"K9o":{"weight":1.0,"played":[0.0,0.0,1.0],"evs":[0.0,2.74026,2.78228]},"A9o":{"weight":1.0,"played":[0.0,0.0011,0.9989],