{"player":3,"street":0,"children":2,"sequence":[{"player":0,"type":"R","amount":590000,"street":0},{"player":1,"type":"C","amount":590000,"street":0},{"player":2,"type":"C","amount":440000,"street":0}],"actions":[{"type":"F","amount":0,"node":40},{"type":"R","amount":1090000,"node":42}],"hands":{"22":{"weight":1.0,"played":[2.0E-4,0.9998],"evs":[0.0,4.47645]},"32o":{"weight":1.0,"played":[0.9912,0.0088],"evs":[0.0,-1.07512]},"42o":{"weight":1.0,"played":[0.909,0.091],"evs":[0.0,-1.18258]},"52o":{"weight":1.0,"played":[0.9746,0.0254],"evs":[0.0,-1.89907]},"62o":{"weight":1.0,"played":[0.8711,0.1289],"evs":[0.0,-0.71772]},"72o":{"weight":1.0,"played":[0.9985,0.0015],"evs":[0.0,-2.05135]},"82o":{"weight":1.0,"played":[0.9978,0.0022],"evs":[0.0,-1.23609]},"92o":{"weight":1.0,"played":[0.88,0.12],"evs":[0.0,-0.78864]},"T2o":{"weight":1.0,"played":[0.8339,0.1661],"evs":[0.0,-0.65315]},"J2o":{"weight":1.0,"played":[0.893,0.107],"evs":[0.0,-0.73299]},"Q2o":{"weight":1.0,"played":[0.0943,0.9057],"evs":[0.0,-0.24802]},"K2o":{"weight":1.0,"played":[0.5133,0.4867],"evs":[0.0,0.19614]},"A2o":{"weight":1.0,"played":[0.0,1.0],"evs":[0.0,2.47456]},"32s":{"weight":1.0,"played":[0.4267,0.5733],"evs":[0.0,-0.10049]},"33":{"weight":1.0,"played":[0.0,1.0],"evs":[0.0,5.1469]},"43o":{"weight":1.0,"played":[0.2224,0.7776],"evs":[0.0,-0.17948]},"53o":{"weight":1.0,"played":[1.0E-4,0.9999],"evs":[0.0,0.33495]},"63o":{"weight":1.0,"played":[0.1022,0.8978],"evs":[0.0,0.40875]},"73o":{"weight":1.0,"played":[0.8409,0.1591],"evs":[0.0,-0.32668]},"83o":{"weight":1.0,"played":[0.9932,0.0068],"evs":[0.0,-1.13077]},"93o":{"weight":1.0,"played":[0.997,0.003],"evs":[0.0,-0.30183]},"T3o":{"weight":1.0,"played":[0.9975,0.0025],"evs":[0.0,-0.48846]},"J3o":{"weight":1.0,"played":[0.5132,0.4868],"evs":[0.0,-0.50224]},"Q3o":{"weight":1.0,"played":[0.1363,0.8637],"evs":[0.0,0.22677]},"K3o":{"weight":1.0,"played":[0.0026,0.9974],"evs":[0.0,0.95828]},"A3o":{"weight":1.0,"played":[0.0,1.0],"evs":[0.0,1.97799]},"42s":{"weight":1.0,"played":[0.058,0.942],"evs":[0.0,0.42579]},"43s":{"weight":1.0,"played":[4.0E-4,0.9996],"evs":[0.0,2.28406]},"44":{"weight":1.0,"played":[0.0,1.0],"evs":[0.0,5.94962]},"54o":{"weight":1.0,"played":[2.0E-4,0.9998],"evs":[0.0,1.74731]},"64o":{"weight":1.0,"played":[0.0017,0.9983],"evs":[0.0,1.26516]},"74o":{"weight":1.0,"played":[0.1783,0.8217],"evs":[0.0,0.94005]},"84o":{"weight":1.0,"played":[0.2909,0.7091],"evs":[0.0,0.31275]},"94o":{"weight":1.0,"played":[0.62,0.38],"evs":[0.0,0.0743]},"T4o":{"weight":1.0,"played":[0.2492,0.7508],"evs":[0.0,-0.138]},"J4o":{"weight":1.0,"played":[0.2974,0.7026],"evs":[0.0,0.25818]},"Q4o":{"weight":1.0,"played":[0.1919,0.8081],"evs":[0.0,0.50713]},"K4o":{"weight":1.0,"played":[4.0E-4,0.9996],"evs":[0.0,1.54912]},"A4o":{"weight":1.0,"played":[0.0,1.0],"evs":[0.0,2.43278]},"52s":{"weight":1.0,"played":[0.0044,0.9956],"evs":[0.0,1.14243]},"53s":{"weight":1.0,"played":[9.0E-4,0.9991],"evs":[0.0,3.05006]},"54s":{"weight":1.0,"played":[0.0131,0.9869],"evs":[0.0,2.3448]},"55":{"weight":1.0,"played":[2.0E-4,0.9998],"evs":[0.0,7.14133]},"65o":{"weight":1.0,"played":[0.0,1.0],"evs":[0.0,2.55143]},"75o":{"weight":1.0,"played":[0.0039,0.9961],"evs":[0.0,1.43376]},"85o":{"weight":1.0,"played":[0.0278,0.9722],"evs":[0.0,0.91064]},"95o":{"weight":1.0,"played":[0.0141,0.9859],"evs":[0.0,0.36284]},"T5o":{"weight":1.0,"played":[0.6154,0.3846],"evs":[0.0,-0.04157]},"J5o":{"weight":1.0,"played":[0.0839,0.9161],"evs":[0.0,0.24421]},"Q5o":{"weight":1.0,"played":[0.0013,0.9987],"evs":[0.0,1.69923]},"K5o":{"weight":1.0,"played":[0.0029,0.9971],"evs":[0.0,1.98701]},"A5o":{"weight":1.0,"played":[0.0,1.0],"evs":[0.0,4.18693]},"62s":{"weight":1.0,"played":[0.0038,0.9962],"evs":[0.0,1.40308]},"63s":{"weight":1.0,"played":[0.0022,0.9978],"evs":[0.0,2.8229]},"64s":{"weight":1.0,"played":[9.0E-4,0.9991],"evs":[0.0,2.23064]},"65s":{"weight":1.0,"played":[4.0E-4,0.9996],"evs":[0.0,5.16914]},"66":{"weight":1.0,"played":[0.0,1.0],"evs":[0.0,8.78639]},"76o":{"weight":1.0,"played":[0.0,1.0],"evs":[0.0,2.80483]},"86o":{"weight":1.0,"played":[0.0117,0.9883],"evs":[0.0,2.96581]},"96o":{"weight":1.0,"played":[0.0335,0.9665],"evs":[0.0,2.56741]},"T6o":{"weight":1.0,"played":[0.0099,0.9901],"evs":[0.0,1.58102]},"J6o":{"weight":1.0,"played":[0.0037,0.9963],"evs":[0.0,1.19816]},"Q6o":{"weight":1.0,"played":[2.0E-4,0.9998],"evs":[0.0,1.37118]},"K6o":{"weight":1.0,"played":[0.0,1.0],"evs":[0.0,2.04666]},"A6o":{"weight":1.0,"played":[0.0,1.0],"evs":[0.0,2.7768]},"72s":{"weight":1.0,"played":[0.5651,0.4349],"evs":[0.0,-0.73925]},"73s":{"weight":1.0,"played":[9.0E-4,0.9991],"evs":[0.0,2.13785]},"74s":{"weight":1.0,"played":[0.0012,0.9988],"evs":[0.0,2.55549]},"75s":{"weight":1.0,"played":[0.0117,0.9883],"evs":[0.0,3.43723]},"76s":{"weight":1.0,"played":[0.0,1.0],"evs":[0.0,5.10046]},"77":{"weight":1.0,"played":[0.0,1.0],"evs":[0.0,10.01423]},"87o":{"weight":1.0,"played":[1.0E-4,0.9999],"evs":[0.0,2.69528]},"97o":{"weight":1.0,"played":[0.0,1.0],"evs":[0.0,2.94165]},"T7o":{"weight":1.0,"played":[6.0E-4,0.9994],"evs":[0.0,1.84158]},"J7o":{"weight":1.0,"played":[1.0E-4,0.9999],"evs":[0.0,1.77003]},"Q7o":{"weight":1.0,"played":[0.007,0.993],"evs":[0.0,2.30506]},"K7o":{"weight":1.0,"played":[1.0E-4,0.9999],"evs":[0.0,2.94138]},"A7o":{"weight":1.0,"played":[9.0E-4,0.9991],"evs":[0.0,3.55026]},"82s":{"weight":1.0,"played":[0.005,0.995],"evs":[0.0,1.01223]},"83s":{"weight":1.0,"played":[0.0011,0.9989],"evs":[0.0,1.43539]},"84s":{"weight":1.0,"played":[0.0491,0.9509],"evs":[0.0,2.67241]},"85s":{"weight":1.0,"played":[0.0027,0.9973],"evs":[0.0,3.47454]},"86s":{"weight":1.0,"played":[3.0E-4,0.9997],"evs":[0.0,5.15532]},"87s":{"weight":1.0,"played":[0.0,1.0],"evs":[0.0,7.00747]},"88":{"weight":1.0,"played":[0.0,1.0],"evs":[0.0,11.41051]},"98o":{"weight":1.0,"played":[3.0E-4,0.9997],"evs":[0.0,3.60515]},"T8o":{"weight":1.0,"played":[5.0E-4,0.9995],"evs":[0.0,2.51413]},"J8o":{"weight":1.0,"played":[0.0,1.0],"evs":[0.0,1.98399]},"Q8o":{"weight":1.0,"played":[0.0024,0.9976],"evs":[0.0,1.79094]},"K8o":{"weight":1.0,"played":[0.0,1.0],"evs":[0.0,3.04108]},"A8o":{"weight":1.0,"played":[0.0,1.0],"evs":[0.0,5.20202]},"92s":{"weight":1.0,"played":[0.0017,0.9983],"evs":[0.0,1.22054]},"93s":{"weight":1.0,"played":[0.1173,0.8827],"evs":[0.0,2.56623]},"94s":{"weight":1.0,"played":[0.0312,0.9688],"evs":[0.0,0.81515]},"95s":{"weight":1.0,"played":[0.04,0.96],"evs":[0.0,2.35038]},"96s":{"weight":1.0,"played":[0.0017,0.9983],"evs":[0.0,4.10401]},"97s":{"weight":1.0,"played":[0.0015,0.9985],"evs":[0.0,5.09683]},"98s":{"weight":1.0,"played":[3.0E-4,0.9997],"evs":[0.0,5.16897]},"99":{"weight":1.0,"played":[0.0,1.0],"evs":[0.0,11.44015]},"T9o":{"weight":1.0,"played":[9.0E-4,0.9991],"evs":[0.0,4.51416]},"J9o":{"weight":1.0,"played":[1.0E-4,0.9999],"evs":[0.0,3.22494]},"Q9o":{"weight":1.0,"played":[0.0,1.0],"evs":[0.0,4.2009]},"K9o":{"weight":1.0,"played":[2.0E-4,0.9998],"evs":[0.0,3.32524]},"A9o":{"weight":1.0,"played":[0.0,1.0],"evs":[0.0,6.53483]},"T2s":{"weight":1.0,"played":[1.0E-4,0.9999],"evs":[0.0,1.69085]},"T3s":{"weight":1.0,"played":[0.0018,0.9982],"evs":[0.0,1.48963]},"T4s":{"weight":1.0,"played":[0.0026,0.9974],"evs":[0.0,1.25456]},"T5s":{"weight":1.0,"played":[0.0121,0.9879],"evs":[0.0,0.5574]},"T6s":{"weight":1.0,"played":[4.0E-4,0.9996],"evs":[0.0,3.32456]},"T7s":{"weight":1.0,"played":[0.0,1.0],"evs":[0.0,4.28972]},"T8s":{"weight":1.0,"played":[5.0E-4,0.9995],"evs":[0.0,4.9299]},"T9s":{"weight":1.0,"played":[0.0,1.0],"evs":[0.0,6.48149]},"TT":{"weight":1.0,"played":[0.0,1.0],"evs":[0.0,14.05649]},"JTo":{"weight":1.0,"played":[0.0,1.0],"evs":[0.0,4.3958]},"QTo":{"weight":1.0,"played":[0.0,1.0],"evs":[0.0,4.3375]},"KTo":{"weight":1.0,"played":[0.0,1.0],"evs":[0.0,4.71895]},"ATo":{"weight":1.0,"played":[0.0,1.0],"evs":[0.0,6.005]},"J2s":{"weight":1.0,"played":[0.0035,0.9965],"evs":[0.0,1.24992]},"J3s":{"weight":1.0,"played":[0.0,1.0],"evs":[0.0,2.01216]},"J4s":{"weight":1.0,"played":[0.0026,0.9974],