{"equityUnit":"TABLE_EQUITY_PERCENT","conversionFactors":{"toUSD":21.88,"toRegularPrizePercent":1.1443515},"preHandEquity":[12.77179,13.31329,12.9907,19.5748,19.8736,13.20651,8.2693],"bubbleFactors":[[-1.0,1.457,1.45,1.556,1.56,1.455,0.682],[1.112,-1.0,1.193,1.575,1.579,1.341,0.674],[1.136,1.464,-1.0,1.564,1.568,1.461,0.679],[0.901,1.114,0.956,-1.0,1.679,1.064,0.608],[0.897,1.108,0.951,1.351,-1.0,1.058,0.606],[1.12,1.47,1.202,1.571,1.575,-1.0,0.675],[1.23,1.238,1.233,1.297,1.298,1.236,-1.0]]}