{"player":2,"street":0,"children":3,"sequence":[{"player":0,"type":"R","amount":985000,"street":0},{"player":1,"type":"C","amount":985000,"street":0}],"actions":[{"type":"F","amount":0,"node":131},{"type":"C","amount":985000,"node":146},{"type":"R","amount":1275000,"node":160}],"hands":{"22":{"weight":1.0,"played":[1.0,0.0,0.0],"evs":[0.0,-1.17761,-1.12476]},"32o":{"weight":1.0,"played":[1.0,0.0,0.0],"evs":[0.0,-3.77399,-3.76023]},"42o":{"weight":1.0,"played":[1.0,0.0,0.0],"evs":[0.0,-3.57118,-3.55071]},"52o":{"weight":1.0,"played":[1.0,0.0,0.0],"evs":[0.0,-3.29444,-3.28836]},"62o":{"weight":1.0,"played":[1.0,0.0,0.0],"evs":[0.0,-3.67511,-3.67267]},"72o":{"weight":1.0,"played":[1.0,0.0,0.0],"evs":[0.0,-4.06785,-4.05711]},"82o":{"weight":1.0,"played":[1.0,0.0,0.0],"evs":[0.0,-3.87019,-3.86263]},"92o":{"weight":1.0,"played":[1.0,0.0,0.0],"evs":[0.0,-3.77401,-3.78123]},"T2o":{"weight":1.0,"played":[1.0,0.0,0.0],"evs":[0.0,-3.817,-3.82456]},"J2o":{"weight":1.0,"played":[1.0,0.0,0.0],"evs":[0.0,-3.64617,-3.63538]},"Q2o":{"weight":1.0,"played":[1.0,0.0,0.0],"evs":[0.0,-3.48024,-3.49491]},"K2o":{"weight":1.0,"played":[1.0,0.0,0.0],"evs":[0.0,-3.06414,-3.06906]},"A2o":{"weight":1.0,"played":[1.0,0.0,0.0],"evs":[0.0,-3.03835,-2.99303]},"32s":{"weight":1.0,"played":[1.0,0.0,0.0],"evs":[0.0,-2.30945,-2.29148]},"33":{"weight":1.0,"played":[1.0,0.0,0.0],"evs":[0.0,-0.85323,-0.81548]},"43o":{"weight":1.0,"played":[1.0,0.0,0.0],"evs":[0.0,-3.02295,-2.99541]},"53o":{"weight":1.0,"played":[1.0,0.0,0.0],"evs":[0.0,-2.71517,-2.68267]},"63o":{"weight":1.0,"played":[1.0,0.0,0.0],"evs":[0.0,-3.01335,-2.99633]},"73o":{"weight":1.0,"played":[1.0,0.0,0.0],"evs":[0.0,-3.49902,-3.48336]},"83o":{"weight":1.0,"played":[1.0,0.0,0.0],"evs":[0.0,-3.7933,-3.79527]},"93o":{"weight":1.0,"played":[1.0,0.0,0.0],"evs":[0.0,-3.6136,-3.61798]},"T3o":{"weight":1.0,"played":[1.0,0.0,0.0],"evs":[0.0,-3.66449,-3.67815]},"J3o":{"weight":1.0,"played":[1.0,0.0,0.0],"evs":[0.0,-3.51512,-3.52026]},"Q3o":{"weight":1.0,"played":[1.0,0.0,0.0],"evs":[0.0,-3.30965,-3.32523]},"K3o":{"weight":1.0,"played":[1.0,0.0,0.0],"evs":[0.0,-2.94387,-2.95486]},"A3o":{"weight":1.0,"played":[1.0,0.0,0.0],"evs":[0.0,-2.81966,-2.79471]},"42s":{"weight":1.0,"played":[1.0,0.0,0.0],"evs":[0.0,-2.08625,-2.06299]},"43s":{"weight":1.0,"played":[1.0,0.0,0.0],"evs":[0.0,-1.54219,-1.51777]},"44":{"weight":1.0,"played":[0.9954,0.0016,0.0029],"evs":[0.0,-0.38967,-0.36237]},"54o":{"weight":1.0,"played":[1.0,0.0,0.0],"evs":[0.0,-2.12936,-2.11119]},"64o":{"weight":1.0,"played":[1.0,0.0,0.0],"evs":[0.0,-2.41982,-2.40513]},"74o":{"weight":1.0,"played":[1.0,0.0,0.0],"evs":[0.0,-2.89125,-2.87203]},"84o":{"weight":1.0,"played":[1.0,0.0,0.0],"evs":[0.0,-3.20819,-3.1986]},"94o":{"weight":1.0,"played":[1.0,0.0,0.0],"evs":[0.0,-3.53631,-3.53863]},"T4o":{"weight":1.0,"played":[1.0,0.0,0.0],"evs":[0.0,-3.50976,-3.52679]},"J4o":{"weight":1.0,"played":[1.0,0.0,0.0],"evs":[0.0,-3.32341,-3.32961]},"Q4o":{"weight":1.0,"played":[1.0,0.0,0.0],"evs":[0.0,-3.09266,-3.11533]},"K4o":{"weight":1.0,"played":[1.0,0.0,0.0],"evs":[0.0,-2.69354,-2.70875]},"A4o":{"weight":1.0,"played":[1.0,0.0,0.0],"evs":[0.0,-2.61017,-2.57486]},"52s":{"weight":1.0,"played":[1.0,0.0,0.0],"evs":[0.0,-1.93625,-1.90587]},"53s":{"weight":1.0,"played":[1.0,0.0,0.0],"evs":[0.0,-1.32197,-1.30296]},"54s":{"weight":1.0,"played":[1.0,0.0,0.0],"evs":[0.0,-0.73773,-0.70321]},"55":{"weight":1.0,"played":[0.0,0.2631,0.7369],"evs":[0.0,0.268,0.2791]},"65o":{"weight":1.0,"played":[1.0,0.0,0.0],"evs":[0.0,-1.82201,-1.818]},"75o":{"weight":1.0,"played":[1.0,0.0,0.0],"evs":[0.0,-2.17425,-2.16321]},"85o":{"weight":1.0,"played":[1.0,0.0,0.0],"evs":[0.0,-2.5559,-2.55766]},"95o":{"weight":1.0,"played":[1.0,0.0,0.0],"evs":[0.0,-2.88403,-2.89914]},"T5o":{"weight":1.0,"played":[1.0,0.0,0.0],"evs":[0.0,-3.26656,-3.29327]},"J5o":{"weight":1.0,"played":[1.0,0.0,0.0],"evs":[0.0,-3.07898,-3.0938]},"Q5o":{"weight":1.0,"played":[1.0,0.0,0.0],"evs":[0.0,-2.82003,-2.85874]},"K5o":{"weight":1.0,"played":[1.0,0.0,0.0],"evs":[0.0,-2.42934,-2.44963]},"A5o":{"weight":1.0,"played":[1.0,0.0,0.0],"evs":[0.0,-2.24677,-2.23369]},"62s":{"weight":1.0,"played":[1.0,0.0,0.0],"evs":[0.0,-2.17867,-2.1615]},"63s":{"weight":1.0,"played":[1.0,0.0,0.0],"evs":[0.0,-1.62913,-1.62889]},"64s":{"weight":1.0,"played":[1.0,0.0,0.0],"evs":[0.0,-1.11692,-1.0948]},"65s":{"weight":1.0,"played":[1.0,0.0,0.0],"evs":[0.0,-0.36141,-0.34753]},"66":{"weight":1.0,"played":[0.0,0.3707,0.6293],"evs":[0.0,0.94635,0.9372]},"76o":{"weight":1.0,"played":[1.0,0.0,0.0],"evs":[0.0,-1.69887,-1.7032]},"86o":{"weight":1.0,"played":[1.0,0.0,0.0],"evs":[0.0,-1.96245,-1.9706]},"96o":{"weight":1.0,"played":[1.0,0.0,0.0],"evs":[0.0,-2.33518,-2.36298]},"T6o":{"weight":1.0,"played":[1.0,0.0,0.0],"evs":[0.0,-2.70253,-2.73973]},"J6o":{"weight":1.0,"played":[1.0,0.0,0.0],"evs":[0.0,-2.90855,-2.93883]},"Q6o":{"weight":1.0,"played":[1.0,0.0,0.0],"evs":[0.0,-2.67237,-2.70412]},"K6o":{"weight":1.0,"played":[1.0,0.0,0.0],"evs":[0.0,-2.2425,-2.2766]},"A6o":{"weight":1.0,"played":[1.0,0.0,0.0],"evs":[0.0,-2.58423,-2.56847]},"72s":{"weight":1.0,"played":[1.0,0.0,0.0],"evs":[0.0,-2.62464,-2.6384]},"73s":{"weight":1.0,"played":[1.0,0.0,0.0],"evs":[0.0,-2.06996,-2.05857]},"74s":{"weight":1.0,"played":[1.0,0.0,0.0],"evs":[0.0,-1.46597,-1.4346]},"75s":{"weight":1.0,"played":[1.0,0.0,0.0],"evs":[0.0,-0.8375,-0.85441]},"76s":{"weight":1.0,"played":[0.9997,3.0E-4,0.0],"evs":[0.0,-0.45011,-0.45711]},"77":{"weight":1.0,"played":[0.0,0.4315,0.5685],"evs":[0.0,1.48921,1.47443]},"87o":{"weight":1.0,"played":[1.0,0.0,0.0],"evs":[0.0,-1.62998,-1.65872]},"97o":{"weight":1.0,"played":[1.0,0.0,0.0],"evs":[0.0,-1.82238,-1.84779]},"T7o":{"weight":1.0,"played":[1.0,0.0,0.0],"evs":[0.0,-2.22928,-2.25818]},"J7o":{"weight":1.0,"played":[1.0,0.0,0.0],"evs":[0.0,-2.49241,-2.51792]},"Q7o":{"weight":1.0,"played":[1.0,0.0,0.0],"evs":[0.0,-2.59814,-2.6368]},"K7o":{"weight":1.0,"played":[1.0,0.0,0.0],"evs":[0.0,-2.2019,-2.2189]},"A7o":{"weight":1.0,"played":[1.0,0.0,0.0],"evs":[0.0,-2.33371,-2.32757]},"82s":{"weight":1.0,"played":[1.0,0.0,0.0],"evs":[0.0,-2.43696,-2.4329]},"83s":{"weight":1.0,"played":[1.0,0.0,0.0],"evs":[0.0,-2.29488,-2.28236]},"84s":{"weight":1.0,"played":[1.0,0.0,0.0],"evs":[0.0,-1.80118,-1.81497]},"85s":{"weight":1.0,"played":[1.0,0.0,0.0],"evs":[0.0,-1.16843,-1.15765]},"86s":{"weight":1.0,"played":[0.9999,1.0E-4,0.0],"evs":[0.0,-0.66739,-0.66859]},"87s":{"weight":1.0,"played":[1.0,0.0,0.0],"evs":[0.0,-0.33746,-0.34806]},"88":{"weight":1.0,"played":[0.0,0.5594,0.4406],"evs":[0.0,2.33656,2.28902]},"98o":{"weight":1.0,"played":[1.0,0.0,0.0],"evs":[0.0,-1.4925,-1.51663]},"T8o":{"weight":1.0,"played":[1.0,0.0,0.0],"evs":[0.0,-1.73223,-1.75911]},"J8o":{"weight":1.0,"played":[1.0,0.0,0.0],"evs":[0.0,-1.96534,-1.9978]},"Q8o":{"weight":1.0,"played":[1.0,0.0,0.0],"evs":[0.0,-2.19325,-2.2452]},"K8o":{"weight":1.0,"played":[1.0,0.0,0.0],"evs":[0.0,-2.08399,-2.12401]},"A8o":{"weight":1.0,"played":[1.0,0.0,0.0],"evs":[0.0,-2.02123,-2.009]},"92s":{"weight":1.0,"played":[1.0,0.0,0.0],"evs":[0.0,-2.29125,-2.27696]},"93s":{"weight":1.0,"played":[1.0,0.0,0.0],"evs":[0.0,-2.14965,-2.15968]},"94s":{"weight":1.0,"played":[1.0,0.0,0.0],"evs":[0.0,-2.02019,-2.02845]},"95s":{"weight":1.0,"played":[1.0,0.0,0.0],"evs":[0.0,-1.4537,-1.47471]},"96s":{"weight":1.0,"played":[1.0,0.0,0.0],"evs":[0.0,-0.87736,-0.91064]},"97s":{"weight":1.0,"played":[0.9999,0.0,0.0],"evs":[0.0,-0.47216,-0.48692]},"98s":{"weight":1.0,"played":[0.9987,5.0E-4,9.0E-4],"evs":[0.0,-0.08041,-0.12155]},"99":{"weight":1.0,"played":[0.0,0.6861,0.3139],"evs":[0.0,3.23275,3.18135]},"T9o":{"weight":1.0,"played":[1.0,0.0,0.0],"evs":[0.0,-1.23568,-1.28994]},"J9o":{"weight":1.0,"played":[1.0,0.0,0.0],"evs":[0.0,-1.43912,-1.50008]},"Q9o":{"weight":1.0,"played":[1.0,0.0,0.0],"evs":[0.0,-1.63644,-1.67669]},"K9o":{"weight":1.0,"played":[1.0,0.0,0.0],"evs":[0.0,-1.48329,-1.51184]},"A9o":{"weight":1.0,"played":[1.0,0.0,0.0],"evs":[0.0,-1.59796,-1.5864]},