{"player":1,"street":0,"children":4,"sequence":[{"player":0,"type":"F","amount":0,"street":0}],"actions":[{"type":"F","amount":0,"node":2},{"type":"C","amount":100000,"node":34},{"type":"R","amount":200000,"node":111},{"type":"R","amount":1805000,"node":145}],"hands":{"22":{"weight":1.0,"played":[0.0,0.5496,0.0,0.4503],"evs":[0.0,0.337,0.25216,0.3287]},"32o":{"weight":1.0,"played":[1.0,0.0,0.0,0.0],"evs":[0.0,-0.76366,-1.10553,-4.79703]},"42o":{"weight":1.0,"played":[1.0,0.0,0.0,0.0],"evs":[0.0,-0.72445,-1.04902,-4.51793]},"52o":{"weight":1.0,"played":[1.0,0.0,0.0,0.0],"evs":[0.0,-0.6937,-0.98921,-4.28192]},"62o":{"weight":1.0,"played":[1.0,0.0,0.0,0.0],"evs":[0.0,-0.73259,-1.0338,-4.52315]},"72o":{"weight":1.0,"played":[1.0,0.0,0.0,0.0],"evs":[0.0,-0.73898,-1.03268,-4.63001]},"82o":{"weight":1.0,"played":[1.0,0.0,0.0,0.0],"evs":[0.0,-0.70817,-0.96197,-4.28443]},"92o":{"weight":1.0,"played":[1.0,0.0,0.0,0.0],"evs":[0.0,-0.68566,-0.89207,-4.06626]},"T2o":{"weight":1.0,"played":[1.0,0.0,0.0,0.0],"evs":[0.0,-0.61399,-0.75661,-3.61971]},"J2o":{"weight":1.0,"played":[1.0,0.0,0.0,0.0],"evs":[0.0,-0.5743,-0.66823,-3.21229]},"Q2o":{"weight":1.0,"played":[1.0,0.0,0.0,0.0],"evs":[0.0,-0.45709,-0.50528,-2.49447]},"K2o":{"weight":1.0,"played":[1.0,0.0,0.0,0.0],"evs":[0.0,-0.25008,-0.26586,-1.5735]},"A2o":{"weight":1.0,"played":[0.0,0.5341,0.003,0.4628],"evs":[0.0,0.6802,0.65405,0.67939]},"32s":{"weight":1.0,"played":[1.0,0.0,0.0,0.0],"evs":[0.0,-0.57213,-0.85466,-3.2823]},"33":{"weight":1.0,"played":[0.0,0.0,0.0,1.0],"evs":[0.0,0.9481,0.95897,1.054]},"43o":{"weight":1.0,"played":[1.0,0.0,0.0,0.0],"evs":[0.0,-0.65782,-0.94123,-3.88845]},"53o":{"weight":1.0,"played":[1.0,0.0,0.0,0.0],"evs":[0.0,-0.61194,-0.87963,-3.63758]},"63o":{"weight":1.0,"played":[1.0,0.0,0.0,0.0],"evs":[0.0,-0.65206,-0.91315,-3.88666]},"73o":{"weight":1.0,"played":[1.0,0.0,0.0,0.0],"evs":[0.0,-0.6666,-0.90945,-3.97418]},"83o":{"weight":1.0,"played":[1.0,0.0,0.0,0.0],"evs":[0.0,-0.68166,-0.92167,-4.10114]},"93o":{"weight":1.0,"played":[1.0,0.0,0.0,0.0],"evs":[0.0,-0.64443,-0.8333,-3.81122]},"T3o":{"weight":1.0,"played":[1.0,0.0,0.0,0.0],"evs":[0.0,-0.56889,-0.70373,-3.35199]},"J3o":{"weight":1.0,"played":[1.0,0.0,0.0,0.0],"evs":[0.0,-0.51756,-0.60626,-2.93014]},"Q3o":{"weight":1.0,"played":[1.0,0.0,0.0,0.0],"evs":[0.0,-0.39843,-0.43859,-2.24504]},"K3o":{"weight":1.0,"played":[1.0,0.0,0.0,0.0],"evs":[0.0,-0.20097,-0.21152,-1.30346]},"A3o":{"weight":1.0,"played":[0.0,0.0051,1.0E-4,0.9948],"evs":[0.0,0.91096,0.88463,0.92351]},"42s":{"weight":1.0,"played":[1.0,0.0,0.0,0.0],"evs":[0.0,-0.52514,-0.80942,-3.06461]},"43s":{"weight":1.0,"played":[1.0,0.0,0.0,0.0],"evs":[0.0,-0.42547,-0.71375,-2.50875]},"44":{"weight":1.0,"played":[0.0,0.0,0.0,1.0],"evs":[0.0,1.75481,1.79816,1.89861]},"54o":{"weight":1.0,"played":[1.0,0.0,0.0,0.0],"evs":[0.0,-0.5075,-0.75906,-2.98647]},"64o":{"weight":1.0,"played":[1.0,0.0,0.0,0.0],"evs":[0.0,-0.54221,-0.79159,-3.22006]},"74o":{"weight":1.0,"played":[1.0,0.0,0.0,0.0],"evs":[0.0,-0.55189,-0.79062,-3.3224]},"84o":{"weight":1.0,"played":[1.0,0.0,0.0,0.0],"evs":[0.0,-0.59225,-0.8073,-3.44215]},"94o":{"weight":1.0,"played":[1.0,0.0,0.0,0.0],"evs":[0.0,-0.61135,-0.79545,-3.63551]},"T4o":{"weight":1.0,"played":[1.0,0.0,0.0,0.0],"evs":[0.0,-0.52145,-0.64705,-3.08821]},"J4o":{"weight":1.0,"played":[1.0,0.0,0.0,0.0],"evs":[0.0,-0.46032,-0.54157,-2.6586]},"Q4o":{"weight":1.0,"played":[1.0,0.0,0.0,0.0],"evs":[0.0,-0.34487,-0.38583,-1.97869]},"K4o":{"weight":1.0,"played":[1.0,0.0,0.0,0.0],"evs":[0.0,-0.1388,-0.14987,-1.04608]},"A4o":{"weight":1.0,"played":[0.0,0.0013,4.0E-4,0.9983],"evs":[0.0,1.20257,1.16665,1.22926]},"52s":{"weight":1.0,"played":[1.0,0.0,0.0,0.0],"evs":[0.0,-0.47593,-0.75423,-2.81564]},"53s":{"weight":1.0,"played":[1.0,0.0,0.0,0.0],"evs":[0.0,-0.37644,-0.65933,-2.23894]},"54s":{"weight":1.0,"played":[1.0,0.0,0.0,0.0],"evs":[0.0,-0.234,-0.54821,-1.65291]},"55":{"weight":1.0,"played":[0.0,0.0,1.0E-4,0.9999],"evs":[0.0,2.56338,2.58958,2.69861]},"65o":{"weight":1.0,"played":[1.0,0.0,0.0,0.0],"evs":[0.0,-0.43026,-0.67201,-2.61669]},"75o":{"weight":1.0,"played":[1.0,0.0,0.0,0.0],"evs":[0.0,-0.44037,-0.66704,-2.67917]},"85o":{"weight":1.0,"played":[1.0,0.0,0.0,0.0],"evs":[0.0,-0.46749,-0.67546,-2.81671]},"95o":{"weight":1.0,"played":[1.0,0.0,0.0,0.0],"evs":[0.0,-0.49387,-0.66058,-3.00314]},"T5o":{"weight":1.0,"played":[1.0,0.0,0.0,0.0],"evs":[0.0,-0.47423,-0.59717,-2.92838]},"J5o":{"weight":1.0,"played":[1.0,0.0,0.0,0.0],"evs":[0.0,-0.41066,-0.47856,-2.4084]},"Q5o":{"weight":1.0,"played":[1.0,0.0,0.0,0.0],"evs":[0.0,-0.30048,-0.31523,-1.76399]},"K5o":{"weight":1.0,"played":[0.9956,0.0044,0.0,0.0],"evs":[0.0,-0.06851,-0.06923,-0.78157]},"A5o":{"weight":1.0,"played":[0.0,7.0E-4,4.0E-4,0.9989],"evs":[0.0,1.50174,1.47249,1.5328]},"62s":{"weight":1.0,"played":[1.0,0.0,0.0,0.0],"evs":[0.0,-0.53359,-0.79895,-3.07419]},"63s":{"weight":1.0,"played":[1.0,0.0,0.0,0.0],"evs":[0.0,-0.42129,-0.69581,-2.46584]},"64s":{"weight":1.0,"played":[1.0,0.0,0.0,0.0],"evs":[0.0,-0.2868,-0.5753,-1.8846]},"65s":{"weight":1.0,"played":[1.0,0.0,0.0,0.0],"evs":[0.0,-0.15703,-0.45967,-1.29297]},"66":{"weight":1.0,"played":[0.0,0.0,0.0,1.0],"evs":[0.0,3.47102,3.48477,3.57898]},"76o":{"weight":1.0,"played":[1.0,0.0,0.0,0.0],"evs":[0.0,-0.34833,-0.5575,-2.06381]},"86o":{"weight":1.0,"played":[1.0,0.0,0.0,0.0],"evs":[0.0,-0.35855,-0.55777,-2.16089]},"96o":{"weight":1.0,"played":[1.0,0.0,0.0,0.0],"evs":[0.0,-0.38261,-0.54184,-2.30355]},"T6o":{"weight":1.0,"played":[1.0,0.0,0.0,0.0],"evs":[0.0,-0.37057,-0.4743,-2.26731]},"J6o":{"weight":1.0,"played":[1.0,0.0,0.0,0.0],"evs":[0.0,-0.38586,-0.4457,-2.27299]},"Q6o":{"weight":1.0,"played":[1.0,0.0,0.0,0.0],"evs":[0.0,-0.23757,-0.24616,-1.45481]},"K6o":{"weight":1.0,"played":[0.5361,0.4598,0.004,0.0],"evs":[0.0,-0.00165,-0.00104,-0.46153]},"A6o":{"weight":1.0,"played":[0.0,7.0E-4,3.0E-4,0.999],"evs":[0.0,1.5775,1.56905,1.61165]},"72s":{"weight":1.0,"played":[1.0,0.0,0.0,0.0],"evs":[0.0,-0.52884,-0.78748,-3.10907]},"73s":{"weight":1.0,"played":[1.0,0.0,0.0,0.0],"evs":[0.0,-0.44009,-0.68539,-2.52961]},"74s":{"weight":1.0,"played":[1.0,0.0,0.0,0.0],"evs":[0.0,-0.32367,-0.57096,-1.92523]},"75s":{"weight":1.0,"played":[1.0,0.0,0.0,0.0],"evs":[0.0,-0.18647,-0.46275,-1.29798]},"76s":{"weight":1.0,"played":[1.0,0.0,0.0,0.0],"evs":[0.0,-0.06904,-0.34958,-0.77545]},"77":{"weight":1.0,"played":[0.0,0.0,0.0,1.0],"evs":[0.0,4.489,4.46938,4.53674]},"87o":{"weight":1.0,"played":[1.0,0.0,0.0,0.0],"evs":[0.0,-0.25408,-0.42689,-1.5634]},"97o":{"weight":1.0,"played":[1.0,0.0,0.0,0.0],"evs":[0.0,-0.26519,-0.40676,-1.67797]},"T7o":{"weight":1.0,"played":[1.0,0.0,0.0,0.0],"evs":[0.0,-0.24138,-0.33372,-1.61349]},"J7o":{"weight":1.0,"played":[1.0,0.0,0.0,0.0],"evs":[0.0,-0.26684,-0.30621,-1.60593]},"Q7o":{"weight":1.0,"played":[1.0,0.0,0.0,0.0],"evs":[0.0,-0.19616,-0.18411,-1.28754]},"K7o":{"weight":1.0,"played":[0.0,0.9841,0.0159,0.0],"evs":[0.0,0.09892,0.09165,-0.15284]},"A7o":{"weight":1.0,"played":[0.0,0.0,0.0,1.0],"evs":[0.0,2.15179,2.1607,2.22426]},"82s":{"weight":1.0,"played":[1.0,0.0,0.0,0.0],"evs":[0.0,-0.48512,-0.72786,-2.77555]},"83s":{"weight":1.0,"played":[1.0,0.0,0.0,0.0],"evs":[0.0,-0.45182,-0.6882,-2.68378]},"84s":{"weight":1.0,"played":[1.0,0.0,0.0,0.0],"evs":[0.0,-0.35653,-0.59779,-2.0617]},"85s":{"weight":1.0,"played":[1.0,0.0,0.0,0.0],"evs":[0.0,-0.21199,-0.46218,-1.48039]},"86s":{"weight":1.0,"played":[1.0,0.0,0.0,0.0],"evs":[0.0,-0.10547,-0.35718,-0.86757]},"87s":{"weight":1.0,"played":[0.6234,0.3766,0.0,0.0],"evs":[0.0,-0.00213,-0.18299,-0.30737]},"88":{"weight":1.0,"played":[0.0,0.4863,2.0E-4,0.5135],"evs":[0.0,5.42277,5.38472,5.426]},"98o":{"weight":1.0,"played":[1.0,0.0,0.0,0.0],"evs":[0.0,-0.16094,-0.29494,-1.12814]},"T8o":{"weight":1.0,"played":[1.0,0.0,0.0,0.0],"evs":[0.0,-0.11606,-0.20529,-1.00076]},"J8o":{"weight":1.0,"played":[1.0,0.0,0.0,0.0],"evs":[0.0,-0.12751,-0.1692,-0.9703]},"Q8o":{"weight":1.0,"played":[0.9818,0.0182,0.0,0.0],