{"equityUnit":"TABLE_EQUITY_PERCENT","conversionFactors":{"toUSD":2.5055015,"toRegularPrizePercent":0.06709967},"preHandEquity":[14.02099,25.09795,17.619,1.00349,16.90131,25.35727],"bubbleFactors":[[-1.0,1.026,1.026,0.141,1.026,1.026],[0.839,-1.0,0.877,0.139,0.871,1.045],[0.842,1.032,-1.0,0.141,0.873,1.032],[1.002,1.002,1.002,-1.0,1.002,1.002],[0.842,1.031,1.031,0.141,-1.0,1.031],[0.839,0.931,0.877,0.139,0.871,-1.0]]}