{"equityUnit":"TABLE_EQUITY_PERCENT","conversionFactors":{"toUSD":2.8171988,"toRegularPrizePercent":0.07544721},"preHandEquity":[15.43824,21.56142,8.69839,16.28742,12.3474,25.66713],"bubbleFactors":[[-1.0,1.032,0.775,1.032,0.84,1.032],[0.76,-1.0,0.773,0.772,0.838,1.044],[1.018,1.018,-1.0,1.018,1.018,1.018],[0.763,1.033,0.775,-1.0,0.84,1.033],[1.025,1.026,0.776,1.026,-1.0,1.026],[0.759,0.925,0.771,0.771,0.836,-1.0]]}