{"player":2,"street":0,"children":3,"sequence":[{"player":0,"type":"R","amount":1690000,"street":0},{"player":1,"type":"C","amount":1690000,"street":0}],"actions":[{"type":"F","amount":0,"node":83},{"type":"C","amount":1690000},{"type":"R","amount":2970000,"node":116}],"hands":{"22":{"weight":1.0,"played":[1.0,0.0,0.0],"evs":[0.0,-1.96929,-2.06658]},"32o":{"weight":1.0,"played":[1.0,0.0,0.0],"evs":[0.0,-3.09294,-4.46191]},"42o":{"weight":1.0,"played":[1.0,0.0,0.0],"evs":[0.0,-3.06035,-4.37155]},"52o":{"weight":1.0,"played":[1.0,0.0,0.0],"evs":[0.0,-2.91447,-4.14551]},"62o":{"weight":1.0,"played":[1.0,0.0,0.0],"evs":[0.0,-3.05897,-4.3724]},"72o":{"weight":1.0,"played":[1.0,0.0,0.0],"evs":[0.0,-3.10739,-4.53912]},"82o":{"weight":1.0,"played":[1.0,0.0,0.0],"evs":[0.0,-3.0539,-4.42763]},"92o":{"weight":1.0,"played":[1.0,0.0,0.0],"evs":[0.0,-3.06571,-4.44386]},"T2o":{"weight":1.0,"played":[1.0,0.0,0.0],"evs":[0.0,-3.2312,-4.65673]},"J2o":{"weight":1.0,"played":[1.0,0.0,0.0],"evs":[0.0,-3.23698,-4.68163]},"Q2o":{"weight":1.0,"played":[1.0,0.0,0.0],"evs":[0.0,-2.93934,-4.17012]},"K2o":{"weight":1.0,"played":[1.0,0.0,0.0],"evs":[0.0,-2.88713,-3.97097]},"A2o":{"weight":1.0,"played":[1.0,0.0,0.0],"evs":[0.0,-2.38374,-2.67498]},"32s":{"weight":1.0,"played":[1.0,0.0,0.0],"evs":[0.0,-2.5497,-3.53742]},"33":{"weight":1.0,"played":[1.0,0.0,0.0],"evs":[0.0,-1.80517,-1.89888]},"43o":{"weight":1.0,"played":[1.0,0.0,0.0],"evs":[0.0,-2.88634,-4.08362]},"53o":{"weight":1.0,"played":[1.0,0.0,0.0],"evs":[0.0,-2.75915,-3.8384]},"63o":{"weight":1.0,"played":[1.0,0.0,0.0],"evs":[0.0,-2.90345,-4.09661]},"73o":{"weight":1.0,"played":[1.0,0.0,0.0],"evs":[0.0,-2.98008,-4.24904]},"83o":{"weight":1.0,"played":[1.0,0.0,0.0],"evs":[0.0,-3.0961,-4.52677]},"93o":{"weight":1.0,"played":[1.0,0.0,0.0],"evs":[0.0,-3.10046,-4.44522]},"T3o":{"weight":1.0,"played":[1.0,0.0,0.0],"evs":[0.0,-3.23945,-4.63895]},"J3o":{"weight":1.0,"played":[1.0,0.0,0.0],"evs":[0.0,-3.28374,-4.70273]},"Q3o":{"weight":1.0,"played":[1.0,0.0,0.0],"evs":[0.0,-2.9943,-4.22201]},"K3o":{"weight":1.0,"played":[1.0,0.0,0.0],"evs":[0.0,-2.88773,-3.93871]},"A3o":{"weight":1.0,"played":[1.0,0.0,0.0],"evs":[0.0,-2.32587,-2.56501]},"42s":{"weight":1.0,"played":[1.0,0.0,0.0],"evs":[0.0,-2.53249,-3.47777]},"43s":{"weight":1.0,"played":[1.0,0.0,0.0],"evs":[0.0,-2.2702,-3.15393]},"44":{"weight":1.0,"played":[1.0,0.0,0.0],"evs":[0.0,-1.50241,-1.55721]},"54o":{"weight":1.0,"played":[1.0,0.0,0.0],"evs":[0.0,-2.53001,-3.4607]},"64o":{"weight":1.0,"played":[1.0,0.0,0.0],"evs":[0.0,-2.69422,-3.72319]},"74o":{"weight":1.0,"played":[1.0,0.0,0.0],"evs":[0.0,-2.78369,-3.89285]},"84o":{"weight":1.0,"played":[1.0,0.0,0.0],"evs":[0.0,-2.92125,-4.1386]},"94o":{"weight":1.0,"played":[1.0,0.0,0.0],"evs":[0.0,-3.07807,-4.44729]},"T4o":{"weight":1.0,"played":[1.0,0.0,0.0],"evs":[0.0,-3.24064,-4.60717]},"J4o":{"weight":1.0,"played":[1.0,0.0,0.0],"evs":[0.0,-3.25608,-4.61005]},"Q4o":{"weight":1.0,"played":[1.0,0.0,0.0],"evs":[0.0,-2.95615,-4.14723]},"K4o":{"weight":1.0,"played":[1.0,0.0,0.0],"evs":[0.0,-2.89613,-3.9267]},"A4o":{"weight":1.0,"played":[1.0,0.0,0.0],"evs":[0.0,-2.20148,-2.38717]},"52s":{"weight":1.0,"played":[1.0,0.0,0.0],"evs":[0.0,-2.32953,-3.22449]},"53s":{"weight":1.0,"played":[1.0,0.0,0.0],"evs":[0.0,-2.09337,-2.95055]},"54s":{"weight":1.0,"played":[1.0,0.0,0.0],"evs":[0.0,-1.77915,-2.56207]},"55":{"weight":1.0,"played":[1.0,0.0,0.0],"evs":[0.0,-1.03946,-1.09394]},"65o":{"weight":1.0,"played":[1.0,0.0,0.0],"evs":[0.0,-2.33715,-3.21124]},"75o":{"weight":1.0,"played":[1.0,0.0,0.0],"evs":[0.0,-2.46015,-3.37639]},"85o":{"weight":1.0,"played":[1.0,0.0,0.0],"evs":[0.0,-2.65536,-3.64255]},"95o":{"weight":1.0,"played":[1.0,0.0,0.0],"evs":[0.0,-2.8088,-3.9272]},"T5o":{"weight":1.0,"played":[1.0,0.0,0.0],"evs":[0.0,-3.09307,-4.41494]},"J5o":{"weight":1.0,"played":[1.0,0.0,0.0],"evs":[0.0,-3.12602,-4.37735]},"Q5o":{"weight":1.0,"played":[1.0,0.0,0.0],"evs":[0.0,-2.80253,-3.86326]},"K5o":{"weight":1.0,"played":[1.0,0.0,0.0],"evs":[0.0,-2.7023,-3.59271]},"A5o":{"weight":1.0,"played":[1.0,0.0,0.0],"evs":[0.0,-2.0212,-2.15529]},"62s":{"weight":1.0,"played":[1.0,0.0,0.0],"evs":[0.0,-2.4934,-3.479]},"63s":{"weight":1.0,"played":[1.0,0.0,0.0],"evs":[0.0,-2.2647,-3.17859]},"64s":{"weight":1.0,"played":[1.0,0.0,0.0],"evs":[0.0,-2.0085,-2.84521]},"65s":{"weight":1.0,"played":[1.0,0.0,0.0],"evs":[0.0,-1.66918,-2.41384]},"66":{"weight":1.0,"played":[1.0,0.0,0.0],"evs":[0.0,-0.75341,-0.73945]},"76o":{"weight":1.0,"played":[1.0,0.0,0.0],"evs":[0.0,-2.27687,-3.11884]},"86o":{"weight":1.0,"played":[1.0,0.0,0.0],"evs":[0.0,-2.42042,-3.34114]},"96o":{"weight":1.0,"played":[1.0,0.0,0.0],"evs":[0.0,-2.64924,-3.62531]},"T6o":{"weight":1.0,"played":[1.0,0.0,0.0],"evs":[0.0,-2.99413,-4.12988]},"J6o":{"weight":1.0,"played":[1.0,0.0,0.0],"evs":[0.0,-3.12218,-4.37526]},"Q6o":{"weight":1.0,"played":[1.0,0.0,0.0],"evs":[0.0,-2.81004,-3.85921]},"K6o":{"weight":1.0,"played":[1.0,0.0,0.0],"evs":[0.0,-2.71705,-3.59886]},"A6o":{"weight":1.0,"played":[1.0,0.0,0.0],"evs":[0.0,-2.16022,-2.21905]},"72s":{"weight":1.0,"played":[1.0,0.0,0.0],"evs":[0.0,-2.63977,-3.69836]},"73s":{"weight":1.0,"played":[1.0,0.0,0.0],"evs":[0.0,-2.48181,-3.44095]},"74s":{"weight":1.0,"played":[1.0,0.0,0.0],"evs":[0.0,-2.1497,-2.98983]},"75s":{"weight":1.0,"played":[1.0,0.0,0.0],"evs":[0.0,-1.77326,-2.54239]},"76s":{"weight":1.0,"played":[1.0,0.0,0.0],"evs":[0.0,-1.57808,-2.25265]},"77":{"weight":1.0,"played":[1.0,0.0,0.0],"evs":[0.0,-0.36268,-0.29696]},"87o":{"weight":1.0,"played":[1.0,0.0,0.0],"evs":[0.0,-2.15441,-2.94053]},"97o":{"weight":1.0,"played":[1.0,0.0,0.0],"evs":[0.0,-2.30164,-3.16486]},"T7o":{"weight":1.0,"played":[1.0,0.0,0.0],"evs":[0.0,-2.65588,-3.62614]},"J7o":{"weight":1.0,"played":[1.0,0.0,0.0],"evs":[0.0,-2.87079,-3.93792]},"Q7o":{"weight":1.0,"played":[1.0,0.0,0.0],"evs":[0.0,-2.72483,-3.73296]},"K7o":{"weight":1.0,"played":[1.0,0.0,0.0],"evs":[0.0,-2.55585,-3.35476]},"A7o":{"weight":1.0,"played":[1.0,0.0,0.0],"evs":[0.0,-1.85571,-1.81127]},"82s":{"weight":1.0,"played":[1.0,0.0,0.0],"evs":[0.0,-2.56547,-3.51099]},"83s":{"weight":1.0,"played":[1.0,0.0,0.0],"evs":[0.0,-2.58182,-3.56474]},"84s":{"weight":1.0,"played":[1.0,0.0,0.0],"evs":[0.0,-2.42111,-3.32772]},"85s":{"weight":1.0,"played":[1.0,0.0,0.0],"evs":[0.0,-1.99789,-2.81029]},"86s":{"weight":1.0,"played":[1.0,0.0,0.0],"evs":[0.0,-1.78717,-2.52981]},"87s":{"weight":1.0,"played":[1.0,0.0,0.0],"evs":[0.0,-1.48975,-2.13853]},"88":{"weight":1.0,"played":[0.9275,0.0035,0.069],"evs":[0.0,-0.09051,-0.01811]},"98o":{"weight":1.0,"played":[1.0,0.0,0.0],"evs":[0.0,-2.1366,-2.92458]},"T8o":{"weight":1.0,"played":[1.0,0.0,0.0],"evs":[0.0,-2.44066,-3.30224]},"J8o":{"weight":1.0,"played":[1.0,0.0,0.0],"evs":[0.0,-2.65857,-3.61551]},"Q8o":{"weight":1.0,"played":[1.0,0.0,0.0],"evs":[0.0,-2.56709,-3.44035]},"K8o":{"weight":1.0,"played":[1.0,0.0,0.0],"evs":[0.0,-2.54321,-3.34512]},"A8o":{"weight":1.0,"played":[1.0,0.0,0.0],"evs":[0.0,-1.68664,-1.56775]},"92s":{"weight":1.0,"played":[1.0,0.0,0.0],"evs":[0.0,-2.5448,-3.52035]},"93s":{"weight":1.0,"played":[1.0,0.0,0.0],"evs":[0.0,-2.59344,-3.58474]},"94s":{"weight":1.0,"played":[1.0,0.0,0.0],"evs":[0.0,-2.55806,-3.53872]},"95s":{"weight":1.0,"played":[1.0,0.0,0.0],"evs":[0.0,-2.19897,-3.02989]},"96s":{"weight":1.0,"played":[1.0,0.0,0.0],"evs":[0.0,-1.9781,-2.77897]},"97s":{"weight":1.0,"played":[1.0,0.0,0.0],"evs":[0.0,-1.65733,-2.3816]},"98s":{"weight":1.0,"played":[1.0,0.0,0.0],"evs":[0.0,-1.43884,-2.07475]},"99":{"weight":1.0,"played":[0.0019,0.0015,0.9966],"evs":[0.0,0.21487,0.27974]},"T9o":{"weight":1.0,"played":[1.0,0.0,0.0],"evs":[0.0,-2.23972,-3.04452]},"J9o":{"weight":1.0,"played":[1.0,0.0,0.0],"evs":[0.0,-2.46179,-3.33847]},"Q9o":{"weight":1.0,"played":[1.0,0.0,0.0],"evs":[0.0,-2.38785,-3.13304]},"K9o":{"weight":1.0,"played":[1.0,0.0,0.0],"evs":[0.0,-2.38122,-3.01668]},"A9o":{"weight":1.0,"played":[1.0,0.0,0.0],"evs":[0.0,-1.4658,-1.28491]},"T2s":{"weight":1.0,"played":[1.0,0.0,0.0],