{"equityUnit":"TABLE_EQUITY_PERCENT","conversionFactors":{"toUSD":14.4,"toRegularPrizePercent":0.75313807},"preHandEquity":[35.10163,37.19141,27.70696],"bubbleFactors":[[-1.0,1.27,0.933],[1.076,-1.0,0.939],[1.117,1.144,-1.0]]}