{"player":2,"street":0,"children":3,"sequence":[{"player":0,"type":"F","amount":0,"street":0},{"player":1,"type":"R","amount":25250000,"street":0}],"actions":[{"type":"F","amount":0,"node":9},{"type":"C","amount":25250000,"node":12},{"type":"R","amount":40250000,"node":17}],"hands":{"22":{"weight":1.0,"played":[0.0,0.2811,0.7189],"evs":[0.0,0.15022,0.15045]},"32o":{"weight":1.0,"played":[1.0,0.0,0.0],"evs":[0.0,-2.54987,-2.55003]},"42o":{"weight":1.0,"played":[1.0,0.0,0.0],"evs":[0.0,-2.4198,-2.41995]},"52o":{"weight":1.0,"played":[1.0,0.0,0.0],"evs":[0.0,-2.29937,-2.29959]},"62o":{"weight":1.0,"played":[1.0,0.0,0.0],"evs":[0.0,-2.48011,-2.48026]},"72o":{"weight":1.0,"played":[1.0,0.0,0.0],"evs":[0.0,-2.62797,-2.62811]},"82o":{"weight":1.0,"played":[1.0,0.0,0.0],"evs":[0.0,-2.49226,-2.49251]},"92o":{"weight":1.0,"played":[1.0,0.0,0.0],"evs":[0.0,-2.45627,-2.45632]},"T2o":{"weight":1.0,"played":[1.0,0.0,0.0],"evs":[0.0,-2.35726,-2.35736]},"J2o":{"weight":1.0,"played":[1.0,0.0,0.0],"evs":[0.0,-2.19002,-2.19014]},"Q2o":{"weight":1.0,"played":[1.0,0.0,0.0],"evs":[0.0,-1.91558,-1.9158]},"K2o":{"weight":1.0,"played":[1.0,0.0,0.0],"evs":[0.0,-1.50302,-1.50305]},"A2o":{"weight":1.0,"played":[1.0,0.0,0.0],"evs":[0.0,-0.26029,-0.26016]},"32s":{"weight":1.0,"played":[1.0,0.0,0.0],"evs":[0.0,-1.7833,-1.78347]},"33":{"weight":1.0,"played":[0.0,0.5013,0.4987],"evs":[0.0,0.51557,0.51575]},"43o":{"weight":1.0,"played":[1.0,0.0,0.0],"evs":[0.0,-2.07375,-2.07397]},"53o":{"weight":1.0,"played":[1.0,0.0,0.0],"evs":[0.0,-1.95938,-1.95944]},"63o":{"weight":1.0,"played":[1.0,0.0,0.0],"evs":[0.0,-2.13508,-2.13525]},"73o":{"weight":1.0,"played":[1.0,0.0,0.0],"evs":[0.0,-2.28685,-2.2869]},"83o":{"weight":1.0,"played":[1.0,0.0,0.0],"evs":[0.0,-2.4298,-2.42972]},"93o":{"weight":1.0,"played":[1.0,0.0,0.0],"evs":[0.0,-2.33561,-2.33575]},"T3o":{"weight":1.0,"played":[1.0,0.0,0.0],"evs":[0.0,-2.22593,-2.2258]},"J3o":{"weight":1.0,"played":[1.0,0.0,0.0],"evs":[0.0,-2.06514,-2.06517]},"Q3o":{"weight":1.0,"played":[1.0,0.0,0.0],"evs":[0.0,-1.7841,-1.78425]},"K3o":{"weight":1.0,"played":[1.0,0.0,0.0],"evs":[0.0,-1.37656,-1.37636]},"A3o":{"weight":1.0,"played":[1.0,0.0,0.0],"evs":[0.0,-0.12432,-0.12412]},"42s":{"weight":1.0,"played":[1.0,0.0,0.0],"evs":[0.0,-1.67531,-1.67544]},"43s":{"weight":1.0,"played":[1.0,0.0,0.0],"evs":[0.0,-1.36106,-1.36117]},"44":{"weight":1.0,"played":[0.0,0.3526,0.6474],"evs":[0.0,0.89766,0.89794]},"54o":{"weight":1.0,"played":[1.0,0.0,0.0],"evs":[0.0,-1.64018,-1.64021]},"64o":{"weight":1.0,"played":[1.0,0.0,0.0],"evs":[0.0,-1.79949,-1.79962]},"74o":{"weight":1.0,"played":[1.0,0.0,0.0],"evs":[0.0,-1.9421,-1.94217]},"84o":{"weight":1.0,"played":[1.0,0.0,0.0],"evs":[0.0,-2.09244,-2.09262]},"94o":{"weight":1.0,"played":[1.0,0.0,0.0],"evs":[0.0,-2.26503,-2.26505]},"T4o":{"weight":1.0,"played":[1.0,0.0,0.0],"evs":[0.0,-2.10848,-2.1087]},"J4o":{"weight":1.0,"played":[1.0,0.0,0.0],"evs":[0.0,-1.94268,-1.94279]},"Q4o":{"weight":1.0,"played":[1.0,0.0,0.0],"evs":[0.0,-1.66685,-1.66683]},"K4o":{"weight":1.0,"played":[1.0,0.0,0.0],"evs":[0.0,-1.25263,-1.25249]},"A4o":{"weight":1.0,"played":[0.7992,0.1098,0.091],"evs":[0.0,8.4E-4,9.3E-4]},"52s":{"weight":1.0,"played":[1.0,0.0,0.0],"evs":[0.0,-1.57713,-1.5773]},"53s":{"weight":1.0,"played":[1.0,0.0,0.0],"evs":[0.0,-1.24602,-1.24577]},"54s":{"weight":1.0,"played":[1.0,0.0,0.0],"evs":[0.0,-0.93451,-0.93449]},"55":{"weight":1.0,"played":[0.0,0.4393,0.5607],"evs":[0.0,1.267,1.26706]},"65o":{"weight":1.0,"played":[1.0,0.0,0.0],"evs":[0.0,-1.49618,-1.49621]},"75o":{"weight":1.0,"played":[1.0,0.0,0.0],"evs":[0.0,-1.62357,-1.62366]},"85o":{"weight":1.0,"played":[1.0,0.0,0.0],"evs":[0.0,-1.76994,-1.76988]},"95o":{"weight":1.0,"played":[1.0,0.0,0.0],"evs":[0.0,-1.94367,-1.94378]},"T5o":{"weight":1.0,"played":[1.0,0.0,0.0],"evs":[0.0,-2.04881,-2.04918]},"J5o":{"weight":1.0,"played":[1.0,0.0,0.0],"evs":[0.0,-1.83179,-1.83213]},"Q5o":{"weight":1.0,"played":[1.0,0.0,0.0],"evs":[0.0,-1.55428,-1.55422]},"K5o":{"weight":1.0,"played":[1.0,0.0,0.0],"evs":[0.0,-1.13427,-1.13428]},"A5o":{"weight":1.0,"played":[0.0,0.7725,0.2275],"evs":[0.0,0.19312,0.19327]},"62s":{"weight":1.0,"played":[1.0,0.0,0.0],"evs":[0.0,-1.73746,-1.73752]},"63s":{"weight":1.0,"played":[1.0,0.0,0.0],"evs":[0.0,-1.41336,-1.41337]},"64s":{"weight":1.0,"played":[1.0,0.0,0.0],"evs":[0.0,-1.09826,-1.09867]},"65s":{"weight":1.0,"played":[1.0,0.0,0.0],"evs":[0.0,-0.8144,-0.81441]},"66":{"weight":1.0,"played":[0.0,0.863,0.137],"evs":[0.0,1.63565,1.63568]},"76o":{"weight":1.0,"played":[1.0,0.0,0.0],"evs":[0.0,-1.327,-1.32722]},"86o":{"weight":1.0,"played":[1.0,0.0,0.0],"evs":[0.0,-1.45257,-1.45271]},"96o":{"weight":1.0,"played":[1.0,0.0,0.0],"evs":[0.0,-1.61993,-1.61999]},"T6o":{"weight":1.0,"played":[1.0,0.0,0.0],"evs":[0.0,-1.72943,-1.72974]},"J6o":{"weight":1.0,"played":[1.0,0.0,0.0],"evs":[0.0,-1.76992,-1.77024]},"Q6o":{"weight":1.0,"played":[1.0,0.0,0.0],"evs":[0.0,-1.43624,-1.43645]},"K6o":{"weight":1.0,"played":[1.0,0.0,0.0],"evs":[0.0,-0.99524,-0.99489]},"A6o":{"weight":1.0,"played":[0.0,0.3501,0.6499],"evs":[0.0,0.20532,0.20561]},"72s":{"weight":1.0,"played":[1.0,0.0,0.0],"evs":[0.0,-1.8515,-1.8517]},"73s":{"weight":1.0,"played":[1.0,0.0,0.0],"evs":[0.0,-1.54862,-1.54884]},"74s":{"weight":1.0,"played":[1.0,0.0,0.0],"evs":[0.0,-1.22859,-1.22903]},"75s":{"weight":1.0,"played":[1.0,0.0,0.0],"evs":[0.0,-0.92165,-0.92129]},"76s":{"weight":1.0,"played":[1.0,0.0,0.0],"evs":[0.0,-0.6468,-0.64701]},"77":{"weight":1.0,"played":[0.0,0.4713,0.5287],"evs":[0.0,2.05075,2.05106]},"87o":{"weight":1.0,"played":[1.0,0.0,0.0],"evs":[0.0,-1.18045,-1.18068]},"97o":{"weight":1.0,"played":[1.0,0.0,0.0],"evs":[0.0,-1.3215,-1.32149]},"T7o":{"weight":1.0,"played":[1.0,0.0,0.0],"evs":[0.0,-1.43194,-1.43206]},"J7o":{"weight":1.0,"played":[1.0,0.0,0.0],"evs":[0.0,-1.47913,-1.47912]},"Q7o":{"weight":1.0,"played":[1.0,0.0,0.0],"evs":[0.0,-1.39826,-1.39819]},"K7o":{"weight":1.0,"played":[1.0,0.0,0.0],"evs":[0.0,-0.87479,-0.87487]},"A7o":{"weight":1.0,"played":[0.0,0.3955,0.6045],"evs":[0.0,0.51945,0.51975]},"82s":{"weight":1.0,"played":[1.0,0.0,0.0],"evs":[0.0,-1.72321,-1.72375]},"83s":{"weight":1.0,"played":[1.0,0.0,0.0],"evs":[0.0,-1.66346,-1.66376]},"84s":{"weight":1.0,"played":[1.0,0.0,0.0],"evs":[0.0,-1.35341,-1.35358]},"85s":{"weight":1.0,"played":[1.0,0.0,0.0],"evs":[0.0,-1.07193,-1.0721]},"86s":{"weight":1.0,"played":[1.0,0.0,0.0],"evs":[0.0,-0.76466,-0.7647]},"87s":{"weight":1.0,"played":[1.0,0.0,0.0],"evs":[0.0,-0.50757,-0.50752]},"88":{"weight":1.0,"played":[0.0,0.9332,0.0668],"evs":[0.0,2.52497,2.52494]},"98o":{"weight":1.0,"played":[1.0,0.0,0.0],"evs":[0.0,-1.07811,-1.07818]},"T8o":{"weight":1.0,"played":[1.0,0.0,0.0],"evs":[0.0,-1.13489,-1.13509]},"J8o":{"weight":1.0,"played":[1.0,0.0,0.0],"evs":[0.0,-1.17475,-1.17496]},"Q8o":{"weight":1.0,"played":[1.0,0.0,0.0],"evs":[0.0,-1.06718,-1.06718]},"K8o":{"weight":1.0,"played":[1.0,0.0,0.0],"evs":[0.0,-0.75871,-0.75868]},"A8o":{"weight":1.0,"played":[0.0,0.742,0.258],"evs":[0.0,0.90723,0.90744]},"92s":{"weight":1.0,"played":[1.0,0.0,0.0],"evs":[0.0,-1.70215,-1.70253]},"93s":{"weight":1.0,"played":[1.0,0.0,0.0],"evs":[0.0,-1.5852,-1.58502]},"94s":{"weight":1.0,"played":[1.0,0.0,0.0],"evs":[0.0,-1.50711,-1.50709]},"95s":{"weight":1.0,"played":[1.0,0.0,0.0],"evs":[0.0,-1.22335,-1.22324]},"96s":{"weight":1.0,"played":[1.0,0.0,0.0],"evs":[0.0,-0.91458,-0.91435]},"97s":{"weight":1.0,"played":[1.0,0.0,0.0],"evs":[0.0,-0.64194,-0.64169]},"98s":{"weight":1.0,"played":[1.0,0.0,0.0],"evs":[0.0,-0.40087,-0.40074]},"99":{"weight":1.0,"played":[0.0,0.0985,0.9015],"evs":[0.0,3.06919,3.06947]},"T9o":{"weight":1.0,"played":[1.0,0.0,0.0],"evs":[0.0,-0.83759,-0.83782]},"J9o":{"weight":1.0,"played":[1.0,0.0,0.0],"evs":[0.0,-0.88692,-0.88649]},"Q9o":{"weight":1.0,"played":[1.0,0.0,0.0],"evs":[0.0,-0.76722,-0.76709]},"K9o":{"weight":1.0,"played":[1.0,0.0,0.0],"evs":[0.0,-0.3397,-0.33967]},"A9o":{"weight":1.0,"played":[0.0,0.3597,0.6403],