{"player":2,"street":0,"children":3,"sequence":[{"player":0,"type":"F","amount":0,"street":0},{"player":1,"type":"R","amount":1110000,"street":0}],"actions":[{"type":"F","amount":0,"node":29},{"type":"C","amount":1110000},{"type":"R","amount":2910000,"node":48}],"hands":{"22":{"weight":1.0,"played":[1.0,0.0,0.0],"evs":[0.0,-0.33006,-0.28241]},"32o":{"weight":1.0,"played":[1.0,0.0,0.0],"evs":[0.0,-0.90749,-1.19848]},"42o":{"weight":1.0,"played":[1.0,0.0,0.0],"evs":[0.0,-0.88074,-1.15092]},"52o":{"weight":1.0,"played":[1.0,0.0,0.0],"evs":[0.0,-0.86042,-1.11121]},"62o":{"weight":1.0,"played":[1.0,0.0,0.0],"evs":[0.0,-0.89713,-1.17094]},"72o":{"weight":1.0,"played":[1.0,0.0,0.0],"evs":[0.0,-0.91248,-1.19934]},"82o":{"weight":1.0,"played":[1.0,0.0,0.0],"evs":[0.0,-0.88415,-1.15394]},"92o":{"weight":1.0,"played":[1.0,0.0,0.0],"evs":[0.0,-0.87649,-1.13608]},"T2o":{"weight":1.0,"played":[1.0,0.0,0.0],"evs":[0.0,-0.85449,-1.10451]},"J2o":{"weight":1.0,"played":[1.0,0.0,0.0],"evs":[0.0,-0.81941,-1.04955]},"Q2o":{"weight":1.0,"played":[1.0,0.0,0.0],"evs":[0.0,-0.73686,-0.92549]},"K2o":{"weight":1.0,"played":[1.0,0.0,0.0],"evs":[0.0,-0.63954,-0.78391]},"A2o":{"weight":1.0,"played":[1.0,0.0,0.0],"evs":[0.0,-0.32093,-0.36824]},"32s":{"weight":1.0,"played":[1.0,0.0,0.0],"evs":[0.0,-0.76291,-0.94448]},"33":{"weight":1.0,"played":[1.0,0.0,0.0],"evs":[0.0,-0.2223,-0.17802]},"43o":{"weight":1.0,"played":[1.0,0.0,0.0],"evs":[0.0,-0.81643,-1.04317]},"53o":{"weight":1.0,"played":[1.0,0.0,0.0],"evs":[0.0,-0.79316,-1.00061]},"63o":{"weight":1.0,"played":[1.0,0.0,0.0],"evs":[0.0,-0.82897,-1.05749]},"73o":{"weight":1.0,"played":[1.0,0.0,0.0],"evs":[0.0,-0.84481,-1.08743]},"83o":{"weight":1.0,"played":[1.0,0.0,0.0],"evs":[0.0,-0.87104,-1.13504]},"93o":{"weight":1.0,"played":[1.0,0.0,0.0],"evs":[0.0,-0.85378,-1.09741]},"T3o":{"weight":1.0,"played":[1.0,0.0,0.0],"evs":[0.0,-0.8288,-1.06132]},"J3o":{"weight":1.0,"played":[1.0,0.0,0.0],"evs":[0.0,-0.79572,-1.01131]},"Q3o":{"weight":1.0,"played":[1.0,0.0,0.0],"evs":[0.0,-0.71356,-0.88813]},"K3o":{"weight":1.0,"played":[1.0,0.0,0.0],"evs":[0.0,-0.61443,-0.7443]},"A3o":{"weight":1.0,"played":[1.0,0.0,0.0],"evs":[0.0,-0.28744,-0.32614]},"42s":{"weight":1.0,"played":[1.0,0.0,0.0],"evs":[0.0,-0.73615,-0.89979]},"43s":{"weight":1.0,"played":[1.0,0.0,0.0],"evs":[0.0,-0.67265,-0.79864]},"44":{"weight":1.0,"played":[1.0,0.0,0.0],"evs":[0.0,-0.10365,-0.05951]},"54o":{"weight":1.0,"played":[1.0,0.0,0.0],"evs":[0.0,-0.72549,-0.8853]},"64o":{"weight":1.0,"played":[1.0,0.0,0.0],"evs":[0.0,-0.75957,-0.94033]},"74o":{"weight":1.0,"played":[1.0,0.0,0.0],"evs":[0.0,-0.77885,-0.97493]},"84o":{"weight":1.0,"played":[1.0,0.0,0.0],"evs":[0.0,-0.80406,-1.0171]},"94o":{"weight":1.0,"played":[1.0,0.0,0.0],"evs":[0.0,-0.83874,-1.07503]},"T4o":{"weight":1.0,"played":[1.0,0.0,0.0],"evs":[0.0,-0.80554,-1.02009]},"J4o":{"weight":1.0,"played":[1.0,0.0,0.0],"evs":[0.0,-0.76956,-0.96612]},"Q4o":{"weight":1.0,"played":[1.0,0.0,0.0],"evs":[0.0,-0.69042,-0.84654]},"K4o":{"weight":1.0,"played":[1.0,0.0,0.0],"evs":[0.0,-0.59196,-0.70231]},"A4o":{"weight":1.0,"played":[1.0,0.0,0.0],"evs":[0.0,-0.25991,-0.28536]},"52s":{"weight":1.0,"played":[1.0,0.0,0.0],"evs":[0.0,-0.71261,-0.85753]},"53s":{"weight":1.0,"played":[1.0,0.0,0.0],"evs":[0.0,-0.64894,-0.75441]},"54s":{"weight":1.0,"played":[1.0,0.0,0.0],"evs":[0.0,-0.58354,-0.65408]},"55":{"weight":1.0,"played":[0.0,0.0,1.0],"evs":[0.0,0.0282,0.0619]},"65o":{"weight":1.0,"played":[1.0,0.0,0.0],"evs":[0.0,-0.6972,-0.83425]},"75o":{"weight":1.0,"played":[1.0,0.0,0.0],"evs":[0.0,-0.71439,-0.86883]},"85o":{"weight":1.0,"played":[1.0,0.0,0.0],"evs":[0.0,-0.73682,-0.9078]},"95o":{"weight":1.0,"played":[1.0,0.0,0.0],"evs":[0.0,-0.77314,-0.96322]},"T5o":{"weight":1.0,"played":[1.0,0.0,0.0],"evs":[0.0,-0.79222,-0.99783]},"J5o":{"weight":1.0,"played":[1.0,0.0,0.0],"evs":[0.0,-0.74625,-0.92543]},"Q5o":{"weight":1.0,"played":[1.0,0.0,0.0],"evs":[0.0,-0.66364,-0.8058]},"K5o":{"weight":1.0,"played":[1.0,0.0,0.0],"evs":[0.0,-0.56122,-0.65901]},"A5o":{"weight":1.0,"played":[1.0,0.0,0.0],"evs":[0.0,-0.2078,-0.22415]},"62s":{"weight":1.0,"played":[1.0,0.0,0.0],"evs":[0.0,-0.74686,-0.91279]},"63s":{"weight":1.0,"played":[1.0,0.0,0.0],"evs":[0.0,-0.68427,-0.81002]},"64s":{"weight":1.0,"played":[1.0,0.0,0.0],"evs":[0.0,-0.6144,-0.7003]},"65s":{"weight":1.0,"played":[1.0,0.0,0.0],"evs":[0.0,-0.54711,-0.60098]},"66":{"weight":1.0,"played":[0.0,0.0,1.0],"evs":[0.0,0.14509,0.17804]},"76o":{"weight":1.0,"played":[1.0,0.0,0.0],"evs":[0.0,-0.64868,-0.76659]},"86o":{"weight":1.0,"played":[1.0,0.0,0.0],"evs":[0.0,-0.66854,-0.80327]},"96o":{"weight":1.0,"played":[1.0,0.0,0.0],"evs":[0.0,-0.70189,-0.85313]},"T6o":{"weight":1.0,"played":[1.0,0.0,0.0],"evs":[0.0,-0.72464,-0.89096]},"J6o":{"weight":1.0,"played":[1.0,0.0,0.0],"evs":[0.0,-0.73085,-0.909]},"Q6o":{"weight":1.0,"played":[1.0,0.0,0.0],"evs":[0.0,-0.63844,-0.76982]},"K6o":{"weight":1.0,"played":[1.0,0.0,0.0],"evs":[0.0,-0.53108,-0.61894]},"A6o":{"weight":1.0,"played":[1.0,0.0,0.0],"evs":[0.0,-0.19841,-0.22979]},"72s":{"weight":1.0,"played":[1.0,0.0,0.0],"evs":[0.0,-0.75994,-0.94131]},"73s":{"weight":1.0,"played":[1.0,0.0,0.0],"evs":[0.0,-0.69899,-0.84124]},"74s":{"weight":1.0,"played":[1.0,0.0,0.0],"evs":[0.0,-0.63412,-0.73426]},"75s":{"weight":1.0,"played":[1.0,0.0,0.0],"evs":[0.0,-0.57007,-0.63479]},"76s":{"weight":1.0,"played":[1.0,0.0,0.0],"evs":[0.0,-0.48515,-0.53819]},"77":{"weight":1.0,"played":[0.0,0.0,1.0],"evs":[0.0,0.30717,0.32572]},"87o":{"weight":1.0,"played":[1.0,0.0,0.0],"evs":[0.0,-0.61211,-0.71213]},"97o":{"weight":1.0,"played":[1.0,0.0,0.0],"evs":[0.0,-0.63697,-0.75419]},"T7o":{"weight":1.0,"played":[1.0,0.0,0.0],"evs":[0.0,-0.65516,-0.78444]},"J7o":{"weight":1.0,"played":[1.0,0.0,0.0],"evs":[0.0,-0.65967,-0.80214]},"Q7o":{"weight":1.0,"played":[1.0,0.0,0.0],"evs":[0.0,-0.61502,-0.74784]},"K7o":{"weight":1.0,"played":[1.0,0.0,0.0],"evs":[0.0,-0.49219,-0.57208]},"A7o":{"weight":1.0,"played":[1.0,0.0,0.0],"evs":[0.0,-0.10212,-0.11589]},"82s":{"weight":1.0,"played":[1.0,0.0,0.0],"evs":[0.0,-0.73247,-0.89808]},"83s":{"weight":1.0,"played":[1.0,0.0,0.0],"evs":[0.0,-0.72425,-0.88239]},"84s":{"weight":1.0,"played":[1.0,0.0,0.0],"evs":[0.0,-0.65569,-0.77275]},"85s":{"weight":1.0,"played":[1.0,0.0,0.0],"evs":[0.0,-0.59289,-0.67008]},"86s":{"weight":1.0,"played":[1.0,0.0,0.0],"evs":[0.0,-0.51581,-0.57118]},"87s":{"weight":1.0,"played":[1.0,0.0,0.0],"evs":[0.0,-0.43174,-0.48249]},"88":{"weight":1.0,"played":[0.0,0.0,1.0],"evs":[0.0,0.43787,0.48617]},"98o":{"weight":1.0,"played":[1.0,0.0,0.0],"evs":[0.0,-0.5749,-0.66748]},"T8o":{"weight":1.0,"played":[1.0,0.0,0.0],"evs":[0.0,-0.59242,-0.6863]},"J8o":{"weight":1.0,"played":[1.0,0.0,0.0],"evs":[0.0,-0.59255,-0.70115]},"Q8o":{"weight":1.0,"played":[1.0,0.0,0.0],"evs":[0.0,-0.55184,-0.64295]},"K8o":{"weight":1.0,"played":[1.0,0.0,0.0],"evs":[0.0,-0.47588,-0.53112]},"A8o":{"weight":1.0,"played":[0.864,5.0E-4,0.1355],"evs":[0.0,-0.03025,-8.5E-4]},"92s":{"weight":1.0,"played":[1.0,0.0,0.0],"evs":[0.0,-0.72298,-0.88254]},"93s":{"weight":1.0,"played":[1.0,0.0,0.0],"evs":[0.0,-0.69989,-0.8451]},"94s":{"weight":1.0,"played":[1.0,0.0,0.0],"evs":[0.0,-0.68278,-0.81951]},"95s":{"weight":1.0,"played":[1.0,0.0,0.0],"evs":[0.0,-0.62398,-0.71926]},"96s":{"weight":1.0,"played":[1.0,0.0,0.0],"evs":[0.0,-0.55528,-0.61588]},"97s":{"weight":1.0,"played":[1.0,0.0,0.0],"evs":[0.0,-0.47092,-0.52073]},"98s":{"weight":1.0,"played":[1.0,0.0,0.0],"evs":[0.0,-0.39069,-0.4424]},"99":{"weight":1.0,"played":[0.0,0.0,1.0],"evs":[0.0,0.63663,0.68679]},"T9o":{"weight":1.0,"played":[1.0,0.0,0.0],"evs":[0.0,-0.52516,-0.58676]},"J9o":{"weight":1.0,"played":[1.0,0.0,0.0],"evs":[0.0,-0.5146,-0.59402]},"Q9o":{"weight":1.0,"played":[1.0,0.0,0.0],"evs":[0.0,-0.46847,-0.53555]},"K9o":{"weight":1.0,"played":[1.0,0.0,0.0],"evs":[0.0,-0.36526,-0.39111]},"A9o":{"weight":1.0,"played":[0.0,0.0,1.0],"evs":[0.0,0.10802,0.1391]},"T2s":{"weight":1.0,"played":[1.0,0.0,0.0],