{"player":2,"street":0,"children":3,"sequence":[{"player":0,"type":"R","amount":10031500,"street":0},{"player":1,"type":"C","amount":10031500,"street":0}],"actions":[{"type":"F","amount":0,"node":61},{"type":"C","amount":10031500,"node":72},{"type":"R","amount":11291000,"node":88}],"hands":{"22":{"weight":1.0,"played":[1.0,0.0,0.0],"evs":[0.0,-3.01878,-3.02015]},"32o":{"weight":1.0,"played":[1.0,0.0,0.0],"evs":[0.0,-5.899,-5.97325]},"42o":{"weight":1.0,"played":[1.0,0.0,0.0],"evs":[0.0,-5.60033,-5.66027]},"52o":{"weight":1.0,"played":[1.0,0.0,0.0],"evs":[0.0,-5.426,-5.48293]},"62o":{"weight":1.0,"played":[1.0,0.0,0.0],"evs":[0.0,-5.68581,-5.7386]},"72o":{"weight":1.0,"played":[1.0,0.0,0.0],"evs":[0.0,-6.12692,-6.18009]},"82o":{"weight":1.0,"played":[1.0,0.0,0.0],"evs":[0.0,-5.95313,-5.99195]},"92o":{"weight":1.0,"played":[1.0,0.0,0.0],"evs":[0.0,-5.96007,-5.9883]},"T2o":{"weight":1.0,"played":[1.0,0.0,0.0],"evs":[0.0,-5.82528,-5.8421]},"J2o":{"weight":1.0,"played":[1.0,0.0,0.0],"evs":[0.0,-5.72741,-5.74589]},"Q2o":{"weight":1.0,"played":[1.0,0.0,0.0],"evs":[0.0,-5.45997,-5.47284]},"K2o":{"weight":1.0,"played":[1.0,0.0,0.0],"evs":[0.0,-5.17354,-5.17787]},"A2o":{"weight":1.0,"played":[1.0,0.0,0.0],"evs":[0.0,-4.96829,-4.97359]},"32s":{"weight":1.0,"played":[1.0,0.0,0.0],"evs":[0.0,-4.39538,-4.4538]},"33":{"weight":1.0,"played":[1.0,0.0,0.0],"evs":[0.0,-2.46199,-2.46553]},"43o":{"weight":1.0,"played":[1.0,0.0,0.0],"evs":[0.0,-4.99252,-5.05344]},"53o":{"weight":1.0,"played":[1.0,0.0,0.0],"evs":[0.0,-4.74941,-4.80332]},"63o":{"weight":1.0,"played":[1.0,0.0,0.0],"evs":[0.0,-5.07838,-5.13183]},"73o":{"weight":1.0,"played":[1.0,0.0,0.0],"evs":[0.0,-5.51813,-5.56835]},"83o":{"weight":1.0,"played":[1.0,0.0,0.0],"evs":[0.0,-5.90192,-5.94096]},"93o":{"weight":1.0,"played":[1.0,0.0,0.0],"evs":[0.0,-5.77104,-5.80518]},"T3o":{"weight":1.0,"played":[1.0,0.0,0.0],"evs":[0.0,-5.65754,-5.67652]},"J3o":{"weight":1.0,"played":[1.0,0.0,0.0],"evs":[0.0,-5.51829,-5.53659]},"Q3o":{"weight":1.0,"played":[1.0,0.0,0.0],"evs":[0.0,-5.27959,-5.29243]},"K3o":{"weight":1.0,"played":[1.0,0.0,0.0],"evs":[0.0,-4.92715,-4.93137]},"A3o":{"weight":1.0,"played":[1.0,0.0,0.0],"evs":[0.0,-4.73729,-4.74545]},"42s":{"weight":1.0,"played":[1.0,0.0,0.0],"evs":[0.0,-4.13779,-4.18859]},"43s":{"weight":1.0,"played":[1.0,0.0,0.0],"evs":[0.0,-3.56357,-3.60855]},"44":{"weight":1.0,"played":[1.0,0.0,0.0],"evs":[0.0,-1.79327,-1.80031]},"54o":{"weight":1.0,"played":[1.0,0.0,0.0],"evs":[0.0,-4.08065,-4.11651]},"64o":{"weight":1.0,"played":[1.0,0.0,0.0],"evs":[0.0,-4.39166,-4.43504]},"74o":{"weight":1.0,"played":[1.0,0.0,0.0],"evs":[0.0,-4.78249,-4.82471]},"84o":{"weight":1.0,"played":[1.0,0.0,0.0],"evs":[0.0,-5.19417,-5.22349]},"94o":{"weight":1.0,"played":[1.0,0.0,0.0],"evs":[0.0,-5.59706,-5.62818]},"T4o":{"weight":1.0,"played":[1.0,0.0,0.0],"evs":[0.0,-5.38721,-5.40584]},"J4o":{"weight":1.0,"played":[1.0,0.0,0.0],"evs":[0.0,-5.24472,-5.26122]},"Q4o":{"weight":1.0,"played":[1.0,0.0,0.0],"evs":[0.0,-4.98476,-4.99855]},"K4o":{"weight":1.0,"played":[1.0,0.0,0.0],"evs":[0.0,-4.6481,-4.64977]},"A4o":{"weight":1.0,"played":[1.0,0.0,0.0],"evs":[0.0,-4.41434,-4.41906]},"52s":{"weight":1.0,"played":[1.0,0.0,0.0],"evs":[0.0,-3.96032,-4.00757]},"53s":{"weight":1.0,"played":[1.0,0.0,0.0],"evs":[0.0,-3.34927,-3.39042]},"54s":{"weight":1.0,"played":[1.0,0.0,0.0],"evs":[0.0,-2.66479,-2.6945]},"55":{"weight":1.0,"played":[1.0,0.0,0.0],"evs":[0.0,-1.02357,-1.02806]},"65o":{"weight":1.0,"played":[1.0,0.0,0.0],"evs":[0.0,-3.77827,-3.81727]},"75o":{"weight":1.0,"played":[1.0,0.0,0.0],"evs":[0.0,-4.14454,-4.18085]},"85o":{"weight":1.0,"played":[1.0,0.0,0.0],"evs":[0.0,-4.56917,-4.59622]},"95o":{"weight":1.0,"played":[1.0,0.0,0.0],"evs":[0.0,-5.01776,-5.04294]},"T5o":{"weight":1.0,"played":[1.0,0.0,0.0],"evs":[0.0,-5.29667,-5.31445]},"J5o":{"weight":1.0,"played":[1.0,0.0,0.0],"evs":[0.0,-5.1091,-5.12396]},"Q5o":{"weight":1.0,"played":[1.0,0.0,0.0],"evs":[0.0,-4.83347,-4.84866]},"K5o":{"weight":1.0,"played":[1.0,0.0,0.0],"evs":[0.0,-4.52835,-4.53177]},"A5o":{"weight":1.0,"played":[1.0,0.0,0.0],"evs":[0.0,-4.09476,-4.09925]},"62s":{"weight":1.0,"played":[1.0,0.0,0.0],"evs":[0.0,-4.22081,-4.26164]},"63s":{"weight":1.0,"played":[1.0,0.0,0.0],"evs":[0.0,-3.66678,-3.70556]},"64s":{"weight":1.0,"played":[1.0,0.0,0.0],"evs":[0.0,-2.97431,-3.00936]},"65s":{"weight":1.0,"played":[1.0,0.0,0.0],"evs":[0.0,-2.44483,-2.47356]},"66":{"weight":1.0,"played":[0.9918,0.005,0.0032],"evs":[0.0,-0.33767,-0.34821]},"76o":{"weight":1.0,"played":[1.0,0.0,0.0],"evs":[0.0,-3.59879,-3.6292]},"86o":{"weight":1.0,"played":[1.0,0.0,0.0],"evs":[0.0,-3.92342,-3.94433]},"96o":{"weight":1.0,"played":[1.0,0.0,0.0],"evs":[0.0,-4.29624,-4.31896]},"T6o":{"weight":1.0,"played":[1.0,0.0,0.0],"evs":[0.0,-4.58029,-4.59589]},"J6o":{"weight":1.0,"played":[1.0,0.0,0.0],"evs":[0.0,-4.8851,-4.89911]},"Q6o":{"weight":1.0,"played":[1.0,0.0,0.0],"evs":[0.0,-4.56307,-4.57241]},"K6o":{"weight":1.0,"played":[1.0,0.0,0.0],"evs":[0.0,-4.16428,-4.16747]},"A6o":{"weight":1.0,"played":[1.0,0.0,0.0],"evs":[0.0,-4.37184,-4.37678]},"72s":{"weight":1.0,"played":[1.0,0.0,0.0],"evs":[0.0,-4.61892,-4.66566]},"73s":{"weight":1.0,"played":[1.0,0.0,0.0],"evs":[0.0,-3.96335,-4.00341]},"74s":{"weight":1.0,"played":[1.0,0.0,0.0],"evs":[0.0,-3.33296,-3.36516]},"75s":{"weight":1.0,"played":[1.0,0.0,0.0],"evs":[0.0,-2.74086,-2.76851]},"76s":{"weight":1.0,"played":[1.0,0.0,0.0],"evs":[0.0,-2.21971,-2.24597]},"77":{"weight":1.0,"played":[0.0,0.6375,0.3625],"evs":[0.0,0.28278,0.27912]},"87o":{"weight":1.0,"played":[1.0,0.0,0.0],"evs":[0.0,-3.56558,-3.5864]},"97o":{"weight":1.0,"played":[1.0,0.0,0.0],"evs":[0.0,-3.83594,-3.85369]},"T7o":{"weight":1.0,"played":[1.0,0.0,0.0],"evs":[0.0,-4.07227,-4.08624]},"J7o":{"weight":1.0,"played":[1.0,0.0,0.0],"evs":[0.0,-4.43711,-4.45091]},"Q7o":{"weight":1.0,"played":[1.0,0.0,0.0],"evs":[0.0,-4.52287,-4.53491]},"K7o":{"weight":1.0,"played":[1.0,0.0,0.0],"evs":[0.0,-4.11369,-4.1179]},"A7o":{"weight":1.0,"played":[1.0,0.0,0.0],"evs":[0.0,-4.07407,-4.08131]},"82s":{"weight":1.0,"played":[1.0,0.0,0.0],"evs":[0.0,-4.49046,-4.51996]},"83s":{"weight":1.0,"played":[1.0,0.0,0.0],"evs":[0.0,-4.3999,-4.43644]},"84s":{"weight":1.0,"played":[1.0,0.0,0.0],"evs":[0.0,-3.71232,-3.73742]},"85s":{"weight":1.0,"played":[1.0,0.0,0.0],"evs":[0.0,-3.12492,-3.14699]},"86s":{"weight":1.0,"played":[1.0,0.0,0.0],"evs":[0.0,-2.57436,-2.596]},"87s":{"weight":1.0,"played":[1.0,0.0,0.0],"evs":[0.0,-2.16577,-2.1868]},"88":{"weight":1.0,"played":[0.0,0.2071,0.7929],"evs":[0.0,1.00137,1.0061]},"98o":{"weight":1.0,"played":[1.0,0.0,0.0],"evs":[0.0,-3.50201,-3.51178]},"T8o":{"weight":1.0,"played":[1.0,0.0,0.0],"evs":[0.0,-3.60989,-3.62039]},"J8o":{"weight":1.0,"played":[1.0,0.0,0.0],"evs":[0.0,-3.96322,-3.96956]},"Q8o":{"weight":1.0,"played":[1.0,0.0,0.0],"evs":[0.0,-4.09787,-4.10412]},"K8o":{"weight":1.0,"played":[1.0,0.0,0.0],"evs":[0.0,-4.0906,-4.09271]},"A8o":{"weight":1.0,"played":[1.0,0.0,0.0],"evs":[0.0,-3.65334,-3.65343]},"92s":{"weight":1.0,"played":[1.0,0.0,0.0],"evs":[0.0,-4.39091,-4.41582]},"93s":{"weight":1.0,"played":[1.0,0.0,0.0],"evs":[0.0,-4.22945,-4.25417]},"94s":{"weight":1.0,"played":[1.0,0.0,0.0],"evs":[0.0,-4.0496,-4.07397]},"95s":{"weight":1.0,"played":[1.0,0.0,0.0],"evs":[0.0,-3.50786,-3.53129]},"96s":{"weight":1.0,"played":[1.0,0.0,0.0],"evs":[0.0,-2.88435,-2.90298]},"97s":{"weight":1.0,"played":[1.0,0.0,0.0],"evs":[0.0,-2.45383,-2.46651]},"98s":{"weight":1.0,"played":[1.0,0.0,0.0],"evs":[0.0,-2.10737,-2.11775]},"99":{"weight":1.0,"played":[0.0,0.0548,0.9452],"evs":[0.0,2.06865,2.07976]},"T9o":{"weight":1.0,"played":[1.0,0.0,0.0],"evs":[0.0,-3.09851,-3.10204]},"J9o":{"weight":1.0,"played":[1.0,0.0,0.0],"evs":[0.0,-3.40216,-3.40963]},"Q9o":{"weight":1.0,"played":[1.0,0.0,0.0],"evs":[0.0,-3.59225,-3.59921]},"K9o":{"weight":1.0,"played":[1.0,0.0,0.0],"evs":[0.0,-3.56867,-3.56923]},"A9o":{"weight":1.0,"played":[1.0,0.0,0.0],"evs":[0.0,-3.19859,-3.19781]},"T2s":{"weight":1.0,