{"player":2,"street":0,"children":3,"sequence":[{"player":0,"type":"F","amount":0,"street":0},{"player":1,"type":"F","amount":0,"street":0}],"actions":[{"type":"F","amount":0},{"type":"C","amount":1000000,"node":3},{"type":"R","amount":9100000,"node":5}],"hands":{"22":{"weight":1.0,"played":[0.0,0.0,1.0],"evs":[0.0,0.72685,1.21365]},"32o":{"weight":1.0,"played":[1.0,0.0,0.0],"evs":[0.0,-0.35211,-1.63564]},"42o":{"weight":1.0,"played":[1.0,0.0,0.0],"evs":[0.0,-0.34767,-1.52701]},"52o":{"weight":1.0,"played":[1.0,0.0,0.0],"evs":[0.0,-0.32154,-1.3792]},"62o":{"weight":1.0,"played":[1.0,0.0,0.0],"evs":[0.0,-0.33254,-1.465]},"72o":{"weight":1.0,"played":[1.0,0.0,0.0],"evs":[0.0,-0.34051,-1.4791]},"82o":{"weight":1.0,"played":[1.0,0.0,0.0],"evs":[0.0,-0.33014,-1.31495]},"92o":{"weight":1.0,"played":[1.0,0.0,0.0],"evs":[0.0,-0.29086,-1.12133]},"T2o":{"weight":1.0,"played":[1.0,0.0,0.0],"evs":[0.0,-0.25444,-0.85132]},"J2o":{"weight":1.0,"played":[1.0,0.0,0.0],"evs":[0.0,-0.15746,-0.49343]},"Q2o":{"weight":1.0,"played":[0.0,0.0,1.0],"evs":[0.0,-0.02592,0.12753]},"K2o":{"weight":1.0,"played":[0.0,0.0,1.0],"evs":[0.0,0.5567,0.94949]},"A2o":{"weight":1.0,"played":[0.0,0.0,1.0],"evs":[0.0,1.45616,1.95625]},"32s":{"weight":1.0,"played":[1.0,0.0,0.0],"evs":[0.0,-0.21685,-1.03485]},"33":{"weight":1.0,"played":[0.0,0.0,1.0],"evs":[0.0,1.15095,1.50847]},"43o":{"weight":1.0,"played":[1.0,0.0,0.0],"evs":[0.0,-0.25921,-1.23276]},"53o":{"weight":1.0,"played":[1.0,0.0,0.0],"evs":[0.0,-0.24062,-1.11225]},"63o":{"weight":1.0,"played":[1.0,0.0,0.0],"evs":[0.0,-0.24517,-1.19881]},"73o":{"weight":1.0,"played":[1.0,0.0,0.0],"evs":[0.0,-0.25573,-1.21399]},"83o":{"weight":1.0,"played":[1.0,0.0,0.0],"evs":[0.0,-0.28987,-1.25157]},"93o":{"weight":1.0,"played":[1.0,0.0,0.0],"evs":[0.0,-0.24892,-1.03178]},"T3o":{"weight":1.0,"played":[1.0,0.0,0.0],"evs":[0.0,-0.19656,-0.74203]},"J3o":{"weight":1.0,"played":[1.0,0.0,0.0],"evs":[0.0,-0.11818,-0.40428]},"Q3o":{"weight":1.0,"played":[1.0E-4,1.0E-4,0.9998],"evs":[0.0,0.04624,0.25425]},"K3o":{"weight":1.0,"played":[0.0,0.0,1.0],"evs":[0.0,0.72982,1.05234]},"A3o":{"weight":1.0,"played":[0.0,0.0,1.0],"evs":[0.0,1.64523,2.06701]},"42s":{"weight":1.0,"played":[1.0,0.0,0.0],"evs":[0.0,-0.20766,-0.92969]},"43s":{"weight":1.0,"played":[1.0,0.0,0.0],"evs":[0.0,-0.12575,-0.68735]},"44":{"weight":1.0,"played":[0.0,0.0,1.0],"evs":[0.0,1.65921,1.86311]},"54o":{"weight":1.0,"played":[1.0,0.0,0.0],"evs":[0.0,-0.19675,-0.82999]},"64o":{"weight":1.0,"played":[1.0,0.0,0.0],"evs":[0.0,-0.18144,-0.89433]},"74o":{"weight":1.0,"played":[1.0,0.0,0.0],"evs":[0.0,-0.20882,-0.93101]},"84o":{"weight":1.0,"played":[1.0,0.0,0.0],"evs":[0.0,-0.23409,-0.95783]},"94o":{"weight":1.0,"played":[1.0,0.0,0.0],"evs":[0.0,-0.2393,-0.94766]},"T4o":{"weight":1.0,"played":[1.0,0.0,0.0],"evs":[0.0,-0.17328,-0.6296]},"J4o":{"weight":1.0,"played":[0.9999,1.0E-4,0.0],"evs":[0.0,-0.09708,-0.2967]},"Q4o":{"weight":1.0,"played":[0.0,0.0,1.0],"evs":[0.0,0.12699,0.34897]},"K4o":{"weight":1.0,"played":[0.0,0.0,1.0],"evs":[0.0,0.85402,1.16271]},"A4o":{"weight":1.0,"played":[0.0,0.0,1.0],"evs":[0.0,1.76226,2.14252]},"52s":{"weight":1.0,"played":[1.0,0.0,0.0],"evs":[0.0,-0.19926,-0.77018]},"53s":{"weight":1.0,"played":[1.0,0.0,0.0],"evs":[0.0,-0.11677,-0.52517]},"54s":{"weight":1.0,"played":[1.0,0.0,0.0],"evs":[0.0,-0.08863,-0.30992]},"55":{"weight":1.0,"played":[0.0,0.0,1.0],"evs":[0.0,2.12113,2.27297]},"65o":{"weight":1.0,"played":[1.0,0.0,0.0],"evs":[0.0,-0.13666,-0.62632]},"75o":{"weight":1.0,"played":[1.0,0.0,0.0],"evs":[0.0,-0.15627,-0.62044]},"85o":{"weight":1.0,"played":[1.0,0.0,0.0],"evs":[0.0,-0.18278,-0.6379]},"95o":{"weight":1.0,"played":[1.0,0.0,0.0],"evs":[0.0,-0.19501,-0.6093]},"T5o":{"weight":1.0,"played":[1.0,0.0,0.0],"evs":[0.0,-0.1674,-0.51174]},"J5o":{"weight":1.0,"played":[0.9936,0.0064,0.0],"evs":[0.0,-0.08203,-0.13119]},"Q5o":{"weight":1.0,"played":[0.0,0.0,1.0],"evs":[0.0,0.24266,0.50949]},"K5o":{"weight":1.0,"played":[0.0,0.0,1.0],"evs":[0.0,0.97352,1.30595]},"A5o":{"weight":1.0,"played":[0.0,0.0,1.0],"evs":[0.0,1.89311,2.31439]},"62s":{"weight":1.0,"played":[1.0,0.0,0.0],"evs":[0.0,-0.20275,-0.90501]},"63s":{"weight":1.0,"played":[0.9999,1.0E-4,0.0],"evs":[0.0,-0.10301,-0.62523]},"64s":{"weight":1.0,"played":[0.9999,1.0E-4,0.0],"evs":[0.0,-0.07556,-0.41554]},"65s":{"weight":1.0,"played":[0.9831,0.0168,1.0E-4],"evs":[0.0,-0.02838,-0.07018]},"66":{"weight":1.0,"played":[0.0,0.0,1.0],"evs":[0.0,2.5234,2.62157]},"76o":{"weight":1.0,"played":[1.0,0.0,0.0],"evs":[0.0,-0.04171,-0.36745]},"86o":{"weight":1.0,"played":[1.0,0.0,0.0],"evs":[0.0,-0.08205,-0.3846]},"96o":{"weight":1.0,"played":[1.0,0.0,0.0],"evs":[0.0,-0.09203,-0.35962]},"T6o":{"weight":1.0,"played":[1.0,0.0,0.0],"evs":[0.0,-0.06545,-0.21619]},"J6o":{"weight":1.0,"played":[0.9856,0.0017,0.0127],"evs":[0.0,-0.04614,-0.02793]},"Q6o":{"weight":1.0,"played":[0.0,0.0,1.0],"evs":[0.0,0.49764,0.72807]},"K6o":{"weight":1.0,"played":[0.0,0.0,1.0],"evs":[0.0,1.22018,1.53507]},"A6o":{"weight":1.0,"played":[0.0,0.0,1.0],"evs":[0.0,1.96215,2.3775]},"72s":{"weight":1.0,"played":[1.0,0.0,0.0],"evs":[0.0,-0.21291,-0.87968]},"73s":{"weight":1.0,"played":[1.0,0.0,0.0],"evs":[0.0,-0.13216,-0.64167]},"74s":{"weight":1.0,"played":[1.0,0.0,0.0],"evs":[0.0,-0.0871,-0.37107]},"75s":{"weight":1.0,"played":[0.9996,1.0E-4,3.0E-4],"evs":[0.0,-0.01894,-0.09648]},"76s":{"weight":1.0,"played":[9.0E-4,5.0E-4,0.9986],"evs":[0.0,0.05012,0.13966]},"77":{"weight":1.0,"played":[0.0,0.0,1.0],"evs":[0.0,3.04445,3.10763]},"87o":{"weight":1.0,"played":[0.9681,0.0319,0.0],"evs":[0.0,-0.02348,-0.10376]},"97o":{"weight":1.0,"played":[0.9695,0.013,0.0175],"evs":[0.0,-0.01682,-0.06039]},"T7o":{"weight":1.0,"played":[1.0E-4,1.0E-4,0.9999],"evs":[0.0,0.00605,0.11257]},"J7o":{"weight":1.0,"played":[0.0,0.0,1.0],"evs":[0.0,0.21062,0.3727]},"Q7o":{"weight":1.0,"played":[0.0,0.0,1.0],"evs":[0.0,0.62318,0.93179]},"K7o":{"weight":1.0,"played":[0.0,0.0,1.0],"evs":[0.0,1.37055,1.76553]},"A7o":{"weight":1.0,"played":[0.0,0.0,1.0],"evs":[0.0,2.15145,2.66462]},"82s":{"weight":1.0,"played":[1.0,0.0,0.0],"evs":[0.0,-0.18194,-0.71057]},"83s":{"weight":1.0,"played":[1.0,0.0,0.0],"evs":[0.0,-0.15965,-0.65844]},"84s":{"weight":1.0,"played":[0.9997,3.0E-4,0.0],"evs":[0.0,-0.09685,-0.40603]},"85s":{"weight":1.0,"played":[0.9579,0.0421,1.0E-4],"evs":[0.0,-0.04041,-0.09634]},"86s":{"weight":1.0,"played":[0.0024,0.0235,0.9741],"evs":[0.0,0.10509,0.11603]},"87s":{"weight":1.0,"played":[0.0,0.0,1.0],"evs":[0.0,0.37781,0.39686]},"88":{"weight":1.0,"played":[0.0,1.0E-4,0.9999],"evs":[0.0,3.52956,3.59354]},"98o":{"weight":1.0,"played":[0.0,0.0,1.0],"evs":[0.0,0.21553,0.25734]},"T8o":{"weight":1.0,"played":[0.0,0.0,1.0],"evs":[0.0,0.31865,0.42162]},"J8o":{"weight":1.0,"played":[0.0,0.0,1.0],"evs":[0.0,0.51967,0.69047]},"Q8o":{"weight":1.0,"played":[0.0,0.0,1.0],"evs":[0.0,0.92838,1.27431]},"K8o":{"weight":1.0,"played":[0.0,0.0,1.0],"evs":[0.0,1.50452,1.94215]},"A8o":{"weight":1.0,"played":[0.0,0.0,1.0],"evs":[0.0,2.31083,2.86504]},"92s":{"weight":1.0,"played":[0.9998,2.0E-4,0.0],"evs":[0.0,-0.15187,-0.52621]},"93s":{"weight":1.0,"played":[1.0,0.0,0.0],"evs":[0.0,-0.07858,-0.4105]},"94s":{"weight":1.0,"played":[1.0,0.0,0.0],"evs":[0.0,-0.10955,-0.39083]},"95s":{"weight":1.0,"played":[0.9999,1.0E-4,0.0],"evs":[0.0,-0.07124,-0.13477]},"96s":{"weight":1.0,"played":[0.0043,0.0065,0.9893],"evs":[0.0,0.15862,0.15915]},"97s":{"weight":1.0,"played":[0.0,4.0E-4,0.9996],"evs":[0.0,0.43035,0.43493]},"98s":{"weight":1.0,"played":[0.0,3.0E-4,0.9997],"evs":[0.0,0.70339,0.75876]},"99":{"weight":1.0,"played":[0.0,3.0E-4,0.9997],"evs":[0.0,3.98864,4.04226]},"T9o":{"weight":1.0,"played":[0.0,0.0,1.0],"evs":[0.0,0.62049,0.77263]},"J9o":{"weight":1.0,"played":[0.0,0.0,1.0],"evs":[0.0,0.85144,1.0233]},"Q9o":{"weight":1.0,"played":[0.0,0.0,1.0],"evs":[0.0,1.295,1.62301]},"K9o":{"weight":1.0,"played":[0.0,0.0,1.0],"evs":[0.0,1.8393,2.28608]},"A9o":{"weight":1.0,"played":[0.0,0.0,1.0],