{"equityUnit":"TABLE_EQUITY_PERCENT","conversionFactors":{"toUSD":5.358268,"toRegularPrizePercent":0.1434994},"preHandEquity":[6.31242,30.00475,20.54231,19.60592,7.59916,15.93545],"bubbleFactors":[[-1.0,1.056,1.055,1.055,1.053,1.054],[0.645,-1.0,0.887,1.002,0.605,0.91],[0.663,1.165,-1.0,1.03,0.624,0.934],[0.665,1.159,1.156,-1.0,0.626,0.937],[0.69,1.067,1.065,1.065,-1.0,1.065],[0.672,1.133,1.13,1.13,0.634,-1.0]]}