{"player":0,"street":0,"children":3,"sequence":[],"actions":[{"type":"F","amount":0,"node":1},{"type":"R","amount":200000,"node":88},{"type":"R","amount":1465000,"node":617}],"hands":{"22":{"weight":1.0,"played":[0.4165,0.5835,1.0E-4],"evs":[0.0,-1.8E-4,-0.02012]},"32o":{"weight":1.0,"played":[1.0,0.0,0.0],"evs":[0.0,-0.69848,-2.1784]},"42o":{"weight":1.0,"played":[1.0,0.0,0.0],"evs":[0.0,-0.66158,-2.05595]},"52o":{"weight":1.0,"played":[1.0,0.0,0.0],"evs":[0.0,-0.62594,-1.90879]},"62o":{"weight":1.0,"played":[1.0,0.0,0.0],"evs":[0.0,-0.65625,-2.07101]},"72o":{"weight":1.0,"played":[1.0,0.0,0.0],"evs":[0.0,-0.67205,-2.20907]},"82o":{"weight":1.0,"played":[1.0,0.0,0.0],"evs":[0.0,-0.66511,-2.06669]},"92o":{"weight":1.0,"played":[1.0,0.0,0.0],"evs":[0.0,-0.65466,-1.98907]},"T2o":{"weight":1.0,"played":[1.0,0.0,0.0],"evs":[0.0,-0.62065,-1.87778]},"J2o":{"weight":1.0,"played":[1.0,0.0,0.0],"evs":[0.0,-0.61529,-1.74356]},"Q2o":{"weight":1.0,"played":[1.0,0.0,0.0],"evs":[0.0,-0.55791,-1.56326]},"K2o":{"weight":1.0,"played":[1.0,0.0,0.0],"evs":[0.0,-0.50238,-1.30616]},"A2o":{"weight":1.0,"played":[1.0,0.0,0.0],"evs":[0.0,-0.22205,-0.60503]},"32s":{"weight":1.0,"played":[1.0,0.0,0.0],"evs":[0.0,-0.54898,-1.45728]},"33":{"weight":1.0,"played":[0.0,0.0026,0.9974],"evs":[0.0,0.22444,0.22851]},"43o":{"weight":1.0,"played":[1.0,0.0,0.0],"evs":[0.0,-0.59173,-1.75025]},"53o":{"weight":1.0,"played":[1.0,0.0,0.0],"evs":[0.0,-0.55207,-1.5986]},"63o":{"weight":1.0,"played":[1.0,0.0,0.0],"evs":[0.0,-0.57429,-1.75942]},"73o":{"weight":1.0,"played":[1.0,0.0,0.0],"evs":[0.0,-0.60032,-1.90406]},"83o":{"weight":1.0,"played":[1.0,0.0,0.0],"evs":[0.0,-0.63923,-2.01905]},"93o":{"weight":1.0,"played":[1.0,0.0,0.0],"evs":[0.0,-0.61887,-1.88442]},"T3o":{"weight":1.0,"played":[1.0,0.0,0.0],"evs":[0.0,-0.57936,-1.77426]},"J3o":{"weight":1.0,"played":[1.0,0.0,0.0],"evs":[0.0,-0.57485,-1.64309]},"Q3o":{"weight":1.0,"played":[1.0,0.0,0.0],"evs":[0.0,-0.52012,-1.45691]},"K3o":{"weight":1.0,"played":[1.0,0.0,0.0],"evs":[0.0,-0.45488,-1.20573]},"A3o":{"weight":1.0,"played":[1.0,0.0,0.0],"evs":[0.0,-0.16296,-0.49576]},"42s":{"weight":1.0,"played":[1.0,0.0,0.0],"evs":[0.0,-0.50799,-1.34065]},"43s":{"weight":1.0,"played":[1.0,0.0,0.0],"evs":[0.0,-0.40459,-1.06535]},"44":{"weight":1.0,"played":[0.0,0.1029,0.8971],"evs":[0.0,0.53153,0.53196]},"54o":{"weight":1.0,"played":[1.0,0.0,0.0],"evs":[0.0,-0.4816,-1.29426]},"64o":{"weight":1.0,"played":[1.0,0.0,0.0],"evs":[0.0,-0.5012,-1.44651]},"74o":{"weight":1.0,"played":[1.0,0.0,0.0],"evs":[0.0,-0.52722,-1.59009]},"84o":{"weight":1.0,"played":[1.0,0.0,0.0],"evs":[0.0,-0.56539,-1.70244]},"94o":{"weight":1.0,"played":[1.0,0.0,0.0],"evs":[0.0,-0.58823,-1.82725]},"T4o":{"weight":1.0,"played":[1.0,0.0,0.0],"evs":[0.0,-0.54353,-1.66047]},"J4o":{"weight":1.0,"played":[1.0,0.0,0.0],"evs":[0.0,-0.53694,-1.52942]},"Q4o":{"weight":1.0,"played":[1.0,0.0,0.0],"evs":[0.0,-0.48235,-1.34746]},"K4o":{"weight":1.0,"played":[1.0,0.0,0.0],"evs":[0.0,-0.4046,-1.09331]},"A4o":{"weight":1.0,"played":[1.0,0.0,0.0],"evs":[0.0,-0.10937,-0.38669]},"52s":{"weight":1.0,"played":[1.0,0.0,0.0],"evs":[0.0,-0.46163,-1.20492]},"53s":{"weight":1.0,"played":[1.0,0.0,0.0],"evs":[0.0,-0.3522,-0.91665]},"54s":{"weight":1.0,"played":[1.0,0.0,0.0],"evs":[0.0,-0.22825,-0.63512]},"55":{"weight":1.0,"played":[0.0,0.0,1.0],"evs":[0.0,0.89781,0.91974]},"65o":{"weight":1.0,"played":[1.0,0.0,0.0],"evs":[0.0,-0.41266,-1.13113]},"75o":{"weight":1.0,"played":[1.0,0.0,0.0],"evs":[0.0,-0.44835,-1.26137]},"85o":{"weight":1.0,"played":[1.0,0.0,0.0],"evs":[0.0,-0.4815,-1.38202]},"95o":{"weight":1.0,"played":[1.0,0.0,0.0],"evs":[0.0,-0.50745,-1.50326]},"T5o":{"weight":1.0,"played":[1.0,0.0,0.0],"evs":[0.0,-0.50573,-1.58469]},"J5o":{"weight":1.0,"played":[1.0,0.0,0.0],"evs":[0.0,-0.49508,-1.40385]},"Q5o":{"weight":1.0,"played":[1.0,0.0,0.0],"evs":[0.0,-0.43365,-1.22182]},"K5o":{"weight":1.0,"played":[1.0,0.0,0.0],"evs":[0.0,-0.34747,-0.97057]},"A5o":{"weight":1.0,"played":[1.0,0.0,0.0],"evs":[0.0,-0.03194,-0.25027]},"62s":{"weight":1.0,"played":[1.0,0.0,0.0],"evs":[0.0,-0.51016,-1.35154]},"63s":{"weight":1.0,"played":[1.0,0.0,0.0],"evs":[0.0,-0.39916,-1.06005]},"64s":{"weight":1.0,"played":[1.0,0.0,0.0],"evs":[0.0,-0.2952,-0.77296]},"65s":{"weight":1.0,"played":[1.0,0.0,0.0],"evs":[0.0,-0.15821,-0.4725]},"66":{"weight":1.0,"played":[0.0,0.0,1.0],"evs":[0.0,1.25927,1.33218]},"76o":{"weight":1.0,"played":[1.0,0.0,0.0],"evs":[0.0,-0.36913,-0.97662]},"86o":{"weight":1.0,"played":[1.0,0.0,0.0],"evs":[0.0,-0.41081,-1.08008]},"96o":{"weight":1.0,"played":[1.0,0.0,0.0],"evs":[0.0,-0.44122,-1.1988]},"T6o":{"weight":1.0,"played":[1.0,0.0,0.0],"evs":[0.0,-0.44719,-1.28766]},"J6o":{"weight":1.0,"played":[1.0,0.0,0.0],"evs":[0.0,-0.47821,-1.3454]},"Q6o":{"weight":1.0,"played":[1.0,0.0,0.0],"evs":[0.0,-0.41331,-1.11985]},"K6o":{"weight":1.0,"played":[1.0,0.0,0.0],"evs":[0.0,-0.32346,-0.86387]},"A6o":{"weight":1.0,"played":[1.0,0.0,0.0],"evs":[0.0,-0.07697,-0.35041]},"72s":{"weight":1.0,"played":[1.0,0.0,0.0],"evs":[0.0,-0.53455,-1.4855]},"73s":{"weight":1.0,"played":[1.0,0.0,0.0],"evs":[0.0,-0.44744,-1.19605]},"74s":{"weight":1.0,"played":[1.0,0.0,0.0],"evs":[0.0,-0.3409,-0.89733]},"75s":{"weight":1.0,"played":[1.0,0.0,0.0],"evs":[0.0,-0.22011,-0.59816]},"76s":{"weight":1.0,"played":[1.0,0.0,0.0],"evs":[0.0,-0.10249,-0.32716]},"77":{"weight":1.0,"played":[0.0,0.0,1.0],"evs":[0.0,1.701,1.73927]},"87o":{"weight":1.0,"played":[1.0,0.0,0.0],"evs":[0.0,-0.33379,-0.83345]},"97o":{"weight":1.0,"played":[1.0,0.0,0.0],"evs":[0.0,-0.36679,-0.93453]},"T7o":{"weight":1.0,"played":[1.0,0.0,0.0],"evs":[0.0,-0.37839,-1.01535]},"J7o":{"weight":1.0,"played":[1.0,0.0,0.0],"evs":[0.0,-0.42224,-1.07699]},"Q7o":{"weight":1.0,"played":[1.0,0.0,0.0],"evs":[0.0,-0.38228,-1.0834]},"K7o":{"weight":1.0,"played":[1.0,0.0,0.0],"evs":[0.0,-0.28795,-0.78563]},"A7o":{"weight":1.0,"played":[0.9952,0.0048,0.0],"evs":[0.0,-0.00997,-0.17948]},"82s":{"weight":1.0,"played":[1.0,0.0,0.0],"evs":[0.0,-0.52045,-1.34668]},"83s":{"weight":1.0,"played":[1.0,0.0,0.0],"evs":[0.0,-0.49304,-1.30768]},"84s":{"weight":1.0,"played":[1.0,0.0,0.0],"evs":[0.0,-0.397,-1.01326]},"85s":{"weight":1.0,"played":[1.0,0.0,0.0],"evs":[0.0,-0.27707,-0.71374]},"86s":{"weight":1.0,"played":[1.0,0.0,0.0],"evs":[0.0,-0.16806,-0.42631]},"87s":{"weight":1.0,"played":[1.0,0.0,0.0],"evs":[0.0,-0.05689,-0.20344]},"88":{"weight":1.0,"played":[0.0,0.0211,0.9789],"evs":[0.0,2.21542,2.21675]},"98o":{"weight":1.0,"played":[1.0,0.0,0.0],"evs":[0.0,-0.30368,-0.70053]},"T8o":{"weight":1.0,"played":[1.0,0.0,0.0],"evs":[0.0,-0.31428,-0.74304]},"J8o":{"weight":1.0,"played":[1.0,0.0,0.0],"evs":[0.0,-0.35916,-0.8152]},"Q8o":{"weight":1.0,"played":[1.0,0.0,0.0],"evs":[0.0,-0.32999,-0.83408]},"K8o":{"weight":1.0,"played":[1.0,0.0,0.0],"evs":[0.0,-0.27871,-0.75451]},"A8o":{"weight":1.0,"played":[0.0,0.9997,3.0E-4],"evs":[0.0,0.03164,0.02409]},"92s":{"weight":1.0,"played":[1.0,0.0,0.0],"evs":[0.0,-0.50307,-1.27409]},"93s":{"weight":1.0,"played":[1.0,0.0,0.0],"evs":[0.0,-0.46051,-1.17575]},"94s":{"weight":1.0,"played":[1.0,0.0,0.0],"evs":[0.0,-0.4354,-1.13256]},"95s":{"weight":1.0,"played":[1.0,0.0,0.0],"evs":[0.0,-0.32197,-0.82101]},"96s":{"weight":1.0,"played":[1.0,0.0,0.0],"evs":[0.0,-0.22776,-0.54138]},"97s":{"weight":1.0,"played":[1.0,0.0,0.0],"evs":[0.0,-0.11221,-0.28568]},"98s":{"weight":1.0,"played":[0.894,0.106,0.0],"evs":[0.0,-0.00115,-0.0684]},"99":{"weight":1.0,"played":[0.0,0.0,1.0],"evs":[0.0,2.7354,2.7464]},"T9o":{"weight":1.0,"played":[1.0,0.0,0.0],"evs":[0.0,-0.22879,-0.49084]},"J9o":{"weight":1.0,"played":[1.0,0.0,0.0],"evs":[0.0,-0.25689,-0.56292]},"Q9o":{"weight":1.0,"played":[1.0,0.0,0.0],"evs":[0.0,-0.22441,-0.57803]},"K9o":{"weight":1.0,"played":[1.0,0.0,0.0],"evs":[0.0,-0.18305,-0.49766]},"A9o":{"weight":1.0,"played":[0.0,0.2578,0.7422],"evs":[0.0,0.3565,0.35755]},"T2s":{"weight":1.0,"played":[1.0,0.0,0.0],"evs":[0.0,-0.45866,-1.17295]},"T3s":{"weight":1.0,"played":[1.0,0.0,0.0],