{"player":1,"street":0,"children":3,"sequence":[{"player":0,"type":"R","amount":200000,"street":0}],"actions":[{"type":"F","amount":0,"node":89},{"type":"C","amount":200000,"node":292},{"type":"R","amount":785000,"node":586}],"hands":{"22":{"weight":1.0,"played":[1.0,0.0,0.0],"evs":[0.0,-0.72865,-1.01233]},"32o":{"weight":1.0,"played":[1.0,0.0,0.0],"evs":[0.0,-1.43672,-3.63054]},"42o":{"weight":1.0,"played":[1.0,0.0,0.0],"evs":[0.0,-1.41112,-3.5232]},"52o":{"weight":1.0,"played":[1.0,0.0,0.0],"evs":[0.0,-1.36925,-3.38244]},"62o":{"weight":1.0,"played":[1.0,0.0,0.0],"evs":[0.0,-1.43909,-3.66472]},"72o":{"weight":1.0,"played":[1.0,0.0,0.0],"evs":[0.0,-1.49179,-3.94235]},"82o":{"weight":1.0,"played":[1.0,0.0,0.0],"evs":[0.0,-1.5161,-3.97439]},"92o":{"weight":1.0,"played":[1.0,0.0,0.0],"evs":[0.0,-1.51108,-3.94796]},"T2o":{"weight":1.0,"played":[1.0,0.0,0.0],"evs":[0.0,-1.45057,-3.78611]},"J2o":{"weight":1.0,"played":[1.0,0.0,0.0],"evs":[0.0,-1.39971,-3.59115]},"Q2o":{"weight":1.0,"played":[1.0,0.0,0.0],"evs":[0.0,-1.29209,-3.26927]},"K2o":{"weight":1.0,"played":[1.0,0.0,0.0],"evs":[0.0,-1.16843,-2.55007]},"A2o":{"weight":1.0,"played":[1.0,0.0,0.0],"evs":[0.0,-0.7714,-1.32733]},"32s":{"weight":1.0,"played":[1.0,0.0,0.0],"evs":[0.0,-1.18662,-2.80683]},"33":{"weight":1.0,"played":[1.0,0.0,0.0],"evs":[0.0,-0.52899,-0.62378]},"43o":{"weight":1.0,"played":[1.0,0.0,0.0],"evs":[0.0,-1.2982,-3.11118]},"53o":{"weight":1.0,"played":[1.0,0.0,0.0],"evs":[0.0,-1.25139,-2.95341]},"63o":{"weight":1.0,"played":[1.0,0.0,0.0],"evs":[0.0,-1.31011,-3.2345]},"73o":{"weight":1.0,"played":[1.0,0.0,0.0],"evs":[0.0,-1.3814,-3.51487]},"83o":{"weight":1.0,"played":[1.0,0.0,0.0],"evs":[0.0,-1.48085,-3.85867]},"93o":{"weight":1.0,"played":[1.0,0.0,0.0],"evs":[0.0,-1.45249,-3.75858]},"T3o":{"weight":1.0,"played":[1.0,0.0,0.0],"evs":[0.0,-1.40827,-3.61222]},"J3o":{"weight":1.0,"played":[1.0,0.0,0.0],"evs":[0.0,-1.34843,-3.41884]},"Q3o":{"weight":1.0,"played":[1.0,0.0,0.0],"evs":[0.0,-1.24108,-3.09012]},"K3o":{"weight":1.0,"played":[1.0,0.0,0.0],"evs":[0.0,-1.11453,-2.37675]},"A3o":{"weight":1.0,"played":[1.0,0.0,0.0],"evs":[0.0,-0.68316,-1.17437]},"42s":{"weight":1.0,"played":[1.0,0.0,0.0],"evs":[0.0,-1.16256,-2.70917]},"43s":{"weight":1.0,"played":[1.0,0.0,0.0],"evs":[0.0,-0.94859,-2.31581]},"44":{"weight":1.0,"played":[1.0,0.0,0.0],"evs":[0.0,-0.33951,-0.39063]},"54o":{"weight":1.0,"played":[1.0,0.0,0.0],"evs":[0.0,-1.12996,-2.61813]},"64o":{"weight":1.0,"played":[1.0,0.0,0.0],"evs":[0.0,-1.21189,-2.88395]},"74o":{"weight":1.0,"played":[1.0,0.0,0.0],"evs":[0.0,-1.28901,-3.16398]},"84o":{"weight":1.0,"played":[1.0,0.0,0.0],"evs":[0.0,-1.38737,-3.49489]},"94o":{"weight":1.0,"played":[1.0,0.0,0.0],"evs":[0.0,-1.44296,-3.72925]},"T4o":{"weight":1.0,"played":[1.0,0.0,0.0],"evs":[0.0,-1.38018,-3.50586]},"J4o":{"weight":1.0,"played":[1.0,0.0,0.0],"evs":[0.0,-1.32442,-3.31588]},"Q4o":{"weight":1.0,"played":[1.0,0.0,0.0],"evs":[0.0,-1.2187,-2.9921]},"K4o":{"weight":1.0,"played":[1.0,0.0,0.0],"evs":[0.0,-1.08573,-2.2764]},"A4o":{"weight":1.0,"played":[1.0,0.0,0.0],"evs":[0.0,-0.63975,-1.07621]},"52s":{"weight":1.0,"played":[1.0,0.0,0.0],"evs":[0.0,-1.09707,-2.56773]},"53s":{"weight":1.0,"played":[1.0,0.0,0.0],"evs":[0.0,-0.86826,-2.18543]},"54s":{"weight":1.0,"played":[1.0,0.0,0.0],"evs":[0.0,-0.62911,-1.85534]},"55":{"weight":1.0,"played":[1.0,0.0,0.0],"evs":[0.0,-0.11899,-0.10719]},"65o":{"weight":1.0,"played":[1.0,0.0,0.0],"evs":[0.0,-1.06138,-2.50281]},"75o":{"weight":1.0,"played":[1.0,0.0,0.0],"evs":[0.0,-1.16314,-2.76864]},"85o":{"weight":1.0,"played":[1.0,0.0,0.0],"evs":[0.0,-1.26838,-3.08614]},"95o":{"weight":1.0,"played":[1.0,0.0,0.0],"evs":[0.0,-1.32755,-3.31468]},"T5o":{"weight":1.0,"played":[1.0,0.0,0.0],"evs":[0.0,-1.34524,-3.3997]},"J5o":{"weight":1.0,"played":[1.0,0.0,0.0],"evs":[0.0,-1.27934,-3.13689]},"Q5o":{"weight":1.0,"played":[1.0,0.0,0.0],"evs":[0.0,-1.17076,-2.81859]},"K5o":{"weight":1.0,"played":[1.0,0.0,0.0],"evs":[0.0,-1.03031,-2.12927]},"A5o":{"weight":1.0,"played":[1.0,0.0,0.0],"evs":[0.0,-0.56462,-0.94382]},"62s":{"weight":1.0,"played":[1.0,0.0,0.0],"evs":[0.0,-1.21137,-2.83072]},"63s":{"weight":1.0,"played":[1.0,0.0,0.0],"evs":[0.0,-1.01686,-2.43799]},"64s":{"weight":1.0,"played":[1.0,0.0,0.0],"evs":[0.0,-0.79468,-2.1152]},"65s":{"weight":1.0,"played":[1.0,0.0,0.0],"evs":[0.0,-0.56026,-1.76551]},"66":{"weight":1.0,"played":[0.2112,0.282,0.5068],"evs":[0.0,-0.0057,0.00469]},"76o":{"weight":1.0,"played":[1.0,0.0,0.0],"evs":[0.0,-1.05013,-2.52422]},"86o":{"weight":1.0,"played":[1.0,0.0,0.0],"evs":[0.0,-1.16375,-2.8154]},"96o":{"weight":1.0,"played":[1.0,0.0,0.0],"evs":[0.0,-1.23231,-3.04153]},"T6o":{"weight":1.0,"played":[1.0,0.0,0.0],"evs":[0.0,-1.25646,-3.13179]},"J6o":{"weight":1.0,"played":[1.0,0.0,0.0],"evs":[0.0,-1.27322,-3.16734]},"Q6o":{"weight":1.0,"played":[1.0,0.0,0.0],"evs":[0.0,-1.15621,-2.79229]},"K6o":{"weight":1.0,"played":[1.0,0.0,0.0],"evs":[0.0,-1.01183,-2.08761]},"A6o":{"weight":1.0,"played":[1.0,0.0,0.0],"evs":[0.0,-0.64673,-1.11522]},"72s":{"weight":1.0,"played":[1.0,0.0,0.0],"evs":[0.0,-1.27688,-3.11788]},"73s":{"weight":1.0,"played":[1.0,0.0,0.0],"evs":[0.0,-1.13951,-2.70381]},"74s":{"weight":1.0,"played":[1.0,0.0,0.0],"evs":[0.0,-0.98477,-2.37251]},"75s":{"weight":1.0,"played":[1.0,0.0,0.0],"evs":[0.0,-0.72064,-1.99467]},"76s":{"weight":1.0,"played":[1.0,0.0,0.0],"evs":[0.0,-0.55356,-1.78685]},"77":{"weight":1.0,"played":[0.0,0.0659,0.9341],"evs":[0.0,0.15059,0.17081]},"87o":{"weight":1.0,"played":[1.0,0.0,0.0],"evs":[0.0,-1.09371,-2.63751]},"97o":{"weight":1.0,"played":[1.0,0.0,0.0],"evs":[0.0,-1.14124,-2.84827]},"T7o":{"weight":1.0,"played":[1.0,0.0,0.0],"evs":[0.0,-1.15454,-2.90259]},"J7o":{"weight":1.0,"played":[1.0,0.0,0.0],"evs":[0.0,-1.20684,-2.96645]},"Q7o":{"weight":1.0,"played":[1.0,0.0,0.0],"evs":[0.0,-1.14445,-2.85802]},"K7o":{"weight":1.0,"played":[1.0,0.0,0.0],"evs":[0.0,-1.00944,-2.09977]},"A7o":{"weight":1.0,"played":[1.0,0.0,0.0],"evs":[0.0,-0.5618,-0.93802]},"82s":{"weight":1.0,"played":[1.0,0.0,0.0],"evs":[0.0,-1.29327,-3.13071]},"83s":{"weight":1.0,"played":[1.0,0.0,0.0],"evs":[0.0,-1.25114,-3.0417]},"84s":{"weight":1.0,"played":[1.0,0.0,0.0],"evs":[0.0,-1.13654,-2.69168]},"85s":{"weight":1.0,"played":[1.0,0.0,0.0],"evs":[0.0,-0.94947,-2.32104]},"86s":{"weight":1.0,"played":[1.0,0.0,0.0],"evs":[0.0,-0.74805,-2.0598]},"87s":{"weight":1.0,"played":[1.0,0.0,0.0],"evs":[0.0,-0.61539,-1.8754]},"88":{"weight":1.0,"played":[0.0,0.0228,0.9772],"evs":[0.0,0.40709,0.42331]},"98o":{"weight":1.0,"played":[1.0,0.0,0.0],"evs":[0.0,-1.11615,-2.7806]},"T8o":{"weight":1.0,"played":[1.0,0.0,0.0],"evs":[0.0,-1.1207,-2.81289]},"J8o":{"weight":1.0,"played":[1.0,0.0,0.0],"evs":[0.0,-1.18938,-2.85699]},"Q8o":{"weight":1.0,"played":[1.0,0.0,0.0],"evs":[0.0,-1.14664,-2.7488]},"K8o":{"weight":1.0,"played":[1.0,0.0,0.0],"evs":[0.0,-1.05505,-2.19451]},"A8o":{"weight":1.0,"played":[1.0,0.0,0.0],"evs":[0.0,-0.39582,-0.56824]},"92s":{"weight":1.0,"played":[1.0,0.0,0.0],"evs":[0.0,-1.26196,-3.09905]},"93s":{"weight":1.0,"played":[1.0,0.0,0.0],"evs":[0.0,-1.1863,-2.91264]},"94s":{"weight":1.0,"played":[1.0,0.0,0.0],"evs":[0.0,-1.1805,-2.89727]},"95s":{"weight":1.0,"played":[1.0,0.0,0.0],"evs":[0.0,-1.0244,-2.51402]},"96s":{"weight":1.0,"played":[1.0,0.0,0.0],"evs":[0.0,-0.87665,-2.26576]},"97s":{"weight":1.0,"played":[1.0,0.0,0.0],"evs":[0.0,-0.73229,-2.06659]},"98s":{"weight":1.0,"played":[1.0,0.0,0.0],"evs":[0.0,-0.68605,-2.00492]},"99":{"weight":1.0,"played":[0.0,0.0,1.0],"evs":[0.0,0.79326,0.91235]},"T9o":{"weight":1.0,"played":[1.0,0.0,0.0],"evs":[0.0,-0.96926,-2.50335]},"J9o":{"weight":1.0,"played":[1.0,0.0,0.0],"evs":[0.0,-1.01573,-2.46912]},"Q9o":{"weight":1.0,"played":[1.0,0.0,0.0],"evs":[0.0,-0.97619,-2.2998]},"K9o":{"weight":1.0,"played":[1.0,0.0,0.0],"evs":[0.0,-0.86858,-1.65233]},"A9o":{"weight":1.0,"played":[0.5089,0.0,0.4911],"evs":[0.0,-0.07561,0.0015]},"T2s":{"weight":1.0,"played":[1.0,0.0,0.0],"evs":[0.0,-1.18793,-2.94595]},