{"equityUnit":"TABLE_EQUITY_PERCENT","conversionFactors":{"toUSD":2.0285962,"toRegularPrizePercent":0.054327693},"preHandEquity":[27.22942,18.92373,5.04912,22.3475,20.56337,5.88686],"bubbleFactors":[[-1.0,0.855,0.573,0.883,0.806,0.612],[1.028,-1.0,0.576,1.028,1.028,0.614],[1.008,1.008,-1.0,1.008,1.008,1.008],[1.033,0.857,0.575,-1.0,0.808,0.613],[1.031,0.857,0.576,1.031,-1.0,0.614],[1.009,1.009,0.58,1.009,1.009,-1.0]]}