{"equityUnit":"TABLE_EQUITY_PERCENT","conversionFactors":{"toUSD":2.633178,"toRegularPrizePercent":0.07051896},"preHandEquity":[19.04003,2.11207,11.64919,25.12138,30.2466,11.83072],"bubbleFactors":[[-1.0,0.42,0.817,1.036,1.037,0.746],[1.004,-1.0,1.004,1.004,1.004,1.004],[1.023,0.423,-1.0,1.023,1.023,1.023],[0.841,0.418,0.815,-1.0,1.047,0.743],[0.839,0.416,0.813,0.936,-1.0,0.742],[1.023,0.423,0.819,1.023,1.023,-1.0]]}