{"player":2,"street":0,"children":3,"sequence":[{"player":0,"type":"C","amount":100000,"street":0},{"player":1,"type":"C","amount":100000,"street":0}],"actions":[{"type":"F","amount":0,"node":489},{"type":"C","amount":100000,"node":644},{"type":"R","amount":1295000,"node":1097}],"hands":{"22":{"weight":1.0,"played":[1.0,0.0,0.0],"evs":[0.0,-0.15195,-0.37599]},"32o":{"weight":1.0,"played":[1.0,0.0,0.0],"evs":[0.0,-0.85913,-4.02399]},"42o":{"weight":1.0,"played":[1.0,0.0,0.0],"evs":[0.0,-0.82985,-3.71739]},"52o":{"weight":1.0,"played":[1.0,0.0,0.0],"evs":[0.0,-0.80597,-3.53121]},"62o":{"weight":1.0,"played":[1.0,0.0,0.0],"evs":[0.0,-0.83838,-3.90082]},"72o":{"weight":1.0,"played":[1.0,0.0,0.0],"evs":[0.0,-0.90379,-4.46674]},"82o":{"weight":1.0,"played":[1.0,0.0,0.0],"evs":[0.0,-0.86426,-4.17789]},"92o":{"weight":1.0,"played":[1.0,0.0,0.0],"evs":[0.0,-0.91927,-4.71923]},"T2o":{"weight":1.0,"played":[1.0,0.0,0.0],"evs":[0.0,-0.9375,-4.78999]},"J2o":{"weight":1.0,"played":[1.0,0.0,0.0],"evs":[0.0,-0.87446,-4.09911]},"Q2o":{"weight":1.0,"played":[1.0,0.0,0.0],"evs":[0.0,-0.84,-3.54164]},"K2o":{"weight":1.0,"played":[1.0,0.0,0.0],"evs":[0.0,-0.7161,-2.57808]},"A2o":{"weight":1.0,"played":[1.0,0.0,0.0],"evs":[0.0,-0.36099,-0.77007]},"32s":{"weight":1.0,"played":[1.0,0.0,0.0],"evs":[0.0,-0.74982,-2.66481]},"33":{"weight":1.0,"played":[0.0014,0.2925,0.7061],"evs":[0.0,0.30406,0.32145]},"43o":{"weight":1.0,"played":[1.0,0.0,0.0],"evs":[0.0,-0.75548,-3.02959]},"53o":{"weight":1.0,"played":[1.0,0.0,0.0],"evs":[0.0,-0.71308,-2.82278]},"63o":{"weight":1.0,"played":[1.0,0.0,0.0],"evs":[0.0,-0.77759,-3.23564]},"73o":{"weight":1.0,"played":[1.0,0.0,0.0],"evs":[0.0,-0.84301,-3.80293]},"83o":{"weight":1.0,"played":[1.0,0.0,0.0],"evs":[0.0,-0.86119,-4.09717]},"93o":{"weight":1.0,"played":[1.0,0.0,0.0],"evs":[0.0,-0.90969,-4.49968]},"T3o":{"weight":1.0,"played":[1.0,0.0,0.0],"evs":[0.0,-0.91245,-4.5739]},"J3o":{"weight":1.0,"played":[1.0,0.0,0.0],"evs":[0.0,-0.86242,-3.86664]},"Q3o":{"weight":1.0,"played":[1.0,0.0,0.0],"evs":[0.0,-0.81875,-3.33855]},"K3o":{"weight":1.0,"played":[1.0,0.0,0.0],"evs":[0.0,-0.67956,-2.30384]},"A3o":{"weight":1.0,"played":[1.0,0.0,0.0],"evs":[0.0,-0.21512,-0.50411]},"42s":{"weight":1.0,"played":[1.0,0.0,0.0],"evs":[0.0,-0.71819,-2.42081]},"43s":{"weight":1.0,"played":[1.0,0.0,0.0],"evs":[0.0,-0.63122,-1.82072]},"44":{"weight":1.0,"played":[2.0E-4,0.0,0.9998],"evs":[0.0,0.87195,1.02314]},"54o":{"weight":1.0,"played":[1.0,0.0,0.0],"evs":[0.0,-0.64161,-2.24103]},"64o":{"weight":1.0,"played":[1.0,0.0,0.0],"evs":[0.0,-0.67474,-2.5695]},"74o":{"weight":1.0,"played":[1.0,0.0,0.0],"evs":[0.0,-0.7661,-3.10362]},"84o":{"weight":1.0,"played":[1.0,0.0,0.0],"evs":[0.0,-0.78514,-3.31749]},"94o":{"weight":1.0,"played":[1.0,0.0,0.0],"evs":[0.0,-0.87255,-4.26701]},"T4o":{"weight":1.0,"played":[1.0,0.0,0.0],"evs":[0.0,-0.87034,-4.22714]},"J4o":{"weight":1.0,"played":[1.0,0.0,0.0],"evs":[0.0,-0.81885,-3.54038]},"Q4o":{"weight":1.0,"played":[1.0,0.0,0.0],"evs":[0.0,-0.76438,-3.06182]},"K4o":{"weight":1.0,"played":[1.0,0.0,0.0],"evs":[0.0,-0.62698,-2.0561]},"A4o":{"weight":1.0,"played":[1.0,0.0,0.0],"evs":[0.0,-0.13048,-0.2429]},"52s":{"weight":1.0,"played":[1.0,0.0,0.0],"evs":[0.0,-0.68248,-2.23769]},"53s":{"weight":1.0,"played":[1.0,0.0,0.0],"evs":[0.0,-0.59058,-1.58826]},"54s":{"weight":1.0,"played":[1.0,0.0,0.0],"evs":[0.0,-0.41086,-1.02828]},"55":{"weight":1.0,"played":[0.0,0.0,1.0],"evs":[0.0,1.53692,1.66868]},"65o":{"weight":1.0,"played":[1.0,0.0,0.0],"evs":[0.0,-0.61761,-2.07941]},"75o":{"weight":1.0,"played":[1.0,0.0,0.0],"evs":[0.0,-0.69171,-2.54048]},"85o":{"weight":1.0,"played":[1.0,0.0,0.0],"evs":[0.0,-0.70149,-2.69225]},"95o":{"weight":1.0,"played":[1.0,0.0,0.0],"evs":[0.0,-0.81266,-3.64335]},"T5o":{"weight":1.0,"played":[1.0,0.0,0.0],"evs":[0.0,-0.85196,-4.08977]},"J5o":{"weight":1.0,"played":[1.0,0.0,0.0],"evs":[0.0,-0.78861,-3.36378]},"Q5o":{"weight":1.0,"played":[1.0,0.0,0.0],"evs":[0.0,-0.73114,-2.84447]},"K5o":{"weight":1.0,"played":[1.0,0.0,0.0],"evs":[0.0,-0.6022,-1.80563]},"A5o":{"weight":1.0,"played":[0.0145,0.6124,0.3731],"evs":[0.0,0.04298,0.02803]},"62s":{"weight":1.0,"played":[1.0,0.0,0.0],"evs":[0.0,-0.70811,-2.58991]},"63s":{"weight":1.0,"played":[1.0,0.0,0.0],"evs":[0.0,-0.63422,-1.98103]},"64s":{"weight":1.0,"played":[1.0,0.0,0.0],"evs":[0.0,-0.50163,-1.33728]},"65s":{"weight":1.0,"played":[1.0,0.0,0.0],"evs":[0.0,-0.24713,-0.83924]},"66":{"weight":1.0,"played":[0.0,0.0,1.0],"evs":[0.0,1.99509,2.19943]},"76o":{"weight":1.0,"played":[1.0,0.0,0.0],"evs":[0.0,-0.61657,-2.0534]},"86o":{"weight":1.0,"played":[1.0,0.0,0.0],"evs":[0.0,-0.63898,-2.27023]},"96o":{"weight":1.0,"played":[1.0,0.0,0.0],"evs":[0.0,-0.73913,-3.06285]},"T6o":{"weight":1.0,"played":[1.0,0.0,0.0],"evs":[0.0,-0.80187,-3.60185]},"J6o":{"weight":1.0,"played":[1.0,0.0,0.0],"evs":[0.0,-0.76435,-3.26556]},"Q6o":{"weight":1.0,"played":[1.0,0.0,0.0],"evs":[0.0,-0.72845,-2.70061]},"K6o":{"weight":1.0,"played":[1.0,0.0,0.0],"evs":[0.0,-0.57649,-1.63701]},"A6o":{"weight":1.0,"played":[0.6161,0.3839,0.0],"evs":[0.0,-0.06216,-0.24665]},"72s":{"weight":1.0,"played":[1.0,0.0,0.0],"evs":[0.0,-0.81441,-3.1324]},"73s":{"weight":1.0,"played":[1.0,0.0,0.0],"evs":[0.0,-0.72714,-2.4903]},"74s":{"weight":1.0,"played":[1.0,0.0,0.0],"evs":[0.0,-0.63565,-1.87393]},"75s":{"weight":1.0,"played":[1.0,0.0,0.0],"evs":[0.0,-0.51089,-1.28736]},"76s":{"weight":1.0,"played":[1.0,0.0,0.0],"evs":[0.0,-0.20082,-0.75743]},"77":{"weight":1.0,"played":[0.0,0.0017,0.9983],"evs":[0.0,2.39995,2.60737]},"87o":{"weight":1.0,"played":[1.0,0.0,0.0],"evs":[0.0,-0.64323,-2.07848]},"97o":{"weight":1.0,"played":[1.0,0.0,0.0],"evs":[0.0,-0.7295,-2.8412]},"T7o":{"weight":1.0,"played":[1.0,0.0,0.0],"evs":[0.0,-0.79439,-3.33928]},"J7o":{"weight":1.0,"played":[1.0,0.0,0.0],"evs":[0.0,-0.77885,-3.04878]},"Q7o":{"weight":1.0,"played":[1.0,0.0,0.0],"evs":[0.0,-0.7481,-2.8041]},"K7o":{"weight":1.0,"played":[1.0,0.0,0.0],"evs":[0.0,-0.6177,-1.70936]},"A7o":{"weight":1.0,"played":[0.0039,0.6192,0.3769],"evs":[0.0,0.15042,0.1593]},"82s":{"weight":1.0,"played":[1.0,0.0,0.0],"evs":[0.0,-0.75811,-2.88009]},"83s":{"weight":1.0,"played":[1.0,0.0,0.0],"evs":[0.0,-0.7492,-2.84198]},"84s":{"weight":1.0,"played":[1.0,0.0,0.0],"evs":[0.0,-0.6709,-2.07076]},"85s":{"weight":1.0,"played":[1.0,0.0,0.0],"evs":[0.0,-0.52777,-1.49184]},"86s":{"weight":1.0,"played":[1.0,0.0,0.0],"evs":[0.0,-0.34299,-1.03139]},"87s":{"weight":1.0,"played":[1.0,0.0,0.0],"evs":[0.0,-0.20857,-0.74554]},"88":{"weight":1.0,"played":[0.0,9.0E-4,0.9991],"evs":[0.0,3.11079,3.35255]},"98o":{"weight":1.0,"played":[1.0,0.0,0.0],"evs":[0.0,-0.65924,-2.29604]},"T8o":{"weight":1.0,"played":[1.0,0.0,0.0],"evs":[0.0,-0.69639,-2.69399]},"J8o":{"weight":1.0,"played":[1.0,0.0,0.0],"evs":[0.0,-0.68222,-2.43801]},"Q8o":{"weight":1.0,"played":[1.0,0.0,0.0],"evs":[0.0,-0.65227,-2.22376]},"K8o":{"weight":1.0,"played":[1.0,0.0,0.0],"evs":[0.0,-0.54944,-1.52133]},"A8o":{"weight":1.0,"played":[0.0,0.0338,0.9661],"evs":[0.0,0.54825,0.68857]},"92s":{"weight":1.0,"played":[1.0,0.0,0.0],"evs":[0.0,-0.79685,-3.27512]},"93s":{"weight":1.0,"played":[1.0,0.0,0.0],"evs":[0.0,-0.77081,-3.04594]},"94s":{"weight":1.0,"played":[1.0,0.0,0.0],"evs":[0.0,-0.74305,-2.82535]},"95s":{"weight":1.0,"played":[1.0,0.0,0.0],"evs":[0.0,-0.65421,-2.28763]},"96s":{"weight":1.0,"played":[1.0,0.0,0.0],"evs":[0.0,-0.63409,-1.85981]},"97s":{"weight":1.0,"played":[1.0,0.0,0.0],"evs":[0.0,-0.58358,-1.54186]},"98s":{"weight":1.0,"played":[0.8818,0.1182,0.0],"evs":[0.0,-0.31065,-1.06275]},"99":{"weight":1.0,"played":[0.0,0.009,0.991],"evs":[0.0,3.7787,4.10086]},"T9o":{"weight":1.0,"played":[1.0,0.0,0.0],"evs":[0.0,-0.71271,-2.70415]},"J9o":{"weight":1.0,"played":[1.0,0.0,0.0],"evs":[0.0,-0.68099,-2.44047]},"Q9o":{"weight":1.0,"played":[1.0,0.0,0.0],"evs":[0.0,-0.65308,-2.11833]},"K9o":{"weight":1.0,"played":[1.0,0.0,0.0],"evs":[0.0,-0.44234,-1.08633]},"A9o":{"weight":1.0,"played":[0.0,0.0048,0.9952],