{"player":1,"street":0,"children":3,"sequence":[{"player":0,"type":"R","amount":4820000,"street":0}],"actions":[{"type":"F","amount":0,"node":48},{"type":"C","amount":4820000,"node":83},{"type":"R","amount":8820000,"node":128}],"hands":{"22":{"weight":1.0,"played":[1.0,0.0,0.0],"evs":[0.0,-0.36392,-0.35164]},"32o":{"weight":1.0,"played":[1.0,0.0,0.0],"evs":[0.0,-3.52165,-3.62358]},"42o":{"weight":1.0,"played":[1.0,0.0,0.0],"evs":[0.0,-3.42047,-3.51973]},"52o":{"weight":1.0,"played":[1.0,0.0,0.0],"evs":[0.0,-3.25029,-3.34216]},"62o":{"weight":1.0,"played":[1.0,0.0,0.0],"evs":[0.0,-3.46502,-3.57746]},"72o":{"weight":1.0,"played":[1.0,0.0,0.0],"evs":[0.0,-3.65223,-3.80059]},"82o":{"weight":1.0,"played":[1.0,0.0,0.0],"evs":[0.0,-3.441,-3.58925]},"92o":{"weight":1.0,"played":[1.0,0.0,0.0],"evs":[0.0,-3.39572,-3.5115]},"T2o":{"weight":1.0,"played":[1.0,0.0,0.0],"evs":[0.0,-3.2414,-3.32771]},"J2o":{"weight":1.0,"played":[1.0,0.0,0.0],"evs":[0.0,-3.20084,-3.2723]},"Q2o":{"weight":1.0,"played":[1.0,0.0,0.0],"evs":[0.0,-2.99863,-3.05456]},"K2o":{"weight":1.0,"played":[1.0,0.0,0.0],"evs":[0.0,-2.65659,-2.70163]},"A2o":{"weight":1.0,"played":[1.0,0.0,0.0],"evs":[0.0,-1.56933,-1.60137]},"32s":{"weight":1.0,"played":[1.0,0.0,0.0],"evs":[0.0,-2.63455,-2.66838]},"33":{"weight":1.0,"played":[0.4059,2.0E-4,0.5939],"evs":[0.0,-0.01081,0.01882]},"43o":{"weight":1.0,"played":[1.0,0.0,0.0],"evs":[0.0,-3.04123,-3.10034]},"53o":{"weight":1.0,"played":[1.0,0.0,0.0],"evs":[0.0,-2.92072,-2.96894]},"63o":{"weight":1.0,"played":[1.0,0.0,0.0],"evs":[0.0,-3.12574,-3.20651]},"73o":{"weight":1.0,"played":[1.0,0.0,0.0],"evs":[0.0,-3.30396,-3.41103]},"83o":{"weight":1.0,"played":[1.0,0.0,0.0],"evs":[0.0,-3.44553,-3.58372]},"93o":{"weight":1.0,"played":[1.0,0.0,0.0],"evs":[0.0,-3.28376,-3.39124]},"T3o":{"weight":1.0,"played":[1.0,0.0,0.0],"evs":[0.0,-3.1471,-3.22177]},"J3o":{"weight":1.0,"played":[1.0,0.0,0.0],"evs":[0.0,-3.11087,-3.17279]},"Q3o":{"weight":1.0,"played":[1.0,0.0,0.0],"evs":[0.0,-2.88342,-2.92805]},"K3o":{"weight":1.0,"played":[1.0,0.0,0.0],"evs":[0.0,-2.57453,-2.61732]},"A3o":{"weight":1.0,"played":[1.0,0.0,0.0],"evs":[0.0,-1.45833,-1.48424]},"42s":{"weight":1.0,"played":[1.0,0.0,0.0],"evs":[0.0,-2.51533,-2.50714]},"43s":{"weight":1.0,"played":[1.0,0.0,0.0],"evs":[0.0,-2.18581,-2.17091]},"44":{"weight":1.0,"played":[0.0,0.0173,0.9827],"evs":[0.0,0.42284,0.44163]},"54o":{"weight":1.0,"played":[1.0,0.0,0.0],"evs":[0.0,-2.57031,-2.59078]},"64o":{"weight":1.0,"played":[1.0,0.0,0.0],"evs":[0.0,-2.76993,-2.8088]},"74o":{"weight":1.0,"played":[1.0,0.0,0.0],"evs":[0.0,-2.94902,-3.01917]},"84o":{"weight":1.0,"played":[1.0,0.0,0.0],"evs":[0.0,-3.06711,-3.17267]},"94o":{"weight":1.0,"played":[1.0,0.0,0.0],"evs":[0.0,-3.22315,-3.32805]},"T4o":{"weight":1.0,"played":[1.0,0.0,0.0],"evs":[0.0,-3.07194,-3.13309]},"J4o":{"weight":1.0,"played":[1.0,0.0,0.0],"evs":[0.0,-2.9906,-3.04444]},"Q4o":{"weight":1.0,"played":[1.0,0.0,0.0],"evs":[0.0,-2.78717,-2.82004]},"K4o":{"weight":1.0,"played":[1.0,0.0,0.0],"evs":[0.0,-2.46195,-2.48864]},"A4o":{"weight":1.0,"played":[1.0,0.0,0.0],"evs":[0.0,-1.26654,-1.28064]},"52s":{"weight":1.0,"played":[1.0,0.0,0.0],"evs":[0.0,-2.42534,-2.417]},"53s":{"weight":1.0,"played":[1.0,0.0,0.0],"evs":[0.0,-2.1044,-2.07739]},"54s":{"weight":1.0,"played":[1.0,0.0,0.0],"evs":[0.0,-1.66857,-1.64504]},"55":{"weight":1.0,"played":[0.0,0.0083,0.9917],"evs":[0.0,0.94447,0.96668]},"65o":{"weight":1.0,"played":[1.0,0.0,0.0],"evs":[0.0,-2.37023,-2.38914]},"75o":{"weight":1.0,"played":[1.0,0.0,0.0],"evs":[0.0,-2.56435,-2.60013]},"85o":{"weight":1.0,"played":[1.0,0.0,0.0],"evs":[0.0,-2.71875,-2.78966]},"95o":{"weight":1.0,"played":[1.0,0.0,0.0],"evs":[0.0,-2.86795,-2.94378]},"T5o":{"weight":1.0,"played":[1.0,0.0,0.0],"evs":[0.0,-3.0136,-3.08078]},"J5o":{"weight":1.0,"played":[1.0,0.0,0.0],"evs":[0.0,-2.8618,-2.91352]},"Q5o":{"weight":1.0,"played":[1.0,0.0,0.0],"evs":[0.0,-2.67329,-2.7036]},"K5o":{"weight":1.0,"played":[1.0,0.0,0.0],"evs":[0.0,-2.34459,-2.37446]},"A5o":{"weight":1.0,"played":[1.0,0.0,0.0],"evs":[0.0,-1.0536,-1.07469]},"62s":{"weight":1.0,"played":[1.0,0.0,0.0],"evs":[0.0,-2.5711,-2.60138]},"63s":{"weight":1.0,"played":[1.0,0.0,0.0],"evs":[0.0,-2.25834,-2.25956]},"64s":{"weight":1.0,"played":[1.0,0.0,0.0],"evs":[0.0,-1.88992,-1.86442]},"65s":{"weight":1.0,"played":[1.0,0.0,0.0],"evs":[0.0,-1.53083,-1.50414]},"66":{"weight":1.0,"played":[0.0,0.087,0.913],"evs":[0.0,1.42062,1.43353]},"76o":{"weight":1.0,"played":[1.0,0.0,0.0],"evs":[0.0,-2.22133,-2.23528]},"86o":{"weight":1.0,"played":[1.0,0.0,0.0],"evs":[0.0,-2.3205,-2.37659]},"96o":{"weight":1.0,"played":[1.0,0.0,0.0],"evs":[0.0,-2.4825,-2.53861]},"T6o":{"weight":1.0,"played":[1.0,0.0,0.0],"evs":[0.0,-2.61831,-2.66844]},"J6o":{"weight":1.0,"played":[1.0,0.0,0.0],"evs":[0.0,-2.7954,-2.85122]},"Q6o":{"weight":1.0,"played":[1.0,0.0,0.0],"evs":[0.0,-2.50286,-2.53191]},"K6o":{"weight":1.0,"played":[1.0,0.0,0.0],"evs":[0.0,-2.21384,-2.23589]},"A6o":{"weight":1.0,"played":[1.0,0.0,0.0],"evs":[0.0,-1.05895,-1.10144]},"72s":{"weight":1.0,"played":[1.0,0.0,0.0],"evs":[0.0,-2.74734,-2.80464]},"73s":{"weight":1.0,"played":[1.0,0.0,0.0],"evs":[0.0,-2.45944,-2.48072]},"74s":{"weight":1.0,"played":[1.0,0.0,0.0],"evs":[0.0,-2.15004,-2.13983]},"75s":{"weight":1.0,"played":[1.0,0.0,0.0],"evs":[0.0,-1.68796,-1.65793]},"76s":{"weight":1.0,"played":[1.0,0.0,0.0],"evs":[0.0,-1.35108,-1.32307]},"77":{"weight":1.0,"played":[0.0,0.0035,0.9965],"evs":[0.0,1.92454,1.96003]},"87o":{"weight":1.0,"played":[1.0,0.0,0.0],"evs":[0.0,-1.99868,-2.01758]},"97o":{"weight":1.0,"played":[1.0,0.0,0.0],"evs":[0.0,-2.15393,-2.17878]},"T7o":{"weight":1.0,"played":[1.0,0.0,0.0],"evs":[0.0,-2.28324,-2.29094]},"J7o":{"weight":1.0,"played":[1.0,0.0,0.0],"evs":[0.0,-2.4713,-2.49473]},"Q7o":{"weight":1.0,"played":[1.0,0.0,0.0],"evs":[0.0,-2.51085,-2.54512]},"K7o":{"weight":1.0,"played":[1.0,0.0,0.0],"evs":[0.0,-2.12535,-2.13908]},"A7o":{"weight":1.0,"played":[1.0,0.0,0.0],"evs":[0.0,-0.6426,-0.6614]},"82s":{"weight":1.0,"played":[1.0,0.0,0.0],"evs":[0.0,-2.58739,-2.63304]},"83s":{"weight":1.0,"played":[1.0,0.0,0.0],"evs":[0.0,-2.59657,-2.65269]},"84s":{"weight":1.0,"played":[1.0,0.0,0.0],"evs":[0.0,-2.186,-2.18325]},"85s":{"weight":1.0,"played":[1.0,0.0,0.0],"evs":[0.0,-1.88552,-1.86915]},"86s":{"weight":1.0,"played":[1.0,0.0,0.0],"evs":[0.0,-1.45337,-1.43525]},"87s":{"weight":1.0,"played":[1.0,0.0,0.0],"evs":[0.0,-1.188,-1.16513]},"88":{"weight":1.0,"played":[0.0,0.5555,0.4445],"evs":[0.0,2.46535,2.47277]},"98o":{"weight":1.0,"played":[1.0,0.0,0.0],"evs":[0.0,-1.82403,-1.83503]},"T8o":{"weight":1.0,"played":[1.0,0.0,0.0],"evs":[0.0,-1.929,-1.92576]},"J8o":{"weight":1.0,"played":[1.0,0.0,0.0],"evs":[0.0,-2.10854,-2.12607]},"Q8o":{"weight":1.0,"played":[1.0,0.0,0.0],"evs":[0.0,-2.12728,-2.14672]},"K8o":{"weight":1.0,"played":[1.0,0.0,0.0],"evs":[0.0,-2.03383,-2.05825]},"A8o":{"weight":1.0,"played":[0.9983,0.0017,0.0],"evs":[0.0,-0.0617,-0.08651]},"92s":{"weight":1.0,"played":[1.0,0.0,0.0],"evs":[0.0,-2.47222,-2.48152]},"93s":{"weight":1.0,"played":[1.0,0.0,0.0],"evs":[0.0,-2.40547,-2.44375]},"94s":{"weight":1.0,"played":[1.0,0.0,0.0],"evs":[0.0,-2.34265,-2.35765]},"95s":{"weight":1.0,"played":[1.0,0.0,0.0],"evs":[0.0,-1.9784,-1.9648]},"96s":{"weight":1.0,"played":[1.0,0.0,0.0],"evs":[0.0,-1.65609,-1.6321]},"97s":{"weight":1.0,"played":[1.0,0.0,0.0],"evs":[0.0,-1.29292,-1.26707]},"98s":{"weight":1.0,"played":[1.0,0.0,0.0],"evs":[0.0,-0.99418,-0.97108]},"99":{"weight":1.0,"played":[0.0,0.0122,0.9878],"evs":[0.0,3.25922,3.2714]},"T9o":{"weight":1.0,"played":[1.0,0.0,0.0],"evs":[0.0,-1.55384,-1.52722]},"J9o":{"weight":1.0,"played":[1.0,0.0,0.0],"evs":[0.0,-1.75122,-1.73415]},"Q9o":{"weight":1.0,"played":[1.0,0.0,0.0],"evs":[0.0,-1.78962,-1.76219]},"K9o":{"weight":1.0,"played":[1.0,0.0,0.0],"evs":[0.0,-1.65676,-1.64778]},"A9o":{"weight":1.0,"played":[0.0,0.641,0.359],"evs":[0.0,0.54556,0.53421]},"T2s":{"weight":1.0,"played":[1.0,0.0,0.0],