{"equityUnit":"TABLE_EQUITY_PERCENT","conversionFactors":{"toUSD":3.768741,"toRegularPrizePercent":0.10093039},"preHandEquity":[8.88339,23.91056,2.81354,4.25513,28.08231,32.05507],"bubbleFactors":[[-1.0,1.022,0.586,0.417,1.022,1.023],[0.755,-1.0,0.578,0.409,1.057,1.057],[1.007,1.007,-1.0,1.007,1.007,1.007],[1.011,1.011,0.588,-1.0,1.011,1.011],[0.753,0.933,0.576,0.407,-1.0,1.065],[0.752,0.931,0.574,0.405,0.957,-1.0]]}