{"player":3,"street":0,"children":2,"sequence":[{"player":0,"type":"R","amount":200000,"street":0},{"player":1,"type":"C","amount":200000,"street":0},{"player":2,"type":"C","amount":200000,"street":0}],"actions":[{"type":"F","amount":0,"node":408},{"type":"R","amount":605000,"node":447}],"hands":{"22":{"weight":1.0,"played":[0.9963,0.0037],"evs":[0.0,-0.61107]},"32o":{"weight":1.0,"played":[1.0,0.0],"evs":[0.0,-2.26725]},"42o":{"weight":1.0,"played":[1.0,0.0],"evs":[0.0,-2.17749]},"52o":{"weight":1.0,"played":[1.0,0.0],"evs":[0.0,-1.91279]},"62o":{"weight":1.0,"played":[1.0,0.0],"evs":[0.0,-1.99571]},"72o":{"weight":1.0,"played":[1.0,0.0],"evs":[0.0,-2.31231]},"82o":{"weight":1.0,"played":[1.0,0.0],"evs":[0.0,-2.20048]},"92o":{"weight":1.0,"played":[0.9999,1.0E-4],"evs":[0.0,-2.23545]},"T2o":{"weight":1.0,"played":[1.0,0.0],"evs":[0.0,-2.44347]},"J2o":{"weight":1.0,"played":[0.9999,1.0E-4],"evs":[0.0,-2.49613]},"Q2o":{"weight":1.0,"played":[1.0,0.0],"evs":[0.0,-2.79263]},"K2o":{"weight":1.0,"played":[0.9999,1.0E-4],"evs":[0.0,-2.43572]},"A2o":{"weight":1.0,"played":[0.9999,1.0E-4],"evs":[0.0,-1.42479]},"32s":{"weight":1.0,"played":[1.0,0.0],"evs":[0.0,-1.22223]},"33":{"weight":1.0,"played":[0.9934,0.0066],"evs":[0.0,-0.31801]},"43o":{"weight":1.0,"played":[1.0,0.0],"evs":[0.0,-1.85025]},"53o":{"weight":1.0,"played":[1.0,0.0],"evs":[0.0,-1.53102]},"63o":{"weight":1.0,"played":[0.9999,1.0E-4],"evs":[0.0,-1.61405]},"73o":{"weight":1.0,"played":[1.0,0.0],"evs":[0.0,-1.98604]},"83o":{"weight":1.0,"played":[1.0,0.0],"evs":[0.0,-2.306]},"93o":{"weight":1.0,"played":[1.0,0.0],"evs":[0.0,-2.10715]},"T3o":{"weight":1.0,"played":[1.0,0.0],"evs":[0.0,-2.42073]},"J3o":{"weight":1.0,"played":[1.0,0.0],"evs":[0.0,-2.44715]},"Q3o":{"weight":1.0,"played":[1.0,0.0],"evs":[0.0,-2.59422]},"K3o":{"weight":1.0,"played":[1.0,0.0],"evs":[0.0,-2.21031]},"A3o":{"weight":1.0,"played":[0.9999,1.0E-4],"evs":[0.0,-1.25872]},"42s":{"weight":1.0,"played":[0.9991,9.0E-4],"evs":[0.0,-1.34791]},"43s":{"weight":1.0,"played":[0.9866,0.0134],"evs":[0.0,-1.17808]},"44":{"weight":1.0,"played":[0.768,0.232],"evs":[0.0,-0.02606]},"54o":{"weight":1.0,"played":[1.0,0.0],"evs":[0.0,-1.0034]},"64o":{"weight":1.0,"played":[0.9999,1.0E-4],"evs":[0.0,-1.47055]},"74o":{"weight":1.0,"played":[1.0,0.0],"evs":[0.0,-1.41907]},"84o":{"weight":1.0,"played":[1.0,0.0],"evs":[0.0,-1.94511]},"94o":{"weight":1.0,"played":[1.0,0.0],"evs":[0.0,-2.27662]},"T4o":{"weight":1.0,"played":[1.0,0.0],"evs":[0.0,-2.26366]},"J4o":{"weight":1.0,"played":[1.0,0.0],"evs":[0.0,-2.35734]},"Q4o":{"weight":1.0,"played":[1.0,0.0],"evs":[0.0,-2.41814]},"K4o":{"weight":1.0,"played":[1.0,0.0],"evs":[0.0,-2.09655]},"A4o":{"weight":1.0,"played":[0.9999,1.0E-4],"evs":[0.0,-1.09315]},"52s":{"weight":1.0,"played":[0.9999,1.0E-4],"evs":[0.0,-0.95399]},"53s":{"weight":1.0,"played":[0.9939,0.0061],"evs":[0.0,-0.2831]},"54s":{"weight":1.0,"played":[0.6671,0.3329],"evs":[0.0,-0.16908]},"55":{"weight":1.0,"played":[0.0041,0.9959],"evs":[0.0,0.51805]},"65o":{"weight":1.0,"played":[1.0,0.0],"evs":[0.0,-0.70373]},"75o":{"weight":1.0,"played":[0.9999,1.0E-4],"evs":[0.0,-0.96857]},"85o":{"weight":1.0,"played":[0.9999,1.0E-4],"evs":[0.0,-1.50089]},"95o":{"weight":1.0,"played":[1.0,0.0],"evs":[0.0,-1.82394]},"T5o":{"weight":1.0,"played":[1.0,0.0],"evs":[0.0,-2.20944]},"J5o":{"weight":1.0,"played":[1.0,0.0],"evs":[0.0,-2.0682]},"Q5o":{"weight":1.0,"played":[1.0,0.0],"evs":[0.0,-2.46449]},"K5o":{"weight":1.0,"played":[1.0,0.0],"evs":[0.0,-2.18449]},"A5o":{"weight":1.0,"played":[0.9997,3.0E-4],"evs":[0.0,-0.72194]},"62s":{"weight":1.0,"played":[0.9934,0.0066],"evs":[0.0,-1.25979]},"63s":{"weight":1.0,"played":[0.9996,4.0E-4],"evs":[0.0,-0.93333]},"64s":{"weight":1.0,"played":[0.992,0.008],"evs":[0.0,-0.37217]},"65s":{"weight":1.0,"played":[0.9993,7.0E-4],"evs":[0.0,-0.38515]},"66":{"weight":1.0,"played":[0.0012,0.9988],"evs":[0.0,1.19918]},"76o":{"weight":1.0,"played":[0.9998,2.0E-4],"evs":[0.0,-0.68332]},"86o":{"weight":1.0,"played":[1.0,0.0],"evs":[0.0,-0.95583]},"96o":{"weight":1.0,"played":[1.0,0.0],"evs":[0.0,-1.28151]},"T6o":{"weight":1.0,"played":[1.0,0.0],"evs":[0.0,-1.73111]},"J6o":{"weight":1.0,"played":[1.0,0.0],"evs":[0.0,-1.90263]},"Q6o":{"weight":1.0,"played":[1.0,0.0],"evs":[0.0,-2.10611]},"K6o":{"weight":1.0,"played":[0.9998,2.0E-4],"evs":[0.0,-1.57943]},"A6o":{"weight":1.0,"played":[1.0,0.0],"evs":[0.0,-1.07029]},"72s":{"weight":1.0,"played":[1.0,0.0],"evs":[0.0,-1.39794]},"73s":{"weight":1.0,"played":[1.0,0.0],"evs":[0.0,-1.08834]},"74s":{"weight":1.0,"played":[0.9981,0.0019],"evs":[0.0,-0.74269]},"75s":{"weight":1.0,"played":[0.8168,0.1832],"evs":[0.0,-0.24096]},"76s":{"weight":1.0,"played":[0.7451,0.2549],"evs":[0.0,0.02027]},"77":{"weight":1.0,"played":[2.0E-4,0.9998],"evs":[0.0,1.44218]},"87o":{"weight":1.0,"played":[1.0,0.0],"evs":[0.0,-0.8441]},"97o":{"weight":1.0,"played":[1.0,0.0],"evs":[0.0,-1.03461]},"T7o":{"weight":1.0,"played":[1.0,0.0],"evs":[0.0,-1.38822]},"J7o":{"weight":1.0,"played":[1.0,0.0],"evs":[0.0,-1.59703]},"Q7o":{"weight":1.0,"played":[1.0,0.0],"evs":[0.0,-1.94741]},"K7o":{"weight":1.0,"played":[1.0,0.0],"evs":[0.0,-1.65464]},"A7o":{"weight":1.0,"played":[1.0,0.0],"evs":[0.0,-0.7182]},"82s":{"weight":1.0,"played":[0.9995,5.0E-4],"evs":[0.0,-1.50885]},"83s":{"weight":1.0,"played":[1.0,0.0],"evs":[0.0,-1.35371]},"84s":{"weight":1.0,"played":[0.9989,0.0011],"evs":[0.0,-0.96106]},"85s":{"weight":1.0,"played":[0.9454,0.0546],"evs":[0.0,-0.64332]},"86s":{"weight":1.0,"played":[0.9776,0.0224],"evs":[0.0,-0.13739]},"87s":{"weight":1.0,"played":[0.7915,0.2085],"evs":[0.0,-0.1997]},"88":{"weight":1.0,"played":[1.0E-4,0.9999],"evs":[0.0,1.76832]},"98o":{"weight":1.0,"played":[0.9999,1.0E-4],"evs":[0.0,-0.87187]},"T8o":{"weight":1.0,"played":[1.0,0.0],"evs":[0.0,-0.97254]},"J8o":{"weight":1.0,"played":[1.0,0.0],"evs":[0.0,-1.43714]},"Q8o":{"weight":1.0,"played":[1.0,0.0],"evs":[0.0,-1.73958]},"K8o":{"weight":1.0,"played":[1.0,0.0],"evs":[0.0,-1.82233]},"A8o":{"weight":1.0,"played":[1.0,0.0],"evs":[0.0,-0.59122]},"92s":{"weight":1.0,"played":[0.9999,1.0E-4],"evs":[0.0,-1.49287]},"93s":{"weight":1.0,"played":[0.9986,0.0014],"evs":[0.0,-1.30499]},"94s":{"weight":1.0,"played":[0.9998,2.0E-4],"evs":[0.0,-1.22187]},"95s":{"weight":1.0,"played":[0.9942,0.0058],"evs":[0.0,-0.84261]},"96s":{"weight":1.0,"played":[0.9566,0.0434],"evs":[0.0,-0.41995]},"97s":{"weight":1.0,"played":[0.9585,0.0415],"evs":[0.0,-0.09473]},"98s":{"weight":1.0,"played":[0.1498,0.8502],"evs":[0.0,-0.02425]},"99":{"weight":1.0,"played":[0.0,1.0],"evs":[0.0,2.1466]},"T9o":{"weight":1.0,"played":[0.9994,6.0E-4],"evs":[0.0,-1.01698]},"J9o":{"weight":1.0,"played":[0.9999,1.0E-4],"evs":[0.0,-1.15143]},"Q9o":{"weight":1.0,"played":[1.0,0.0],"evs":[0.0,-1.48907]},"K9o":{"weight":1.0,"played":[1.0,0.0],"evs":[0.0,-1.51572]},"A9o":{"weight":1.0,"played":[0.9993,7.0E-4],"evs":[0.0,-0.50961]},"T2s":{"weight":1.0,"played":[0.9997,3.0E-4],"evs":[0.0,-1.49363]},"T3s":{"weight":1.0,"played":[1.0,0.0],"evs":[0.0,-1.67339]},"T4s":{"weight":1.0,"played":[1.0,0.0],"evs":[0.0,-1.55935]},"T5s":{"weight":1.0,"played":[1.0,0.0],"evs":[0.0,-1.05544]},"T6s":{"weight":1.0,"played":[1.0,0.0],"evs":[0.0,-0.59244]},"T7s":{"weight":1.0,"played":[0.9995,5.0E-4],"evs":[0.0,-0.31998]},"T8s":{"weight":1.0,"played":[0.5131,0.4869],"evs":[0.0,-0.02999]},"T9s":{"weight":1.0,"played":[0.7772,0.2228],"evs":[0.0,-0.07618]},"TT":{"weight":1.0,"played":[0.0,1.0],"evs":[0.0,2.52682]},"JTo":{"weight":1.0,"played":[0.9998,2.0E-4],"evs":[0.0,-1.01965]},"QTo":{"weight":1.0,"played":[0.9998,2.0E-4],"evs":[0.0,-1.26835]},"KTo":{"weight":1.0,"played":[0.9999,1.0E-4],"evs":[0.0,-1.1624]},"ATo":{"weight":1.0,"played":[5.0E-4,0.9995],"evs":[0.0,0.41433]},"J2s":{"weight":1.0,"played":[0.9999,1.0E-4],"evs":[0.0,-1.50603]},"J3s":{"weight":1.0,"played":[0.9995,5.0E-4],"evs":[0.0,-1.107]},"J4s":{"weight":1.0,"played":[0.9999,1.0E-4],"evs":[0.0,-0.9093]},"J5s":{"weight":1.0,"played":[0.9993,7.0E-4],