{"equityUnit":"TABLE_EQUITY_PERCENT","conversionFactors":{"toUSD":23.99,"toRegularPrizePercent":0.64247453},"preHandEquity":[39.76045,30.68985,29.5497],"bubbleFactors":[[-1.0,0.979,0.978],[1.256,-1.0,0.965],[1.231,1.098,-1.0]]}