{"player":2,"street":0,"children":3,"sequence":[{"player":0,"type":"F","amount":0,"street":0},{"player":1,"type":"F","amount":0,"street":0}],"actions":[{"type":"F","amount":0,"node":3},{"type":"R","amount":200000,"node":21},{"type":"R","amount":1265000,"node":96}],"hands":{"22":{"weight":1.0,"played":[0.0,0.0531,0.9469],"evs":[0.0,0.21149,0.21524]},"32o":{"weight":1.0,"played":[1.0,0.0,0.0],"evs":[0.0,-0.32557,-1.41179]},"42o":{"weight":1.0,"played":[1.0,0.0,0.0],"evs":[0.0,-0.30024,-1.32626]},"52o":{"weight":1.0,"played":[1.0,0.0,0.0],"evs":[0.0,-0.28194,-1.24089]},"62o":{"weight":1.0,"played":[1.0,0.0,0.0],"evs":[0.0,-0.29197,-1.35722]},"72o":{"weight":1.0,"played":[1.0,0.0,0.0],"evs":[0.0,-0.29541,-1.43444]},"82o":{"weight":1.0,"played":[1.0,0.0,0.0],"evs":[0.0,-0.29529,-1.34014]},"92o":{"weight":1.0,"played":[1.0,0.0,0.0],"evs":[0.0,-0.28332,-1.28498]},"T2o":{"weight":1.0,"played":[1.0,0.0,0.0],"evs":[0.0,-0.27013,-1.19209]},"J2o":{"weight":1.0,"played":[1.0,0.0,0.0],"evs":[0.0,-0.26147,-1.10834]},"Q2o":{"weight":1.0,"played":[1.0,0.0,0.0],"evs":[0.0,-0.24423,-0.9846]},"K2o":{"weight":1.0,"played":[1.0,0.0,0.0],"evs":[0.0,-0.21537,-0.78497]},"A2o":{"weight":1.0,"played":[0.8802,0.1198,0.0],"evs":[0.0,-6.3E-4,-0.03407]},"32s":{"weight":1.0,"played":[1.0,0.0,0.0],"evs":[0.0,-0.27055,-0.95049]},"33":{"weight":1.0,"played":[0.0,0.0,1.0],"evs":[0.0,0.36311,0.43438]},"43o":{"weight":1.0,"played":[1.0,0.0,0.0],"evs":[0.0,-0.27448,-1.13471]},"53o":{"weight":1.0,"played":[1.0,0.0,0.0],"evs":[0.0,-0.25397,-1.04369]},"63o":{"weight":1.0,"played":[1.0,0.0,0.0],"evs":[0.0,-0.26274,-1.16056]},"73o":{"weight":1.0,"played":[1.0,0.0,0.0],"evs":[0.0,-0.26802,-1.2419]},"83o":{"weight":1.0,"played":[1.0,0.0,0.0],"evs":[0.0,-0.28273,-1.30229]},"93o":{"weight":1.0,"played":[1.0,0.0,0.0],"evs":[0.0,-0.26689,-1.2153]},"T3o":{"weight":1.0,"played":[1.0,0.0,0.0],"evs":[0.0,-0.25466,-1.12399]},"J3o":{"weight":1.0,"played":[1.0,0.0,0.0],"evs":[0.0,-0.24619,-1.04044]},"Q3o":{"weight":1.0,"played":[1.0,0.0,0.0],"evs":[0.0,-0.22964,-0.91567]},"K3o":{"weight":1.0,"played":[1.0,0.0,0.0],"evs":[0.0,-0.20095,-0.71574]},"A3o":{"weight":1.0,"played":[0.0,0.2436,0.7564],"evs":[0.0,0.03824,0.0389]},"42s":{"weight":1.0,"played":[1.0,0.0,0.0],"evs":[0.0,-0.24871,-0.87746]},"43s":{"weight":1.0,"played":[1.0,0.0,0.0],"evs":[0.0,-0.20898,-0.69456]},"44":{"weight":1.0,"played":[0.0,0.0,1.0],"evs":[0.0,0.56566,0.67089]},"54o":{"weight":1.0,"played":[1.0,0.0,0.0],"evs":[0.0,-0.22242,-0.84814]},"64o":{"weight":1.0,"played":[1.0,0.0,0.0],"evs":[0.0,-0.22647,-0.96069]},"74o":{"weight":1.0,"played":[1.0,0.0,0.0],"evs":[0.0,-0.22964,-1.03771]},"84o":{"weight":1.0,"played":[1.0,0.0,0.0],"evs":[0.0,-0.24472,-1.10454]},"94o":{"weight":1.0,"played":[1.0,0.0,0.0],"evs":[0.0,-0.24397,-1.17459]},"T4o":{"weight":1.0,"played":[1.0,0.0,0.0],"evs":[0.0,-0.22804,-1.05102]},"J4o":{"weight":1.0,"played":[1.0,0.0,0.0],"evs":[0.0,-0.21957,-0.966]},"Q4o":{"weight":1.0,"played":[1.0,0.0,0.0],"evs":[0.0,-0.20148,-0.84154]},"K4o":{"weight":1.0,"played":[1.0,0.0,0.0],"evs":[0.0,-0.1711,-0.64187]},"A4o":{"weight":1.0,"played":[0.0,0.0,1.0],"evs":[0.0,0.10385,0.11458]},"52s":{"weight":1.0,"played":[1.0,0.0,0.0],"evs":[0.0,-0.22893,-0.79237]},"53s":{"weight":1.0,"played":[1.0,0.0,0.0],"evs":[0.0,-0.18495,-0.61067]},"54s":{"weight":1.0,"played":[1.0,0.0,0.0],"evs":[0.0,-0.13712,-0.42717]},"55":{"weight":1.0,"played":[0.0,0.0,1.0],"evs":[0.0,0.83061,0.92112]},"65o":{"weight":1.0,"played":[1.0,0.0,0.0],"evs":[0.0,-0.19522,-0.75804]},"75o":{"weight":1.0,"played":[1.0,0.0,0.0],"evs":[0.0,-0.19658,-0.8359]},"85o":{"weight":1.0,"played":[1.0,0.0,0.0],"evs":[0.0,-0.20812,-0.89548]},"95o":{"weight":1.0,"played":[1.0,0.0,0.0],"evs":[0.0,-0.20733,-0.96591]},"T5o":{"weight":1.0,"played":[1.0,0.0,0.0],"evs":[0.0,-0.20755,-0.99685]},"J5o":{"weight":1.0,"played":[1.0,0.0,0.0],"evs":[0.0,-0.19736,-0.88349]},"Q5o":{"weight":1.0,"played":[1.0,0.0,0.0],"evs":[0.0,-0.17698,-0.75916]},"K5o":{"weight":1.0,"played":[1.0,0.0,0.0],"evs":[0.0,-0.14598,-0.56381]},"A5o":{"weight":1.0,"played":[0.0,0.0,1.0],"evs":[0.0,0.18779,0.21734]},"62s":{"weight":1.0,"played":[1.0,0.0,0.0],"evs":[0.0,-0.23791,-0.90209]},"63s":{"weight":1.0,"played":[1.0,0.0,0.0],"evs":[0.0,-0.21033,-0.71599]},"64s":{"weight":1.0,"played":[1.0,0.0,0.0],"evs":[0.0,-0.15942,-0.53163]},"65s":{"weight":1.0,"played":[1.0,0.0,0.0],"evs":[0.0,-0.11061,-0.35164]},"66":{"weight":1.0,"played":[0.0,0.0,1.0],"evs":[0.0,1.08091,1.14069]},"76o":{"weight":1.0,"played":[1.0,0.0,0.0],"evs":[0.0,-0.17676,-0.6585]},"86o":{"weight":1.0,"played":[1.0,0.0,0.0],"evs":[0.0,-0.18461,-0.71197]},"96o":{"weight":1.0,"played":[1.0,0.0,0.0],"evs":[0.0,-0.18377,-0.7825]},"T6o":{"weight":1.0,"played":[1.0,0.0,0.0],"evs":[0.0,-0.18518,-0.81842]},"J6o":{"weight":1.0,"played":[1.0,0.0,0.0],"evs":[0.0,-0.1901,-0.85578]},"Q6o":{"weight":1.0,"played":[1.0,0.0,0.0],"evs":[0.0,-0.16692,-0.69915]},"K6o":{"weight":1.0,"played":[1.0,0.0,0.0],"evs":[0.0,-0.13456,-0.49886]},"A6o":{"weight":1.0,"played":[0.0,0.0015,0.9985],"evs":[0.0,0.2072,0.21305]},"72s":{"weight":1.0,"played":[1.0,0.0,0.0],"evs":[0.0,-0.24025,-0.97664]},"73s":{"weight":1.0,"played":[1.0,0.0,0.0],"evs":[0.0,-0.21453,-0.79373]},"74s":{"weight":1.0,"played":[1.0,0.0,0.0],"evs":[0.0,-0.16968,-0.60681]},"75s":{"weight":1.0,"played":[1.0,0.0,0.0],"evs":[0.0,-0.12084,-0.41577]},"76s":{"weight":1.0,"played":[1.0,0.0,0.0],"evs":[0.0,-0.07385,-0.25473]},"77":{"weight":1.0,"played":[0.0,0.0,1.0],"evs":[0.0,1.35602,1.38688]},"87o":{"weight":1.0,"played":[1.0,0.0,0.0],"evs":[0.0,-0.16223,-0.55687]},"97o":{"weight":1.0,"played":[1.0,0.0,0.0],"evs":[0.0,-0.16515,-0.61633]},"T7o":{"weight":1.0,"played":[1.0,0.0,0.0],"evs":[0.0,-0.16333,-0.64711]},"J7o":{"weight":1.0,"played":[1.0,0.0,0.0],"evs":[0.0,-0.16988,-0.68838]},"Q7o":{"weight":1.0,"played":[1.0,0.0,0.0],"evs":[0.0,-0.15886,-0.68411]},"K7o":{"weight":1.0,"played":[1.0,0.0,0.0],"evs":[0.0,-0.12175,-0.44699]},"A7o":{"weight":1.0,"played":[0.0,0.0085,0.9915],"evs":[0.0,0.40147,0.40724]},"82s":{"weight":1.0,"played":[1.0,0.0,0.0],"evs":[0.0,-0.23701,-0.88656]},"83s":{"weight":1.0,"played":[1.0,0.0,0.0],"evs":[0.0,-0.22506,-0.84901]},"84s":{"weight":1.0,"played":[1.0,0.0,0.0],"evs":[0.0,-0.19211,-0.66842]},"85s":{"weight":1.0,"played":[1.0,0.0,0.0],"evs":[0.0,-0.14219,-0.47101]},"86s":{"weight":1.0,"played":[1.0,0.0,0.0],"evs":[0.0,-0.09581,-0.29708]},"87s":{"weight":1.0,"played":[1.0,0.0,0.0],"evs":[0.0,-0.04268,-0.15555]},"88":{"weight":1.0,"played":[0.0,0.0,1.0],"evs":[0.0,1.64993,1.66698]},"98o":{"weight":1.0,"played":[1.0,0.0,0.0],"evs":[0.0,-0.13359,-0.44385]},"T8o":{"weight":1.0,"played":[1.0,0.0,0.0],"evs":[0.0,-0.12929,-0.45375]},"J8o":{"weight":1.0,"played":[1.0,0.0,0.0],"evs":[0.0,-0.13947,-0.50105]},"Q8o":{"weight":1.0,"played":[1.0,0.0,0.0],"evs":[0.0,-0.13655,-0.49947]},"K8o":{"weight":1.0,"played":[1.0,0.0,0.0],"evs":[0.0,-0.11201,-0.38949]},"A8o":{"weight":1.0,"played":[0.0,0.0,1.0],"evs":[0.0,0.62765,0.64176]},"92s":{"weight":1.0,"played":[1.0,0.0,0.0],"evs":[0.0,-0.2256,-0.83029]},"93s":{"weight":1.0,"played":[1.0,0.0,0.0],"evs":[0.0,-0.21083,-0.76875]},"94s":{"weight":1.0,"played":[1.0,0.0,0.0],"evs":[0.0,-0.1904,-0.73311]},"95s":{"weight":1.0,"played":[1.0,0.0,0.0],"evs":[0.0,-0.14537,-0.53796]},"96s":{"weight":1.0,"played":[1.0,0.0,0.0],"evs":[0.0,-0.10133,-0.36068]},"97s":{"weight":1.0,"played":[1.0,0.0,0.0],"evs":[0.0,-0.05577,-0.20847]},"98s":{"weight":1.0,"played":[0.825,0.175,0.0],"evs":[0.0,-0.00146,-0.05429]},"99":{"weight":1.0,"played":[0.0,0.0,1.0],"evs":[0.0,1.97212,1.98123]},"T9o":{"weight":1.0,"played":[1.0,0.0,0.0],"evs":[0.0,-0.07386,-0.2763]},"J9o":{"weight":1.0,"played":[1.0,0.0,0.0],"evs":[0.0,-0.08158,-0.31667]},"Q9o":{"weight":1.0,"played":[1.0,0.0,0.0],"evs":[0.0,-0.07832,-0.31082]},"K9o":{"weight":1.0,"played":[1.0,0.0,0.0],"evs":[0.0,-0.04131,-0.19511]},"A9o":{"weight":1.0,"played":[0.0,0.0,1.0],"evs":[0.0,0.90265,0.90887]},"T2s":{"weight":1.0,"played":[1.0,0.0,0.0],