{"player":1,"street":0,"children":4,"sequence":[{"player":0,"type":"R","amount":200000,"street":0}],"actions":[{"type":"F","amount":0,"node":358},{"type":"C","amount":200000,"node":580},{"type":"R","amount":500000,"node":1042},{"type":"R","amount":3375000,"node":1104}],"hands":{"22":{"weight":1.0,"played":[1.0,0.0,0.0,0.0],"evs":[0.0,-0.11131,-0.35794,-0.261]},"32o":{"weight":1.0,"played":[1.0,0.0,0.0,0.0],"evs":[0.0,-0.59233,-1.03552,-1.81736]},"42o":{"weight":1.0,"played":[1.0,0.0,0.0,0.0],"evs":[0.0,-0.5648,-1.00623,-1.749]},"52o":{"weight":1.0,"played":[1.0,0.0,0.0,0.0],"evs":[0.0,-0.53996,-0.95707,-1.6334]},"62o":{"weight":1.0,"played":[1.0,0.0,0.0,0.0],"evs":[0.0,-0.60475,-0.99693,-1.845]},"72o":{"weight":1.0,"played":[1.0,0.0,0.0,0.0],"evs":[0.0,-0.66367,-1.00893,-2.04484]},"82o":{"weight":1.0,"played":[1.0,0.0,0.0,0.0],"evs":[0.0,-0.65291,-0.99717,-1.97725]},"92o":{"weight":1.0,"played":[1.0,0.0,0.0,0.0],"evs":[0.0,-0.67467,-0.98165,-1.97847]},"T2o":{"weight":1.0,"played":[1.0,0.0,0.0,0.0],"evs":[0.0,-0.60001,-0.84349,-1.73107]},"J2o":{"weight":1.0,"played":[1.0,0.0,0.0,0.0],"evs":[0.0,-0.61993,-0.88909,-1.67984]},"Q2o":{"weight":1.0,"played":[1.0,0.0,0.0,0.0],"evs":[0.0,-0.51492,-0.81544,-1.3938]},"K2o":{"weight":1.0,"played":[1.0,0.0,0.0,0.0],"evs":[0.0,-0.46929,-0.71971,-1.09998]},"A2o":{"weight":1.0,"played":[1.0,0.0,0.0,0.0],"evs":[0.0,-0.37069,-0.59368,-0.66832]},"32s":{"weight":1.0,"played":[1.0,0.0,0.0,0.0],"evs":[0.0,-0.36452,-0.86945,-1.20979]},"33":{"weight":1.0,"played":[1.0,0.0,0.0,0.0],"evs":[0.0,-0.05811,-0.23634,-0.17163]},"43o":{"weight":1.0,"played":[1.0,0.0,0.0,0.0],"evs":[0.0,-0.47556,-0.93895,-1.50345]},"53o":{"weight":1.0,"played":[1.0,0.0,0.0,0.0],"evs":[0.0,-0.44161,-0.88582,-1.38324]},"63o":{"weight":1.0,"played":[1.0,0.0,0.0,0.0],"evs":[0.0,-0.50778,-0.93063,-1.59305]},"73o":{"weight":1.0,"played":[1.0,0.0,0.0,0.0],"evs":[0.0,-0.58073,-0.95805,-1.79477]},"83o":{"weight":1.0,"played":[1.0,0.0,0.0,0.0],"evs":[0.0,-0.64991,-0.98518,-1.97776]},"93o":{"weight":1.0,"played":[1.0,0.0,0.0,0.0],"evs":[0.0,-0.65361,-0.95435,-1.90797]},"T3o":{"weight":1.0,"played":[1.0,0.0,0.0,0.0],"evs":[0.0,-0.58121,-0.82208,-1.67843]},"J3o":{"weight":1.0,"played":[1.0,0.0,0.0,0.0],"evs":[0.0,-0.60146,-0.86589,-1.62387]},"Q3o":{"weight":1.0,"played":[1.0,0.0,0.0,0.0],"evs":[0.0,-0.49215,-0.79309,-1.33209]},"K3o":{"weight":1.0,"played":[1.0,0.0,0.0,0.0],"evs":[0.0,-0.44893,-0.69293,-1.03395]},"A3o":{"weight":1.0,"played":[1.0,0.0,0.0,0.0],"evs":[0.0,-0.3313,-0.51826,-0.60348]},"42s":{"weight":1.0,"played":[1.0,0.0,0.0,0.0],"evs":[0.0,-0.32667,-0.83072,-1.14844]},"43s":{"weight":1.0,"played":[1.0,0.0,0.0,0.0],"evs":[0.0,-0.22948,-0.69797,-0.90511]},"44":{"weight":1.0,"played":[1.0E-4,0.9999,0.0,0.0],"evs":[0.0,0.01424,-0.0979,-0.08929]},"54o":{"weight":1.0,"played":[1.0,0.0,0.0,0.0],"evs":[0.0,-0.35039,-0.79874,-1.13849]},"64o":{"weight":1.0,"played":[1.0,0.0,0.0,0.0],"evs":[0.0,-0.40418,-0.84748,-1.34896]},"74o":{"weight":1.0,"played":[1.0,0.0,0.0,0.0],"evs":[0.0,-0.48707,-0.88945,-1.54685]},"84o":{"weight":1.0,"played":[1.0,0.0,0.0,0.0],"evs":[0.0,-0.55939,-0.91771,-1.71418]},"94o":{"weight":1.0,"played":[1.0,0.0,0.0,0.0],"evs":[0.0,-0.63743,-0.92695,-1.90241]},"T4o":{"weight":1.0,"played":[1.0,0.0,0.0,0.0],"evs":[0.0,-0.55643,-0.78498,-1.6134]},"J4o":{"weight":1.0,"played":[1.0,0.0,0.0,0.0],"evs":[0.0,-0.5778,-0.82922,-1.55416]},"Q4o":{"weight":1.0,"played":[1.0,0.0,0.0,0.0],"evs":[0.0,-0.47293,-0.76044,-1.26457]},"K4o":{"weight":1.0,"played":[1.0,0.0,0.0,0.0],"evs":[0.0,-0.42026,-0.65994,-0.97589]},"A4o":{"weight":1.0,"played":[1.0,0.0,0.0,0.0],"evs":[0.0,-0.29458,-0.46222,-0.55582]},"52s":{"weight":1.0,"played":[1.0,0.0,0.0,0.0],"evs":[0.0,-0.29878,-0.78534,-1.05664]},"53s":{"weight":1.0,"played":[1.0,0.0,0.0,0.0],"evs":[0.0,-0.19232,-0.62668,-0.81166]},"54s":{"weight":1.0,"played":[1.0,0.0,0.0,0.0],"evs":[0.0,-0.0722,-0.43764,-0.57371]},"55":{"weight":1.0,"played":[0.0,1.0,0.0,0.0],"evs":[0.0,0.13271,0.08191,0.08738]},"65o":{"weight":1.0,"played":[1.0,0.0,0.0,0.0],"evs":[0.0,-0.30408,-0.7355,-1.07964]},"75o":{"weight":1.0,"played":[1.0,0.0,0.0,0.0],"evs":[0.0,-0.37692,-0.78274,-1.26368]},"85o":{"weight":1.0,"played":[1.0,0.0,0.0,0.0],"evs":[0.0,-0.45356,-0.82529,-1.4397]},"95o":{"weight":1.0,"played":[1.0,0.0,0.0,0.0],"evs":[0.0,-0.54638,-0.85061,-1.62408]},"T5o":{"weight":1.0,"played":[1.0,0.0,0.0,0.0],"evs":[0.0,-0.52666,-0.74437,-1.56641]},"J5o":{"weight":1.0,"played":[1.0,0.0,0.0,0.0],"evs":[0.0,-0.54787,-0.78251,-1.46173]},"Q5o":{"weight":1.0,"played":[1.0,0.0,0.0,0.0],"evs":[0.0,-0.44173,-0.71231,-1.17553]},"K5o":{"weight":1.0,"played":[1.0,0.0,0.0,0.0],"evs":[0.0,-0.39178,-0.60189,-0.88001]},"A5o":{"weight":1.0,"played":[1.0,0.0,0.0,0.0],"evs":[0.0,-0.23709,-0.35965,-0.45868]},"62s":{"weight":1.0,"played":[1.0,0.0,0.0,0.0],"evs":[0.0,-0.36765,-0.83781,-1.23912]},"63s":{"weight":1.0,"played":[1.0,0.0,0.0,0.0],"evs":[0.0,-0.26447,-0.7353,-1.0028]},"64s":{"weight":1.0,"played":[1.0,0.0,0.0,0.0],"evs":[0.0,-0.15708,-0.57055,-0.76676]},"65s":{"weight":1.0,"played":[0.9994,6.0E-4,0.0,0.0],"evs":[0.0,-0.02576,-0.37456,-0.51625]},"66":{"weight":1.0,"played":[0.0,0.5886,0.334,0.0775],"evs":[0.0,0.2372,0.23531,0.23401]},"76o":{"weight":1.0,"played":[1.0,0.0,0.0,0.0],"evs":[0.0,-0.29888,-0.71532,-1.09114]},"86o":{"weight":1.0,"played":[1.0,0.0,0.0,0.0],"evs":[0.0,-0.36827,-0.76195,-1.23692]},"96o":{"weight":1.0,"played":[1.0,0.0,0.0,0.0],"evs":[0.0,-0.45802,-0.80406,-1.4147]},"T6o":{"weight":1.0,"played":[1.0,0.0,0.0,0.0],"evs":[0.0,-0.45811,-0.70336,-1.36011]},"J6o":{"weight":1.0,"played":[1.0,0.0,0.0,0.0],"evs":[0.0,-0.5466,-0.78996,-1.47064]},"Q6o":{"weight":1.0,"played":[1.0,0.0,0.0,0.0],"evs":[0.0,-0.43826,-0.71165,-1.14379]},"K6o":{"weight":1.0,"played":[1.0,0.0,0.0,0.0],"evs":[0.0,-0.37196,-0.59143,-0.84383]},"A6o":{"weight":1.0,"played":[1.0,0.0,0.0,0.0],"evs":[0.0,-0.31124,-0.46764,-0.65762]},"72s":{"weight":1.0,"played":[1.0,0.0,0.0,0.0],"evs":[0.0,-0.43207,-0.87843,-1.42572]},"73s":{"weight":1.0,"played":[1.0,0.0,0.0,0.0],"evs":[0.0,-0.34736,-0.79209,-1.18897]},"74s":{"weight":1.0,"played":[1.0,0.0,0.0,0.0],"evs":[0.0,-0.23045,-0.69306,-0.94336]},"75s":{"weight":1.0,"played":[1.0,0.0,0.0,0.0],"evs":[0.0,-0.11204,-0.48831,-0.6902]},"76s":{"weight":1.0,"played":[0.9491,0.0509,0.0,0.0],"evs":[0.0,-0.01619,-0.36407,-0.52663]},"77":{"weight":1.0,"played":[0.0,0.7682,0.015,0.2169],"evs":[0.0,0.34676,0.32481,0.34442]},"87o":{"weight":1.0,"played":[1.0,0.0,0.0,0.0],"evs":[0.0,-0.30908,-0.69308,-1.09172]},"97o":{"weight":1.0,"played":[1.0,0.0,0.0,0.0],"evs":[0.0,-0.37173,-0.72132,-1.2492]},"T7o":{"weight":1.0,"played":[1.0,0.0,0.0,0.0],"evs":[0.0,-0.36503,-0.62134,-1.18595]},"J7o":{"weight":1.0,"played":[1.0,0.0,0.0,0.0],"evs":[0.0,-0.47149,-0.72155,-1.29321]},"Q7o":{"weight":1.0,"played":[1.0,0.0,0.0,0.0],"evs":[0.0,-0.42117,-0.70481,-1.16987]},"K7o":{"weight":1.0,"played":[1.0,0.0,0.0,0.0],"evs":[0.0,-0.35985,-0.57086,-0.8402]},"A7o":{"weight":1.0,"played":[1.0,0.0,0.0,0.0],"evs":[0.0,-0.2569,-0.38678,-0.58394]},"82s":{"weight":1.0,"played":[1.0,0.0,0.0,0.0],"evs":[0.0,-0.42295,-0.85175,-1.34908]},"83s":{"weight":1.0,"played":[1.0,0.0,0.0,0.0],"evs":[0.0,-0.4124,-0.83291,-1.35811]},"84s":{"weight":1.0,"played":[1.0,0.0,0.0,0.0],"evs":[0.0,-0.31274,-0.74219,-1.12099]},"85s":{"weight":1.0,"played":[1.0,0.0,0.0,0.0],"evs":[0.0,-0.18982,-0.6134,-0.8515]},"86s":{"weight":1.0,"played":[1.0,0.0,0.0,0.0],"evs":[0.0,-0.10953,-0.48539,-0.66538]},"87s":{"weight":1.0,"played":[1.0,0.0,0.0,0.0],"evs":[0.0,-0.02478,-0.361,-0.53252]},"88":{"weight":1.0,"played":[0.0,0.9916,0.0,0.0084],"evs":[0.0,0.56781,0.49653,0.56014]},"98o":{"weight":1.0,"played":[1.0,0.0,0.0,0.0],"evs":[0.0,-0.32998,-0.66826,-1.13998]},"T8o":{"weight":1.0,"played":[1.0,0.0,0.0,0.0],"evs":[0.0,-0.29608,-0.5572,-1.01967]},"J8o":{"weight":1.0,"played":[1.0,0.0,0.0,0.0],"evs":[0.0,-0.41586,-0.6531,-1.14016]},"Q8o":{"weight":1.0,"played":[1.0,0.0,0.0,0.0],