{"player":1,"street":0,"children":4,"sequence":[{"player":0,"type":"R","amount":200000,"street":0}],"actions":[{"type":"F","amount":0,"node":452},{"type":"C","amount":200000,"node":719},{"type":"R","amount":500000,"node":1182},{"type":"R","amount":3375000,"node":1248}],"hands":{"22":{"weight":1.0,"played":[1.0,0.0,0.0,0.0],"evs":[0.0,-0.10233,-0.35377,-0.26026]},"32o":{"weight":1.0,"played":[1.0,0.0,0.0,0.0],"evs":[0.0,-0.58379,-1.02997,-1.78699]},"42o":{"weight":1.0,"played":[1.0,0.0,0.0,0.0],"evs":[0.0,-0.55577,-1.00223,-1.72412]},"52o":{"weight":1.0,"played":[1.0,0.0,0.0,0.0],"evs":[0.0,-0.53052,-0.94496,-1.61108]},"62o":{"weight":1.0,"played":[1.0,0.0,0.0,0.0],"evs":[0.0,-0.59548,-0.99131,-1.8224]},"72o":{"weight":1.0,"played":[1.0,0.0,0.0,0.0],"evs":[0.0,-0.65247,-1.00007,-2.01722]},"82o":{"weight":1.0,"played":[1.0,0.0,0.0,0.0],"evs":[0.0,-0.64385,-0.99587,-1.9509]},"92o":{"weight":1.0,"played":[1.0,0.0,0.0,0.0],"evs":[0.0,-0.66915,-0.9801,-1.96597]},"T2o":{"weight":1.0,"played":[1.0,0.0,0.0,0.0],"evs":[0.0,-0.58577,-0.83173,-1.70224]},"J2o":{"weight":1.0,"played":[1.0,0.0,0.0,0.0],"evs":[0.0,-0.61609,-0.88502,-1.65443]},"Q2o":{"weight":1.0,"played":[1.0,0.0,0.0,0.0],"evs":[0.0,-0.50806,-0.80242,-1.36828]},"K2o":{"weight":1.0,"played":[1.0,0.0,0.0,0.0],"evs":[0.0,-0.45962,-0.71042,-1.08665]},"A2o":{"weight":1.0,"played":[1.0,0.0,0.0,0.0],"evs":[0.0,-0.37151,-0.58004,-0.66166]},"32s":{"weight":1.0,"played":[1.0,0.0,0.0,0.0],"evs":[0.0,-0.35,-0.85654,-1.17707]},"33":{"weight":1.0,"played":[1.0,0.0,0.0,0.0],"evs":[0.0,-0.0541,-0.22351,-0.17222]},"43o":{"weight":1.0,"played":[1.0,0.0,0.0,0.0],"evs":[0.0,-0.46867,-0.92865,-1.47568]},"53o":{"weight":1.0,"played":[1.0,0.0,0.0,0.0],"evs":[0.0,-0.43437,-0.87412,-1.36169]},"63o":{"weight":1.0,"played":[1.0,0.0,0.0,0.0],"evs":[0.0,-0.49929,-0.92218,-1.56637]},"73o":{"weight":1.0,"played":[1.0,0.0,0.0,0.0],"evs":[0.0,-0.57496,-0.94374,-1.75043]},"83o":{"weight":1.0,"played":[1.0,0.0,0.0,0.0],"evs":[0.0,-0.63973,-0.97777,-1.94644]},"93o":{"weight":1.0,"played":[1.0,0.0,0.0,0.0],"evs":[0.0,-0.65172,-0.95291,-1.88468]},"T3o":{"weight":1.0,"played":[1.0,0.0,0.0,0.0],"evs":[0.0,-0.56842,-0.80472,-1.63666]},"J3o":{"weight":1.0,"played":[1.0,0.0,0.0,0.0],"evs":[0.0,-0.59263,-0.85635,-1.59003]},"Q3o":{"weight":1.0,"played":[1.0,0.0,0.0,0.0],"evs":[0.0,-0.48487,-0.77737,-1.30329]},"K3o":{"weight":1.0,"played":[1.0,0.0,0.0,0.0],"evs":[0.0,-0.43907,-0.68032,-1.01918]},"A3o":{"weight":1.0,"played":[1.0,0.0,0.0,0.0],"evs":[0.0,-0.32951,-0.51576,-0.59776]},"42s":{"weight":1.0,"played":[1.0,0.0,0.0,0.0],"evs":[0.0,-0.31624,-0.81944,-1.11776]},"43s":{"weight":1.0,"played":[1.0,0.0,0.0,0.0],"evs":[0.0,-0.21316,-0.68568,-0.89329]},"44":{"weight":1.0,"played":[0.0044,0.9955,0.0,1.0E-4],"evs":[0.0,0.02982,-0.08026,-0.07415]},"54o":{"weight":1.0,"played":[1.0,0.0,0.0,0.0],"evs":[0.0,-0.34342,-0.7824,-1.1182]},"64o":{"weight":1.0,"played":[1.0,0.0,0.0,0.0],"evs":[0.0,-0.39734,-0.834,-1.31796]},"74o":{"weight":1.0,"played":[1.0,0.0,0.0,0.0],"evs":[0.0,-0.48051,-0.87498,-1.50461]},"84o":{"weight":1.0,"played":[1.0,0.0,0.0,0.0],"evs":[0.0,-0.55286,-0.91524,-1.68763]},"94o":{"weight":1.0,"played":[1.0,0.0,0.0,0.0],"evs":[0.0,-0.63041,-0.92938,-1.88084]},"T4o":{"weight":1.0,"played":[1.0,0.0,0.0,0.0],"evs":[0.0,-0.54261,-0.77072,-1.57932]},"J4o":{"weight":1.0,"played":[1.0,0.0,0.0,0.0],"evs":[0.0,-0.57076,-0.82175,-1.52841]},"Q4o":{"weight":1.0,"played":[1.0,0.0,0.0,0.0],"evs":[0.0,-0.4649,-0.74434,-1.23664]},"K4o":{"weight":1.0,"played":[1.0,0.0,0.0,0.0],"evs":[0.0,-0.41313,-0.64299,-0.96479]},"A4o":{"weight":1.0,"played":[1.0,0.0,0.0,0.0],"evs":[0.0,-0.2876,-0.44376,-0.54168]},"52s":{"weight":1.0,"played":[1.0,0.0,0.0,0.0],"evs":[0.0,-0.286,-0.75821,-1.02367]},"53s":{"weight":1.0,"played":[1.0,0.0,0.0,0.0],"evs":[0.0,-0.17332,-0.59484,-0.78293]},"54s":{"weight":1.0,"played":[1.0,0.0,0.0,0.0],"evs":[0.0,-0.0683,-0.43612,-0.56591]},"55":{"weight":1.0,"played":[0.0,0.9982,0.0017,1.0E-4],"evs":[0.0,0.14716,0.1096,0.0848]},"65o":{"weight":1.0,"played":[1.0,0.0,0.0,0.0],"evs":[0.0,-0.29245,-0.71137,-1.05463]},"75o":{"weight":1.0,"played":[1.0,0.0,0.0,0.0],"evs":[0.0,-0.37163,-0.75906,-1.23365]},"85o":{"weight":1.0,"played":[1.0,0.0,0.0,0.0],"evs":[0.0,-0.44793,-0.81788,-1.40882]},"95o":{"weight":1.0,"played":[1.0,0.0,0.0,0.0],"evs":[0.0,-0.54043,-0.84569,-1.59168]},"T5o":{"weight":1.0,"played":[1.0,0.0,0.0,0.0],"evs":[0.0,-0.51562,-0.7279,-1.52731]},"J5o":{"weight":1.0,"played":[1.0,0.0,0.0,0.0],"evs":[0.0,-0.54092,-0.76314,-1.4315]},"Q5o":{"weight":1.0,"played":[1.0,0.0,0.0,0.0],"evs":[0.0,-0.4339,-0.69607,-1.14991]},"K5o":{"weight":1.0,"played":[1.0,0.0,0.0,0.0],"evs":[0.0,-0.37229,-0.58133,-0.86689]},"A5o":{"weight":1.0,"played":[1.0,0.0,0.0,0.0],"evs":[0.0,-0.24064,-0.33806,-0.44249]},"62s":{"weight":1.0,"played":[1.0,0.0,0.0,0.0],"evs":[0.0,-0.35829,-0.8228,-1.21865]},"63s":{"weight":1.0,"played":[1.0,0.0,0.0,0.0],"evs":[0.0,-0.24927,-0.72368,-0.97419]},"64s":{"weight":1.0,"played":[1.0,0.0,0.0,0.0],"evs":[0.0,-0.14014,-0.55523,-0.74045]},"65s":{"weight":1.0,"played":[0.9915,0.0085,0.0,0.0],"evs":[0.0,-0.02221,-0.36365,-0.52266]},"66":{"weight":1.0,"played":[0.0,0.5571,0.2956,0.1473],"evs":[0.0,0.24527,0.24729,0.2414]},"76o":{"weight":1.0,"played":[1.0,0.0,0.0,0.0],"evs":[0.0,-0.29735,-0.701,-1.06582]},"86o":{"weight":1.0,"played":[1.0,0.0,0.0,0.0],"evs":[0.0,-0.36009,-0.75981,-1.2231]},"96o":{"weight":1.0,"played":[1.0,0.0,0.0,0.0],"evs":[0.0,-0.45093,-0.80115,-1.39608]},"T6o":{"weight":1.0,"played":[1.0,0.0,0.0,0.0],"evs":[0.0,-0.44067,-0.68428,-1.32594]},"J6o":{"weight":1.0,"played":[1.0,0.0,0.0,0.0],"evs":[0.0,-0.5388,-0.78164,-1.44575]},"Q6o":{"weight":1.0,"played":[1.0,0.0,0.0,0.0],"evs":[0.0,-0.42695,-0.6969,-1.11696]},"K6o":{"weight":1.0,"played":[1.0,0.0,0.0,0.0],"evs":[0.0,-0.36303,-0.58611,-0.84003]},"A6o":{"weight":1.0,"played":[1.0,0.0,0.0,0.0],"evs":[0.0,-0.30134,-0.44773,-0.64574]},"72s":{"weight":1.0,"played":[1.0,0.0,0.0,0.0],"evs":[0.0,-0.42337,-0.86598,-1.39651]},"73s":{"weight":1.0,"played":[1.0,0.0,0.0,0.0],"evs":[0.0,-0.34242,-0.77276,-1.16198]},"74s":{"weight":1.0,"played":[1.0,0.0,0.0,0.0],"evs":[0.0,-0.22947,-0.67901,-0.90612]},"75s":{"weight":1.0,"played":[1.0,0.0,0.0,0.0],"evs":[0.0,-0.11021,-0.48043,-0.68367]},"76s":{"weight":1.0,"played":[0.9823,0.0177,0.0,0.0],"evs":[0.0,-0.01075,-0.34776,-0.50497]},"77":{"weight":1.0,"played":[0.0,0.8789,0.0066,0.1144],"evs":[0.0,0.36333,0.35694,0.36217]},"87o":{"weight":1.0,"played":[1.0,0.0,0.0,0.0],"evs":[0.0,-0.29475,-0.68703,-1.07116]},"97o":{"weight":1.0,"played":[1.0,0.0,0.0,0.0],"evs":[0.0,-0.36048,-0.71294,-1.20982]},"T7o":{"weight":1.0,"played":[1.0,0.0,0.0,0.0],"evs":[0.0,-0.34802,-0.61247,-1.13808]},"J7o":{"weight":1.0,"played":[1.0,0.0,0.0,0.0],"evs":[0.0,-0.46372,-0.69912,-1.26033]},"Q7o":{"weight":1.0,"played":[1.0,0.0,0.0,0.0],"evs":[0.0,-0.40938,-0.68683,-1.13404]},"K7o":{"weight":1.0,"played":[1.0,0.0,0.0,0.0],"evs":[0.0,-0.34619,-0.55305,-0.81253]},"A7o":{"weight":1.0,"played":[1.0,0.0,0.0,0.0],"evs":[0.0,-0.25313,-0.36861,-0.56134]},"82s":{"weight":1.0,"played":[1.0,0.0,0.0,0.0],"evs":[0.0,-0.41014,-0.8508,-1.33883]},"83s":{"weight":1.0,"played":[1.0,0.0,0.0,0.0],"evs":[0.0,-0.40878,-0.82581,-1.33775]},"84s":{"weight":1.0,"played":[1.0,0.0,0.0,0.0],"evs":[0.0,-0.30222,-0.73289,-1.08301]},"85s":{"weight":1.0,"played":[1.0,0.0,0.0,0.0],"evs":[0.0,-0.17994,-0.60033,-0.82368]},"86s":{"weight":1.0,"played":[1.0,0.0,0.0,0.0],"evs":[0.0,-0.08867,-0.4719,-0.64518]},"87s":{"weight":1.0,"played":[1.0,0.0,0.0,0.0],"evs":[0.0,-0.02304,-0.36101,-0.5059]},"88":{"weight":1.0,"played":[0.0,0.9647,0.0,0.0353],"evs":[0.0,0.57657,0.50059,0.57454]},"98o":{"weight":1.0,"played":[1.0,0.0,0.0,0.0],"evs":[0.0,-0.32559,-0.67069,-1.12747]},"T8o":{"weight":1.0,"played":[1.0,0.0,0.0,0.0],"evs":[0.0,-0.28193,-0.5473,-0.99377]},"J8o":{"weight":1.0,"played":[1.0,0.0,0.0,0.0],"evs":[0.0,-0.41083,-0.64789,-1.11456]},"Q8o":{"weight":1.0,"played":[1.0,0.0,0.0,0.0],