{"player":2,"street":0,"children":3,"sequence":[{"player":0,"type":"F","amount":0,"street":0},{"player":1,"type":"R","amount":9901600,"street":0}],"actions":[{"type":"F","amount":0,"node":30},{"type":"C","amount":9901600,"node":48},{"type":"R","amount":10191300,"node":74}],"hands":{"22":{"weight":1.0,"played":[1.0,0.0,0.0],"evs":[0.0,-0.92543,-0.91274]},"32o":{"weight":1.0,"played":[1.0,0.0,0.0],"evs":[0.0,-4.68319,-4.67622]},"42o":{"weight":1.0,"played":[1.0,0.0,0.0],"evs":[0.0,-4.47413,-4.46857]},"52o":{"weight":1.0,"played":[1.0,0.0,0.0],"evs":[0.0,-4.27089,-4.267]},"62o":{"weight":1.0,"played":[1.0,0.0,0.0],"evs":[0.0,-4.55721,-4.55271]},"72o":{"weight":1.0,"played":[1.0,0.0,0.0],"evs":[0.0,-4.80442,-4.80015]},"82o":{"weight":1.0,"played":[1.0,0.0,0.0],"evs":[0.0,-4.61309,-4.60876]},"92o":{"weight":1.0,"played":[1.0,0.0,0.0],"evs":[0.0,-4.55808,-4.55432]},"T2o":{"weight":1.0,"played":[1.0,0.0,0.0],"evs":[0.0,-4.48831,-4.48424]},"J2o":{"weight":1.0,"played":[1.0,0.0,0.0],"evs":[0.0,-4.28042,-4.27736]},"Q2o":{"weight":1.0,"played":[1.0,0.0,0.0],"evs":[0.0,-4.02252,-4.01726]},"K2o":{"weight":1.0,"played":[1.0,0.0,0.0],"evs":[0.0,-3.40241,-3.39911]},"A2o":{"weight":1.0,"played":[1.0,0.0,0.0],"evs":[0.0,-1.86911,-1.86494]},"32s":{"weight":1.0,"played":[1.0,0.0,0.0],"evs":[0.0,-3.50005,-3.49453]},"33":{"weight":1.0,"played":[1.0,0.0,0.0],"evs":[0.0,-0.38388,-0.37055]},"43o":{"weight":1.0,"played":[1.0,0.0,0.0],"evs":[0.0,-3.94696,-3.9411]},"53o":{"weight":1.0,"played":[1.0,0.0,0.0],"evs":[0.0,-3.73236,-3.72805]},"63o":{"weight":1.0,"played":[1.0,0.0,0.0],"evs":[0.0,-4.01535,-4.01084]},"73o":{"weight":1.0,"played":[1.0,0.0,0.0],"evs":[0.0,-4.26869,-4.26455]},"83o":{"weight":1.0,"played":[1.0,0.0,0.0],"evs":[0.0,-4.50881,-4.50398]},"93o":{"weight":1.0,"played":[1.0,0.0,0.0],"evs":[0.0,-4.34989,-4.3462]},"T3o":{"weight":1.0,"played":[1.0,0.0,0.0],"evs":[0.0,-4.28576,-4.28165]},"J3o":{"weight":1.0,"played":[1.0,0.0,0.0],"evs":[0.0,-4.0768,-4.07281]},"Q3o":{"weight":1.0,"played":[1.0,0.0,0.0],"evs":[0.0,-3.82129,-3.81587]},"K3o":{"weight":1.0,"played":[1.0,0.0,0.0],"evs":[0.0,-3.2072,-3.20405]},"A3o":{"weight":1.0,"played":[1.0,0.0,0.0],"evs":[0.0,-1.64778,-1.64375]},"42s":{"weight":1.0,"played":[1.0,0.0,0.0],"evs":[0.0,-3.3014,-3.29753]},"43s":{"weight":1.0,"played":[1.0,0.0,0.0],"evs":[0.0,-2.81304,-2.80735]},"44":{"weight":1.0,"played":[0.0,0.1183,0.8817],"evs":[0.0,0.16304,0.172]},"54o":{"weight":1.0,"played":[1.0,0.0,0.0],"evs":[0.0,-3.22943,-3.22583]},"64o":{"weight":1.0,"played":[1.0,0.0,0.0],"evs":[0.0,-3.49529,-3.49168]},"74o":{"weight":1.0,"played":[1.0,0.0,0.0],"evs":[0.0,-3.73531,-3.73212]},"84o":{"weight":1.0,"played":[1.0,0.0,0.0],"evs":[0.0,-3.98189,-3.97817]},"94o":{"weight":1.0,"played":[1.0,0.0,0.0],"evs":[0.0,-4.25332,-4.25002]},"T4o":{"weight":1.0,"played":[1.0,0.0,0.0],"evs":[0.0,-4.08743,-4.08409]},"J4o":{"weight":1.0,"played":[1.0,0.0,0.0],"evs":[0.0,-3.88298,-3.87974]},"Q4o":{"weight":1.0,"played":[1.0,0.0,0.0],"evs":[0.0,-3.62339,-3.61941]},"K4o":{"weight":1.0,"played":[1.0,0.0,0.0],"evs":[0.0,-3.01099,-3.00957]},"A4o":{"weight":1.0,"played":[1.0,0.0,0.0],"evs":[0.0,-1.4376,-1.43614]},"52s":{"weight":1.0,"played":[1.0,0.0,0.0],"evs":[0.0,-3.11187,-3.10782]},"53s":{"weight":1.0,"played":[1.0,0.0,0.0],"evs":[0.0,-2.618,-2.61533]},"54s":{"weight":1.0,"played":[1.0,0.0,0.0],"evs":[0.0,-2.13795,-2.13527]},"55":{"weight":1.0,"played":[0.0,0.4043,0.5957],"evs":[0.0,0.74723,0.74958]},"65o":{"weight":1.0,"played":[1.0,0.0,0.0],"evs":[0.0,-2.99662,-2.99569]},"75o":{"weight":1.0,"played":[1.0,0.0,0.0],"evs":[0.0,-3.22401,-3.22271]},"85o":{"weight":1.0,"played":[1.0,0.0,0.0],"evs":[0.0,-3.44964,-3.44772]},"95o":{"weight":1.0,"played":[1.0,0.0,0.0],"evs":[0.0,-3.72986,-3.72881]},"T5o":{"weight":1.0,"played":[1.0,0.0,0.0],"evs":[0.0,-3.9723,-3.97069]},"J5o":{"weight":1.0,"played":[1.0,0.0,0.0],"evs":[0.0,-3.68881,-3.68771]},"Q5o":{"weight":1.0,"played":[1.0,0.0,0.0],"evs":[0.0,-3.43162,-3.42965]},"K5o":{"weight":1.0,"played":[1.0,0.0,0.0],"evs":[0.0,-2.81613,-2.81671]},"A5o":{"weight":1.0,"played":[1.0,0.0,0.0],"evs":[0.0,-1.14458,-1.14545]},"62s":{"weight":1.0,"played":[1.0,0.0,0.0],"evs":[0.0,-3.37573,-3.37357]},"63s":{"weight":1.0,"played":[1.0,0.0,0.0],"evs":[0.0,-2.8749,-2.87165]},"64s":{"weight":1.0,"played":[1.0,0.0,0.0],"evs":[0.0,-2.3838,-2.38101]},"65s":{"weight":1.0,"played":[1.0,0.0,0.0],"evs":[0.0,-1.92199,-1.92107]},"66":{"weight":1.0,"played":[0.0,0.2152,0.7848],"evs":[0.0,1.29632,1.29696]},"76o":{"weight":1.0,"played":[1.0,0.0,0.0],"evs":[0.0,-2.77009,-2.76936]},"86o":{"weight":1.0,"played":[1.0,0.0,0.0],"evs":[0.0,-2.9647,-2.96311]},"96o":{"weight":1.0,"played":[1.0,0.0,0.0],"evs":[0.0,-3.22601,-3.22509]},"T6o":{"weight":1.0,"played":[1.0,0.0,0.0],"evs":[0.0,-3.46989,-3.46896]},"J6o":{"weight":1.0,"played":[1.0,0.0,0.0],"evs":[0.0,-3.58752,-3.58721]},"Q6o":{"weight":1.0,"played":[1.0,0.0,0.0],"evs":[0.0,-3.2566,-3.2548]},"K6o":{"weight":1.0,"played":[1.0,0.0,0.0],"evs":[0.0,-2.62929,-2.62889]},"A6o":{"weight":1.0,"played":[1.0,0.0,0.0],"evs":[0.0,-1.16243,-1.16205]},"72s":{"weight":1.0,"played":[1.0,0.0,0.0],"evs":[0.0,-3.6093,-3.60606]},"73s":{"weight":1.0,"played":[1.0,0.0,0.0],"evs":[0.0,-3.1059,-3.10144]},"74s":{"weight":1.0,"played":[1.0,0.0,0.0],"evs":[0.0,-2.61466,-2.61261]},"75s":{"weight":1.0,"played":[1.0,0.0,0.0],"evs":[0.0,-2.13012,-2.12817]},"76s":{"weight":1.0,"played":[1.0,0.0,0.0],"evs":[0.0,-1.69768,-1.69774]},"77":{"weight":1.0,"played":[0.0,0.2143,0.7857],"evs":[0.0,1.88194,1.88413]},"87o":{"weight":1.0,"played":[1.0,0.0,0.0],"evs":[0.0,-2.58603,-2.58468]},"97o":{"weight":1.0,"played":[1.0,0.0,0.0],"evs":[0.0,-2.80718,-2.80685]},"T7o":{"weight":1.0,"played":[1.0,0.0,0.0],"evs":[0.0,-3.04105,-3.03989]},"J7o":{"weight":1.0,"played":[1.0,0.0,0.0],"evs":[0.0,-3.16091,-3.16074]},"Q7o":{"weight":1.0,"played":[1.0,0.0,0.0],"evs":[0.0,-3.20543,-3.20413]},"K7o":{"weight":1.0,"played":[1.0,0.0,0.0],"evs":[0.0,-2.50416,-2.50461]},"A7o":{"weight":1.0,"played":[1.0,0.0,0.0],"evs":[0.0,-0.65663,-0.65491]},"82s":{"weight":1.0,"played":[1.0,0.0,0.0],"evs":[0.0,-3.41774,-3.41353]},"83s":{"weight":1.0,"played":[1.0,0.0,0.0],"evs":[0.0,-3.31577,-3.31199]},"84s":{"weight":1.0,"played":[1.0,0.0,0.0],"evs":[0.0,-2.82828,-2.82658]},"85s":{"weight":1.0,"played":[1.0,0.0,0.0],"evs":[0.0,-2.35311,-2.35141]},"86s":{"weight":1.0,"played":[1.0,0.0,0.0],"evs":[0.0,-1.88326,-1.88217]},"87s":{"weight":1.0,"played":[1.0,0.0,0.0],"evs":[0.0,-1.51948,-1.51877]},"88":{"weight":1.0,"played":[0.0,0.2184,0.7816],"evs":[0.0,2.54586,2.54845]},"98o":{"weight":1.0,"played":[1.0,0.0,0.0],"evs":[0.0,-2.43193,-2.43161]},"T8o":{"weight":1.0,"played":[1.0,0.0,0.0],"evs":[0.0,-2.60263,-2.60104]},"J8o":{"weight":1.0,"played":[1.0,0.0,0.0],"evs":[0.0,-2.7239,-2.72377]},"Q8o":{"weight":1.0,"played":[1.0,0.0,0.0],"evs":[0.0,-2.79684,-2.79426]},"K8o":{"weight":1.0,"played":[1.0,0.0,0.0],"evs":[0.0,-2.39955,-2.39896]},"A8o":{"weight":1.0,"played":[1.0,0.0,0.0],"evs":[0.0,-0.10351,-0.10034]},"92s":{"weight":1.0,"played":[1.0,0.0,0.0],"evs":[0.0,-3.35824,-3.35533]},"93s":{"weight":1.0,"played":[1.0,0.0,0.0],"evs":[0.0,-3.17766,-3.17357]},"94s":{"weight":1.0,"played":[1.0,0.0,0.0],"evs":[0.0,-3.08349,-3.08088]},"95s":{"weight":1.0,"played":[1.0,0.0,0.0],"evs":[0.0,-2.58787,-2.58684]},"96s":{"weight":1.0,"played":[1.0,0.0,0.0],"evs":[0.0,-2.1187,-2.11899]},"97s":{"weight":1.0,"played":[1.0,0.0,0.0],"evs":[0.0,-1.72261,-1.72277]},"98s":{"weight":1.0,"played":[1.0,0.0,0.0],"evs":[0.0,-1.36947,-1.3689]},"99":{"weight":1.0,"played":[0.0,0.4144,0.5856],"evs":[0.0,3.30654,3.30784]},"T9o":{"weight":1.0,"played":[1.0,0.0,0.0],"evs":[0.0,-2.16313,-2.16304]},"J9o":{"weight":1.0,"played":[1.0,0.0,0.0],"evs":[0.0,-2.26226,-2.26375]},"Q9o":{"weight":1.0,"played":[1.0,0.0,0.0],"evs":[0.0,-2.29004,-2.28935]},"K9o":{"weight":1.0,"played":[1.0,0.0,0.0],"evs":[0.0,-1.85494,-1.85592]},"A9o":{"weight":1.0,"played":[0.0,0.3516,0.6484],"evs":[0.0,0.52307,0.5258]},"T2s":{"weight":1.0,