{"player":2,"street":0,"children":2,"sequence":[{"player":0,"type":"F","amount":0,"street":0},{"player":1,"type":"R","amount":2185000,"street":0}],"actions":[{"type":"F","amount":0,"node":229},{"type":"C","amount":2185000,"node":236}],"hands":{"22":{"weight":1.0,"played":[0.9132,0.0868],"evs":[0.0,-1.7579]},"32o":{"weight":1.0,"played":[1.0,0.0],"evs":[0.0,-11.26913]},"42o":{"weight":1.0,"played":[1.0,0.0],"evs":[0.0,-10.03254]},"52o":{"weight":1.0,"played":[1.0,0.0],"evs":[0.0,-8.25247]},"62o":{"weight":1.0,"played":[1.0,0.0],"evs":[0.0,-9.44399]},"72o":{"weight":1.0,"played":[1.0,0.0],"evs":[0.0,-8.71836]},"82o":{"weight":1.0,"played":[1.0,0.0],"evs":[0.0,-8.94146]},"92o":{"weight":1.0,"played":[1.0,0.0],"evs":[0.0,-9.40445]},"T2o":{"weight":1.0,"played":[1.0,0.0],"evs":[0.0,-9.63711]},"J2o":{"weight":1.0,"played":[1.0,0.0],"evs":[0.0,-8.74933]},"Q2o":{"weight":1.0,"played":[1.0,0.0],"evs":[0.0,-8.26561]},"K2o":{"weight":1.0,"played":[0.9999,1.0E-4],"evs":[0.0,-7.44847]},"A2o":{"weight":1.0,"played":[0.9917,0.0083],"evs":[0.0,-4.47549]},"32s":{"weight":1.0,"played":[0.9999,1.0E-4],"evs":[0.0,-7.92589]},"33":{"weight":1.0,"played":[0.2976,0.7024],"evs":[0.0,0.52723]},"43o":{"weight":1.0,"played":[1.0,0.0],"evs":[0.0,-8.30158]},"53o":{"weight":1.0,"played":[1.0,0.0],"evs":[0.0,-7.52184]},"63o":{"weight":1.0,"played":[1.0,0.0],"evs":[0.0,-8.35637]},"73o":{"weight":1.0,"played":[1.0,0.0],"evs":[0.0,-8.15516]},"83o":{"weight":1.0,"played":[1.0,0.0],"evs":[0.0,-8.47578]},"93o":{"weight":1.0,"played":[1.0,0.0],"evs":[0.0,-8.46466]},"T3o":{"weight":1.0,"played":[1.0,0.0],"evs":[0.0,-8.74649]},"J3o":{"weight":1.0,"played":[1.0,0.0],"evs":[0.0,-7.92137]},"Q3o":{"weight":1.0,"played":[0.9999,1.0E-4],"evs":[0.0,-7.00582]},"K3o":{"weight":1.0,"played":[0.9994,6.0E-4],"evs":[0.0,-7.71897]},"A3o":{"weight":1.0,"played":[0.9974,0.0026],"evs":[0.0,-3.86517]},"42s":{"weight":1.0,"played":[1.0,0.0],"evs":[0.0,-7.5739]},"43s":{"weight":1.0,"played":[0.9997,3.0E-4],"evs":[0.0,-6.3235]},"44":{"weight":1.0,"played":[9.0E-4,0.9991],"evs":[0.0,2.48393]},"54o":{"weight":1.0,"played":[1.0,0.0],"evs":[0.0,-7.1068]},"64o":{"weight":1.0,"played":[1.0,0.0],"evs":[0.0,-7.14369]},"74o":{"weight":1.0,"played":[1.0,0.0],"evs":[0.0,-6.80313]},"84o":{"weight":1.0,"played":[1.0,0.0],"evs":[0.0,-7.43204]},"94o":{"weight":1.0,"played":[1.0,0.0],"evs":[0.0,-8.27459]},"T4o":{"weight":1.0,"played":[0.9999,1.0E-4],"evs":[0.0,-8.2087]},"J4o":{"weight":1.0,"played":[1.0,0.0],"evs":[0.0,-7.54666]},"Q4o":{"weight":1.0,"played":[1.0,0.0],"evs":[0.0,-7.09839]},"K4o":{"weight":1.0,"played":[1.0,0.0],"evs":[0.0,-6.41823]},"A4o":{"weight":1.0,"played":[0.9925,0.0075],"evs":[0.0,-2.72958]},"52s":{"weight":1.0,"played":[1.0,0.0],"evs":[0.0,-6.98601]},"53s":{"weight":1.0,"played":[0.9999,1.0E-4],"evs":[0.0,-6.46822]},"54s":{"weight":1.0,"played":[0.9987,0.0013],"evs":[0.0,-4.76217]},"55":{"weight":1.0,"played":[0.0,1.0],"evs":[0.0,5.34605]},"65o":{"weight":1.0,"played":[1.0,0.0],"evs":[0.0,-5.13632]},"75o":{"weight":1.0,"played":[0.9999,1.0E-4],"evs":[0.0,-5.53992]},"85o":{"weight":1.0,"played":[0.9999,1.0E-4],"evs":[0.0,-6.06865]},"95o":{"weight":1.0,"played":[1.0,0.0],"evs":[0.0,-6.16302]},"T5o":{"weight":1.0,"played":[1.0,0.0],"evs":[0.0,-7.89352]},"J5o":{"weight":1.0,"played":[1.0,0.0],"evs":[0.0,-6.39128]},"Q5o":{"weight":1.0,"played":[0.9997,3.0E-4],"evs":[0.0,-5.8065]},"K5o":{"weight":1.0,"played":[0.9995,5.0E-4],"evs":[0.0,-6.19142]},"A5o":{"weight":1.0,"played":[0.9325,0.0675],"evs":[0.0,-2.39898]},"62s":{"weight":1.0,"played":[0.9998,2.0E-4],"evs":[0.0,-6.63]},"63s":{"weight":1.0,"played":[0.9995,5.0E-4],"evs":[0.0,-6.48441]},"64s":{"weight":1.0,"played":[0.9969,0.0031],"evs":[0.0,-4.40053]},"65s":{"weight":1.0,"played":[0.9998,2.0E-4],"evs":[0.0,-3.91131]},"66":{"weight":1.0,"played":[0.0,1.0],"evs":[0.0,6.28064]},"76o":{"weight":1.0,"played":[1.0,0.0],"evs":[0.0,-4.42393]},"86o":{"weight":1.0,"played":[0.9997,3.0E-4],"evs":[0.0,-5.12154]},"96o":{"weight":1.0,"played":[0.9999,1.0E-4],"evs":[0.0,-6.0968]},"T6o":{"weight":1.0,"played":[1.0,0.0],"evs":[0.0,-6.28041]},"J6o":{"weight":1.0,"played":[1.0,0.0],"evs":[0.0,-6.52605]},"Q6o":{"weight":1.0,"played":[0.9996,4.0E-4],"evs":[0.0,-5.80471]},"K6o":{"weight":1.0,"played":[0.9993,7.0E-4],"evs":[0.0,-5.04484]},"A6o":{"weight":1.0,"played":[0.9821,0.0179],"evs":[0.0,-2.13471]},"72s":{"weight":1.0,"played":[1.0,0.0],"evs":[0.0,-7.91687]},"73s":{"weight":1.0,"played":[0.9995,5.0E-4],"evs":[0.0,-6.61258]},"74s":{"weight":1.0,"played":[0.9998,2.0E-4],"evs":[0.0,-4.85887]},"75s":{"weight":1.0,"played":[0.9982,0.0018],"evs":[0.0,-3.4537]},"76s":{"weight":1.0,"played":[0.9838,0.0162],"evs":[0.0,-2.76478]},"77":{"weight":1.0,"played":[4.0E-4,0.9996],"evs":[0.0,8.04763]},"87o":{"weight":1.0,"played":[0.9997,3.0E-4],"evs":[0.0,-3.85751]},"97o":{"weight":1.0,"played":[0.9989,0.0011],"evs":[0.0,-5.63922]},"T7o":{"weight":1.0,"played":[1.0,0.0],"evs":[0.0,-4.05489]},"J7o":{"weight":1.0,"played":[1.0,0.0],"evs":[0.0,-4.36783]},"Q7o":{"weight":1.0,"played":[1.0,0.0],"evs":[0.0,-5.23313]},"K7o":{"weight":1.0,"played":[0.9994,6.0E-4],"evs":[0.0,-3.46303]},"A7o":{"weight":1.0,"played":[0.9548,0.0452],"evs":[0.0,-1.28189]},"82s":{"weight":1.0,"played":[0.9999,1.0E-4],"evs":[0.0,-6.77088]},"83s":{"weight":1.0,"played":[0.9998,2.0E-4],"evs":[0.0,-6.51307]},"84s":{"weight":1.0,"played":[0.9999,1.0E-4],"evs":[0.0,-6.50657]},"85s":{"weight":1.0,"played":[0.9989,0.0011],"evs":[0.0,-4.27698]},"86s":{"weight":1.0,"played":[0.9999,1.0E-4],"evs":[0.0,-2.50885]},"87s":{"weight":1.0,"played":[0.912,0.088],"evs":[0.0,-1.43879]},"88":{"weight":1.0,"played":[0.0,1.0],"evs":[0.0,9.89796]},"98o":{"weight":1.0,"played":[0.9998,2.0E-4],"evs":[0.0,-2.81017]},"T8o":{"weight":1.0,"played":[1.0,0.0],"evs":[0.0,-4.90184]},"J8o":{"weight":1.0,"played":[0.9994,6.0E-4],"evs":[0.0,-4.23686]},"Q8o":{"weight":1.0,"played":[0.9994,6.0E-4],"evs":[0.0,-4.88305]},"K8o":{"weight":1.0,"played":[0.9987,0.0013],"evs":[0.0,-3.9467]},"A8o":{"weight":1.0,"played":[0.6957,0.3043],"evs":[0.0,-0.88517]},"92s":{"weight":1.0,"played":[0.9998,2.0E-4],"evs":[0.0,-6.91218]},"93s":{"weight":1.0,"played":[0.9992,8.0E-4],"evs":[0.0,-6.39878]},"94s":{"weight":1.0,"played":[1.0,0.0],"evs":[0.0,-7.19284]},"95s":{"weight":1.0,"played":[1.0,0.0],"evs":[0.0,-4.98582]},"96s":{"weight":1.0,"played":[0.9824,0.0176],"evs":[0.0,-3.43928]},"97s":{"weight":1.0,"played":[0.9984,0.0016],"evs":[0.0,-1.05089]},"98s":{"weight":1.0,"played":[0.8845,0.1155],"evs":[0.0,-1.02262]},"99":{"weight":1.0,"played":[0.0,1.0],"evs":[0.0,11.10915]},"T9o":{"weight":1.0,"played":[0.998,0.002],"evs":[0.0,-2.93353]},"J9o":{"weight":1.0,"played":[0.9955,0.0045],"evs":[0.0,-3.29181]},"Q9o":{"weight":1.0,"played":[0.9997,3.0E-4],"evs":[0.0,-4.02049]},"K9o":{"weight":1.0,"played":[0.9905,0.0095],"evs":[0.0,-3.94325]},"A9o":{"weight":1.0,"played":[0.0,1.0],"evs":[0.0,1.61923]},"T2s":{"weight":1.0,"played":[0.9991,9.0E-4],"evs":[0.0,-7.52831]},"T3s":{"weight":1.0,"played":[0.9993,7.0E-4],"evs":[0.0,-4.35315]},"T4s":{"weight":1.0,"played":[0.9999,1.0E-4],"evs":[0.0,-5.51797]},"T5s":{"weight":1.0,"played":[0.9988,0.0012],"evs":[0.0,-6.69148]},"T6s":{"weight":1.0,"played":[0.9996,4.0E-4],"evs":[0.0,-4.30512]},"T7s":{"weight":1.0,"played":[0.9992,8.0E-4],"evs":[0.0,-2.31376]},"T8s":{"weight":1.0,"played":[0.9994,6.0E-4],"evs":[0.0,-2.06524]},"T9s":{"weight":1.0,"played":[0.7394,0.2606],"evs":[0.0,-2.51466]},"TT":{"weight":1.0,"played":[0.0,1.0],"evs":[0.0,12.67073]},"JTo":{"weight":1.0,"played":[0.9983,0.0017],"evs":[0.0,-3.31877]},"QTo":{"weight":1.0,"played":[0.9982,0.0018],"evs":[0.0,-2.00828]},"KTo":{"weight":1.0,"played":[0.8786,0.1214],"evs":[0.0,-1.74453]},"ATo":{"weight":1.0,"played":[0.0,1.0],"evs":[0.0,3.80504]},"J2s":{"weight":1.0,"played":[0.996,0.004],"evs":[0.0,-5.7019]},"J3s":{"weight":1.0,"played":[0.9981,0.0019],"evs":[0.0,-5.78029]},"J4s":{"weight":1.0,"played":[0.986,0.014],"evs":[0.0,-5.12025]},"J5s":{"weight":1.0,"played":[0.9992,8.0E-4],