{"player":3,"street":0,"children":2,"sequence":[{"player":0,"type":"R","amount":200000,"street":0},{"player":1,"type":"R","amount":2185000,"street":0},{"player":2,"type":"F","amount":0,"street":0}],"actions":[{"type":"F","amount":0,"node":522},{"type":"C","amount":745000,"node":529}],"hands":{"22":{"weight":1.0,"played":[0.8797,0.1203],"evs":[0.0,-1.01014]},"32o":{"weight":1.0,"played":[0.9997,3.0E-4],"evs":[0.0,-3.6236]},"42o":{"weight":1.0,"played":[0.995,0.005],"evs":[0.0,-2.77751]},"52o":{"weight":1.0,"played":[1.0,0.0],"evs":[0.0,-3.67168]},"62o":{"weight":1.0,"played":[0.9999,1.0E-4],"evs":[0.0,-3.48956]},"72o":{"weight":1.0,"played":[0.9969,0.0031],"evs":[0.0,-3.83841]},"82o":{"weight":1.0,"played":[0.9997,3.0E-4],"evs":[0.0,-3.05087]},"92o":{"weight":1.0,"played":[1.0,0.0],"evs":[0.0,-3.33089]},"T2o":{"weight":1.0,"played":[0.9997,3.0E-4],"evs":[0.0,-3.76024]},"J2o":{"weight":1.0,"played":[0.9952,0.0048],"evs":[0.0,-2.95819]},"Q2o":{"weight":1.0,"played":[0.9995,5.0E-4],"evs":[0.0,-3.55124]},"K2o":{"weight":1.0,"played":[0.9927,0.0073],"evs":[0.0,-2.36517]},"A2o":{"weight":1.0,"played":[0.9882,0.0118],"evs":[0.0,-2.40017]},"32s":{"weight":1.0,"played":[0.9401,0.0599],"evs":[0.0,-2.27771]},"33":{"weight":1.0,"played":[0.6001,0.3999],"evs":[0.0,-0.61894]},"43o":{"weight":1.0,"played":[0.9999,1.0E-4],"evs":[0.0,-2.07471]},"53o":{"weight":1.0,"played":[0.9803,0.0197],"evs":[0.0,-2.01936]},"63o":{"weight":1.0,"played":[1.0,0.0],"evs":[0.0,-3.03189]},"73o":{"weight":1.0,"played":[0.998,0.002],"evs":[0.0,-2.76174]},"83o":{"weight":1.0,"played":[1.0,0.0],"evs":[0.0,-3.52628]},"93o":{"weight":1.0,"played":[0.9999,1.0E-4],"evs":[0.0,-3.42151]},"T3o":{"weight":1.0,"played":[0.9999,1.0E-4],"evs":[0.0,-3.29904]},"J3o":{"weight":1.0,"played":[0.9946,0.0054],"evs":[0.0,-2.23185]},"Q3o":{"weight":1.0,"played":[1.0,0.0],"evs":[0.0,-2.847]},"K3o":{"weight":1.0,"played":[0.9939,0.0061],"evs":[0.0,-1.82431]},"A3o":{"weight":1.0,"played":[0.993,0.007],"evs":[0.0,-2.34026]},"42s":{"weight":1.0,"played":[0.8218,0.1782],"evs":[0.0,-2.3715]},"43s":{"weight":1.0,"played":[0.9995,5.0E-4],"evs":[0.0,-1.40427]},"44":{"weight":1.0,"played":[0.2237,0.7763],"evs":[0.0,-0.30153]},"54o":{"weight":1.0,"played":[0.9997,3.0E-4],"evs":[0.0,-1.57803]},"64o":{"weight":1.0,"played":[0.9994,6.0E-4],"evs":[0.0,-2.1142]},"74o":{"weight":1.0,"played":[0.9996,4.0E-4],"evs":[0.0,-3.05132]},"84o":{"weight":1.0,"played":[0.998,0.002],"evs":[0.0,-2.92121]},"94o":{"weight":1.0,"played":[1.0,0.0],"evs":[0.0,-3.36887]},"T4o":{"weight":1.0,"played":[0.9999,1.0E-4],"evs":[0.0,-2.85204]},"J4o":{"weight":1.0,"played":[0.9994,6.0E-4],"evs":[0.0,-1.75312]},"Q4o":{"weight":1.0,"played":[0.9999,1.0E-4],"evs":[0.0,-2.68745]},"K4o":{"weight":1.0,"played":[0.9942,0.0058],"evs":[0.0,-1.53379]},"A4o":{"weight":1.0,"played":[0.9707,0.0293],"evs":[0.0,-1.89422]},"52s":{"weight":1.0,"played":[0.9227,0.0773],"evs":[0.0,-1.86182]},"53s":{"weight":1.0,"played":[0.9605,0.0395],"evs":[0.0,-0.51759]},"54s":{"weight":1.0,"played":[0.9616,0.0384],"evs":[0.0,-1.21981]},"55":{"weight":1.0,"played":[0.0554,0.9446],"evs":[0.0,0.14465]},"65o":{"weight":1.0,"played":[0.9783,0.0217],"evs":[0.0,-2.2]},"75o":{"weight":1.0,"played":[0.9944,0.0056],"evs":[0.0,-2.30709]},"85o":{"weight":1.0,"played":[0.9989,0.0011],"evs":[0.0,-1.78154]},"95o":{"weight":1.0,"played":[0.9995,5.0E-4],"evs":[0.0,-2.6461]},"T5o":{"weight":1.0,"played":[0.9999,1.0E-4],"evs":[0.0,-1.86577]},"J5o":{"weight":1.0,"played":[0.9996,4.0E-4],"evs":[0.0,-2.14871]},"Q5o":{"weight":1.0,"played":[0.9979,0.0021],"evs":[0.0,-3.08797]},"K5o":{"weight":1.0,"played":[0.9678,0.0322],"evs":[0.0,-1.14534]},"A5o":{"weight":1.0,"played":[0.9025,0.0975],"evs":[0.0,-1.25565]},"62s":{"weight":1.0,"played":[0.9902,0.0098],"evs":[0.0,-2.09036]},"63s":{"weight":1.0,"played":[0.6725,0.3275],"evs":[0.0,-0.95581]},"64s":{"weight":1.0,"played":[0.8432,0.1568],"evs":[0.0,-0.19008]},"65s":{"weight":1.0,"played":[0.9085,0.0915],"evs":[0.0,-1.31469]},"66":{"weight":1.0,"played":[0.0031,0.9969],"evs":[0.0,1.46017]},"76o":{"weight":1.0,"played":[0.5985,0.4015],"evs":[0.0,-0.56858]},"86o":{"weight":1.0,"played":[0.9843,0.0157],"evs":[0.0,-0.95324]},"96o":{"weight":1.0,"played":[0.9933,0.0067],"evs":[0.0,-2.69669]},"T6o":{"weight":1.0,"played":[0.9982,0.0018],"evs":[0.0,-2.25115]},"J6o":{"weight":1.0,"played":[1.0,0.0],"evs":[0.0,-1.64691]},"Q6o":{"weight":1.0,"played":[0.9986,0.0014],"evs":[0.0,-1.86834]},"K6o":{"weight":1.0,"played":[0.9389,0.0611],"evs":[0.0,-2.02978]},"A6o":{"weight":1.0,"played":[0.9813,0.0187],"evs":[0.0,-2.32708]},"72s":{"weight":1.0,"played":[0.205,0.795],"evs":[0.0,0.028]},"73s":{"weight":1.0,"played":[0.8771,0.1229],"evs":[0.0,-2.22231]},"74s":{"weight":1.0,"played":[0.9755,0.0245],"evs":[0.0,-1.69942]},"75s":{"weight":1.0,"played":[0.6466,0.3534],"evs":[0.0,-0.81488]},"76s":{"weight":1.0,"played":[0.951,0.049],"evs":[0.0,-1.60783]},"77":{"weight":1.0,"played":[0.0058,0.9942],"evs":[0.0,2.40334]},"87o":{"weight":1.0,"played":[0.6791,0.3209],"evs":[0.0,-0.77104]},"97o":{"weight":1.0,"played":[0.9764,0.0236],"evs":[0.0,-1.11526]},"T7o":{"weight":1.0,"played":[0.9885,0.0115],"evs":[0.0,-1.64542]},"J7o":{"weight":1.0,"played":[0.9999,1.0E-4],"evs":[0.0,-2.01614]},"Q7o":{"weight":1.0,"played":[0.9958,0.0042],"evs":[0.0,-2.2416]},"K7o":{"weight":1.0,"played":[0.5175,0.4825],"evs":[0.0,-0.21732]},"A7o":{"weight":1.0,"played":[0.7421,0.2579],"evs":[0.0,-0.57749]},"82s":{"weight":1.0,"played":[0.9993,7.0E-4],"evs":[0.0,-1.55401]},"83s":{"weight":1.0,"played":[0.8269,0.1731],"evs":[0.0,-1.53189]},"84s":{"weight":1.0,"played":[0.9966,0.0034],"evs":[0.0,-1.66912]},"85s":{"weight":1.0,"played":[0.913,0.087],"evs":[0.0,-2.3104]},"86s":{"weight":1.0,"played":[0.7046,0.2954],"evs":[0.0,-0.89577]},"87s":{"weight":1.0,"played":[0.9188,0.0812],"evs":[0.0,-0.64111]},"88":{"weight":1.0,"played":[1.0E-4,0.9999],"evs":[0.0,3.65585]},"98o":{"weight":1.0,"played":[0.9998,2.0E-4],"evs":[0.0,-0.62713]},"T8o":{"weight":1.0,"played":[0.9997,3.0E-4],"evs":[0.0,-0.85931]},"J8o":{"weight":1.0,"played":[1.0,0.0],"evs":[0.0,-1.00617]},"Q8o":{"weight":1.0,"played":[0.9983,0.0017],"evs":[0.0,-1.60122]},"K8o":{"weight":1.0,"played":[0.998,0.002],"evs":[0.0,-1.09538]},"A8o":{"weight":1.0,"played":[0.2759,0.7241],"evs":[0.0,0.42189]},"92s":{"weight":1.0,"played":[0.9994,6.0E-4],"evs":[0.0,-2.23336]},"93s":{"weight":1.0,"played":[0.9525,0.0475],"evs":[0.0,-1.55378]},"94s":{"weight":1.0,"played":[0.9964,0.0036],"evs":[0.0,-1.71122]},"95s":{"weight":1.0,"played":[0.8533,0.1467],"evs":[0.0,-1.06232]},"96s":{"weight":1.0,"played":[0.2415,0.7585],"evs":[0.0,0.71562]},"97s":{"weight":1.0,"played":[0.9114,0.0886],"evs":[0.0,-1.15307]},"98s":{"weight":1.0,"played":[0.0368,0.9632],"evs":[0.0,1.17366]},"99":{"weight":1.0,"played":[1.0E-4,0.9999],"evs":[0.0,3.92842]},"T9o":{"weight":1.0,"played":[0.4826,0.5174],"evs":[0.0,0.7886]},"J9o":{"weight":1.0,"played":[0.879,0.121],"evs":[0.0,-0.68455]},"Q9o":{"weight":1.0,"played":[0.8368,0.1632],"evs":[0.0,-0.44575]},"K9o":{"weight":1.0,"played":[0.2643,0.7357],"evs":[0.0,-0.07673]},"A9o":{"weight":1.0,"played":[0.3298,0.6702],"evs":[0.0,0.49935]},"T2s":{"weight":1.0,"played":[0.9981,0.0019],"evs":[0.0,-1.87538]},"T3s":{"weight":1.0,"played":[0.9259,0.0741],"evs":[0.0,-1.37687]},"T4s":{"weight":1.0,"played":[0.9973,0.0027],"evs":[0.0,-1.85375]},"T5s":{"weight":1.0,"played":[0.9811,0.0189],"evs":[0.0,-1.76914]},"T6s":{"weight":1.0,"played":[0.2478,0.7522],"evs":[0.0,0.6397]},"T7s":{"weight":1.0,"played":[0.2999,0.7001],"evs":[0.0,1.25075]},"T8s":{"weight":1.0,"played":[0.1476,0.8524],"evs":[0.0,-0.07855]},"T9s":{"weight":1.0,"played":[0.1464,0.8536],"evs":[0.0,0.58879]},"TT":{"weight":1.0,"played":[1.0E-4,0.9999],"evs":[0.0,5.09078]},"JTo":{"weight":1.0,"played":[0.2536,0.7464],"evs":[0.0,0.48337]},"QTo":{"weight":1.0,"played":[0.2605,0.7395],"evs":[0.0,0.84839]},"KTo":{"weight":1.0,"played":[0.022,0.978],"evs":[0.0,0.61814]},"ATo":{"weight":1.0,"played":[0.0,1.0],