{"player":3,"street":0,"children":2,"sequence":[{"player":0,"type":"R","amount":635000,"street":0},{"player":1,"type":"C","amount":635000,"street":0},{"player":2,"type":"C","amount":635000,"street":0}],"actions":[{"type":"F","amount":0,"node":641},{"type":"R","amount":745000,"node":655}],"hands":{"22":{"weight":1.0,"played":[0.6823,0.3177],"evs":[0.0,-4.47042]},"32o":{"weight":1.0,"played":[0.978,0.022],"evs":[0.0,-4.67127]},"42o":{"weight":1.0,"played":[0.8795,0.1205],"evs":[0.0,-0.67553]},"52o":{"weight":1.0,"played":[0.7264,0.2736],"evs":[0.0,-3.73627]},"62o":{"weight":1.0,"played":[0.9599,0.0401],"evs":[0.0,-4.45016]},"72o":{"weight":1.0,"played":[0.9971,0.0029],"evs":[0.0,-6.23535]},"82o":{"weight":1.0,"played":[0.8496,0.1504],"evs":[0.0,-3.7511]},"92o":{"weight":1.0,"played":[0.9949,0.0051],"evs":[0.0,-1.21458]},"T2o":{"weight":1.0,"played":[0.8197,0.1803],"evs":[0.0,-4.66765]},"J2o":{"weight":1.0,"played":[0.7173,0.2827],"evs":[0.0,-2.51718]},"Q2o":{"weight":1.0,"played":[0.1024,0.8976],"evs":[0.0,3.78859]},"K2o":{"weight":1.0,"played":[0.9009,0.0991],"evs":[0.0,-6.52994]},"A2o":{"weight":1.0,"played":[0.0691,0.9309],"evs":[0.0,-0.327]},"32s":{"weight":1.0,"played":[0.8005,0.1995],"evs":[0.0,-4.071]},"33":{"weight":1.0,"played":[0.3638,0.6362],"evs":[0.0,-0.18209]},"43o":{"weight":1.0,"played":[0.9136,0.0864],"evs":[0.0,-3.47549]},"53o":{"weight":1.0,"played":[0.6667,0.3333],"evs":[0.0,-4.23791]},"63o":{"weight":1.0,"played":[0.9866,0.0134],"evs":[0.0,-6.89793]},"73o":{"weight":1.0,"played":[0.9998,2.0E-4],"evs":[0.0,-2.33478]},"83o":{"weight":1.0,"played":[0.9963,0.0037],"evs":[0.0,-4.97504]},"93o":{"weight":1.0,"played":[0.8805,0.1195],"evs":[0.0,-2.52478]},"T3o":{"weight":1.0,"played":[0.7792,0.2208],"evs":[0.0,-1.26847]},"J3o":{"weight":1.0,"played":[0.708,0.292],"evs":[0.0,-4.3784]},"Q3o":{"weight":1.0,"played":[0.9746,0.0254],"evs":[0.0,-3.92524]},"K3o":{"weight":1.0,"played":[0.8362,0.1638],"evs":[0.0,-3.53621]},"A3o":{"weight":1.0,"played":[0.9648,0.0352],"evs":[0.0,-4.90218]},"42s":{"weight":1.0,"played":[0.9621,0.0379],"evs":[0.0,-8.77446]},"43s":{"weight":1.0,"played":[0.9998,2.0E-4],"evs":[0.0,-2.902]},"44":{"weight":1.0,"played":[0.7499,0.2501],"evs":[0.0,-3.57469]},"54o":{"weight":1.0,"played":[0.354,0.646],"evs":[0.0,4.43457]},"64o":{"weight":1.0,"played":[0.9635,0.0365],"evs":[0.0,-3.61616]},"74o":{"weight":1.0,"played":[0.6096,0.3904],"evs":[0.0,-1.98122]},"84o":{"weight":1.0,"played":[0.802,0.198],"evs":[0.0,-0.13919]},"94o":{"weight":1.0,"played":[0.6749,0.3251],"evs":[0.0,3.07764]},"T4o":{"weight":1.0,"played":[0.6351,0.3649],"evs":[0.0,-2.41203]},"J4o":{"weight":1.0,"played":[0.9065,0.0935],"evs":[0.0,-3.90129]},"Q4o":{"weight":1.0,"played":[0.0296,0.9704],"evs":[0.0,3.14726]},"K4o":{"weight":1.0,"played":[0.2523,0.7477],"evs":[0.0,1.43818]},"A4o":{"weight":1.0,"played":[0.372,0.628],"evs":[0.0,-0.24932]},"52s":{"weight":1.0,"played":[0.7938,0.2062],"evs":[0.0,4.44042]},"53s":{"weight":1.0,"played":[0.563,0.437],"evs":[0.0,-4.45335]},"54s":{"weight":1.0,"played":[0.7968,0.2032],"evs":[0.0,-4.21747]},"55":{"weight":1.0,"played":[0.4736,0.5264],"evs":[0.0,6.08406]},"65o":{"weight":1.0,"played":[0.0526,0.9474],"evs":[0.0,5.70589]},"75o":{"weight":1.0,"played":[0.6213,0.3787],"evs":[0.0,-2.65021]},"85o":{"weight":1.0,"played":[0.7852,0.2148],"evs":[0.0,-2.92316]},"95o":{"weight":1.0,"played":[0.8227,0.1773],"evs":[0.0,-0.61715]},"T5o":{"weight":1.0,"played":[0.9701,0.0299],"evs":[0.0,-3.52322]},"J5o":{"weight":1.0,"played":[0.9046,0.0954],"evs":[0.0,1.69421]},"Q5o":{"weight":1.0,"played":[0.6212,0.3788],"evs":[0.0,-2.48736]},"K5o":{"weight":1.0,"played":[0.2602,0.7398],"evs":[0.0,2.21597]},"A5o":{"weight":1.0,"played":[0.4433,0.5567],"evs":[0.0,-3.2981]},"62s":{"weight":1.0,"played":[0.7566,0.2434],"evs":[0.0,-6.96408]},"63s":{"weight":1.0,"played":[0.6578,0.3422],"evs":[0.0,-3.8199]},"64s":{"weight":1.0,"played":[0.2698,0.7302],"evs":[0.0,4.37562]},"65s":{"weight":1.0,"played":[0.6813,0.3187],"evs":[0.0,-0.35439]},"66":{"weight":1.0,"played":[0.7046,0.2954],"evs":[0.0,4.73426]},"76o":{"weight":1.0,"played":[0.6705,0.3295],"evs":[0.0,2.06747]},"86o":{"weight":1.0,"played":[0.8057,0.1943],"evs":[0.0,-3.10289]},"96o":{"weight":1.0,"played":[0.2673,0.7327],"evs":[0.0,1.14475]},"T6o":{"weight":1.0,"played":[0.9237,0.0763],"evs":[0.0,-5.48464]},"J6o":{"weight":1.0,"played":[0.4535,0.5465],"evs":[0.0,-1.64043]},"Q6o":{"weight":1.0,"played":[0.3639,0.6361],"evs":[0.0,3.96107]},"K6o":{"weight":1.0,"played":[0.4511,0.5489],"evs":[0.0,1.03424]},"A6o":{"weight":1.0,"played":[0.0111,0.9889],"evs":[0.0,9.87123]},"72s":{"weight":1.0,"played":[0.2813,0.7187],"evs":[0.0,3.56548]},"73s":{"weight":1.0,"played":[0.9148,0.0852],"evs":[0.0,-7.86366]},"74s":{"weight":1.0,"played":[0.4599,0.5401],"evs":[0.0,-4.05186]},"75s":{"weight":1.0,"played":[0.5431,0.4569],"evs":[0.0,-1.26542]},"76s":{"weight":1.0,"played":[0.0704,0.9296],"evs":[0.0,0.65707]},"77":{"weight":1.0,"played":[0.2074,0.7926],"evs":[0.0,6.77955]},"87o":{"weight":1.0,"played":[0.6208,0.3792],"evs":[0.0,-1.61365]},"97o":{"weight":1.0,"played":[0.2582,0.7418],"evs":[0.0,4.2258]},"T7o":{"weight":1.0,"played":[0.4803,0.5197],"evs":[0.0,-2.11047]},"J7o":{"weight":1.0,"played":[0.9791,0.0209],"evs":[0.0,-6.5709]},"Q7o":{"weight":1.0,"played":[0.2093,0.7907],"evs":[0.0,0.19332]},"K7o":{"weight":1.0,"played":[0.4311,0.5689],"evs":[0.0,-1.7945]},"A7o":{"weight":1.0,"played":[0.4892,0.5108],"evs":[0.0,1.72434]},"82s":{"weight":1.0,"played":[0.1042,0.8958],"evs":[0.0,3.03603]},"83s":{"weight":1.0,"played":[0.8381,0.1619],"evs":[0.0,-2.4872]},"84s":{"weight":1.0,"played":[0.9974,0.0026],"evs":[0.0,-9.02141]},"85s":{"weight":1.0,"played":[0.3992,0.6008],"evs":[0.0,-2.63434]},"86s":{"weight":1.0,"played":[0.8765,0.1235],"evs":[0.0,-8.28848]},"87s":{"weight":1.0,"played":[0.7306,0.2694],"evs":[0.0,-2.51292]},"88":{"weight":1.0,"played":[0.1323,0.8677],"evs":[0.0,5.56079]},"98o":{"weight":1.0,"played":[0.5814,0.4186],"evs":[0.0,-0.0055]},"T8o":{"weight":1.0,"played":[0.3314,0.6686],"evs":[0.0,0.14043]},"J8o":{"weight":1.0,"played":[0.6221,0.3779],"evs":[0.0,-2.77002]},"Q8o":{"weight":1.0,"played":[0.502,0.498],"evs":[0.0,-0.97642]},"K8o":{"weight":1.0,"played":[0.8578,0.1422],"evs":[0.0,-0.46398]},"A8o":{"weight":1.0,"played":[0.0326,0.9674],"evs":[0.0,3.61247]},"92s":{"weight":1.0,"played":[0.0283,0.9717],"evs":[0.0,5.68654]},"93s":{"weight":1.0,"played":[0.4592,0.5408],"evs":[0.0,-1.37721]},"94s":{"weight":1.0,"played":[0.01,0.99],"evs":[0.0,6.02979]},"95s":{"weight":1.0,"played":[0.9735,0.0265],"evs":[0.0,-8.75065]},"96s":{"weight":1.0,"played":[0.361,0.639],"evs":[0.0,2.89387]},"97s":{"weight":1.0,"played":[0.6356,0.3644],"evs":[0.0,2.06679]},"98s":{"weight":1.0,"played":[0.9627,0.0373],"evs":[0.0,-6.34824]},"99":{"weight":1.0,"played":[0.1715,0.8285],"evs":[0.0,7.87142]},"T9o":{"weight":1.0,"played":[0.6712,0.3288],"evs":[0.0,-2.05731]},"J9o":{"weight":1.0,"played":[0.6093,0.3907],"evs":[0.0,-0.73019]},"Q9o":{"weight":1.0,"played":[0.076,0.924],"evs":[0.0,2.65011]},"K9o":{"weight":1.0,"played":[0.9176,0.0824],"evs":[0.0,-1.64476]},"A9o":{"weight":1.0,"played":[0.4832,0.5168],"evs":[0.0,-0.52611]},"T2s":{"weight":1.0,"played":[0.9139,0.0861],"evs":[0.0,-2.94944]},"T3s":{"weight":1.0,"played":[0.9123,0.0877],"evs":[0.0,-8.63372]},"T4s":{"weight":1.0,"played":[0.0024,0.9976],"evs":[0.0,5.50147]},"T5s":{"weight":1.0,"played":[0.4707,0.5293],"evs":[0.0,-0.36762]},"T6s":{"weight":1.0,"played":[0.135,0.865],"evs":[0.0,6.43645]},"T7s":{"weight":1.0,"played":[0.5294,0.4706],"evs":[0.0,-4.52199]},"T8s":{"weight":1.0,"played":[0.0853,0.9147],"evs":[0.0,16.1447]},"T9s":{"weight":1.0,"played":[0.4208,0.5792],"evs":[0.0,-3.88562]},"TT":{"weight":1.0,"played":[0.0533,0.9467],"evs":[0.0,15.43147]},"JTo":{"weight":1.0,"played":[2.0E-4,0.9998],"evs":[0.0,-0.06884]},"QTo":{"weight":1.0,"played":[0.8079,0.1921],"evs":[0.0,4.3573]},"KTo":{"weight":1.0,"played":[0.6894,0.3106],"evs":[0.0,-1.99869]},