{"player":2,"street":0,"children":3,"sequence":[{"player":0,"type":"F","amount":0,"street":0},{"player":1,"type":"F","amount":0,"street":0}],"actions":[{"type":"F","amount":0,"node":3},{"type":"R","amount":10000000,"node":11},{"type":"R","amount":54750000,"node":31}],"hands":{"22":{"weight":1.0,"played":[0.0,0.0,1.0],"evs":[0.0,0.50233,0.77288]},"32o":{"weight":1.0,"played":[1.0,0.0,0.0],"evs":[0.0,-0.21755,-0.4231]},"42o":{"weight":1.0,"played":[1.0,0.0,0.0],"evs":[0.0,-0.19371,-0.38344]},"52o":{"weight":1.0,"played":[1.0,0.0,0.0],"evs":[0.0,-0.16605,-0.33933]},"62o":{"weight":1.0,"played":[1.0,0.0,0.0],"evs":[0.0,-0.22273,-0.42283]},"72o":{"weight":1.0,"played":[1.0,0.0,0.0],"evs":[0.0,-0.25046,-0.48187]},"82o":{"weight":1.0,"played":[1.0,0.0,0.0],"evs":[0.0,-0.20626,-0.41503]},"92o":{"weight":1.0,"played":[1.0,0.0,0.0],"evs":[0.0,-0.17429,-0.3659]},"T2o":{"weight":1.0,"played":[1.0,0.0,0.0],"evs":[0.0,-0.14257,-0.30862]},"J2o":{"weight":1.0,"played":[1.0,0.0,0.0],"evs":[0.0,-0.0934,-0.24317]},"Q2o":{"weight":1.0,"played":[1.0,0.0,0.0],"evs":[0.0,-0.04361,-0.1584]},"K2o":{"weight":1.0,"played":[0.0,1.0,0.0],"evs":[0.0,0.07851,0.02017]},"A2o":{"weight":1.0,"played":[0.0,0.0,1.0],"evs":[0.0,0.4885,0.60028]},"32s":{"weight":1.0,"played":[1.0,0.0,0.0],"evs":[0.0,-0.05672,-0.11615]},"33":{"weight":1.0,"played":[0.0,0.0,1.0],"evs":[0.0,0.67522,0.86844]},"43o":{"weight":1.0,"played":[1.0,0.0,0.0],"evs":[0.0,-0.12529,-0.26373]},"53o":{"weight":1.0,"played":[1.0,0.0,0.0],"evs":[0.0,-0.09515,-0.21564]},"63o":{"weight":1.0,"played":[1.0,0.0,0.0],"evs":[0.0,-0.15291,-0.29628]},"73o":{"weight":1.0,"played":[1.0,0.0,0.0],"evs":[0.0,-0.1804,-0.35722]},"83o":{"weight":1.0,"played":[1.0,0.0,0.0],"evs":[0.0,-0.1923,-0.40181]},"93o":{"weight":1.0,"played":[1.0,0.0,0.0],"evs":[0.0,-0.14997,-0.33129]},"T3o":{"weight":1.0,"played":[1.0,0.0,0.0],"evs":[0.0,-0.11644,-0.2726]},"J3o":{"weight":1.0,"played":[1.0,0.0,0.0],"evs":[0.0,-0.06639,-0.20881]},"Q3o":{"weight":1.0,"played":[1.0,0.0,0.0],"evs":[0.0,-0.01499,-0.11728]},"K3o":{"weight":1.0,"played":[0.0,1.0,0.0],"evs":[0.0,0.10734,0.05682]},"A3o":{"weight":1.0,"played":[0.0,0.0,1.0],"evs":[0.0,0.54148,0.63728]},"42s":{"weight":1.0,"played":[1.0,0.0,0.0],"evs":[0.0,-0.03294,-0.07821]},"43s":{"weight":1.0,"played":[0.0,0.0036,0.9964],"evs":[0.0,0.0346,0.04046]},"44":{"weight":1.0,"played":[0.0,0.0,1.0],"evs":[0.0,0.86219,0.96594]},"54o":{"weight":1.0,"played":[1.0,0.0,0.0],"evs":[0.0,-0.0293,-0.0974]},"64o":{"weight":1.0,"played":[1.0,0.0,0.0],"evs":[0.0,-0.08606,-0.17536]},"74o":{"weight":1.0,"played":[1.0,0.0,0.0],"evs":[0.0,-0.11275,-0.23527]},"84o":{"weight":1.0,"played":[1.0,0.0,0.0],"evs":[0.0,-0.12438,-0.27833]},"94o":{"weight":1.0,"played":[1.0,0.0,0.0],"evs":[0.0,-0.13743,-0.31505]},"T4o":{"weight":1.0,"played":[1.0,0.0,0.0],"evs":[0.0,-0.09369,-0.23729]},"J4o":{"weight":1.0,"played":[1.0,0.0,0.0],"evs":[0.0,-0.03931,-0.17191]},"Q4o":{"weight":1.0,"played":[0.0017,0.9983,0.0],"evs":[0.0,0.01051,-0.08228]},"K4o":{"weight":1.0,"played":[0.0,1.0,0.0],"evs":[0.0,0.1326,0.09037]},"A4o":{"weight":1.0,"played":[0.0,0.0,1.0],"evs":[0.0,0.5921,0.66994]},"52s":{"weight":1.0,"played":[0.9822,0.0178,1.0E-4],"evs":[0.0,-0.00586,-0.03692]},"53s":{"weight":1.0,"played":[0.0,1.0E-4,0.9999],"evs":[0.0,0.06002,0.08009]},"54s":{"weight":1.0,"played":[0.0,0.0,1.0],"evs":[0.0,0.12551,0.19503]},"55":{"weight":1.0,"played":[0.0,0.0,1.0],"evs":[0.0,1.06396,1.09224]},"65o":{"weight":1.0,"played":[1.0,0.0,0.0],"evs":[0.0,-0.01807,-0.05382]},"75o":{"weight":1.0,"played":[1.0,0.0,0.0],"evs":[0.0,-0.0411,-0.1103]},"85o":{"weight":1.0,"played":[1.0,0.0,0.0],"evs":[0.0,-0.05316,-0.15436]},"95o":{"weight":1.0,"played":[1.0,0.0,0.0],"evs":[0.0,-0.06588,-0.19396]},"T5o":{"weight":1.0,"played":[1.0,0.0,0.0],"evs":[0.0,-0.07657,-0.22104]},"J5o":{"weight":1.0,"played":[1.0,0.0,0.0],"evs":[0.0,-0.01233,-0.13795]},"Q5o":{"weight":1.0,"played":[0.0,1.0,0.0],"evs":[0.0,0.04001,-0.04753]},"K5o":{"weight":1.0,"played":[0.0,1.0,0.0],"evs":[0.0,0.1646,0.13182]},"A5o":{"weight":1.0,"played":[0.0,0.0,1.0],"evs":[0.0,0.67136,0.72815]},"62s":{"weight":1.0,"played":[1.0,0.0,0.0],"evs":[0.0,-0.05997,-0.1119]},"63s":{"weight":1.0,"played":[0.0,0.9225,0.0774],"evs":[0.0,0.00714,0.00506]},"64s":{"weight":1.0,"played":[0.0,0.0,1.0],"evs":[0.0,0.07201,0.12288]},"65s":{"weight":1.0,"played":[0.0,0.0,1.0],"evs":[0.0,0.13522,0.23438]},"66":{"weight":1.0,"played":[0.0,0.9878,0.0122],"evs":[0.0,1.24704,1.24291]},"76o":{"weight":1.0,"played":[1.0E-4,0.8734,0.1265],"evs":[0.0,0.01107,0.01071]},"86o":{"weight":1.0,"played":[0.7598,0.2402,0.0],"evs":[0.0,-1.9E-4,-0.03137]},"96o":{"weight":1.0,"played":[1.0,0.0,0.0],"evs":[0.0,-0.0099,-0.07083]},"T6o":{"weight":1.0,"played":[1.0,0.0,0.0],"evs":[0.0,-0.02249,-0.10074]},"J6o":{"weight":1.0,"played":[1.0,0.0,0.0],"evs":[0.0,-0.01328,-0.12018]},"Q6o":{"weight":1.0,"played":[0.0,1.0,0.0],"evs":[0.0,0.0553,-0.00467]},"K6o":{"weight":1.0,"played":[0.0,0.7865,0.2135],"evs":[0.0,0.18904,0.18924]},"A6o":{"weight":1.0,"played":[0.0,0.0,1.0],"evs":[0.0,0.67096,0.72244]},"72s":{"weight":1.0,"played":[1.0,0.0,0.0],"evs":[0.0,-0.08278,-0.16732]},"73s":{"weight":1.0,"played":[0.9999,1.0E-4,0.0],"evs":[0.0,-0.0173,-0.0524]},"74s":{"weight":1.0,"played":[0.0,1.0E-4,0.9999],"evs":[0.0,0.04677,0.06349]},"75s":{"weight":1.0,"played":[0.0,0.0,1.0],"evs":[0.0,0.11292,0.17722]},"76s":{"weight":1.0,"played":[0.0,0.0,1.0],"evs":[0.0,0.16385,0.28768]},"77":{"weight":1.0,"played":[0.0,1.0,0.0],"evs":[0.0,1.43889,1.42496]},"87o":{"weight":1.0,"played":[0.0,3.0E-4,0.9997],"evs":[0.0,0.06114,0.07066]},"97o":{"weight":1.0,"played":[0.0,0.9999,1.0E-4],"evs":[0.0,0.05397,0.03513]},"T7o":{"weight":1.0,"played":[0.0,1.0,0.0],"evs":[0.0,0.04984,0.01111]},"J7o":{"weight":1.0,"played":[0.0,1.0,0.0],"evs":[0.0,0.05959,-0.01249]},"Q7o":{"weight":1.0,"played":[0.0,1.0,0.0],"evs":[0.0,0.07309,0.0035]},"K7o":{"weight":1.0,"played":[0.0,0.8259,0.1741],"evs":[0.0,0.23523,0.235]},"A7o":{"weight":1.0,"played":[0.0,0.0,1.0],"evs":[0.0,0.80519,0.85316]},"82s":{"weight":1.0,"played":[1.0,0.0,0.0],"evs":[0.0,-0.04332,-0.10687]},"83s":{"weight":1.0,"played":[1.0,0.0,0.0],"evs":[0.0,-0.02897,-0.09267]},"84s":{"weight":1.0,"played":[0.0,0.9986,0.0014],"evs":[0.0,0.03587,0.02063]},"85s":{"weight":1.0,"played":[0.0,0.0,1.0],"evs":[0.0,0.10305,0.13477]},"86s":{"weight":1.0,"played":[0.0,0.0,1.0],"evs":[0.0,0.15365,0.25251]},"87s":{"weight":1.0,"played":[0.0,0.0,1.0],"evs":[0.0,0.21086,0.34823]},"88":{"weight":1.0,"played":[0.0,1.0,0.0],"evs":[0.0,1.68754,1.64325]},"98o":{"weight":1.0,"played":[0.0,1.0E-4,0.9999],"evs":[0.0,0.13249,0.14973]},"T8o":{"weight":1.0,"played":[0.0,0.674,0.326],"evs":[0.0,0.13716,0.13796]},"J8o":{"weight":1.0,"played":[0.0,1.0,0.0],"evs":[0.0,0.14997,0.11673]},"Q8o":{"weight":1.0,"played":[0.0,1.0,0.0],"evs":[0.0,0.16629,0.1348]},"K8o":{"weight":1.0,"played":[0.0,0.3325,0.6675],"evs":[0.0,0.29165,0.29258]},"A8o":{"weight":1.0,"played":[0.0,0.0,1.0],"evs":[0.0,0.97782,1.01782]},"92s":{"weight":1.0,"played":[1.0,0.0,0.0],"evs":[0.0,-0.01017,-0.0609]},"93s":{"weight":1.0,"played":[3.0E-4,0.9997,0.0],"evs":[0.0,0.01196,-0.02249]},"94s":{"weight":1.0,"played":[0.0,1.0,0.0],"evs":[0.0,0.02598,-0.01054]},"95s":{"weight":1.0,"played":[0.0,1.0E-4,0.9999],"evs":[0.0,0.09146,0.09981]},"96s":{"weight":1.0,"played":[0.0,0.0,1.0],"evs":[0.0,0.14486,0.21503]},"97s":{"weight":1.0,"played":[0.0,0.0,1.0],"evs":[0.0,0.20539,0.31153]},"98s":{"weight":1.0,"played":[0.0,0.0,1.0],"evs":[0.0,0.27799,0.42063]},"99":{"weight":1.0,"played":[0.0,1.0,0.0],"evs":[0.0,1.97234,1.87404]},"T9o":{"weight":1.0,"played":[0.0,0.0,1.0],"evs":[0.0,0.22549,0.26938]},"J9o":{"weight":1.0,"played":[0.0,1.0E-4,0.9999],"evs":[0.0,0.24203,0.25314]},"Q9o":{"weight":1.0,"played":[0.0,0.0,1.0],"evs":[0.0,0.26808,0.28976]},"K9o":{"weight":1.0,"played":[0.0,0.0,1.0],"evs":[0.0,0.41196,0.46297]},"A9o":{"weight":1.0,"played":[0.0,0.0,1.0],"evs":[0.0,1.1891,1.2251]},"T2s":{"weight":1.0,"played":[0.0,1.0,0.0],