{"equityUnit":"TABLE_EQUITY_PERCENT","conversionFactors":{"toUSD":3.0626495,"toRegularPrizePercent":0.08202061},"preHandEquity":[22.96117,26.31284,12.80713,11.25044,10.83451,15.83391],"bubbleFactors":[[-1.0,1.045,0.79,0.705,0.827,0.831],[0.856,-1.0,0.789,0.703,0.826,0.83],[1.026,1.026,-1.0,0.709,0.831,1.026],[1.023,1.023,1.023,-1.0,0.831,1.023],[1.022,1.022,1.022,1.022,-1.0,1.022],[1.032,1.032,0.793,0.707,0.83,-1.0]]}