{"equityUnit":"TABLE_EQUITY_PERCENT","conversionFactors":{"toUSD":34.82,"toRegularPrizePercent":0.93251204},"preHandEquity":[16.48032,7.8904,11.41828,17.78326,22.27663,24.15111],"bubbleFactors":[[-1.0,0.312,0.809,1.585,1.67,1.698],[1.165,-1.0,1.075,1.175,1.196,1.201],[1.453,0.37,-1.0,1.478,1.537,1.554],[1.097,0.303,0.793,-1.0,1.678,1.708],[0.942,0.286,0.76,1.053,-1.0,1.696],[0.92,0.286,0.757,1.015,1.26,-1.0]]}