{"player":2,"street":0,"children":3,"sequence":[{"player":0,"type":"R","amount":9760000,"street":0},{"player":1,"type":"C","amount":9760000,"street":0}],"actions":[{"type":"F","amount":0,"node":14},{"type":"C","amount":8160000,"node":15},{"type":"R","amount":18720000,"node":16}],"hands":{"22":{"weight":1.0,"played":[1.0,0.0,0.0],"evs":[0.0,-0.71465,-1.00237]},"32o":{"weight":1.0,"played":[1.0,0.0,0.0],"evs":[0.0,-1.44784,-3.77673]},"42o":{"weight":1.0,"played":[1.0,0.0,0.0],"evs":[0.0,-1.39599,-3.65489]},"52o":{"weight":1.0,"played":[1.0,0.0,0.0],"evs":[0.0,-1.36075,-3.53309]},"62o":{"weight":1.0,"played":[1.0,0.0,0.0],"evs":[0.0,-1.47112,-3.69603]},"72o":{"weight":1.0,"played":[1.0,0.0,0.0],"evs":[0.0,-1.55475,-3.84216]},"82o":{"weight":1.0,"played":[1.0,0.0,0.0],"evs":[0.0,-1.45337,-3.54106]},"92o":{"weight":1.0,"played":[1.0,0.0,0.0],"evs":[0.0,-1.42743,-3.36882]},"T2o":{"weight":1.0,"played":[1.0,0.0,0.0],"evs":[0.0,-1.31728,-3.07044]},"J2o":{"weight":1.0,"played":[1.0,0.0,0.0],"evs":[0.0,-1.25411,-2.84516]},"Q2o":{"weight":1.0,"played":[1.0,0.0,0.0],"evs":[0.0,-1.07178,-2.39178]},"K2o":{"weight":1.0,"played":[1.0,0.0,0.0],"evs":[0.0,-0.99246,-1.94796]},"A2o":{"weight":1.0,"played":[1.0,0.0,0.0],"evs":[0.0,-0.64305,-1.09241]},"32s":{"weight":1.0,"played":[1.0,0.0,0.0],"evs":[0.0,-1.00527,-2.94265]},"33":{"weight":1.0,"played":[0.9999,1.0E-4,0.0],"evs":[0.0,-0.38444,-0.66263]},"43o":{"weight":1.0,"played":[1.0,0.0,0.0],"evs":[0.0,-1.24787,-3.32297]},"53o":{"weight":1.0,"played":[1.0,0.0,0.0],"evs":[0.0,-1.1718,-3.14077]},"63o":{"weight":1.0,"played":[1.0,0.0,0.0],"evs":[0.0,-1.27708,-3.29587]},"73o":{"weight":1.0,"played":[1.0,0.0,0.0],"evs":[0.0,-1.42173,-3.45688]},"83o":{"weight":1.0,"played":[1.0,0.0,0.0],"evs":[0.0,-1.44196,-3.46056]},"93o":{"weight":1.0,"played":[1.0,0.0,0.0],"evs":[0.0,-1.38248,-3.19953]},"T3o":{"weight":1.0,"played":[1.0,0.0,0.0],"evs":[0.0,-1.29222,-2.92338]},"J3o":{"weight":1.0,"played":[1.0,0.0,0.0],"evs":[0.0,-1.21212,-2.69089]},"Q3o":{"weight":1.0,"played":[1.0,0.0,0.0],"evs":[0.0,-1.03493,-2.26787]},"K3o":{"weight":1.0,"played":[1.0,0.0,0.0],"evs":[0.0,-0.92075,-1.81064]},"A3o":{"weight":1.0,"played":[1.0,0.0,0.0],"evs":[0.0,-0.54721,-0.91935]},"42s":{"weight":1.0,"played":[1.0,0.0,0.0],"evs":[0.0,-0.95785,-2.79499]},"43s":{"weight":1.0,"played":[1.0,0.0,0.0],"evs":[0.0,-0.79477,-2.49399]},"44":{"weight":1.0,"played":[0.1481,0.8519,0.0],"evs":[0.0,-0.01288,-0.22527]},"54o":{"weight":1.0,"played":[1.0,0.0,0.0],"evs":[0.0,-0.99663,-2.78708]},"64o":{"weight":1.0,"played":[1.0,0.0,0.0],"evs":[0.0,-1.13313,-3.00011]},"74o":{"weight":1.0,"played":[1.0,0.0,0.0],"evs":[0.0,-1.26295,-3.10316]},"84o":{"weight":1.0,"played":[1.0,0.0,0.0],"evs":[0.0,-1.32304,-3.11395]},"94o":{"weight":1.0,"played":[1.0,0.0,0.0],"evs":[0.0,-1.36741,-3.16271]},"T4o":{"weight":1.0,"played":[1.0,0.0,0.0],"evs":[0.0,-1.27693,-2.84688]},"J4o":{"weight":1.0,"played":[1.0,0.0,0.0],"evs":[0.0,-1.18216,-2.57465]},"Q4o":{"weight":1.0,"played":[1.0,0.0,0.0],"evs":[0.0,-1.01839,-2.16096]},"K4o":{"weight":1.0,"played":[1.0,0.0,0.0],"evs":[0.0,-0.85198,-1.64855]},"A4o":{"weight":1.0,"played":[1.0,0.0,0.0],"evs":[0.0,-0.45291,-0.75198]},"52s":{"weight":1.0,"played":[1.0,0.0,0.0],"evs":[0.0,-0.90078,-2.67565]},"53s":{"weight":1.0,"played":[1.0,0.0,0.0],"evs":[0.0,-0.72172,-2.35545]},"54s":{"weight":1.0,"played":[1.0,0.0,0.0],"evs":[0.0,-0.54117,-2.01598]},"55":{"weight":1.0,"played":[0.0,0.9998,1.0E-4],"evs":[0.0,0.39832,0.33239]},"65o":{"weight":1.0,"played":[1.0,0.0,0.0],"evs":[0.0,-0.94473,-2.60999]},"75o":{"weight":1.0,"played":[1.0,0.0,0.0],"evs":[0.0,-1.05359,-2.69624]},"85o":{"weight":1.0,"played":[1.0,0.0,0.0],"evs":[0.0,-1.1275,-2.7393]},"95o":{"weight":1.0,"played":[1.0,0.0,0.0],"evs":[0.0,-1.23969,-2.7465]},"T5o":{"weight":1.0,"played":[1.0,0.0,0.0],"evs":[0.0,-1.24626,-2.71662]},"J5o":{"weight":1.0,"played":[1.0,0.0,0.0],"evs":[0.0,-1.14439,-2.41491]},"Q5o":{"weight":1.0,"played":[1.0,0.0,0.0],"evs":[0.0,-0.98918,-2.01053]},"K5o":{"weight":1.0,"played":[1.0,0.0,0.0],"evs":[0.0,-0.81051,-1.4685]},"A5o":{"weight":1.0,"played":[1.0,0.0,0.0],"evs":[0.0,-0.30324,-0.50316]},"62s":{"weight":1.0,"played":[1.0,0.0,0.0],"evs":[0.0,-0.98929,-2.81602]},"63s":{"weight":1.0,"played":[1.0,0.0,0.0],"evs":[0.0,-0.8159,-2.46541]},"64s":{"weight":1.0,"played":[1.0,0.0,0.0],"evs":[0.0,-0.62663,-2.17975]},"65s":{"weight":1.0,"played":[1.0,0.0,0.0],"evs":[0.0,-0.47456,-1.84748]},"66":{"weight":1.0,"played":[0.0,0.0,1.0],"evs":[0.0,0.83998,0.93177]},"76o":{"weight":1.0,"played":[1.0,0.0,0.0],"evs":[0.0,-0.89456,-2.38929]},"86o":{"weight":1.0,"played":[1.0,0.0,0.0],"evs":[0.0,-0.92363,-2.38762]},"96o":{"weight":1.0,"played":[1.0,0.0,0.0],"evs":[0.0,-1.0048,-2.36617]},"T6o":{"weight":1.0,"played":[1.0,0.0,0.0],"evs":[0.0,-1.09463,-2.38497]},"J6o":{"weight":1.0,"played":[1.0,0.0,0.0],"evs":[0.0,-1.09105,-2.31253]},"Q6o":{"weight":1.0,"played":[1.0,0.0,0.0],"evs":[0.0,-0.91585,-1.84716]},"K6o":{"weight":1.0,"played":[1.0,0.0,0.0],"evs":[0.0,-0.73386,-1.33411]},"A6o":{"weight":1.0,"played":[1.0,0.0,0.0],"evs":[0.0,-0.45916,-0.5874]},"72s":{"weight":1.0,"played":[1.0,0.0,0.0],"evs":[0.0,-1.08678,-2.96647]},"73s":{"weight":1.0,"played":[1.0,0.0,0.0],"evs":[0.0,-0.93641,-2.62849]},"74s":{"weight":1.0,"played":[1.0,0.0,0.0],"evs":[0.0,-0.79466,-2.31146]},"75s":{"weight":1.0,"played":[1.0,0.0,0.0],"evs":[0.0,-0.56371,-1.91856]},"76s":{"weight":1.0,"played":[1.0,0.0,0.0],"evs":[0.0,-0.35705,-1.5643]},"77":{"weight":1.0,"played":[0.0,0.0,1.0],"evs":[0.0,1.23215,1.48503]},"87o":{"weight":1.0,"played":[1.0,0.0,0.0],"evs":[0.0,-0.76903,-2.06901]},"97o":{"weight":1.0,"played":[1.0,0.0,0.0],"evs":[0.0,-0.83065,-2.02045]},"T7o":{"weight":1.0,"played":[1.0,0.0,0.0],"evs":[0.0,-0.87448,-2.00239]},"J7o":{"weight":1.0,"played":[1.0,0.0,0.0],"evs":[0.0,-0.93723,-1.98806]},"Q7o":{"weight":1.0,"played":[1.0,0.0,0.0],"evs":[0.0,-0.85216,-1.76007]},"K7o":{"weight":1.0,"played":[1.0,0.0,0.0],"evs":[0.0,-0.68304,-1.16469]},"A7o":{"weight":1.0,"played":[0.9999,0.0,1.0E-4],"evs":[0.0,-0.2767,-0.29019]},"82s":{"weight":1.0,"played":[1.0,0.0,0.0],"evs":[0.0,-0.9613,-2.6643]},"83s":{"weight":1.0,"played":[1.0,0.0,0.0],"evs":[0.0,-0.95148,-2.60126]},"84s":{"weight":1.0,"played":[1.0,0.0,0.0],"evs":[0.0,-0.84576,-2.31065]},"85s":{"weight":1.0,"played":[1.0,0.0,0.0],"evs":[0.0,-0.62619,-1.90919]},"86s":{"weight":1.0,"played":[1.0,0.0,0.0],"evs":[0.0,-0.40956,-1.57751]},"87s":{"weight":1.0,"played":[1.0,0.0,0.0],"evs":[0.0,-0.25561,-1.29458]},"88":{"weight":1.0,"played":[0.0,0.0,1.0],"evs":[0.0,1.81475,2.11308]},"98o":{"weight":1.0,"played":[1.0,0.0,0.0],"evs":[0.0,-0.62717,-1.69661]},"T8o":{"weight":1.0,"played":[1.0,0.0,0.0],"evs":[0.0,-0.63714,-1.60325]},"J8o":{"weight":1.0,"played":[1.0,0.0,0.0],"evs":[0.0,-0.72909,-1.63995]},"Q8o":{"weight":1.0,"played":[1.0,0.0,0.0],"evs":[0.0,-0.67575,-1.37182]},"K8o":{"weight":1.0,"played":[1.0,0.0,0.0],"evs":[0.0,-0.6128,-1.03887]},"A8o":{"weight":1.0,"played":[0.0897,1.0E-4,0.9102],"evs":[0.0,-0.06777,-3.3E-4]},"92s":{"weight":1.0,"played":[1.0,0.0,0.0],"evs":[0.0,-0.93625,-2.48907]},"93s":{"weight":1.0,"played":[1.0,0.0,0.0],"evs":[0.0,-0.94401,-2.40983]},"94s":{"weight":1.0,"played":[1.0,0.0,0.0],"evs":[0.0,-0.90292,-2.35064]},"95s":{"weight":1.0,"played":[1.0,0.0,0.0],"evs":[0.0,-0.76682,-2.01376]},"96s":{"weight":1.0,"played":[1.0,0.0,0.0],"evs":[0.0,-0.52048,-1.5905]},"97s":{"weight":1.0,"played":[1.0,0.0,0.0],"evs":[0.0,-0.34152,-1.3189]},"98s":{"weight":1.0,"played":[1.0,0.0,0.0],"evs":[0.0,-0.14734,-0.99043]},"99":{"weight":1.0,"played":[0.0,0.0,1.0],"evs":[0.0,2.43974,2.81784]},"T9o":{"weight":1.0,"played":[1.0,0.0,0.0],"evs":[0.0,-0.469,-1.2893]},"J9o":{"weight":1.0,"played":[1.0,0.0,0.0],"evs":[0.0,-0.4992,-1.22929]},"Q9o":{"weight":1.0,"played":[1.0,0.0,0.0],"evs":[0.0,-0.51735,-1.03473]},"K9o":{"weight":1.0,"played":[1.0,0.0,0.0],"evs":[0.0,-0.41698,-0.58739]},"A9o":{"weight":1.0,"played":[0.0,0.0,1.0],"evs":[0.0,0.21769,0.35951]},"T2s":{"weight":1.0,