{"player":1,"street":0,"children":4,"sequence":[{"player":0,"type":"F","amount":0,"street":0}],"actions":[{"type":"F","amount":0,"node":2},{"type":"C","amount":3200000,"node":15},{"type":"R","amount":6400000,"node":134},{"type":"R","amount":39200000,"node":217}],"hands":{"22":{"weight":1.0,"played":[0.0,0.0,0.0,1.0],"evs":[0.0,0.38922,0.32871,0.52861]},"32o":{"weight":1.0,"played":[1.0,0.0,0.0,0.0],"evs":[0.0,-0.46422,-0.66868,-1.16457]},"42o":{"weight":1.0,"played":[1.0,0.0,0.0,0.0],"evs":[0.0,-0.44094,-0.62587,-1.08679]},"52o":{"weight":1.0,"played":[1.0,0.0,0.0,0.0],"evs":[0.0,-0.42003,-0.58234,-1.00957]},"62o":{"weight":1.0,"played":[1.0,0.0,0.0,0.0],"evs":[0.0,-0.4641,-0.62795,-1.11089]},"72o":{"weight":1.0,"played":[1.0,0.0,0.0,0.0],"evs":[0.0,-0.47349,-0.6467,-1.17581]},"82o":{"weight":1.0,"played":[1.0,0.0,0.0,0.0],"evs":[0.0,-0.44531,-0.59712,-1.0652]},"92o":{"weight":1.0,"played":[1.0,0.0,0.0,0.0],"evs":[0.0,-0.4218,-0.56453,-0.98357]},"T2o":{"weight":1.0,"played":[1.0,0.0,0.0,0.0],"evs":[0.0,-0.37928,-0.49735,-0.84611]},"J2o":{"weight":1.0,"played":[1.0,0.0,0.0,0.0],"evs":[0.0,-0.33679,-0.43915,-0.72614]},"Q2o":{"weight":1.0,"played":[1.0,0.0,0.0,0.0],"evs":[0.0,-0.27511,-0.34821,-0.57076]},"K2o":{"weight":1.0,"played":[1.0,0.0,0.0,0.0],"evs":[0.0,-0.1581,-0.2152,-0.3749]},"A2o":{"weight":1.0,"played":[0.0,0.0162,0.9773,0.0065],"evs":[0.0,0.25016,0.25469,0.24534]},"32s":{"weight":1.0,"played":[1.0,0.0,0.0,0.0],"evs":[0.0,-0.30849,-0.43703,-0.69567]},"33":{"weight":1.0,"played":[0.0,0.0,0.0,1.0],"evs":[0.0,0.55254,0.48038,0.70788]},"43o":{"weight":1.0,"played":[1.0,0.0,0.0,0.0],"evs":[0.0,-0.3807,-0.53421,-0.89234]},"53o":{"weight":1.0,"played":[1.0,0.0,0.0,0.0],"evs":[0.0,-0.34586,-0.48297,-0.81286]},"63o":{"weight":1.0,"played":[1.0,0.0,0.0,0.0],"evs":[0.0,-0.40306,-0.5321,-0.90968]},"73o":{"weight":1.0,"played":[1.0,0.0,0.0,0.0],"evs":[0.0,-0.42916,-0.55695,-0.97509]},"83o":{"weight":1.0,"played":[1.0,0.0,0.0,0.0],"evs":[0.0,-0.43189,-0.57377,-1.03181]},"93o":{"weight":1.0,"played":[1.0,0.0,0.0,0.0],"evs":[0.0,-0.40304,-0.52777,-0.91798]},"T3o":{"weight":1.0,"played":[1.0,0.0,0.0,0.0],"evs":[0.0,-0.35104,-0.4575,-0.77874]},"J3o":{"weight":1.0,"played":[1.0,0.0,0.0,0.0],"evs":[0.0,-0.30373,-0.4017,-0.66005]},"Q3o":{"weight":1.0,"played":[1.0,0.0,0.0,0.0],"evs":[0.0,-0.24232,-0.30985,-0.50282]},"K3o":{"weight":1.0,"played":[1.0,0.0,0.0,0.0],"evs":[0.0,-0.12095,-0.1742,-0.3046]},"A3o":{"weight":1.0,"played":[0.0,0.0012,0.7635,0.2353],"evs":[0.0,0.30974,0.32045,0.32044]},"42s":{"weight":1.0,"played":[1.0,0.0,0.0,0.0],"evs":[0.0,-0.26729,-0.38194,-0.61759]},"43s":{"weight":1.0,"played":[1.0,0.0,0.0,0.0],"evs":[0.0,-0.18926,-0.25604,-0.43799]},"44":{"weight":1.0,"played":[0.0,0.0,0.0,1.0],"evs":[0.0,0.79547,0.73879,0.92349]},"54o":{"weight":1.0,"played":[1.0,0.0,0.0,0.0],"evs":[0.0,-0.26802,-0.37207,-0.61816]},"64o":{"weight":1.0,"played":[1.0,0.0,0.0,0.0],"evs":[0.0,-0.31738,-0.41654,-0.70836]},"74o":{"weight":1.0,"played":[1.0,0.0,0.0,0.0],"evs":[0.0,-0.34654,-0.45534,-0.77553]},"84o":{"weight":1.0,"played":[1.0,0.0,0.0,0.0],"evs":[0.0,-0.37163,-0.47681,-0.83316]},"94o":{"weight":1.0,"played":[1.0,0.0,0.0,0.0],"evs":[0.0,-0.38372,-0.49676,-0.8803]},"T4o":{"weight":1.0,"played":[1.0,0.0,0.0,0.0],"evs":[0.0,-0.31612,-0.41499,-0.70784]},"J4o":{"weight":1.0,"played":[1.0,0.0,0.0,0.0],"evs":[0.0,-0.26585,-0.35428,-0.58695]},"Q4o":{"weight":1.0,"played":[1.0,0.0,0.0,0.0],"evs":[0.0,-0.20299,-0.25884,-0.42831]},"K4o":{"weight":1.0,"played":[1.0,0.0,0.0,0.0],"evs":[0.0,-0.07851,-0.12217,-0.23783]},"A4o":{"weight":1.0,"played":[0.0,0.0,0.0484,0.9516],"evs":[0.0,0.37283,0.38881,0.38963]},"52s":{"weight":1.0,"played":[1.0,0.0,0.0,0.0],"evs":[0.0,-0.23424,-0.32871,-0.55028]},"53s":{"weight":1.0,"played":[1.0,0.0,0.0,0.0],"evs":[0.0,-0.14677,-0.19491,-0.36716]},"54s":{"weight":1.0,"played":[1.0,0.0,0.0,0.0],"evs":[0.0,-0.04706,-0.06031,-0.1802]},"55":{"weight":1.0,"played":[0.0,0.0,0.0,1.0],"evs":[0.0,1.09385,1.04066,1.14918]},"65o":{"weight":1.0,"played":[1.0,0.0,0.0,0.0],"evs":[0.0,-0.23749,-0.30273,-0.51772]},"75o":{"weight":1.0,"played":[1.0,0.0,0.0,0.0],"evs":[0.0,-0.2564,-0.33523,-0.5773]},"85o":{"weight":1.0,"played":[1.0,0.0,0.0,0.0],"evs":[0.0,-0.27897,-0.35943,-0.62923]},"95o":{"weight":1.0,"played":[1.0,0.0,0.0,0.0],"evs":[0.0,-0.30022,-0.39019,-0.67694]},"T5o":{"weight":1.0,"played":[1.0,0.0,0.0,0.0],"evs":[0.0,-0.28952,-0.37631,-0.66943]},"J5o":{"weight":1.0,"played":[1.0,0.0,0.0,0.0],"evs":[0.0,-0.22868,-0.30165,-0.51322]},"Q5o":{"weight":1.0,"played":[1.0,0.0,0.0,0.0],"evs":[0.0,-0.16253,-0.20128,-0.36068]},"K5o":{"weight":1.0,"played":[1.0,0.0,0.0,0.0],"evs":[0.0,-0.03483,-0.0591,-0.16444]},"A5o":{"weight":1.0,"played":[0.0,1.0E-4,0.2363,0.7636],"evs":[0.0,0.45905,0.47734,0.47808]},"62s":{"weight":1.0,"played":[1.0,0.0,0.0,0.0],"evs":[0.0,-0.29413,-0.39202,-0.64319]},"63s":{"weight":1.0,"played":[1.0,0.0,0.0,0.0],"evs":[0.0,-0.20889,-0.27056,-0.45128]},"64s":{"weight":1.0,"played":[1.0,0.0,0.0,0.0],"evs":[0.0,-0.1098,-0.13589,-0.26871]},"65s":{"weight":1.0,"played":[0.2392,0.0565,0.7042,0.0],"evs":[0.0,-0.00798,-2.0E-5,-0.08825]},"66":{"weight":1.0,"played":[0.0,1.0E-4,0.0,0.9999],"evs":[0.0,1.35294,1.33489,1.40358]},"76o":{"weight":1.0,"played":[1.0,0.0,0.0,0.0],"evs":[0.0,-0.19162,-0.23282,-0.38576]},"86o":{"weight":1.0,"played":[1.0,0.0,0.0,0.0],"evs":[0.0,-0.20818,-0.25088,-0.42694]},"96o":{"weight":1.0,"played":[1.0,0.0,0.0,0.0],"evs":[0.0,-0.22671,-0.28254,-0.47578]},"T6o":{"weight":1.0,"played":[1.0,0.0,0.0,0.0],"evs":[0.0,-0.21683,-0.27676,-0.46996]},"J6o":{"weight":1.0,"played":[1.0,0.0,0.0,0.0],"evs":[0.0,-0.21685,-0.27396,-0.47415]},"Q6o":{"weight":1.0,"played":[1.0,0.0,0.0,0.0],"evs":[0.0,-0.1381,-0.15526,-0.28956]},"K6o":{"weight":1.0,"played":[0.9961,0.0019,0.002,0.0],"evs":[0.0,-0.00671,-0.00207,-0.0858]},"A6o":{"weight":1.0,"played":[0.0,3.0E-4,0.3193,0.6804],"evs":[0.0,0.44254,0.45737,0.459]},"72s":{"weight":1.0,"played":[1.0,0.0,0.0,0.0],"evs":[0.0,-0.31878,-0.42497,-0.70621]},"73s":{"weight":1.0,"played":[1.0,0.0,0.0,0.0],"evs":[0.0,-0.2406,-0.32201,-0.51882]},"74s":{"weight":1.0,"played":[1.0,0.0,0.0,0.0],"evs":[0.0,-0.14278,-0.18423,-0.32704]},"75s":{"weight":1.0,"played":[0.9999,1.0E-4,0.0,0.0],"evs":[0.0,-0.04018,-0.0492,-0.14269]},"76s":{"weight":1.0,"played":[0.0,0.0342,0.9658,0.0],"evs":[0.0,0.05426,0.06621,0.03246]},"77":{"weight":1.0,"played":[0.0,0.0,0.0,1.0],"evs":[0.0,1.61987,1.64401,1.68806]},"87o":{"weight":1.0,"played":[1.0,0.0,0.0,0.0],"evs":[0.0,-0.12118,-0.15236,-0.24763]},"97o":{"weight":1.0,"played":[1.0,0.0,0.0,0.0],"evs":[0.0,-0.13889,-0.17926,-0.2905]},"T7o":{"weight":1.0,"played":[1.0,0.0,0.0,0.0],"evs":[0.0,-0.12525,-0.17284,-0.28269]},"J7o":{"weight":1.0,"played":[1.0,0.0,0.0,0.0],"evs":[0.0,-0.12548,-0.16249,-0.28501]},"Q7o":{"weight":1.0,"played":[1.0,0.0,0.0,0.0],"evs":[0.0,-0.10188,-0.12269,-0.25753]},"K7o":{"weight":1.0,"played":[0.0,0.0183,0.9817,0.0],"evs":[0.0,0.04367,0.05099,-0.02238]},"A7o":{"weight":1.0,"played":[0.0,9.0E-4,0.0,0.9991],"evs":[0.0,0.6081,0.60572,0.62335]},"82s":{"weight":1.0,"played":[1.0,0.0,0.0,0.0],"evs":[0.0,-0.27707,-0.37112,-0.60105]},"83s":{"weight":1.0,"played":[1.0,0.0,0.0,0.0],"evs":[0.0,-0.26104,-0.35315,-0.57358]},"84s":{"weight":1.0,"played":[1.0,0.0,0.0,0.0],"evs":[0.0,-0.17713,-0.22885,-0.38608]},"85s":{"weight":1.0,"played":[1.0,0.0,0.0,0.0],"evs":[0.0,-0.07239,-0.08317,-0.19393]},"86s":{"weight":1.0,"played":[0.0,2.0E-4,0.9995,2.0E-4],"evs":[0.0,0.01906,0.03208,-0.01162]},"87s":{"weight":1.0,"played":[0.0,1.0E-4,0.0869,0.913],"evs":[0.0,0.14781,0.15332,0.15839]},"88":{"weight":1.0,"played":[0.0,0.0012,0.4342,0.5647],"evs":[0.0,1.98345,2.00728,2.00837]},"98o":{"weight":1.0,"played":[1.0,0.0,0.0,0.0],"evs":[0.0,-0.03942,-0.05357,-0.12034]},"T8o":{"weight":1.0,"played":[1.0,0.0,0.0,0.0],"evs":[0.0,-0.02054,-0.02764,-0.08814]},"J8o":{"weight":1.0,"played":[1.0,0.0,0.0,0.0],"evs":[0.0,-0.02541,-0.02748,-0.09707]},"Q8o":{"weight":1.0,