{"player":2,"street":0,"children":3,"sequence":[{"player":0,"type":"C","amount":3200000,"street":0},{"player":1,"type":"C","amount":3200000,"street":0}],"actions":[{"type":"F","amount":0,"node":353},{"type":"C","amount":3200000,"node":438},{"type":"R","amount":39200000,"node":705}],"hands":{"22":{"weight":1.0,"played":[1.0,0.0,0.0],"evs":[0.0,-0.54131,-1.29913]},"32o":{"weight":1.0,"played":[1.0,0.0,0.0],"evs":[0.0,-1.51999,-2.91761]},"42o":{"weight":1.0,"played":[1.0,0.0,0.0],"evs":[0.0,-1.47227,-2.77841]},"52o":{"weight":1.0,"played":[1.0,0.0,0.0],"evs":[0.0,-1.36389,-2.54208]},"62o":{"weight":1.0,"played":[1.0,0.0,0.0],"evs":[0.0,-1.36832,-2.65546]},"72o":{"weight":1.0,"played":[1.0,0.0,0.0],"evs":[0.0,-1.51186,-2.89649]},"82o":{"weight":1.0,"played":[1.0,0.0,0.0],"evs":[0.0,-1.50983,-2.73853]},"92o":{"weight":1.0,"played":[1.0,0.0,0.0],"evs":[0.0,-1.47543,-2.54339]},"T2o":{"weight":1.0,"played":[1.0,0.0,0.0],"evs":[0.0,-1.53633,-2.82458]},"J2o":{"weight":1.0,"played":[1.0,0.0,0.0],"evs":[0.0,-1.35671,-2.50394]},"Q2o":{"weight":1.0,"played":[1.0,0.0,0.0],"evs":[0.0,-1.3203,-2.21513]},"K2o":{"weight":1.0,"played":[1.0,0.0,0.0],"evs":[0.0,-1.05087,-1.73657]},"A2o":{"weight":1.0,"played":[1.0,0.0,0.0],"evs":[0.0,-0.81179,-0.77193]},"32s":{"weight":1.0,"played":[1.0,0.0,0.0],"evs":[0.0,-1.32918,-2.045]},"33":{"weight":1.0,"played":[1.0,0.0,0.0],"evs":[0.0,-0.24513,-0.76823]},"43o":{"weight":1.0,"played":[1.0,0.0,0.0],"evs":[0.0,-1.32825,-2.40162]},"53o":{"weight":1.0,"played":[1.0,0.0,0.0],"evs":[0.0,-1.15016,-2.2024]},"63o":{"weight":1.0,"played":[1.0,0.0,0.0],"evs":[0.0,-1.18149,-2.22539]},"73o":{"weight":1.0,"played":[1.0,0.0,0.0],"evs":[0.0,-1.43397,-2.52285]},"83o":{"weight":1.0,"played":[1.0,0.0,0.0],"evs":[0.0,-1.42249,-2.55812]},"93o":{"weight":1.0,"played":[1.0,0.0,0.0],"evs":[0.0,-1.3274,-2.46596]},"T3o":{"weight":1.0,"played":[1.0,0.0,0.0],"evs":[0.0,-1.42402,-2.5943]},"J3o":{"weight":1.0,"played":[1.0,0.0,0.0],"evs":[0.0,-1.2368,-2.32668]},"Q3o":{"weight":1.0,"played":[1.0,0.0,0.0],"evs":[0.0,-1.07294,-1.9191]},"K3o":{"weight":1.0,"played":[1.0,0.0,0.0],"evs":[0.0,-1.03722,-1.42386]},"A3o":{"weight":1.0,"played":[1.0,0.0,0.0],"evs":[0.0,-0.71262,-0.70167]},"42s":{"weight":1.0,"played":[1.0,0.0,0.0],"evs":[0.0,-1.48828,-2.24437]},"43s":{"weight":1.0,"played":[1.0,0.0,0.0],"evs":[0.0,-1.04737,-1.74889]},"44":{"weight":1.0,"played":[0.9998,0.0,2.0E-4],"evs":[0.0,-0.18406,-0.63704]},"54o":{"weight":1.0,"played":[1.0,0.0,0.0],"evs":[0.0,-1.0141,-1.76105]},"64o":{"weight":1.0,"played":[1.0,0.0,0.0],"evs":[0.0,-1.11543,-1.96863]},"74o":{"weight":1.0,"played":[1.0,0.0,0.0],"evs":[0.0,-1.21774,-2.12772]},"84o":{"weight":1.0,"played":[1.0,0.0,0.0],"evs":[0.0,-1.20266,-2.192]},"94o":{"weight":1.0,"played":[1.0,0.0,0.0],"evs":[0.0,-1.35776,-2.48684]},"T4o":{"weight":1.0,"played":[1.0,0.0,0.0],"evs":[0.0,-1.29958,-2.46115]},"J4o":{"weight":1.0,"played":[1.0,0.0,0.0],"evs":[0.0,-1.20504,-2.1433]},"Q4o":{"weight":1.0,"played":[1.0,0.0,0.0],"evs":[0.0,-1.04043,-1.85501]},"K4o":{"weight":1.0,"played":[1.0,0.0,0.0],"evs":[0.0,-0.85728,-1.5056]},"A4o":{"weight":1.0,"played":[1.0,0.0,0.0],"evs":[0.0,-0.58495,-0.55691]},"52s":{"weight":1.0,"played":[1.0,0.0,0.0],"evs":[0.0,-1.30995,-2.13821]},"53s":{"weight":1.0,"played":[1.0,0.0,0.0],"evs":[0.0,-1.14442,-1.44876]},"54s":{"weight":1.0,"played":[1.0,0.0,0.0],"evs":[0.0,-0.84068,-1.10443]},"55":{"weight":1.0,"played":[0.9721,0.0278,0.0],"evs":[0.0,-0.06687,-0.47776]},"65o":{"weight":1.0,"played":[1.0,0.0,0.0],"evs":[0.0,-1.06233,-1.66285]},"75o":{"weight":1.0,"played":[1.0,0.0,0.0],"evs":[0.0,-1.16726,-1.95816]},"85o":{"weight":1.0,"played":[1.0,0.0,0.0],"evs":[0.0,-1.0617,-1.96429]},"95o":{"weight":1.0,"played":[1.0,0.0,0.0],"evs":[0.0,-1.1084,-2.12708]},"T5o":{"weight":1.0,"played":[1.0,0.0,0.0],"evs":[0.0,-1.29381,-2.27262]},"J5o":{"weight":1.0,"played":[1.0,0.0,0.0],"evs":[0.0,-1.15895,-1.99772]},"Q5o":{"weight":1.0,"played":[1.0,0.0,0.0],"evs":[0.0,-1.079,-1.89587]},"K5o":{"weight":1.0,"played":[0.9999,1.0E-4,0.0],"evs":[0.0,-0.90031,-1.2985]},"A5o":{"weight":1.0,"played":[1.0,0.0,0.0],"evs":[0.0,-0.65766,-0.48849]},"62s":{"weight":1.0,"played":[1.0,0.0,0.0],"evs":[0.0,-0.97016,-1.90406]},"63s":{"weight":1.0,"played":[1.0,0.0,0.0],"evs":[0.0,-1.108,-1.70551]},"64s":{"weight":1.0,"played":[1.0,0.0,0.0],"evs":[0.0,-0.98434,-1.56023]},"65s":{"weight":1.0,"played":[1.0,0.0,0.0],"evs":[0.0,-0.82334,-1.03536]},"66":{"weight":1.0,"played":[0.0377,0.8102,0.1521],"evs":[0.0,0.23903,0.06159]},"76o":{"weight":1.0,"played":[1.0,0.0,0.0],"evs":[0.0,-1.01241,-1.5145]},"86o":{"weight":1.0,"played":[1.0,0.0,0.0],"evs":[0.0,-1.15393,-1.64586]},"96o":{"weight":1.0,"played":[1.0,0.0,0.0],"evs":[0.0,-1.08724,-1.68563]},"T6o":{"weight":1.0,"played":[1.0,0.0,0.0],"evs":[0.0,-1.32682,-2.15893]},"J6o":{"weight":1.0,"played":[1.0,0.0,0.0],"evs":[0.0,-1.09072,-1.99579]},"Q6o":{"weight":1.0,"played":[1.0,0.0,0.0],"evs":[0.0,-0.9872,-1.56598]},"K6o":{"weight":1.0,"played":[1.0,0.0,0.0],"evs":[0.0,-0.87572,-1.19536]},"A6o":{"weight":1.0,"played":[1.0,0.0,0.0],"evs":[0.0,-0.61032,-0.5495]},"72s":{"weight":1.0,"played":[1.0,0.0,0.0],"evs":[0.0,-1.29562,-2.00783]},"73s":{"weight":1.0,"played":[1.0,0.0,0.0],"evs":[0.0,-1.10798,-1.80121]},"74s":{"weight":1.0,"played":[1.0,0.0,0.0],"evs":[0.0,-1.10259,-1.51966]},"75s":{"weight":1.0,"played":[1.0,0.0,0.0],"evs":[0.0,-0.82085,-1.15818]},"76s":{"weight":1.0,"played":[1.0,0.0,0.0],"evs":[0.0,-0.77426,-1.00635]},"77":{"weight":1.0,"played":[0.007,0.127,0.866],"evs":[0.0,0.33721,0.39322]},"87o":{"weight":1.0,"played":[1.0,0.0,0.0],"evs":[0.0,-1.08406,-1.48637]},"97o":{"weight":1.0,"played":[1.0,0.0,0.0],"evs":[0.0,-1.07894,-1.55253]},"T7o":{"weight":1.0,"played":[1.0,0.0,0.0],"evs":[0.0,-1.15069,-1.67534]},"J7o":{"weight":1.0,"played":[1.0,0.0,0.0],"evs":[0.0,-1.17486,-1.82911]},"Q7o":{"weight":1.0,"played":[1.0,0.0,0.0],"evs":[0.0,-1.07904,-1.77674]},"K7o":{"weight":1.0,"played":[1.0,0.0,0.0],"evs":[0.0,-0.92126,-1.15509]},"A7o":{"weight":1.0,"played":[1.0,0.0,0.0],"evs":[0.0,-0.44711,-0.38883]},"82s":{"weight":1.0,"played":[1.0,0.0,0.0],"evs":[0.0,-1.41808,-2.03261]},"83s":{"weight":1.0,"played":[1.0,0.0,0.0],"evs":[0.0,-1.24848,-2.11579]},"84s":{"weight":1.0,"played":[1.0,0.0,0.0],"evs":[0.0,-1.21543,-1.78088]},"85s":{"weight":1.0,"played":[1.0,0.0,0.0],"evs":[0.0,-0.9001,-1.25231]},"86s":{"weight":1.0,"played":[0.9999,1.0E-4,1.0E-4],"evs":[0.0,-0.68048,-0.93024]},"87s":{"weight":1.0,"played":[1.0,0.0,0.0],"evs":[0.0,-0.61524,-0.7929]},"88":{"weight":1.0,"played":[9.0E-4,0.186,0.8132],"evs":[0.0,0.64282,0.66936]},"98o":{"weight":1.0,"played":[1.0,0.0,0.0],"evs":[0.0,-1.06601,-1.36528]},"T8o":{"weight":1.0,"played":[1.0,0.0,0.0],"evs":[0.0,-1.02463,-1.67343]},"J8o":{"weight":1.0,"played":[1.0,0.0,0.0],"evs":[0.0,-1.07877,-1.52931]},"Q8o":{"weight":1.0,"played":[1.0,0.0,0.0],"evs":[0.0,-0.8811,-1.29447]},"K8o":{"weight":1.0,"played":[1.0,0.0,0.0],"evs":[0.0,-0.71616,-1.12616]},"A8o":{"weight":1.0,"played":[1.0,0.0,0.0],"evs":[0.0,-0.26371,-0.30232]},"92s":{"weight":1.0,"played":[1.0,0.0,0.0],"evs":[0.0,-1.23624,-1.93418]},"93s":{"weight":1.0,"played":[1.0,0.0,0.0],"evs":[0.0,-0.98626,-1.71503]},"94s":{"weight":1.0,"played":[1.0,0.0,0.0],"evs":[0.0,-1.07331,-1.70021]},"95s":{"weight":1.0,"played":[1.0,0.0,0.0],"evs":[0.0,-1.11026,-1.57829]},"96s":{"weight":1.0,"played":[1.0,0.0,0.0],"evs":[0.0,-0.93804,-1.2215]},"97s":{"weight":1.0,"played":[1.0,0.0,0.0],"evs":[0.0,-0.8635,-1.02599]},"98s":{"weight":1.0,"played":[0.9997,3.0E-4,0.0],"evs":[0.0,-0.74245,-0.8346]},"99":{"weight":1.0,"played":[6.0E-4,0.1421,0.8574],"evs":[0.0,0.37806,0.66111]},"T9o":{"weight":1.0,"played":[1.0,0.0,0.0],"evs":[0.0,-0.82634,-1.35697]},"J9o":{"weight":1.0,"played":[1.0,0.0,0.0],"evs":[0.0,-0.94333,-1.28744]},"Q9o":{"weight":1.0,"played":[1.0,0.0,0.0],"evs":[0.0,-0.86291,-1.0853]},"K9o":{"weight":1.0,"played":[1.0,0.0,0.0],"evs":[0.0,-0.85738,-0.95253]},"A9o":{"weight":1.0,"played":[0.9963,6.0E-4,0.0031],