{"player":3,"street":0,"children":2,"sequence":[{"player":0,"type":"C","amount":3200000,"street":0},{"player":1,"type":"C","amount":3200000,"street":0},{"player":2,"type":"C","amount":3200000,"street":0}],"actions":[{"type":"F","amount":0,"node":439},{"type":"C","amount":2080000,"node":572}],"hands":{"22":{"weight":1.0,"played":[5.0E-4,0.9995],"evs":[0.0,0.08705]},"32o":{"weight":1.0,"played":[1.0,0.0],"evs":[0.0,-0.29948]},"42o":{"weight":1.0,"played":[0.9959,0.0041],"evs":[0.0,-0.27322]},"52o":{"weight":1.0,"played":[0.6175,0.3825],"evs":[0.0,-0.19626]},"62o":{"weight":1.0,"played":[0.9995,5.0E-4],"evs":[0.0,-0.33722]},"72o":{"weight":1.0,"played":[1.0,0.0],"evs":[0.0,-0.3715]},"82o":{"weight":1.0,"played":[0.9993,7.0E-4],"evs":[0.0,-0.20684]},"92o":{"weight":1.0,"played":[0.9996,4.0E-4],"evs":[0.0,-0.46059]},"T2o":{"weight":1.0,"played":[1.0,0.0],"evs":[0.0,-0.465]},"J2o":{"weight":1.0,"played":[0.992,0.008],"evs":[0.0,-0.37019]},"Q2o":{"weight":1.0,"played":[0.9992,8.0E-4],"evs":[0.0,-0.36175]},"K2o":{"weight":1.0,"played":[0.9322,0.0678],"evs":[0.0,-0.23904]},"A2o":{"weight":1.0,"played":[0.0888,0.9112],"evs":[0.0,0.25077]},"32s":{"weight":1.0,"played":[0.1646,0.8354],"evs":[0.0,0.18625]},"33":{"weight":1.0,"played":[0.0,1.0],"evs":[0.0,0.4815]},"43o":{"weight":1.0,"played":[0.9998,2.0E-4],"evs":[0.0,-0.05796]},"53o":{"weight":1.0,"played":[0.1029,0.8971],"evs":[0.0,0.01497]},"63o":{"weight":1.0,"played":[0.995,0.005],"evs":[0.0,-0.36663]},"73o":{"weight":1.0,"played":[0.9924,0.0076],"evs":[0.0,-0.33158]},"83o":{"weight":1.0,"played":[0.9842,0.0158],"evs":[0.0,-0.40145]},"93o":{"weight":1.0,"played":[0.9866,0.0134],"evs":[0.0,-0.22706]},"T3o":{"weight":1.0,"played":[0.994,0.006],"evs":[0.0,-0.339]},"J3o":{"weight":1.0,"played":[0.8279,0.1721],"evs":[0.0,-0.29074]},"Q3o":{"weight":1.0,"played":[0.7337,0.2663],"evs":[0.0,-0.16409]},"K3o":{"weight":1.0,"played":[0.9605,0.0395],"evs":[0.0,-0.2067]},"A3o":{"weight":1.0,"played":[0.5707,0.4293],"evs":[0.0,0.02422]},"42s":{"weight":1.0,"played":[0.9665,0.0335],"evs":[0.0,-0.07579]},"43s":{"weight":1.0,"played":[0.0134,0.9866],"evs":[0.0,0.29063]},"44":{"weight":1.0,"played":[0.0091,0.9909],"evs":[0.0,0.51991]},"54o":{"weight":1.0,"played":[0.7659,0.2341],"evs":[0.0,-0.03033]},"64o":{"weight":1.0,"played":[0.3817,0.6183],"evs":[0.0,-0.01578]},"74o":{"weight":1.0,"played":[0.3329,0.6671],"evs":[0.0,0.07528]},"84o":{"weight":1.0,"played":[0.9996,4.0E-4],"evs":[0.0,-0.18863]},"94o":{"weight":1.0,"played":[0.9494,0.0506],"evs":[0.0,-0.25557]},"T4o":{"weight":1.0,"played":[0.9936,0.0064],"evs":[0.0,-0.31231]},"J4o":{"weight":1.0,"played":[0.9847,0.0153],"evs":[0.0,-0.23881]},"Q4o":{"weight":1.0,"played":[0.742,0.258],"evs":[0.0,-0.0918]},"K4o":{"weight":1.0,"played":[0.3845,0.6155],"evs":[0.0,-0.11028]},"A4o":{"weight":1.0,"played":[0.1112,0.8888],"evs":[0.0,0.1473]},"52s":{"weight":1.0,"played":[0.0515,0.9485],"evs":[0.0,0.1843]},"53s":{"weight":1.0,"played":[0.3199,0.6801],"evs":[0.0,0.00343]},"54s":{"weight":1.0,"played":[0.0351,0.9649],"evs":[0.0,0.23918]},"55":{"weight":1.0,"played":[0.0021,0.9979],"evs":[0.0,0.30971]},"65o":{"weight":1.0,"played":[0.6353,0.3647],"evs":[0.0,0.04466]},"75o":{"weight":1.0,"played":[0.0755,0.9245],"evs":[0.0,0.09376]},"85o":{"weight":1.0,"played":[0.712,0.288],"evs":[0.0,-0.08546]},"95o":{"weight":1.0,"played":[0.7351,0.2649],"evs":[0.0,-0.08277]},"T5o":{"weight":1.0,"played":[0.9945,0.0055],"evs":[0.0,-0.36799]},"J5o":{"weight":1.0,"played":[0.8979,0.1021],"evs":[0.0,-0.21201]},"Q5o":{"weight":1.0,"played":[0.9987,0.0013],"evs":[0.0,-0.13618]},"K5o":{"weight":1.0,"played":[0.4818,0.5182],"evs":[0.0,-0.08768]},"A5o":{"weight":1.0,"played":[0.0,1.0],"evs":[0.0,0.36949]},"62s":{"weight":1.0,"played":[0.9142,0.0858],"evs":[0.0,-0.16949]},"63s":{"weight":1.0,"played":[0.0753,0.9247],"evs":[0.0,0.18486]},"64s":{"weight":1.0,"played":[0.0137,0.9863],"evs":[0.0,0.4234]},"65s":{"weight":1.0,"played":[1.0E-4,0.9999],"evs":[0.0,0.31147]},"66":{"weight":1.0,"played":[0.0031,0.9969],"evs":[0.0,0.58894]},"76o":{"weight":1.0,"played":[0.0725,0.9275],"evs":[0.0,0.08664]},"86o":{"weight":1.0,"played":[0.6402,0.3598],"evs":[0.0,0.00348]},"96o":{"weight":1.0,"played":[0.9647,0.0353],"evs":[0.0,-0.17203]},"T6o":{"weight":1.0,"played":[0.7722,0.2278],"evs":[0.0,-0.0394]},"J6o":{"weight":1.0,"played":[0.6038,0.3962],"evs":[0.0,-0.18146]},"Q6o":{"weight":1.0,"played":[0.9235,0.0765],"evs":[0.0,-0.13565]},"K6o":{"weight":1.0,"played":[0.482,0.518],"evs":[0.0,-0.00711]},"A6o":{"weight":1.0,"played":[0.274,0.726],"evs":[0.0,0.16068]},"72s":{"weight":1.0,"played":[0.3428,0.6572],"evs":[0.0,-0.03598]},"73s":{"weight":1.0,"played":[0.6422,0.3578],"evs":[0.0,0.07676]},"74s":{"weight":1.0,"played":[0.0174,0.9826],"evs":[0.0,0.24058]},"75s":{"weight":1.0,"played":[0.0061,0.9939],"evs":[0.0,0.26003]},"76s":{"weight":1.0,"played":[0.0042,0.9958],"evs":[0.0,0.33481]},"77":{"weight":1.0,"played":[0.0011,0.9989],"evs":[0.0,0.86309]},"87o":{"weight":1.0,"played":[0.136,0.864],"evs":[0.0,0.26349]},"97o":{"weight":1.0,"played":[0.1042,0.8958],"evs":[0.0,0.02132]},"T7o":{"weight":1.0,"played":[0.9442,0.0558],"evs":[0.0,-0.21384]},"J7o":{"weight":1.0,"played":[0.7052,0.2948],"evs":[0.0,-0.11336]},"Q7o":{"weight":1.0,"played":[0.9547,0.0453],"evs":[0.0,-0.17842]},"K7o":{"weight":1.0,"played":[0.3553,0.6447],"evs":[0.0,-0.00914]},"A7o":{"weight":1.0,"played":[0.0354,0.9646],"evs":[0.0,0.08453]},"82s":{"weight":1.0,"played":[0.9106,0.0894],"evs":[0.0,-0.11595]},"83s":{"weight":1.0,"played":[0.3356,0.6644],"evs":[0.0,0.10281]},"84s":{"weight":1.0,"played":[0.3945,0.6055],"evs":[0.0,0.00698]},"85s":{"weight":1.0,"played":[0.0049,0.9951],"evs":[0.0,0.33756]},"86s":{"weight":1.0,"played":[0.0654,0.9346],"evs":[0.0,0.52679]},"87s":{"weight":1.0,"played":[0.0952,0.9048],"evs":[0.0,0.55048]},"88":{"weight":1.0,"played":[0.0,1.0],"evs":[0.0,0.6982]},"98o":{"weight":1.0,"played":[2.0E-4,0.9998],"evs":[0.0,0.07065]},"T8o":{"weight":1.0,"played":[0.2168,0.7832],"evs":[0.0,0.04192]},"J8o":{"weight":1.0,"played":[0.4896,0.5104],"evs":[0.0,0.01601]},"Q8o":{"weight":1.0,"played":[0.0349,0.9651],"evs":[0.0,0.20653]},"K8o":{"weight":1.0,"played":[0.3033,0.6967],"evs":[0.0,0.06578]},"A8o":{"weight":1.0,"played":[0.0089,0.9911],"evs":[0.0,0.2043]},"92s":{"weight":1.0,"played":[0.4713,0.5287],"evs":[0.0,-0.33257]},"93s":{"weight":1.0,"played":[0.4667,0.5333],"evs":[0.0,-0.05469]},"94s":{"weight":1.0,"played":[0.3714,0.6286],"evs":[0.0,-0.09878]},"95s":{"weight":1.0,"played":[0.711,0.289],"evs":[0.0,-0.01458]},"96s":{"weight":1.0,"played":[0.7078,0.2922],"evs":[0.0,-0.18315]},"97s":{"weight":1.0,"played":[0.0361,0.9639],"evs":[0.0,0.61743]},"98s":{"weight":1.0,"played":[0.1569,0.8431],"evs":[0.0,0.24526]},"99":{"weight":1.0,"played":[4.0E-4,0.9996],"evs":[0.0,0.92242]},"T9o":{"weight":1.0,"played":[0.0115,0.9885],"evs":[0.0,0.22948]},"J9o":{"weight":1.0,"played":[0.2058,0.7942],"evs":[0.0,0.03346]},"Q9o":{"weight":1.0,"played":[0.0841,0.9159],"evs":[0.0,0.30542]},"K9o":{"weight":1.0,"played":[0.282,0.718],"evs":[0.0,-0.05776]},"A9o":{"weight":1.0,"played":[0.0567,0.9433],"evs":[0.0,0.20685]},"T2s":{"weight":1.0,"played":[0.4082,0.5918],"evs":[0.0,-0.04606]},"T3s":{"weight":1.0,"played":[0.5667,0.4333],"evs":[0.0,-0.20212]},"T4s":{"weight":1.0,"played":[0.487,0.513],"evs":[0.0,-0.03272]},"T5s":{"weight":1.0,"played":[0.7644,0.2356],"evs":[0.0,-0.03432]},"T6s":{"weight":1.0,"played":[0.0458,0.9542],"evs":[0.0,0.35466]},"T7s":{"weight":1.0,"played":[0.7094,0.2906],"evs":[0.0,-0.03068]},"T8s":{"weight":1.0,"played":[0.4895,0.5105],"evs":[0.0,0.02658]},"T9s":{"weight":1.0,"played":[0.0225,0.9775],"evs":[0.0,0.26242]},"TT":{"weight":1.0,"played":[0.0015,0.9985],"evs":[0.0,1.17459]},"JTo":{"weight":1.0,"played":[0.3399,0.6601],"evs":[0.0,0.03655]},"QTo":{"weight":1.0,"played":[0.62,0.38],"evs":[0.0,-0.11404]},"KTo":{"weight":1.0,"played":[0.0369,0.9631],"evs":[0.0,0.03072]},"ATo":{"weight":1.0,"played":[3.0E-4,0.9997],"evs":[0.0,0.21009]},