{"player":3,"street":0,"children":2,"sequence":[{"player":0,"type":"C","amount":3200000,"street":0},{"player":1,"type":"C","amount":3200000,"street":0},{"player":2,"type":"R","amount":39200000,"street":0}],"actions":[{"type":"F","amount":0,"node":706},{"type":"C","amount":2080000,"node":727}],"hands":{"22":{"weight":1.0,"played":[0.0048,0.9952],"evs":[0.0,0.89404]},"32o":{"weight":1.0,"played":[0.2249,0.7751],"evs":[0.0,0.1431]},"42o":{"weight":1.0,"played":[0.1379,0.8621],"evs":[0.0,0.37099]},"52o":{"weight":1.0,"played":[0.0397,0.9603],"evs":[0.0,0.23167]},"62o":{"weight":1.0,"played":[0.1906,0.8094],"evs":[0.0,0.33702]},"72o":{"weight":1.0,"played":[0.0416,0.9584],"evs":[0.0,0.11275]},"82o":{"weight":1.0,"played":[0.0388,0.9612],"evs":[0.0,0.09356]},"92o":{"weight":1.0,"played":[0.0343,0.9657],"evs":[0.0,0.4534]},"T2o":{"weight":1.0,"played":[0.0486,0.9514],"evs":[0.0,0.3027]},"J2o":{"weight":1.0,"played":[0.071,0.929],"evs":[0.0,0.16531]},"Q2o":{"weight":1.0,"played":[0.0059,0.9941],"evs":[0.0,0.2905]},"K2o":{"weight":1.0,"played":[0.0083,0.9917],"evs":[0.0,0.33398]},"A2o":{"weight":1.0,"played":[0.0213,0.9787],"evs":[0.0,0.43253]},"32s":{"weight":1.0,"played":[0.1753,0.8247],"evs":[0.0,0.41829]},"33":{"weight":1.0,"played":[5.0E-4,0.9995],"evs":[0.0,1.11761]},"43o":{"weight":1.0,"played":[0.0066,0.9934],"evs":[0.0,0.46165]},"53o":{"weight":1.0,"played":[0.002,0.998],"evs":[0.0,0.5669]},"63o":{"weight":1.0,"played":[0.0063,0.9937],"evs":[0.0,0.45265]},"73o":{"weight":1.0,"played":[0.0621,0.9379],"evs":[0.0,0.22907]},"83o":{"weight":1.0,"played":[0.0997,0.9003],"evs":[0.0,0.27834]},"93o":{"weight":1.0,"played":[0.0018,0.9982],"evs":[0.0,0.4485]},"T3o":{"weight":1.0,"played":[0.0457,0.9543],"evs":[0.0,0.13274]},"J3o":{"weight":1.0,"played":[0.0532,0.9468],"evs":[0.0,0.39803]},"Q3o":{"weight":1.0,"played":[0.0024,0.9976],"evs":[0.0,0.48225]},"K3o":{"weight":1.0,"played":[0.0036,0.9964],"evs":[0.0,0.49916]},"A3o":{"weight":1.0,"played":[0.0059,0.9941],"evs":[0.0,0.55197]},"42s":{"weight":1.0,"played":[0.0043,0.9957],"evs":[0.0,0.51684]},"43s":{"weight":1.0,"played":[0.0029,0.9971],"evs":[0.0,0.90669]},"44":{"weight":1.0,"played":[0.0035,0.9965],"evs":[0.0,1.19052]},"54o":{"weight":1.0,"played":[0.003,0.997],"evs":[0.0,0.6769]},"64o":{"weight":1.0,"played":[0.001,0.999],"evs":[0.0,0.44945]},"74o":{"weight":1.0,"played":[0.0011,0.9989],"evs":[0.0,0.34141]},"84o":{"weight":1.0,"played":[0.158,0.842],"evs":[0.0,0.34455]},"94o":{"weight":1.0,"played":[0.0618,0.9382],"evs":[0.0,0.22548]},"T4o":{"weight":1.0,"played":[0.0255,0.9745],"evs":[0.0,0.22842]},"J4o":{"weight":1.0,"played":[0.1483,0.8517],"evs":[0.0,0.22635]},"Q4o":{"weight":1.0,"played":[0.0149,0.9851],"evs":[0.0,0.46326]},"K4o":{"weight":1.0,"played":[2.0E-4,0.9998],"evs":[0.0,0.49941]},"A4o":{"weight":1.0,"played":[9.0E-4,0.9991],"evs":[0.0,0.44816]},"52s":{"weight":1.0,"played":[0.0073,0.9927],"evs":[0.0,0.8756]},"53s":{"weight":1.0,"played":[0.0056,0.9944],"evs":[0.0,0.92178]},"54s":{"weight":1.0,"played":[0.0373,0.9627],"evs":[0.0,0.8363]},"55":{"weight":1.0,"played":[0.0,1.0],"evs":[0.0,1.29325]},"65o":{"weight":1.0,"played":[0.0043,0.9957],"evs":[0.0,0.66472]},"75o":{"weight":1.0,"played":[0.0049,0.9951],"evs":[0.0,0.48568]},"85o":{"weight":1.0,"played":[0.0038,0.9962],"evs":[0.0,0.50952]},"95o":{"weight":1.0,"played":[0.0323,0.9677],"evs":[0.0,0.41525]},"T5o":{"weight":1.0,"played":[0.0159,0.9841],"evs":[0.0,0.48442]},"J5o":{"weight":1.0,"played":[0.1336,0.8664],"evs":[0.0,0.40552]},"Q5o":{"weight":1.0,"played":[0.0024,0.9976],"evs":[0.0,0.33547]},"K5o":{"weight":1.0,"played":[0.0012,0.9988],"evs":[0.0,0.4665]},"A5o":{"weight":1.0,"played":[0.0222,0.9778],"evs":[0.0,0.49861]},"62s":{"weight":1.0,"played":[0.0158,0.9842],"evs":[0.0,1.01682]},"63s":{"weight":1.0,"played":[0.0624,0.9376],"evs":[0.0,0.64799]},"64s":{"weight":1.0,"played":[0.0,1.0],"evs":[0.0,0.7607]},"65s":{"weight":1.0,"played":[0.0012,0.9988],"evs":[0.0,0.74699]},"66":{"weight":1.0,"played":[9.0E-4,0.9991],"evs":[0.0,1.40504]},"76o":{"weight":1.0,"played":[0.0052,0.9948],"evs":[0.0,0.52031]},"86o":{"weight":1.0,"played":[0.0181,0.9819],"evs":[0.0,0.54038]},"96o":{"weight":1.0,"played":[0.0021,0.9979],"evs":[0.0,0.728]},"T6o":{"weight":1.0,"played":[0.0073,0.9927],"evs":[0.0,0.44148]},"J6o":{"weight":1.0,"played":[0.0057,0.9943],"evs":[0.0,0.38373]},"Q6o":{"weight":1.0,"played":[0.038,0.962],"evs":[0.0,0.37659]},"K6o":{"weight":1.0,"played":[0.0163,0.9837],"evs":[0.0,0.41687]},"A6o":{"weight":1.0,"played":[0.0072,0.9928],"evs":[0.0,0.4285]},"72s":{"weight":1.0,"played":[0.0513,0.9487],"evs":[0.0,0.50673]},"73s":{"weight":1.0,"played":[0.0022,0.9978],"evs":[0.0,0.28226]},"74s":{"weight":1.0,"played":[6.0E-4,0.9994],"evs":[0.0,0.40285]},"75s":{"weight":1.0,"played":[0.0026,0.9974],"evs":[0.0,0.57156]},"76s":{"weight":1.0,"played":[0.0249,0.9751],"evs":[0.0,1.23967]},"77":{"weight":1.0,"played":[0.0031,0.9969],"evs":[0.0,1.47342]},"87o":{"weight":1.0,"played":[0.0021,0.9979],"evs":[0.0,0.66755]},"97o":{"weight":1.0,"played":[0.0015,0.9985],"evs":[0.0,0.75498]},"T7o":{"weight":1.0,"played":[0.0109,0.9891],"evs":[0.0,0.42138]},"J7o":{"weight":1.0,"played":[0.006,0.994],"evs":[0.0,0.48499]},"Q7o":{"weight":1.0,"played":[0.0074,0.9926],"evs":[0.0,0.22382]},"K7o":{"weight":1.0,"played":[0.0035,0.9965],"evs":[0.0,0.59303]},"A7o":{"weight":1.0,"played":[0.0368,0.9632],"evs":[0.0,0.73927]},"82s":{"weight":1.0,"played":[0.0144,0.9856],"evs":[0.0,0.49838]},"83s":{"weight":1.0,"played":[0.1368,0.8632],"evs":[0.0,0.24842]},"84s":{"weight":1.0,"played":[0.0182,0.9818],"evs":[0.0,0.66876]},"85s":{"weight":1.0,"played":[0.0017,0.9983],"evs":[0.0,0.60074]},"86s":{"weight":1.0,"played":[0.0099,0.9901],"evs":[0.0,0.76302]},"87s":{"weight":1.0,"played":[0.0023,0.9977],"evs":[0.0,0.79968]},"88":{"weight":1.0,"played":[0.0,1.0],"evs":[0.0,1.71256]},"98o":{"weight":1.0,"played":[0.0021,0.9979],"evs":[0.0,0.8266]},"T8o":{"weight":1.0,"played":[0.0081,0.9919],"evs":[0.0,0.52665]},"J8o":{"weight":1.0,"played":[0.0042,0.9958],"evs":[0.0,0.53664]},"Q8o":{"weight":1.0,"played":[3.0E-4,0.9997],"evs":[0.0,0.6345]},"K8o":{"weight":1.0,"played":[0.0196,0.9804],"evs":[0.0,0.57397]},"A8o":{"weight":1.0,"played":[0.0,1.0],"evs":[0.0,0.77149]},"92s":{"weight":1.0,"played":[0.0255,0.9745],"evs":[0.0,0.45455]},"93s":{"weight":1.0,"played":[0.0109,0.9891],"evs":[0.0,0.59097]},"94s":{"weight":1.0,"played":[0.0109,0.9891],"evs":[0.0,0.66556]},"95s":{"weight":1.0,"played":[0.0348,0.9652],"evs":[0.0,0.52039]},"96s":{"weight":1.0,"played":[0.0055,0.9945],"evs":[0.0,1.38666]},"97s":{"weight":1.0,"played":[0.003,0.997],"evs":[0.0,1.13035]},"98s":{"weight":1.0,"played":[0.0087,0.9913],"evs":[0.0,0.65349]},"99":{"weight":1.0,"played":[0.0,1.0],"evs":[0.0,1.94979]},"T9o":{"weight":1.0,"played":[0.0015,0.9985],"evs":[0.0,0.84246]},"J9o":{"weight":1.0,"played":[2.0E-4,0.9998],"evs":[0.0,0.81316]},"Q9o":{"weight":1.0,"played":[0.0331,0.9669],"evs":[0.0,0.62828]},"K9o":{"weight":1.0,"played":[0.0,1.0],"evs":[0.0,0.69029]},"A9o":{"weight":1.0,"played":[0.0118,0.9882],"evs":[0.0,0.8013]},"T2s":{"weight":1.0,"played":[0.0135,0.9865],"evs":[0.0,0.60647]},"T3s":{"weight":1.0,"played":[0.0105,0.9895],"evs":[0.0,0.31554]},"T4s":{"weight":1.0,"played":[0.0061,0.9939],"evs":[0.0,0.61436]},"T5s":{"weight":1.0,"played":[0.0047,0.9953],"evs":[0.0,0.58657]},"T6s":{"weight":1.0,"played":[0.0111,0.9889],"evs":[0.0,0.99621]},"T7s":{"weight":1.0,"played":[0.0,1.0],"evs":[0.0,0.68073]},"T8s":{"weight":1.0,"played":[0.0112,0.9888],"evs":[0.0,1.00854]},"T9s":{"weight":1.0,"played":[9.0E-4,0.9991],"evs":[0.0,1.01447]},"TT":{"weight":1.0,"played":[0.0,1.0],"evs":[0.0,2.08126]},"JTo":{"weight":1.0,"played":[0.0,1.0],"evs":[0.0,0.68474]},"QTo":{"weight":1.0,"played":[0.0048,0.9952],"evs":[0.0,0.68115]},"KTo":{"weight":1.0,"played":[0.0016,0.9984],"evs":[0.0,0.73172]},"ATo":{"weight":1.0,"played":[1.0E-4,0.9999],"evs":[0.0,1.02079]},"J2s":{"weight":1.0,"played":[4.0E-4,0.9996],"evs":[0.0,0.94522]},