{"player":3,"street":0,"children":2,"sequence":[{"player":0,"type":"C","amount":3200000,"street":0},{"player":1,"type":"R","amount":41440000,"street":0},{"player":2,"type":"C","amount":39200000,"street":0}],"actions":[{"type":"F","amount":0,"node":754},{"type":"C","amount":2080000,"node":761}],"hands":{"22":{"weight":1.0,"played":[0.0684,0.9316],"evs":[0.0,0.20868]},"32o":{"weight":1.0,"played":[0.9999,1.0E-4],"evs":[0.0,-0.36179]},"42o":{"weight":1.0,"played":[0.9963,0.0037],"evs":[0.0,-0.36113]},"52o":{"weight":1.0,"played":[1.0,0.0],"evs":[0.0,-0.19768]},"62o":{"weight":1.0,"played":[0.997,0.003],"evs":[0.0,-0.2767]},"72o":{"weight":1.0,"played":[0.9999,1.0E-4],"evs":[0.0,-0.43623]},"82o":{"weight":1.0,"played":[1.0,0.0],"evs":[0.0,-0.47211]},"92o":{"weight":1.0,"played":[0.995,0.005],"evs":[0.0,-0.30523]},"T2o":{"weight":1.0,"played":[0.9998,2.0E-4],"evs":[0.0,-0.39041]},"J2o":{"weight":1.0,"played":[0.9961,0.0039],"evs":[0.0,-0.15684]},"Q2o":{"weight":1.0,"played":[1.0,0.0],"evs":[0.0,-0.38345]},"K2o":{"weight":1.0,"played":[0.8487,0.1513],"evs":[0.0,-0.17869]},"A2o":{"weight":1.0,"played":[0.9563,0.0437],"evs":[0.0,-0.37605]},"32s":{"weight":1.0,"played":[0.0562,0.9438],"evs":[0.0,0.10311]},"33":{"weight":1.0,"played":[0.0061,0.9939],"evs":[0.0,0.50559]},"43o":{"weight":1.0,"played":[0.7914,0.2086],"evs":[0.0,-0.07641]},"53o":{"weight":1.0,"played":[0.7304,0.2696],"evs":[0.0,-0.07346]},"63o":{"weight":1.0,"played":[0.9512,0.0488],"evs":[0.0,-0.05325]},"73o":{"weight":1.0,"played":[1.0,0.0],"evs":[0.0,-0.11995]},"83o":{"weight":1.0,"played":[1.0,0.0],"evs":[0.0,-0.18462]},"93o":{"weight":1.0,"played":[0.9998,2.0E-4],"evs":[0.0,-0.23377]},"T3o":{"weight":1.0,"played":[0.9989,0.0011],"evs":[0.0,-0.18803]},"J3o":{"weight":1.0,"played":[0.9985,0.0015],"evs":[0.0,-0.24372]},"Q3o":{"weight":1.0,"played":[0.9999,1.0E-4],"evs":[0.0,-0.25268]},"K3o":{"weight":1.0,"played":[0.9949,0.0051],"evs":[0.0,-0.12161]},"A3o":{"weight":1.0,"played":[0.9855,0.0145],"evs":[0.0,-0.2854]},"42s":{"weight":1.0,"played":[0.306,0.694],"evs":[0.0,-0.00489]},"43s":{"weight":1.0,"played":[0.0121,0.9879],"evs":[0.0,0.23506]},"44":{"weight":1.0,"played":[0.016,0.984],"evs":[0.0,0.39382]},"54o":{"weight":1.0,"played":[0.3137,0.6863],"evs":[0.0,0.11494]},"64o":{"weight":1.0,"played":[0.888,0.112],"evs":[0.0,-0.04991]},"74o":{"weight":1.0,"played":[0.9734,0.0266],"evs":[0.0,-0.16872]},"84o":{"weight":1.0,"played":[0.9925,0.0075],"evs":[0.0,-0.08963]},"94o":{"weight":1.0,"played":[0.9734,0.0266],"evs":[0.0,-0.27128]},"T4o":{"weight":1.0,"played":[0.9863,0.0137],"evs":[0.0,-0.21907]},"J4o":{"weight":1.0,"played":[0.9067,0.0933],"evs":[0.0,-0.20141]},"Q4o":{"weight":1.0,"played":[0.9999,1.0E-4],"evs":[0.0,-0.19627]},"K4o":{"weight":1.0,"played":[0.9714,0.0286],"evs":[0.0,-0.08914]},"A4o":{"weight":1.0,"played":[0.9268,0.0732],"evs":[0.0,-0.1149]},"52s":{"weight":1.0,"played":[0.4811,0.5189],"evs":[0.0,0.01613]},"53s":{"weight":1.0,"played":[0.0101,0.9899],"evs":[0.0,0.21777]},"54s":{"weight":1.0,"played":[0.0036,0.9964],"evs":[0.0,0.28736]},"55":{"weight":1.0,"played":[0.0797,0.9203],"evs":[0.0,0.38331]},"65o":{"weight":1.0,"played":[0.3197,0.6803],"evs":[0.0,0.05422]},"75o":{"weight":1.0,"played":[0.9011,0.0989],"evs":[0.0,-0.15447]},"85o":{"weight":1.0,"played":[0.9924,0.0076],"evs":[0.0,-0.03492]},"95o":{"weight":1.0,"played":[0.9907,0.0093],"evs":[0.0,-0.15894]},"T5o":{"weight":1.0,"played":[0.9968,0.0032],"evs":[0.0,-0.35627]},"J5o":{"weight":1.0,"played":[0.9917,0.0083],"evs":[0.0,-0.23853]},"Q5o":{"weight":1.0,"played":[0.9728,0.0272],"evs":[0.0,-0.14643]},"K5o":{"weight":1.0,"played":[0.8553,0.1447],"evs":[0.0,-0.13149]},"A5o":{"weight":1.0,"played":[0.9808,0.0192],"evs":[0.0,-0.11506]},"62s":{"weight":1.0,"played":[0.6593,0.3407],"evs":[0.0,0.04292]},"63s":{"weight":1.0,"played":[0.3405,0.6595],"evs":[0.0,0.25181]},"64s":{"weight":1.0,"played":[0.5739,0.4261],"evs":[0.0,0.13709]},"65s":{"weight":1.0,"played":[0.0102,0.9898],"evs":[0.0,0.50635]},"66":{"weight":1.0,"played":[0.006,0.994],"evs":[0.0,0.43868]},"76o":{"weight":1.0,"played":[0.2005,0.7995],"evs":[0.0,0.14995]},"86o":{"weight":1.0,"played":[0.0342,0.9658],"evs":[0.0,0.0991]},"96o":{"weight":1.0,"played":[0.8664,0.1336],"evs":[0.0,-0.04406]},"T6o":{"weight":1.0,"played":[0.9985,0.0015],"evs":[0.0,-0.20137]},"J6o":{"weight":1.0,"played":[0.9963,0.0037],"evs":[0.0,-0.03434]},"Q6o":{"weight":1.0,"played":[0.9855,0.0145],"evs":[0.0,-0.06028]},"K6o":{"weight":1.0,"played":[0.2664,0.7336],"evs":[0.0,0.05777]},"A6o":{"weight":1.0,"played":[0.9944,0.0056],"evs":[0.0,-0.28647]},"72s":{"weight":1.0,"played":[0.0203,0.9797],"evs":[0.0,0.06466]},"73s":{"weight":1.0,"played":[0.1561,0.8439],"evs":[0.0,0.06277]},"74s":{"weight":1.0,"played":[0.2093,0.7907],"evs":[0.0,0.09509]},"75s":{"weight":1.0,"played":[0.1089,0.8911],"evs":[0.0,0.34063]},"76s":{"weight":1.0,"played":[0.0188,0.9812],"evs":[0.0,0.33769]},"77":{"weight":1.0,"played":[0.0016,0.9984],"evs":[0.0,0.32855]},"87o":{"weight":1.0,"played":[0.3696,0.6304],"evs":[0.0,-0.00747]},"97o":{"weight":1.0,"played":[0.8182,0.1818],"evs":[0.0,-0.08221]},"T7o":{"weight":1.0,"played":[0.9936,0.0064],"evs":[0.0,-0.09536]},"J7o":{"weight":1.0,"played":[0.7753,0.2247],"evs":[0.0,-0.03406]},"Q7o":{"weight":1.0,"played":[0.9971,0.0029],"evs":[0.0,-0.11525]},"K7o":{"weight":1.0,"played":[0.9967,0.0033],"evs":[0.0,-0.06318]},"A7o":{"weight":1.0,"played":[0.9944,0.0056],"evs":[0.0,-0.2311]},"82s":{"weight":1.0,"played":[0.7095,0.2905],"evs":[0.0,-0.23218]},"83s":{"weight":1.0,"played":[0.2953,0.7047],"evs":[0.0,0.12147]},"84s":{"weight":1.0,"played":[0.0996,0.9004],"evs":[0.0,0.27494]},"85s":{"weight":1.0,"played":[0.1268,0.8732],"evs":[0.0,0.1401]},"86s":{"weight":1.0,"played":[0.0707,0.9293],"evs":[0.0,0.23614]},"87s":{"weight":1.0,"played":[0.1513,0.8487],"evs":[0.0,0.45639]},"88":{"weight":1.0,"played":[0.0025,0.9975],"evs":[0.0,0.67344]},"98o":{"weight":1.0,"played":[0.0444,0.9556],"evs":[0.0,0.1806]},"T8o":{"weight":1.0,"played":[0.4195,0.5805],"evs":[0.0,0.04344]},"J8o":{"weight":1.0,"played":[0.6493,0.3507],"evs":[0.0,0.03424]},"Q8o":{"weight":1.0,"played":[0.6143,0.3857],"evs":[0.0,0.00983]},"K8o":{"weight":1.0,"played":[0.1065,0.8935],"evs":[0.0,0.02576]},"A8o":{"weight":1.0,"played":[0.9985,0.0015],"evs":[0.0,-0.29377]},"92s":{"weight":1.0,"played":[0.6834,0.3166],"evs":[0.0,-0.14377]},"93s":{"weight":1.0,"played":[0.3265,0.6735],"evs":[0.0,0.05108]},"94s":{"weight":1.0,"played":[0.5669,0.4331],"evs":[0.0,0.08462]},"95s":{"weight":1.0,"played":[0.2317,0.7683],"evs":[0.0,0.05756]},"96s":{"weight":1.0,"played":[0.2136,0.7864],"evs":[0.0,0.03974]},"97s":{"weight":1.0,"played":[0.0164,0.9836],"evs":[0.0,0.1172]},"98s":{"weight":1.0,"played":[0.1064,0.8936],"evs":[0.0,0.5248]},"99":{"weight":1.0,"played":[6.0E-4,0.9994],"evs":[0.0,1.01943]},"T9o":{"weight":1.0,"played":[0.0842,0.9158],"evs":[0.0,0.27532]},"J9o":{"weight":1.0,"played":[0.0318,0.9682],"evs":[0.0,0.03473]},"Q9o":{"weight":1.0,"played":[0.1127,0.8873],"evs":[0.0,0.02938]},"K9o":{"weight":1.0,"played":[0.2081,0.7919],"evs":[0.0,0.22109]},"A9o":{"weight":1.0,"played":[0.9923,0.0077],"evs":[0.0,-0.1102]},"T2s":{"weight":1.0,"played":[0.1376,0.8624],"evs":[0.0,0.071]},"T3s":{"weight":1.0,"played":[0.7084,0.2916],"evs":[0.0,-0.05852]},"T4s":{"weight":1.0,"played":[0.9642,0.0358],"evs":[0.0,-0.13605]},"T5s":{"weight":1.0,"played":[0.4306,0.5694],"evs":[0.0,0.03038]},"T6s":{"weight":1.0,"played":[0.1559,0.8441],"evs":[0.0,0.07316]},"T7s":{"weight":1.0,"played":[0.0518,0.9482],"evs":[0.0,0.54432]},"T8s":{"weight":1.0,"played":[0.014,0.986],"evs":[0.0,0.32363]},"T9s":{"weight":1.0,"played":[0.0177,0.9823],"evs":[0.0,0.24794]},"TT":{"weight":1.0,"played":[0.001,0.999],"evs":[0.0,1.45349]},"JTo":{"weight":1.0,"played":[0.0079,0.9921],"evs":[0.0,0.33142]},"QTo":{"weight":1.0,"played":[0.026,0.974],"evs":[0.0,0.21955]},"KTo":{"weight":1.0,"played":[7.0E-4,0.9993],"evs":[0.0,0.24931]},"ATo":{"weight":1.0,"played":[0.0038,0.9962],