{"player":2,"street":0,"children":3,"sequence":[{"player":0,"type":"R","amount":6400000,"street":0},{"player":1,"type":"F","amount":0,"street":0}],"actions":[{"type":"F","amount":0,"node":770},{"type":"C","amount":6400000,"node":791},{"type":"R","amount":39200000,"node":841}],"hands":{"22":{"weight":1.0,"played":[1.0,0.0,0.0],"evs":[0.0,-0.16514,-0.18189]},"32o":{"weight":1.0,"played":[1.0,0.0,0.0],"evs":[0.0,-0.95482,-2.16547]},"42o":{"weight":1.0,"played":[1.0,0.0,0.0],"evs":[0.0,-0.91536,-2.08654]},"52o":{"weight":1.0,"played":[1.0,0.0,0.0],"evs":[0.0,-0.8755,-2.0306]},"62o":{"weight":1.0,"played":[1.0,0.0,0.0],"evs":[0.0,-0.95748,-2.16886]},"72o":{"weight":1.0,"played":[1.0,0.0,0.0],"evs":[0.0,-1.04439,-2.29135]},"82o":{"weight":1.0,"played":[1.0,0.0,0.0],"evs":[0.0,-0.96971,-2.09332]},"92o":{"weight":1.0,"played":[1.0,0.0,0.0],"evs":[0.0,-0.95681,-1.97636]},"T2o":{"weight":1.0,"played":[1.0,0.0,0.0],"evs":[0.0,-0.95193,-1.89409]},"J2o":{"weight":1.0,"played":[1.0,0.0,0.0],"evs":[0.0,-0.87743,-1.678]},"Q2o":{"weight":1.0,"played":[1.0,0.0,0.0],"evs":[0.0,-0.80151,-1.43944]},"K2o":{"weight":1.0,"played":[1.0,0.0,0.0],"evs":[0.0,-0.71241,-1.17327]},"A2o":{"weight":1.0,"played":[1.0,0.0,0.0],"evs":[0.0,-0.56015,-0.80841]},"32s":{"weight":1.0,"played":[1.0,0.0,0.0],"evs":[0.0,-0.62056,-1.49807]},"33":{"weight":1.0,"played":[0.9678,0.0,0.0322],"evs":[0.0,-0.03517,-0.00996]},"43o":{"weight":1.0,"played":[1.0,0.0,0.0],"evs":[0.0,-0.75508,-1.82212]},"53o":{"weight":1.0,"played":[1.0,0.0,0.0],"evs":[0.0,-0.72099,-1.77434]},"63o":{"weight":1.0,"played":[1.0,0.0,0.0],"evs":[0.0,-0.79892,-1.90569]},"73o":{"weight":1.0,"played":[1.0,0.0,0.0],"evs":[0.0,-0.91502,-2.00783]},"83o":{"weight":1.0,"played":[1.0,0.0,0.0],"evs":[0.0,-0.96209,-2.05362]},"93o":{"weight":1.0,"played":[1.0,0.0,0.0],"evs":[0.0,-0.92125,-1.8784]},"T3o":{"weight":1.0,"played":[1.0,0.0,0.0],"evs":[0.0,-0.91076,-1.79659]},"J3o":{"weight":1.0,"played":[1.0,0.0,0.0],"evs":[0.0,-0.84417,-1.59503]},"Q3o":{"weight":1.0,"played":[1.0,0.0,0.0],"evs":[0.0,-0.76574,-1.35995]},"K3o":{"weight":1.0,"played":[1.0,0.0,0.0],"evs":[0.0,-0.66732,-1.07808]},"A3o":{"weight":1.0,"played":[1.0,0.0,0.0],"evs":[0.0,-0.50101,-0.71922]},"42s":{"weight":1.0,"played":[1.0,0.0,0.0],"evs":[0.0,-0.58945,-1.46062]},"43s":{"weight":1.0,"played":[1.0,0.0,0.0],"evs":[0.0,-0.41688,-1.18273]},"44":{"weight":1.0,"played":[1.0E-4,0.0,0.9999],"evs":[0.0,0.10223,0.14087]},"54o":{"weight":1.0,"played":[1.0,0.0,0.0],"evs":[0.0,-0.57583,-1.52695]},"64o":{"weight":1.0,"played":[1.0,0.0,0.0],"evs":[0.0,-0.64339,-1.65761]},"74o":{"weight":1.0,"played":[1.0,0.0,0.0],"evs":[0.0,-0.77189,-1.76611]},"84o":{"weight":1.0,"played":[1.0,0.0,0.0],"evs":[0.0,-0.82411,-1.79714]},"94o":{"weight":1.0,"played":[1.0,0.0,0.0],"evs":[0.0,-0.88771,-1.86866]},"T4o":{"weight":1.0,"played":[1.0,0.0,0.0],"evs":[0.0,-0.8588,-1.72985]},"J4o":{"weight":1.0,"played":[1.0,0.0,0.0],"evs":[0.0,-0.80951,-1.54013]},"Q4o":{"weight":1.0,"played":[1.0,0.0,0.0],"evs":[0.0,-0.71328,-1.29594]},"K4o":{"weight":1.0,"played":[1.0,0.0,0.0],"evs":[0.0,-0.6186,-1.02098]},"A4o":{"weight":1.0,"played":[1.0,0.0,0.0],"evs":[0.0,-0.44575,-0.663]},"52s":{"weight":1.0,"played":[1.0,0.0,0.0],"evs":[0.0,-0.55765,-1.38583]},"53s":{"weight":1.0,"played":[1.0,0.0,0.0],"evs":[0.0,-0.38777,-1.15553]},"54s":{"weight":1.0,"played":[1.0,0.0,0.0],"evs":[0.0,-0.21448,-0.92667]},"55":{"weight":1.0,"played":[0.0,0.0404,0.9596],"evs":[0.0,0.26821,0.28681]},"65o":{"weight":1.0,"played":[1.0,0.0,0.0],"evs":[0.0,-0.50083,-1.43882]},"75o":{"weight":1.0,"played":[1.0,0.0,0.0],"evs":[0.0,-0.61032,-1.54916]},"85o":{"weight":1.0,"played":[1.0,0.0,0.0],"evs":[0.0,-0.67895,-1.57279]},"95o":{"weight":1.0,"played":[1.0,0.0,0.0],"evs":[0.0,-0.76598,-1.65187]},"T5o":{"weight":1.0,"played":[1.0,0.0,0.0],"evs":[0.0,-0.85445,-1.74092]},"J5o":{"weight":1.0,"played":[1.0,0.0,0.0],"evs":[0.0,-0.78477,-1.48475]},"Q5o":{"weight":1.0,"played":[1.0,0.0,0.0],"evs":[0.0,-0.69143,-1.2495]},"K5o":{"weight":1.0,"played":[1.0,0.0,0.0],"evs":[0.0,-0.60833,-0.97751]},"A5o":{"weight":1.0,"played":[1.0,0.0,0.0],"evs":[0.0,-0.36819,-0.58673]},"62s":{"weight":1.0,"played":[1.0,0.0,0.0],"evs":[0.0,-0.6263,-1.52808]},"63s":{"weight":1.0,"played":[1.0,0.0,0.0],"evs":[0.0,-0.47141,-1.28072]},"64s":{"weight":1.0,"played":[1.0,0.0,0.0],"evs":[0.0,-0.30859,-1.04036]},"65s":{"weight":1.0,"played":[1.0,0.0,0.0],"evs":[0.0,-0.15131,-0.84038]},"66":{"weight":1.0,"played":[0.0,0.0259,0.9741],"evs":[0.0,0.49733,0.54413]},"76o":{"weight":1.0,"played":[1.0,0.0,0.0],"evs":[0.0,-0.48582,-1.29998]},"86o":{"weight":1.0,"played":[1.0,0.0,0.0],"evs":[0.0,-0.53904,-1.31421]},"96o":{"weight":1.0,"played":[1.0,0.0,0.0],"evs":[0.0,-0.61951,-1.37401]},"T6o":{"weight":1.0,"played":[1.0,0.0,0.0],"evs":[0.0,-0.74225,-1.46285]},"J6o":{"weight":1.0,"played":[1.0,0.0,0.0],"evs":[0.0,-0.76644,-1.43952]},"Q6o":{"weight":1.0,"played":[1.0,0.0,0.0],"evs":[0.0,-0.65597,-1.15349]},"K6o":{"weight":1.0,"played":[1.0,0.0,0.0],"evs":[0.0,-0.57048,-0.88154]},"A6o":{"weight":1.0,"played":[1.0,0.0,0.0],"evs":[0.0,-0.41485,-0.72941]},"72s":{"weight":1.0,"played":[1.0,0.0,0.0],"evs":[0.0,-0.71092,-1.64651]},"73s":{"weight":1.0,"played":[1.0,0.0,0.0],"evs":[0.0,-0.57503,-1.37479]},"74s":{"weight":1.0,"played":[1.0,0.0,0.0],"evs":[0.0,-0.43094,-1.13528]},"75s":{"weight":1.0,"played":[1.0,0.0,0.0],"evs":[0.0,-0.28266,-0.94983]},"76s":{"weight":1.0,"played":[1.0,0.0,0.0],"evs":[0.0,-0.11903,-0.69819]},"77":{"weight":1.0,"played":[0.0,0.0,1.0],"evs":[0.0,0.71974,0.90991]},"87o":{"weight":1.0,"played":[1.0,0.0,0.0],"evs":[0.0,-0.47844,-1.08296]},"97o":{"weight":1.0,"played":[1.0,0.0,0.0],"evs":[0.0,-0.49681,-1.13346]},"T7o":{"weight":1.0,"played":[1.0,0.0,0.0],"evs":[0.0,-0.61786,-1.22104]},"J7o":{"weight":1.0,"played":[1.0,0.0,0.0],"evs":[0.0,-0.65837,-1.1958]},"Q7o":{"weight":1.0,"played":[1.0,0.0,0.0],"evs":[0.0,-0.64703,-1.11643]},"K7o":{"weight":1.0,"played":[1.0,0.0,0.0],"evs":[0.0,-0.55248,-0.80098]},"A7o":{"weight":1.0,"played":[1.0,0.0,0.0],"evs":[0.0,-0.36329,-0.60151]},"82s":{"weight":1.0,"played":[1.0,0.0,0.0],"evs":[0.0,-0.65273,-1.43211]},"83s":{"weight":1.0,"played":[1.0,0.0,0.0],"evs":[0.0,-0.63308,-1.40493]},"84s":{"weight":1.0,"played":[1.0,0.0,0.0],"evs":[0.0,-0.48705,-1.17567]},"85s":{"weight":1.0,"played":[1.0,0.0,0.0],"evs":[0.0,-0.33126,-0.96097]},"86s":{"weight":1.0,"played":[1.0,0.0,0.0],"evs":[0.0,-0.16913,-0.71041]},"87s":{"weight":1.0,"played":[1.0,0.0,0.0],"evs":[0.0,-0.11583,-0.50562]},"88":{"weight":1.0,"played":[0.0,0.0,1.0],"evs":[0.0,1.07879,1.47719]},"98o":{"weight":1.0,"played":[1.0,0.0,0.0],"evs":[0.0,-0.39254,-0.87677]},"T8o":{"weight":1.0,"played":[1.0,0.0,0.0],"evs":[0.0,-0.46931,-0.90743]},"J8o":{"weight":1.0,"played":[1.0,0.0,0.0],"evs":[0.0,-0.52162,-0.88566]},"Q8o":{"weight":1.0,"played":[1.0,0.0,0.0],"evs":[0.0,-0.52267,-0.80886]},"K8o":{"weight":1.0,"played":[1.0,0.0,0.0],"evs":[0.0,-0.51699,-0.71075]},"A8o":{"weight":1.0,"played":[1.0,0.0,0.0],"evs":[0.0,-0.26991,-0.45083]},"92s":{"weight":1.0,"played":[1.0,0.0,0.0],"evs":[0.0,-0.6286,-1.30868]},"93s":{"weight":1.0,"played":[1.0,0.0,0.0],"evs":[0.0,-0.6039,-1.26114]},"94s":{"weight":1.0,"played":[1.0,0.0,0.0],"evs":[0.0,-0.55938,-1.24108]},"95s":{"weight":1.0,"played":[1.0,0.0,0.0],"evs":[0.0,-0.44268,-1.01593]},"96s":{"weight":1.0,"played":[1.0,0.0,0.0],"evs":[0.0,-0.27067,-0.77872]},"97s":{"weight":1.0,"played":[1.0,0.0,0.0],"evs":[0.0,-0.15851,-0.53031]},"98s":{"weight":1.0,"played":[1.0,0.0,0.0],"evs":[0.0,-0.02995,-0.30282]},"99":{"weight":1.0,"played":[0.0,0.0,1.0],"evs":[0.0,1.47467,2.04012]},"T9o":{"weight":1.0,"played":[1.0,0.0,0.0],"evs":[0.0,-0.36876,-0.66824]},"J9o":{"weight":1.0,"played":[1.0,0.0,0.0],"evs":[0.0,-0.38661,-0.64188]},"Q9o":{"weight":1.0,"played":[1.0,0.0,0.0],"evs":[0.0,-0.39155,-0.58013]},"K9o":{"weight":1.0,"played":[1.0,0.0,0.0],"evs":[0.0,-0.38684,-0.46398]},"A9o":{"weight":1.0,"played":[1.0,0.0,0.0],"evs":[0.0,-0.16761,-0.35225]},"T2s":{"weight":1.0,