{"player":3,"street":0,"children":2,"sequence":[{"player":0,"type":"R","amount":6400000,"street":0},{"player":1,"type":"F","amount":0,"street":0},{"player":2,"type":"R","amount":39200000,"street":0}],"actions":[{"type":"F","amount":0,"node":842},{"type":"C","amount":2080000,"node":849}],"hands":{"22":{"weight":1.0,"played":[0.0,1.0],"evs":[0.0,0.66637]},"32o":{"weight":1.0,"played":[0.0302,0.9698],"evs":[0.0,0.0268]},"42o":{"weight":1.0,"played":[5.0E-4,0.9995],"evs":[0.0,0.05965]},"52o":{"weight":1.0,"played":[0.0,1.0],"evs":[0.0,0.09566]},"62o":{"weight":1.0,"played":[0.0037,0.9963],"evs":[0.0,0.03964]},"72o":{"weight":1.0,"played":[1.0,0.0],"evs":[0.0,-0.02615]},"82o":{"weight":1.0,"played":[0.0047,0.9953],"evs":[0.0,0.02292]},"92o":{"weight":1.0,"played":[0.0,1.0],"evs":[0.0,0.03186]},"T2o":{"weight":1.0,"played":[1.0E-4,0.9999],"evs":[0.0,0.01379]},"J2o":{"weight":1.0,"played":[4.0E-4,0.9996],"evs":[0.0,0.05696]},"Q2o":{"weight":1.0,"played":[3.0E-4,0.9997],"evs":[0.0,0.10606]},"K2o":{"weight":1.0,"played":[0.0,1.0],"evs":[0.0,0.20228]},"A2o":{"weight":1.0,"played":[0.0,1.0],"evs":[0.0,0.38582]},"32s":{"weight":1.0,"played":[0.0,1.0],"evs":[0.0,0.28005]},"33":{"weight":1.0,"played":[0.0,1.0],"evs":[0.0,0.69436]},"43o":{"weight":1.0,"played":[0.0,1.0],"evs":[0.0,0.15466]},"53o":{"weight":1.0,"played":[0.0,1.0],"evs":[0.0,0.20275]},"63o":{"weight":1.0,"played":[0.0,1.0],"evs":[0.0,0.14742]},"73o":{"weight":1.0,"played":[1.0E-4,0.9999],"evs":[0.0,0.07963]},"83o":{"weight":1.0,"played":[0.0269,0.9731],"evs":[0.0,0.02584]},"93o":{"weight":1.0,"played":[0.0,1.0],"evs":[0.0,0.06685]},"T3o":{"weight":1.0,"played":[0.0,1.0],"evs":[0.0,0.02968]},"J3o":{"weight":1.0,"played":[0.0,1.0],"evs":[0.0,0.08075]},"Q3o":{"weight":1.0,"played":[0.0,1.0],"evs":[0.0,0.13504]},"K3o":{"weight":1.0,"played":[0.0,1.0],"evs":[0.0,0.23401]},"A3o":{"weight":1.0,"played":[0.0,1.0],"evs":[0.0,0.40611]},"42s":{"weight":1.0,"played":[0.0,1.0],"evs":[0.0,0.30258]},"43s":{"weight":1.0,"played":[0.0,1.0],"evs":[0.0,0.40411]},"44":{"weight":1.0,"played":[0.0,1.0],"evs":[0.0,0.76562]},"54o":{"weight":1.0,"played":[0.0,1.0],"evs":[0.0,0.29247]},"64o":{"weight":1.0,"played":[0.0,1.0],"evs":[0.0,0.24764]},"74o":{"weight":1.0,"played":[0.0,1.0],"evs":[0.0,0.17817]},"84o":{"weight":1.0,"played":[0.0,1.0],"evs":[0.0,0.12958]},"94o":{"weight":1.0,"played":[0.0,1.0],"evs":[0.0,0.06025]},"T4o":{"weight":1.0,"played":[0.0,1.0],"evs":[0.0,0.06228]},"J4o":{"weight":1.0,"played":[0.0,1.0],"evs":[0.0,0.10675]},"Q4o":{"weight":1.0,"played":[0.0,1.0],"evs":[0.0,0.15876]},"K4o":{"weight":1.0,"played":[0.0,1.0],"evs":[0.0,0.26505]},"A4o":{"weight":1.0,"played":[0.0,1.0],"evs":[0.0,0.42773]},"52s":{"weight":1.0,"played":[0.0,1.0],"evs":[0.0,0.34349]},"53s":{"weight":1.0,"played":[0.0,1.0],"evs":[0.0,0.42746]},"54s":{"weight":1.0,"played":[0.0,1.0],"evs":[0.0,0.51794]},"55":{"weight":1.0,"played":[0.0,1.0],"evs":[0.0,0.87916]},"65o":{"weight":1.0,"played":[0.0,1.0],"evs":[0.0,0.35307]},"75o":{"weight":1.0,"played":[0.0,1.0],"evs":[0.0,0.28534]},"85o":{"weight":1.0,"played":[0.0,1.0],"evs":[0.0,0.23633]},"95o":{"weight":1.0,"played":[0.0,1.0],"evs":[0.0,0.17438]},"T5o":{"weight":1.0,"played":[0.0,1.0],"evs":[0.0,0.08502]},"J5o":{"weight":1.0,"played":[0.0,1.0],"evs":[0.0,0.14283]},"Q5o":{"weight":1.0,"played":[0.0,1.0],"evs":[0.0,0.1998]},"K5o":{"weight":1.0,"played":[0.0,1.0],"evs":[0.0,0.30789]},"A5o":{"weight":1.0,"played":[0.0,1.0],"evs":[0.0,0.49122]},"62s":{"weight":1.0,"played":[0.0,1.0],"evs":[0.0,0.30105]},"63s":{"weight":1.0,"played":[0.0,1.0],"evs":[0.0,0.37998]},"64s":{"weight":1.0,"played":[0.0,1.0],"evs":[0.0,0.49016]},"65s":{"weight":1.0,"played":[0.0,1.0],"evs":[0.0,0.57916]},"66":{"weight":1.0,"played":[0.0,1.0],"evs":[0.0,1.03272]},"76o":{"weight":1.0,"played":[0.0,1.0],"evs":[0.0,0.38282]},"86o":{"weight":1.0,"played":[0.0,1.0],"evs":[0.0,0.34057]},"96o":{"weight":1.0,"played":[0.0,1.0],"evs":[0.0,0.27652]},"T6o":{"weight":1.0,"played":[0.0,1.0],"evs":[0.0,0.19265]},"J6o":{"weight":1.0,"played":[0.0,1.0],"evs":[0.0,0.16918]},"Q6o":{"weight":1.0,"played":[0.0,1.0],"evs":[0.0,0.23594]},"K6o":{"weight":1.0,"played":[0.0,1.0],"evs":[0.0,0.34208]},"A6o":{"weight":1.0,"played":[0.0,1.0],"evs":[0.0,0.41702]},"72s":{"weight":1.0,"played":[0.0,1.0],"evs":[0.0,0.23305]},"73s":{"weight":1.0,"played":[0.0,1.0],"evs":[0.0,0.32752]},"74s":{"weight":1.0,"played":[0.0,1.0],"evs":[0.0,0.41202]},"75s":{"weight":1.0,"played":[0.0,1.0],"evs":[0.0,0.52987]},"76s":{"weight":1.0,"played":[0.0,1.0],"evs":[0.0,0.60437]},"77":{"weight":1.0,"played":[0.0,1.0],"evs":[0.0,1.15492]},"87o":{"weight":1.0,"played":[0.0,1.0],"evs":[0.0,0.41076]},"97o":{"weight":1.0,"played":[0.0,1.0],"evs":[0.0,0.36268]},"T7o":{"weight":1.0,"played":[0.0,1.0],"evs":[0.0,0.27446]},"J7o":{"weight":1.0,"played":[0.0,1.0],"evs":[0.0,0.2506]},"Q7o":{"weight":1.0,"played":[0.0,1.0],"evs":[0.0,0.23759]},"K7o":{"weight":1.0,"played":[0.0,1.0],"evs":[0.0,0.36234]},"A7o":{"weight":1.0,"played":[0.0,1.0],"evs":[0.0,0.47943]},"82s":{"weight":1.0,"played":[0.0,1.0],"evs":[0.0,0.27249]},"83s":{"weight":1.0,"played":[0.0,1.0],"evs":[0.0,0.28635]},"84s":{"weight":1.0,"played":[0.0,1.0],"evs":[0.0,0.37274]},"85s":{"weight":1.0,"played":[0.0,1.0],"evs":[0.0,0.46803]},"86s":{"weight":1.0,"played":[0.0,1.0],"evs":[0.0,0.56712]},"87s":{"weight":1.0,"played":[0.0,1.0],"evs":[0.0,0.64592]},"88":{"weight":1.0,"played":[0.0,1.0],"evs":[0.0,1.29675]},"98o":{"weight":1.0,"played":[0.0,1.0],"evs":[0.0,0.43033]},"T8o":{"weight":1.0,"played":[0.0,1.0],"evs":[0.0,0.37627]},"J8o":{"weight":1.0,"played":[0.0,1.0],"evs":[0.0,0.34696]},"Q8o":{"weight":1.0,"played":[0.0,1.0],"evs":[0.0,0.3303]},"K8o":{"weight":1.0,"played":[0.0,1.0],"evs":[0.0,0.37389]},"A8o":{"weight":1.0,"played":[0.0,1.0],"evs":[0.0,0.52144]},"92s":{"weight":1.0,"played":[0.0,1.0],"evs":[0.0,0.28978]},"93s":{"weight":1.0,"played":[0.0,1.0],"evs":[0.0,0.31423]},"94s":{"weight":1.0,"played":[0.0,1.0],"evs":[0.0,0.31414]},"95s":{"weight":1.0,"played":[0.0,1.0],"evs":[0.0,0.43619]},"96s":{"weight":1.0,"played":[0.0,1.0],"evs":[0.0,0.52519]},"97s":{"weight":1.0,"played":[0.0,1.0],"evs":[0.0,0.6079]},"98s":{"weight":1.0,"played":[0.0,1.0],"evs":[0.0,0.65889]},"99":{"weight":1.0,"played":[0.0,1.0],"evs":[0.0,1.48564]},"T9o":{"weight":1.0,"played":[0.0,1.0],"evs":[0.0,0.4462]},"J9o":{"weight":1.0,"played":[0.0,1.0],"evs":[0.0,0.41429]},"Q9o":{"weight":1.0,"played":[0.0,1.0],"evs":[0.0,0.41321]},"K9o":{"weight":1.0,"played":[0.0,1.0],"evs":[0.0,0.48231]},"A9o":{"weight":1.0,"played":[0.0,1.0],"evs":[0.0,0.58768]},"T2s":{"weight":1.0,"played":[0.0,1.0],"evs":[0.0,0.26417]},"T3s":{"weight":1.0,"played":[0.0,1.0],"evs":[0.0,0.2785]},"T4s":{"weight":1.0,"played":[0.0,1.0],"evs":[0.0,0.31448]},"T5s":{"weight":1.0,"played":[0.0,1.0],"evs":[0.0,0.32912]},"T6s":{"weight":1.0,"played":[0.0,1.0],"evs":[0.0,0.43208]},"T7s":{"weight":1.0,"played":[0.0,1.0],"evs":[0.0,0.52457]},"T8s":{"weight":1.0,"played":[0.0,1.0],"evs":[0.0,0.60558]},"T9s":{"weight":1.0,"played":[0.0,1.0],"evs":[0.0,0.68735]},"TT":{"weight":1.0,"played":[0.0,1.0],"evs":[0.0,1.76685]},"JTo":{"weight":1.0,"played":[0.0,1.0],"evs":[0.0,0.50379]},"QTo":{"weight":1.0,"played":[0.0,1.0],"evs":[0.0,0.52575]},"KTo":{"weight":1.0,"played":[0.0,1.0],"evs":[0.0,0.60449]},"ATo":{"weight":1.0,"played":[0.0,1.0],"evs":[0.0,0.79495]},"J2s":{"weight":1.0,"played":[0.0,1.0],"evs":[0.0,0.31369]},"J3s":{"weight":1.0,"played":[0.0,1.0],"evs":[0.0,0.32124]},"J4s":{"weight":1.0,"played":[0.0,1.0],"evs":[0.0,0.35415]},"J5s":{"weight":1.0,"played":[0.0,1.0],"evs":[0.0,0.40753]},"J6s":{"weight":1.0,"played":[0.0,1.0],"evs":[0.0,0.41466]},"J7s":{"weight":1.0,"played":[0.0,1.0],"evs":[0.0,0.49769]},"J8s":{"weight":1.0,"played":[0.0,1.0],"evs":[0.0,0.5845]},"J9s":{"weight":1.0,"played":[0.0,1.0],"evs":[0.0,0.65449]},"JTs":{"weight":1.0,"played":[0.0,1.0],"evs":[0.0,0.74486]},"JJ":{"weight":1.0,"played":[0.0,1.0],"evs":[0.0,2.10819]},"QJo":{"weight":1.0,"played":[0.0,1.0],