{"player":3,"street":0,"children":2,"sequence":[{"player":0,"type":"R","amount":1690000,"street":0},{"player":1,"type":"C","amount":1690000,"street":0},{"player":2,"type":"R","amount":2970000,"street":0}],"actions":[{"type":"F","amount":0,"node":196},{"type":"R","amount":12410000,"node":203}],"hands":{"22":{"weight":1.0,"played":[0.985,0.015],"evs":[0.0,-0.80562]},"32o":{"weight":1.0,"played":[1.0,0.0],"evs":[0.0,-3.74382]},"42o":{"weight":1.0,"played":[1.0,0.0],"evs":[0.0,-3.88158]},"52o":{"weight":1.0,"played":[1.0,0.0],"evs":[0.0,-3.13552]},"62o":{"weight":1.0,"played":[1.0,0.0],"evs":[0.0,-3.43873]},"72o":{"weight":1.0,"played":[1.0,0.0],"evs":[0.0,-4.8094]},"82o":{"weight":1.0,"played":[1.0,0.0],"evs":[0.0,-3.93689]},"92o":{"weight":1.0,"played":[1.0,0.0],"evs":[0.0,-3.76399]},"T2o":{"weight":1.0,"played":[1.0,0.0],"evs":[0.0,-4.06603]},"J2o":{"weight":1.0,"played":[1.0,0.0],"evs":[0.0,-4.09775]},"Q2o":{"weight":1.0,"played":[0.9997,3.0E-4],"evs":[0.0,-4.13479]},"K2o":{"weight":1.0,"played":[0.9999,1.0E-4],"evs":[0.0,-2.85024]},"A2o":{"weight":1.0,"played":[1.0,0.0],"evs":[0.0,-2.935]},"32s":{"weight":1.0,"played":[0.9996,4.0E-4],"evs":[0.0,-2.31279]},"33":{"weight":1.0,"played":[0.9827,0.0173],"evs":[0.0,-1.65336]},"43o":{"weight":1.0,"played":[1.0,0.0],"evs":[0.0,-3.29007]},"53o":{"weight":1.0,"played":[0.9997,3.0E-4],"evs":[0.0,-2.85263]},"63o":{"weight":1.0,"played":[0.9999,1.0E-4],"evs":[0.0,-3.3842]},"73o":{"weight":1.0,"played":[1.0,0.0],"evs":[0.0,-3.78304]},"83o":{"weight":1.0,"played":[1.0,0.0],"evs":[0.0,-3.99538]},"93o":{"weight":1.0,"played":[1.0,0.0],"evs":[0.0,-4.3334]},"T3o":{"weight":1.0,"played":[0.9999,1.0E-4],"evs":[0.0,-4.50037]},"J3o":{"weight":1.0,"played":[1.0,0.0],"evs":[0.0,-4.59193]},"Q3o":{"weight":1.0,"played":[0.9999,1.0E-4],"evs":[0.0,-4.37572]},"K3o":{"weight":1.0,"played":[1.0,0.0],"evs":[0.0,-3.35111]},"A3o":{"weight":1.0,"played":[0.9991,9.0E-4],"evs":[0.0,-2.59681]},"42s":{"weight":1.0,"played":[0.9994,6.0E-4],"evs":[0.0,-2.78203]},"43s":{"weight":1.0,"played":[0.9812,0.0188],"evs":[0.0,-1.25231]},"44":{"weight":1.0,"played":[0.5341,0.4659],"evs":[0.0,-0.12933]},"54o":{"weight":1.0,"played":[0.9998,2.0E-4],"evs":[0.0,-3.00017]},"64o":{"weight":1.0,"played":[1.0,0.0],"evs":[0.0,-2.78364]},"74o":{"weight":1.0,"played":[1.0,0.0],"evs":[0.0,-3.3001]},"84o":{"weight":1.0,"played":[1.0,0.0],"evs":[0.0,-3.24335]},"94o":{"weight":1.0,"played":[0.9999,1.0E-4],"evs":[0.0,-3.92288]},"T4o":{"weight":1.0,"played":[0.9997,3.0E-4],"evs":[0.0,-4.25011]},"J4o":{"weight":1.0,"played":[1.0,0.0],"evs":[0.0,-4.59727]},"Q4o":{"weight":1.0,"played":[0.9993,7.0E-4],"evs":[0.0,-3.67696]},"K4o":{"weight":1.0,"played":[1.0,0.0],"evs":[0.0,-3.19377]},"A4o":{"weight":1.0,"played":[0.9999,1.0E-4],"evs":[0.0,-2.60549]},"52s":{"weight":1.0,"played":[0.9947,0.0053],"evs":[0.0,-3.11879]},"53s":{"weight":1.0,"played":[0.9969,0.0031],"evs":[0.0,-2.40604]},"54s":{"weight":1.0,"played":[0.8151,0.1849],"evs":[0.0,-1.13176]},"55":{"weight":1.0,"played":[0.75,0.25],"evs":[0.0,-0.37268]},"65o":{"weight":1.0,"played":[0.9991,9.0E-4],"evs":[0.0,-2.31895]},"75o":{"weight":1.0,"played":[0.9998,2.0E-4],"evs":[0.0,-2.48163]},"85o":{"weight":1.0,"played":[1.0,0.0],"evs":[0.0,-2.91131]},"95o":{"weight":1.0,"played":[0.9999,1.0E-4],"evs":[0.0,-2.70943]},"T5o":{"weight":1.0,"played":[1.0,0.0],"evs":[0.0,-4.31483]},"J5o":{"weight":1.0,"played":[1.0,0.0],"evs":[0.0,-4.14682]},"Q5o":{"weight":1.0,"played":[0.9999,1.0E-4],"evs":[0.0,-3.24166]},"K5o":{"weight":1.0,"played":[0.9999,1.0E-4],"evs":[0.0,-3.0658]},"A5o":{"weight":1.0,"played":[0.9999,1.0E-4],"evs":[0.0,-1.9888]},"62s":{"weight":1.0,"played":[1.0,0.0],"evs":[0.0,-2.15632]},"63s":{"weight":1.0,"played":[0.9857,0.0143],"evs":[0.0,-2.65934]},"64s":{"weight":1.0,"played":[0.9933,0.0067],"evs":[0.0,-1.0726]},"65s":{"weight":1.0,"played":[0.9689,0.0311],"evs":[0.0,-1.57067]},"66":{"weight":1.0,"played":[0.9671,0.0329],"evs":[0.0,-0.73203]},"76o":{"weight":1.0,"played":[0.9981,0.0019],"evs":[0.0,-2.19208]},"86o":{"weight":1.0,"played":[0.9998,2.0E-4],"evs":[0.0,-2.8746]},"96o":{"weight":1.0,"played":[0.9999,1.0E-4],"evs":[0.0,-2.88393]},"T6o":{"weight":1.0,"played":[0.9995,5.0E-4],"evs":[0.0,-2.87078]},"J6o":{"weight":1.0,"played":[0.9999,1.0E-4],"evs":[0.0,-3.98993]},"Q6o":{"weight":1.0,"played":[0.9982,0.0018],"evs":[0.0,-2.99742]},"K6o":{"weight":1.0,"played":[1.0,0.0],"evs":[0.0,-2.76107]},"A6o":{"weight":1.0,"played":[0.999,0.001],"evs":[0.0,-2.98734]},"72s":{"weight":1.0,"played":[0.9999,1.0E-4],"evs":[0.0,-3.21347]},"73s":{"weight":1.0,"played":[0.9941,0.0059],"evs":[0.0,-2.33947]},"74s":{"weight":1.0,"played":[0.9998,2.0E-4],"evs":[0.0,-2.45661]},"75s":{"weight":1.0,"played":[0.9723,0.0277],"evs":[0.0,-1.47599]},"76s":{"weight":1.0,"played":[0.8927,0.1073],"evs":[0.0,-1.13964]},"77":{"weight":1.0,"played":[0.9536,0.0464],"evs":[0.0,-0.65787]},"87o":{"weight":1.0,"played":[1.0,0.0],"evs":[0.0,-2.13016]},"97o":{"weight":1.0,"played":[0.9999,1.0E-4],"evs":[0.0,-1.8656]},"T7o":{"weight":1.0,"played":[0.9992,8.0E-4],"evs":[0.0,-3.14055]},"J7o":{"weight":1.0,"played":[1.0,0.0],"evs":[0.0,-2.88097]},"Q7o":{"weight":1.0,"played":[0.9993,7.0E-4],"evs":[0.0,-3.20591]},"K7o":{"weight":1.0,"played":[1.0,0.0],"evs":[0.0,-2.55526]},"A7o":{"weight":1.0,"played":[0.9996,4.0E-4],"evs":[0.0,-1.81955]},"82s":{"weight":1.0,"played":[0.9999,1.0E-4],"evs":[0.0,-2.78857]},"83s":{"weight":1.0,"played":[0.9986,0.0014],"evs":[0.0,-2.72736]},"84s":{"weight":1.0,"played":[0.9993,7.0E-4],"evs":[0.0,-1.74355]},"85s":{"weight":1.0,"played":[0.9832,0.0168],"evs":[0.0,-1.41251]},"86s":{"weight":1.0,"played":[0.9991,9.0E-4],"evs":[0.0,-1.87064]},"87s":{"weight":1.0,"played":[0.9999,1.0E-4],"evs":[0.0,-1.32511]},"88":{"weight":1.0,"played":[0.9181,0.0819],"evs":[0.0,-0.9668]},"98o":{"weight":1.0,"played":[0.9999,1.0E-4],"evs":[0.0,-2.89105]},"T8o":{"weight":1.0,"played":[1.0,0.0],"evs":[0.0,-2.16534]},"J8o":{"weight":1.0,"played":[0.9998,2.0E-4],"evs":[0.0,-3.17273]},"Q8o":{"weight":1.0,"played":[0.9997,3.0E-4],"evs":[0.0,-2.63646]},"K8o":{"weight":1.0,"played":[0.9998,2.0E-4],"evs":[0.0,-2.98582]},"A8o":{"weight":1.0,"played":[0.9995,5.0E-4],"evs":[0.0,-2.97345]},"92s":{"weight":1.0,"played":[1.0,0.0],"evs":[0.0,-2.75621]},"93s":{"weight":1.0,"played":[0.9519,0.0481],"evs":[0.0,-2.39192]},"94s":{"weight":1.0,"played":[1.0,0.0],"evs":[0.0,-2.39053]},"95s":{"weight":1.0,"played":[0.9983,0.0017],"evs":[0.0,-2.20925]},"96s":{"weight":1.0,"played":[0.9998,2.0E-4],"evs":[0.0,-0.87029]},"97s":{"weight":1.0,"played":[0.9998,2.0E-4],"evs":[0.0,-1.3292]},"98s":{"weight":1.0,"played":[0.9957,0.0043],"evs":[0.0,-0.37669]},"99":{"weight":1.0,"played":[0.0841,0.9159],"evs":[0.0,1.65679]},"T9o":{"weight":1.0,"played":[1.0,0.0],"evs":[0.0,-2.07879]},"J9o":{"weight":1.0,"played":[0.9997,3.0E-4],"evs":[0.0,-2.44382]},"Q9o":{"weight":1.0,"played":[0.9996,4.0E-4],"evs":[0.0,-3.00571]},"K9o":{"weight":1.0,"played":[0.9999,1.0E-4],"evs":[0.0,-2.25611]},"A9o":{"weight":1.0,"played":[0.9991,9.0E-4],"evs":[0.0,-2.79106]},"T2s":{"weight":1.0,"played":[0.9989,0.0011],"evs":[0.0,-1.90221]},"T3s":{"weight":1.0,"played":[0.9997,3.0E-4],"evs":[0.0,-1.8083]},"T4s":{"weight":1.0,"played":[0.9996,4.0E-4],"evs":[0.0,-1.55144]},"T5s":{"weight":1.0,"played":[1.0,0.0],"evs":[0.0,-2.994]},"T6s":{"weight":1.0,"played":[0.996,0.004],"evs":[0.0,-2.33015]},"T7s":{"weight":1.0,"played":[0.9978,0.0022],"evs":[0.0,-2.13066]},"T8s":{"weight":1.0,"played":[0.9994,6.0E-4],"evs":[0.0,-1.87772]},"T9s":{"weight":1.0,"played":[0.9994,6.0E-4],"evs":[0.0,-2.6021]},"TT":{"weight":1.0,"played":[1.0E-4,0.9999],"evs":[0.0,1.0365]},"JTo":{"weight":1.0,"played":[0.9999,1.0E-4],"evs":[0.0,-3.02126]},"QTo":{"weight":1.0,"played":[0.9998,2.0E-4],"evs":[0.0,-3.01076]},"KTo":{"weight":1.0,"played":[0.9979,0.0021],"evs":[0.0,-2.12987]},"ATo":{"weight":1.0,"played":[0.9977,0.0023],"evs":[0.0,-2.94719]},"J2s":{"weight":1.0,"played":[0.9994,6.0E-4],"evs":[0.0,-2.73033]},"J3s":{"weight":1.0,