{"player":2,"street":0,"children":3,"sequence":[{"player":0,"type":"R","amount":1690000,"street":0},{"player":1,"type":"F","amount":0,"street":0}],"actions":[{"type":"F","amount":0,"node":70},{"type":"C","amount":1690000},{"type":"R","amount":2970000,"node":89}],"hands":{"22":{"weight":1.0,"played":[1.0,0.0,0.0],"evs":[0.0,-1.32029,-1.37141]},"32o":{"weight":1.0,"played":[1.0,0.0,0.0],"evs":[0.0,-3.36361,-4.01857]},"42o":{"weight":1.0,"played":[1.0,0.0,0.0],"evs":[0.0,-3.1974,-3.82168]},"52o":{"weight":1.0,"played":[1.0,0.0,0.0],"evs":[0.0,-3.07219,-3.64003]},"62o":{"weight":1.0,"played":[1.0,0.0,0.0],"evs":[0.0,-3.23966,-3.80646]},"72o":{"weight":1.0,"played":[1.0,0.0,0.0],"evs":[0.0,-3.4173,-3.98706]},"82o":{"weight":1.0,"played":[1.0,0.0,0.0],"evs":[0.0,-3.20914,-3.70294]},"92o":{"weight":1.0,"played":[1.0,0.0,0.0],"evs":[0.0,-3.09404,-3.47161]},"T2o":{"weight":1.0,"played":[1.0,0.0,0.0],"evs":[0.0,-2.9958,-3.29044]},"J2o":{"weight":1.0,"played":[1.0,0.0,0.0],"evs":[0.0,-2.81703,-3.02678]},"Q2o":{"weight":1.0,"played":[1.0,0.0,0.0],"evs":[0.0,-2.53037,-2.64443]},"K2o":{"weight":1.0,"played":[1.0,0.0,0.0],"evs":[0.0,-2.2192,-2.24307]},"A2o":{"weight":1.0,"played":[1.0,0.0,0.0],"evs":[0.0,-1.50053,-1.47102]},"32s":{"weight":1.0,"played":[1.0,0.0,0.0],"evs":[0.0,-2.59978,-3.13362]},"33":{"weight":1.0,"played":[1.0,0.0,0.0],"evs":[0.0,-0.92684,-0.92692]},"43o":{"weight":1.0,"played":[1.0,0.0,0.0],"evs":[0.0,-2.89611,-3.4443]},"53o":{"weight":1.0,"played":[1.0,0.0,0.0],"evs":[0.0,-2.71184,-3.22596]},"63o":{"weight":1.0,"played":[1.0,0.0,0.0],"evs":[0.0,-2.89007,-3.3771]},"73o":{"weight":1.0,"played":[1.0,0.0,0.0],"evs":[0.0,-3.06865,-3.55747]},"83o":{"weight":1.0,"played":[1.0,0.0,0.0],"evs":[0.0,-3.15496,-3.61351]},"93o":{"weight":1.0,"played":[1.0,0.0,0.0],"evs":[0.0,-2.9976,-3.32669]},"T3o":{"weight":1.0,"played":[1.0,0.0,0.0],"evs":[0.0,-2.88436,-3.1208]},"J3o":{"weight":1.0,"played":[1.0,0.0,0.0],"evs":[0.0,-2.69646,-2.84476]},"Q3o":{"weight":1.0,"played":[1.0,0.0,0.0],"evs":[0.0,-2.3929,-2.45945]},"K3o":{"weight":1.0,"played":[1.0,0.0,0.0],"evs":[0.0,-2.06826,-2.04624]},"A3o":{"weight":1.0,"played":[1.0,0.0,0.0],"evs":[0.0,-1.33608,-1.25335]},"42s":{"weight":1.0,"played":[1.0,0.0,0.0],"evs":[0.0,-2.42772,-2.93324]},"43s":{"weight":1.0,"played":[1.0,0.0,0.0],"evs":[0.0,-2.1037,-2.56342]},"44":{"weight":1.0,"played":[1.0,0.0,0.0],"evs":[0.0,-0.4403,-0.39637]},"54o":{"weight":1.0,"played":[1.0,0.0,0.0],"evs":[0.0,-2.377,-2.83894]},"64o":{"weight":1.0,"played":[1.0,0.0,0.0],"evs":[0.0,-2.5323,-2.97674]},"74o":{"weight":1.0,"played":[1.0,0.0,0.0],"evs":[0.0,-2.70738,-3.11602]},"84o":{"weight":1.0,"played":[1.0,0.0,0.0],"evs":[0.0,-2.81724,-3.19187]},"94o":{"weight":1.0,"played":[1.0,0.0,0.0],"evs":[0.0,-2.89795,-3.20506]},"T4o":{"weight":1.0,"played":[1.0,0.0,0.0],"evs":[0.0,-2.74217,-2.93831]},"J4o":{"weight":1.0,"played":[1.0,0.0,0.0],"evs":[0.0,-2.56335,-2.67425]},"Q4o":{"weight":1.0,"played":[1.0,0.0,0.0],"evs":[0.0,-2.2504,-2.28993]},"K4o":{"weight":1.0,"played":[1.0,0.0,0.0],"evs":[0.0,-1.93218,-1.89198]},"A4o":{"weight":1.0,"played":[1.0,0.0,0.0],"evs":[0.0,-1.15896,-1.06711]},"52s":{"weight":1.0,"played":[1.0,0.0,0.0],"evs":[0.0,-2.29268,-2.75996]},"53s":{"weight":1.0,"played":[1.0,0.0,0.0],"evs":[0.0,-1.97708,-2.41569]},"54s":{"weight":1.0,"played":[1.0,0.0,0.0],"evs":[0.0,-1.64157,-2.02146]},"55":{"weight":1.0,"played":[0.0,0.0,1.0],"evs":[0.0,0.08201,0.15341]},"65o":{"weight":1.0,"played":[1.0,0.0,0.0],"evs":[0.0,-2.16757,-2.55784]},"75o":{"weight":1.0,"played":[1.0,0.0,0.0],"evs":[0.0,-2.35677,-2.72092]},"85o":{"weight":1.0,"played":[1.0,0.0,0.0],"evs":[0.0,-2.46576,-2.77969]},"95o":{"weight":1.0,"played":[1.0,0.0,0.0],"evs":[0.0,-2.57456,-2.80036]},"T5o":{"weight":1.0,"played":[1.0,0.0,0.0],"evs":[0.0,-2.66744,-2.8376]},"J5o":{"weight":1.0,"played":[1.0,0.0,0.0],"evs":[0.0,-2.42687,-2.51618]},"Q5o":{"weight":1.0,"played":[1.0,0.0,0.0],"evs":[0.0,-2.11543,-2.11592]},"K5o":{"weight":1.0,"played":[1.0,0.0,0.0],"evs":[0.0,-1.77725,-1.70807]},"A5o":{"weight":1.0,"played":[1.0,0.0,0.0],"evs":[0.0,-0.9684,-0.87226]},"62s":{"weight":1.0,"played":[1.0,0.0,0.0],"evs":[0.0,-2.45155,-2.89847]},"63s":{"weight":1.0,"played":[1.0,0.0,0.0],"evs":[0.0,-2.10544,-2.53008]},"64s":{"weight":1.0,"played":[1.0,0.0,0.0],"evs":[0.0,-1.73629,-2.11932]},"65s":{"weight":1.0,"played":[1.0,0.0,0.0],"evs":[0.0,-1.40109,-1.73293]},"66":{"weight":1.0,"played":[0.0,0.0,1.0],"evs":[0.0,0.61389,0.70364]},"76o":{"weight":1.0,"played":[1.0,0.0,0.0],"evs":[0.0,-2.02761,-2.34161]},"86o":{"weight":1.0,"played":[1.0,0.0,0.0],"evs":[0.0,-2.08151,-2.35422]},"96o":{"weight":1.0,"played":[1.0,0.0,0.0],"evs":[0.0,-2.22592,-2.40929]},"T6o":{"weight":1.0,"played":[1.0,0.0,0.0],"evs":[0.0,-2.30856,-2.44114]},"J6o":{"weight":1.0,"played":[1.0,0.0,0.0],"evs":[0.0,-2.33719,-2.4095]},"Q6o":{"weight":1.0,"played":[1.0,0.0,0.0],"evs":[0.0,-1.97783,-1.96548]},"K6o":{"weight":1.0,"played":[1.0,0.0,0.0],"evs":[0.0,-1.62342,-1.55054]},"A6o":{"weight":1.0,"played":[1.0,0.0,0.0],"evs":[0.0,-1.07973,-0.9912]},"72s":{"weight":1.0,"played":[1.0,0.0,0.0],"evs":[0.0,-2.61584,-3.06176]},"73s":{"weight":1.0,"played":[1.0,0.0,0.0],"evs":[0.0,-2.26735,-2.65795]},"74s":{"weight":1.0,"played":[1.0,0.0,0.0],"evs":[0.0,-1.94498,-2.2869]},"75s":{"weight":1.0,"played":[1.0,0.0,0.0],"evs":[0.0,-1.5507,-1.84616]},"76s":{"weight":1.0,"played":[1.0,0.0,0.0],"evs":[0.0,-1.26539,-1.52165]},"77":{"weight":1.0,"played":[0.0,1.0E-4,0.9999],"evs":[0.0,1.12217,1.23631]},"87o":{"weight":1.0,"played":[1.0,0.0,0.0],"evs":[0.0,-1.83965,-2.08627]},"97o":{"weight":1.0,"played":[1.0,0.0,0.0],"evs":[0.0,-1.91544,-2.07639]},"T7o":{"weight":1.0,"played":[1.0,0.0,0.0],"evs":[0.0,-2.03059,-2.13254]},"J7o":{"weight":1.0,"played":[1.0,0.0,0.0],"evs":[0.0,-2.05338,-2.09147]},"Q7o":{"weight":1.0,"played":[1.0,0.0,0.0],"evs":[0.0,-1.98105,-1.96056]},"K7o":{"weight":1.0,"played":[1.0,0.0,0.0],"evs":[0.0,-1.53953,-1.45761]},"A7o":{"weight":1.0,"played":[1.0,0.0,0.0],"evs":[0.0,-0.83482,-0.75188]},"82s":{"weight":1.0,"played":[1.0,0.0,0.0],"evs":[0.0,-2.4226,-2.79598]},"83s":{"weight":1.0,"played":[1.0,0.0,0.0],"evs":[0.0,-2.38357,-2.73417]},"84s":{"weight":1.0,"played":[1.0,0.0,0.0],"evs":[0.0,-2.01152,-2.3079]},"85s":{"weight":1.0,"played":[1.0,0.0,0.0],"evs":[0.0,-1.6569,-1.91497]},"86s":{"weight":1.0,"played":[1.0,0.0,0.0],"evs":[0.0,-1.32217,-1.54887]},"87s":{"weight":1.0,"played":[1.0,0.0,0.0],"evs":[0.0,-1.07413,-1.26703]},"88":{"weight":1.0,"played":[0.0,0.0,1.0],"evs":[0.0,1.71996,1.82836]},"98o":{"weight":1.0,"played":[1.0,0.0,0.0],"evs":[0.0,-1.57254,-1.69066]},"T8o":{"weight":1.0,"played":[1.0,0.0,0.0],"evs":[0.0,-1.65097,-1.71316]},"J8o":{"weight":1.0,"played":[1.0,0.0,0.0],"evs":[0.0,-1.67135,-1.68619]},"Q8o":{"weight":1.0,"played":[1.0,0.0,0.0],"evs":[0.0,-1.59574,-1.54609]},"K8o":{"weight":1.0,"played":[1.0,0.0,0.0],"evs":[0.0,-1.40775,-1.31569]},"A8o":{"weight":1.0,"played":[1.0,0.0,0.0],"evs":[0.0,-0.536,-0.46114]},"92s":{"weight":1.0,"played":[1.0,0.0,0.0],"evs":[0.0,-2.29581,-2.5727]},"93s":{"weight":1.0,"played":[1.0,0.0,0.0],"evs":[0.0,-2.1949,-2.43353]},"94s":{"weight":1.0,"played":[1.0,0.0,0.0],"evs":[0.0,-2.15897,-2.38678]},"95s":{"weight":1.0,"played":[1.0,0.0,0.0],"evs":[0.0,-1.77025,-1.95228]},"96s":{"weight":1.0,"played":[1.0,0.0,0.0],"evs":[0.0,-1.42714,-1.56722]},"97s":{"weight":1.0,"played":[1.0,0.0,0.0],"evs":[0.0,-1.15008,-1.27961]},"98s":{"weight":1.0,"played":[1.0,0.0,0.0],"evs":[0.0,-0.83514,-0.93115]},"99":{"weight":1.0,"played":[0.0,0.0,1.0],"evs":[0.0,2.40609,2.51881]},"T9o":{"weight":1.0,"played":[1.0,0.0,0.0],"evs":[0.0,-1.27647,-1.31162]},"J9o":{"weight":1.0,"played":[1.0,0.0,0.0],"evs":[0.0,-1.31396,-1.2982]},"Q9o":{"weight":1.0,"played":[1.0,0.0,0.0],"evs":[0.0,-1.19254,-1.12891]},"K9o":{"weight":1.0,"played":[1.0,0.0,0.0],"evs":[0.0,-0.99747,-0.89742]},"A9o":{"weight":1.0,"played":[0.9997,0.0,3.0E-4],"evs":[0.0,-0.17266,-0.10891]},"T2s":{"weight":1.0,"played":[1.0,0.0,0.0],