{"player":2,"street":0,"children":3,"sequence":[{"player":0,"type":"R","amount":1690000,"street":0},{"player":1,"type":"C","amount":1690000,"street":0}],"actions":[{"type":"F","amount":0,"node":97},{"type":"C","amount":1690000,"node":135},{"type":"R","amount":2970000,"node":195}],"hands":{"22":{"weight":1.0,"played":[1.0,0.0,0.0],"evs":[0.0,-2.11259,-2.16204]},"32o":{"weight":1.0,"played":[1.0,0.0,0.0],"evs":[0.0,-3.21846,-4.54665]},"42o":{"weight":1.0,"played":[1.0,0.0,0.0],"evs":[0.0,-3.04747,-4.41058]},"52o":{"weight":1.0,"played":[1.0,0.0,0.0],"evs":[0.0,-2.95136,-4.06331]},"62o":{"weight":1.0,"played":[1.0,0.0,0.0],"evs":[0.0,-3.07593,-4.32675]},"72o":{"weight":1.0,"played":[1.0,0.0,0.0],"evs":[0.0,-3.15303,-4.50698]},"82o":{"weight":1.0,"played":[1.0,0.0,0.0],"evs":[0.0,-2.99754,-4.3006]},"92o":{"weight":1.0,"played":[1.0,0.0,0.0],"evs":[0.0,-3.06525,-4.44852]},"T2o":{"weight":1.0,"played":[1.0,0.0,0.0],"evs":[0.0,-3.21945,-4.61253]},"J2o":{"weight":1.0,"played":[1.0,0.0,0.0],"evs":[0.0,-3.24958,-4.75739]},"Q2o":{"weight":1.0,"played":[1.0,0.0,0.0],"evs":[0.0,-2.9088,-4.2828]},"K2o":{"weight":1.0,"played":[1.0,0.0,0.0],"evs":[0.0,-2.93629,-4.14551]},"A2o":{"weight":1.0,"played":[1.0,0.0,0.0],"evs":[0.0,-2.3189,-2.55112]},"32s":{"weight":1.0,"played":[1.0,0.0,0.0],"evs":[0.0,-2.58794,-3.41449]},"33":{"weight":1.0,"played":[1.0,0.0,0.0],"evs":[0.0,-1.78578,-1.79509]},"43o":{"weight":1.0,"played":[1.0,0.0,0.0],"evs":[0.0,-2.91702,-4.04313]},"53o":{"weight":1.0,"played":[1.0,0.0,0.0],"evs":[0.0,-2.72354,-3.86558]},"63o":{"weight":1.0,"played":[1.0,0.0,0.0],"evs":[0.0,-2.84491,-4.02346]},"73o":{"weight":1.0,"played":[1.0,0.0,0.0],"evs":[0.0,-2.99357,-4.27118]},"83o":{"weight":1.0,"played":[1.0,0.0,0.0],"evs":[0.0,-3.12137,-4.44394]},"93o":{"weight":1.0,"played":[1.0,0.0,0.0],"evs":[0.0,-3.14628,-4.48571]},"T3o":{"weight":1.0,"played":[1.0,0.0,0.0],"evs":[0.0,-3.20602,-4.56722]},"J3o":{"weight":1.0,"played":[1.0,0.0,0.0],"evs":[0.0,-3.31072,-4.79907]},"Q3o":{"weight":1.0,"played":[1.0,0.0,0.0],"evs":[0.0,-2.99895,-4.28778]},"K3o":{"weight":1.0,"played":[1.0,0.0,0.0],"evs":[0.0,-2.89618,-3.99841]},"A3o":{"weight":1.0,"played":[1.0,0.0,0.0],"evs":[0.0,-2.2058,-2.46394]},"42s":{"weight":1.0,"played":[1.0,0.0,0.0],"evs":[0.0,-2.33964,-3.26737]},"43s":{"weight":1.0,"played":[1.0,0.0,0.0],"evs":[0.0,-2.32759,-3.17974]},"44":{"weight":1.0,"played":[1.0,0.0,0.0],"evs":[0.0,-1.40271,-1.4311]},"54o":{"weight":1.0,"played":[1.0,0.0,0.0],"evs":[0.0,-2.54258,-3.45014]},"64o":{"weight":1.0,"played":[1.0,0.0,0.0],"evs":[0.0,-2.66888,-3.69552]},"74o":{"weight":1.0,"played":[1.0,0.0,0.0],"evs":[0.0,-2.74657,-3.77599]},"84o":{"weight":1.0,"played":[1.0,0.0,0.0],"evs":[0.0,-3.04608,-4.21111]},"94o":{"weight":1.0,"played":[1.0,0.0,0.0],"evs":[0.0,-3.13639,-4.50857]},"T4o":{"weight":1.0,"played":[1.0,0.0,0.0],"evs":[0.0,-3.17762,-4.55013]},"J4o":{"weight":1.0,"played":[1.0,0.0,0.0],"evs":[0.0,-3.30671,-4.72869]},"Q4o":{"weight":1.0,"played":[1.0,0.0,0.0],"evs":[0.0,-2.97618,-4.17791]},"K4o":{"weight":1.0,"played":[1.0,0.0,0.0],"evs":[0.0,-2.84835,-3.91845]},"A4o":{"weight":1.0,"played":[1.0,0.0,0.0],"evs":[0.0,-2.19855,-2.37084]},"52s":{"weight":1.0,"played":[1.0,0.0,0.0],"evs":[0.0,-2.42786,-3.28045]},"53s":{"weight":1.0,"played":[1.0,0.0,0.0],"evs":[0.0,-2.18217,-3.00959]},"54s":{"weight":1.0,"played":[1.0,0.0,0.0],"evs":[0.0,-1.95748,-2.52208]},"55":{"weight":1.0,"played":[1.0,0.0,0.0],"evs":[0.0,-1.09556,-1.04186]},"65o":{"weight":1.0,"played":[1.0,0.0,0.0],"evs":[0.0,-2.29648,-3.17487]},"75o":{"weight":1.0,"played":[1.0,0.0,0.0],"evs":[0.0,-2.49883,-3.37589]},"85o":{"weight":1.0,"played":[1.0,0.0,0.0],"evs":[0.0,-2.60353,-3.54487]},"95o":{"weight":1.0,"played":[1.0,0.0,0.0],"evs":[0.0,-2.87672,-4.00337]},"T5o":{"weight":1.0,"played":[1.0,0.0,0.0],"evs":[0.0,-3.18949,-4.45695]},"J5o":{"weight":1.0,"played":[1.0,0.0,0.0],"evs":[0.0,-3.16589,-4.50407]},"Q5o":{"weight":1.0,"played":[1.0,0.0,0.0],"evs":[0.0,-2.91096,-4.02211]},"K5o":{"weight":1.0,"played":[1.0,0.0,0.0],"evs":[0.0,-2.86257,-3.78194]},"A5o":{"weight":1.0,"played":[1.0,0.0,0.0],"evs":[0.0,-2.04639,-2.19597]},"62s":{"weight":1.0,"played":[1.0,0.0,0.0],"evs":[0.0,-2.61283,-3.54622]},"63s":{"weight":1.0,"played":[1.0,0.0,0.0],"evs":[0.0,-2.28805,-2.99971]},"64s":{"weight":1.0,"played":[1.0,0.0,0.0],"evs":[0.0,-1.86366,-2.65759]},"65s":{"weight":1.0,"played":[1.0,0.0,0.0],"evs":[0.0,-1.65869,-2.28819]},"66":{"weight":1.0,"played":[1.0,0.0,0.0],"evs":[0.0,-0.70199,-0.60098]},"76o":{"weight":1.0,"played":[1.0,0.0,0.0],"evs":[0.0,-2.31394,-3.06395]},"86o":{"weight":1.0,"played":[1.0,0.0,0.0],"evs":[0.0,-2.45479,-3.33251]},"96o":{"weight":1.0,"played":[1.0,0.0,0.0],"evs":[0.0,-2.6105,-3.58316]},"T6o":{"weight":1.0,"played":[1.0,0.0,0.0],"evs":[0.0,-2.97468,-4.10164]},"J6o":{"weight":1.0,"played":[1.0,0.0,0.0],"evs":[0.0,-3.16864,-4.50073]},"Q6o":{"weight":1.0,"played":[1.0,0.0,0.0],"evs":[0.0,-2.75612,-3.81348]},"K6o":{"weight":1.0,"played":[1.0,0.0,0.0],"evs":[0.0,-2.7124,-3.62678]},"A6o":{"weight":1.0,"played":[1.0,0.0,0.0],"evs":[0.0,-2.08928,-2.20075]},"72s":{"weight":1.0,"played":[1.0,0.0,0.0],"evs":[0.0,-2.60219,-3.73997]},"73s":{"weight":1.0,"played":[1.0,0.0,0.0],"evs":[0.0,-2.60627,-3.48575]},"74s":{"weight":1.0,"played":[1.0,0.0,0.0],"evs":[0.0,-2.00608,-2.76721]},"75s":{"weight":1.0,"played":[1.0,0.0,0.0],"evs":[0.0,-2.01583,-2.62427]},"76s":{"weight":1.0,"played":[1.0,0.0,0.0],"evs":[0.0,-1.45566,-2.21122]},"77":{"weight":1.0,"played":[0.9992,0.0,8.0E-4],"evs":[0.0,-0.49155,-0.40308]},"87o":{"weight":1.0,"played":[1.0,0.0,0.0],"evs":[0.0,-2.23589,-2.96727]},"97o":{"weight":1.0,"played":[1.0,0.0,0.0],"evs":[0.0,-2.4184,-3.23091]},"T7o":{"weight":1.0,"played":[1.0,0.0,0.0],"evs":[0.0,-2.70633,-3.64886]},"J7o":{"weight":1.0,"played":[1.0,0.0,0.0],"evs":[0.0,-2.83935,-3.97843]},"Q7o":{"weight":1.0,"played":[1.0,0.0,0.0],"evs":[0.0,-2.74782,-3.7892]},"K7o":{"weight":1.0,"played":[1.0,0.0,0.0],"evs":[0.0,-2.68521,-3.52252]},"A7o":{"weight":1.0,"played":[1.0,0.0,0.0],"evs":[0.0,-1.88448,-1.83995]},"82s":{"weight":1.0,"played":[1.0,0.0,0.0],"evs":[0.0,-2.476,-3.32087]},"83s":{"weight":1.0,"played":[1.0,0.0,0.0],"evs":[0.0,-2.51615,-3.43298]},"84s":{"weight":1.0,"played":[1.0,0.0,0.0],"evs":[0.0,-2.34326,-3.22585]},"85s":{"weight":1.0,"played":[1.0,0.0,0.0],"evs":[0.0,-2.08641,-2.8262]},"86s":{"weight":1.0,"played":[1.0,0.0,0.0],"evs":[0.0,-1.95992,-2.5468]},"87s":{"weight":1.0,"played":[1.0,0.0,0.0],"evs":[0.0,-1.46766,-2.21932]},"88":{"weight":1.0,"played":[0.9997,0.0,3.0E-4],"evs":[0.0,-0.08953,-0.04796]},"98o":{"weight":1.0,"played":[1.0,0.0,0.0],"evs":[0.0,-2.17762,-3.00154]},"T8o":{"weight":1.0,"played":[1.0,0.0,0.0],"evs":[0.0,-2.46224,-3.36022]},"J8o":{"weight":1.0,"played":[1.0,0.0,0.0],"evs":[0.0,-2.75826,-3.77094]},"Q8o":{"weight":1.0,"played":[1.0,0.0,0.0],"evs":[0.0,-2.63752,-3.49123]},"K8o":{"weight":1.0,"played":[1.0,0.0,0.0],"evs":[0.0,-2.59861,-3.37147]},"A8o":{"weight":1.0,"played":[1.0,0.0,0.0],"evs":[0.0,-1.79269,-1.70854]},"92s":{"weight":1.0,"played":[1.0,0.0,0.0],"evs":[0.0,-2.4788,-3.35547]},"93s":{"weight":1.0,"played":[1.0,0.0,0.0],"evs":[0.0,-2.59874,-3.48473]},"94s":{"weight":1.0,"played":[1.0,0.0,0.0],"evs":[0.0,-2.63209,-3.57401]},"95s":{"weight":1.0,"played":[1.0,0.0,0.0],"evs":[0.0,-2.16528,-2.98253]},"96s":{"weight":1.0,"played":[1.0,0.0,0.0],"evs":[0.0,-2.16461,-2.81249]},"97s":{"weight":1.0,"played":[1.0,0.0,0.0],"evs":[0.0,-1.51772,-2.18536]},"98s":{"weight":1.0,"played":[1.0,0.0,0.0],"evs":[0.0,-1.52536,-2.14902]},"99":{"weight":1.0,"played":[0.3374,0.0456,0.617],"evs":[0.0,0.11076,0.2204]},"T9o":{"weight":1.0,"played":[1.0,0.0,0.0],"evs":[0.0,-2.25919,-3.07747]},"J9o":{"weight":1.0,"played":[1.0,0.0,0.0],"evs":[0.0,-2.49108,-3.44227]},"Q9o":{"weight":1.0,"played":[1.0,0.0,0.0],"evs":[0.0,-2.43123,-3.29599]},"K9o":{"weight":1.0,"played":[1.0,0.0,0.0],"evs":[0.0,-2.48994,-3.22929]},"A9o":{"weight":1.0,"played":[1.0,0.0,0.0],"evs":[0.0,-1.41929,-1.31046]},"T2s":{"weight":1.0,