{"equityUnit":"TABLE_EQUITY_PERCENT","conversionFactors":{"toUSD":18.467192,"toRegularPrizePercent":0.59322816},"preHandEquity":[11.548,19.36831,18.17831,9.13001,17.0943,24.68106],"bubbleFactors":[[-1.0,1.556,1.553,0.946,1.55,1.569],[0.887,-1.0,1.121,0.864,1.145,1.548],[0.896,1.528,-1.0,0.871,1.196,1.546],[1.588,1.609,1.606,-1.0,1.603,1.619],[0.906,1.528,1.523,0.878,-1.0,1.545],[0.855,1.035,1.014,0.84,1.067,-1.0]]}