{"player":2,"street":0,"children":3,"sequence":[{"player":0,"type":"R","amount":1370000,"street":0},{"player":1,"type":"F","amount":0,"street":0}],"actions":[{"type":"F","amount":0,"node":569},{"type":"C","amount":1370000,"node":580},{"type":"R","amount":5770000,"node":597}],"hands":{"22":{"weight":1.0,"played":[0.0,0.001,0.999],"evs":[0.0,0.60216,0.62233]},"32o":{"weight":1.0,"played":[1.0,0.0,0.0],"evs":[0.0,-0.99689,-1.46773]},"42o":{"weight":1.0,"played":[1.0,0.0,0.0],"evs":[0.0,-0.95036,-1.39497]},"52o":{"weight":1.0,"played":[1.0,0.0,0.0],"evs":[0.0,-0.88278,-1.26706]},"62o":{"weight":1.0,"played":[1.0,0.0,0.0],"evs":[0.0,-0.97013,-1.40209]},"72o":{"weight":1.0,"played":[1.0,0.0,0.0],"evs":[0.0,-1.03651,-1.53423]},"82o":{"weight":1.0,"played":[1.0,0.0,0.0],"evs":[0.0,-0.96772,-1.40289]},"92o":{"weight":1.0,"played":[1.0,0.0,0.0],"evs":[0.0,-0.94782,-1.35313]},"T2o":{"weight":1.0,"played":[1.0,0.0,0.0],"evs":[0.0,-0.92128,-1.33576]},"J2o":{"weight":1.0,"played":[1.0,0.0,0.0],"evs":[0.0,-0.85266,-1.22637]},"Q2o":{"weight":1.0,"played":[1.0,0.0,0.0],"evs":[0.0,-0.77809,-1.12863]},"K2o":{"weight":1.0,"played":[1.0,0.0,0.0],"evs":[0.0,-0.56522,-0.83873]},"A2o":{"weight":1.0,"played":[0.9996,4.0E-4,0.0],"evs":[0.0,-0.05226,-0.15557]},"32s":{"weight":1.0,"played":[1.0,0.0,0.0],"evs":[0.0,-0.64991,-0.82941]},"33":{"weight":1.0,"played":[0.0,0.0026,0.9974],"evs":[0.0,0.78132,0.78833]},"43o":{"weight":1.0,"played":[1.0,0.0,0.0],"evs":[0.0,-0.82494,-1.15367]},"53o":{"weight":1.0,"played":[1.0,0.0,0.0],"evs":[0.0,-0.74667,-1.01352]},"63o":{"weight":1.0,"played":[1.0,0.0,0.0],"evs":[0.0,-0.83077,-1.14739]},"73o":{"weight":1.0,"played":[1.0,0.0,0.0],"evs":[0.0,-0.90126,-1.28146]},"83o":{"weight":1.0,"played":[1.0,0.0,0.0],"evs":[0.0,-0.96141,-1.39739]},"93o":{"weight":1.0,"played":[1.0,0.0,0.0],"evs":[0.0,-0.914,-1.27998]},"T3o":{"weight":1.0,"played":[1.0,0.0,0.0],"evs":[0.0,-0.88465,-1.27147]},"J3o":{"weight":1.0,"played":[1.0,0.0,0.0],"evs":[0.0,-0.82128,-1.162]},"Q3o":{"weight":1.0,"played":[1.0,0.0,0.0],"evs":[0.0,-0.74192,-1.06175]},"K3o":{"weight":1.0,"played":[1.0,0.0,0.0],"evs":[0.0,-0.52769,-0.77581]},"A3o":{"weight":1.0,"played":[0.7605,0.2395,0.0],"evs":[0.0,-0.00531,-0.0775]},"42s":{"weight":1.0,"played":[1.0,0.0,0.0],"evs":[0.0,-0.6151,-0.77114]},"43s":{"weight":1.0,"played":[1.0,0.0,0.0],"evs":[0.0,-0.46628,-0.54063]},"44":{"weight":1.0,"played":[0.0,0.135,0.865],"evs":[0.0,0.98927,0.99086]},"54o":{"weight":1.0,"played":[1.0,0.0,0.0],"evs":[0.0,-0.61902,-0.78482]},"64o":{"weight":1.0,"played":[1.0,0.0,0.0],"evs":[0.0,-0.70371,-0.92093]},"74o":{"weight":1.0,"played":[1.0,0.0,0.0],"evs":[0.0,-0.77541,-1.05521]},"84o":{"weight":1.0,"played":[1.0,0.0,0.0],"evs":[0.0,-0.83337,-1.16372]},"94o":{"weight":1.0,"played":[1.0,0.0,0.0],"evs":[0.0,-0.91304,-1.28423]},"T4o":{"weight":1.0,"played":[1.0,0.0,0.0],"evs":[0.0,-0.86645,-1.22913]},"J4o":{"weight":1.0,"played":[1.0,0.0,0.0],"evs":[0.0,-0.78901,-1.10983]},"Q4o":{"weight":1.0,"played":[1.0,0.0,0.0],"evs":[0.0,-0.71892,-1.01867]},"K4o":{"weight":1.0,"played":[1.0,0.0,0.0],"evs":[0.0,-0.50192,-0.72495]},"A4o":{"weight":1.0,"played":[0.0,1.0,0.0],"evs":[0.0,0.04154,-0.00731]},"52s":{"weight":1.0,"played":[1.0,0.0,0.0],"evs":[0.0,-0.54225,-0.63342]},"53s":{"weight":1.0,"played":[1.0,0.0,0.0],"evs":[0.0,-0.37498,-0.41533]},"54s":{"weight":1.0,"played":[1.0,0.0,0.0],"evs":[0.0,-0.18494,-0.18827]},"55":{"weight":1.0,"played":[0.0,0.0011,0.9989],"evs":[0.0,1.31673,1.33211]},"65o":{"weight":1.0,"played":[1.0,0.0,0.0],"evs":[0.0,-0.53291,-0.63098]},"75o":{"weight":1.0,"played":[1.0,0.0,0.0],"evs":[0.0,-0.60524,-0.76921]},"85o":{"weight":1.0,"played":[1.0,0.0,0.0],"evs":[0.0,-0.65996,-0.86637]},"95o":{"weight":1.0,"played":[1.0,0.0,0.0],"evs":[0.0,-0.73819,-0.98493]},"T5o":{"weight":1.0,"played":[1.0,0.0,0.0],"evs":[0.0,-0.81363,-1.15354]},"J5o":{"weight":1.0,"played":[1.0,0.0,0.0],"evs":[0.0,-0.71967,-0.99905]},"Q5o":{"weight":1.0,"played":[1.0,0.0,0.0],"evs":[0.0,-0.644,-0.89782]},"K5o":{"weight":1.0,"played":[1.0,0.0,0.0],"evs":[0.0,-0.42851,-0.6138]},"A5o":{"weight":1.0,"played":[0.0,0.9922,0.0078],"evs":[0.0,0.14926,0.13619]},"62s":{"weight":1.0,"played":[1.0,0.0,0.0],"evs":[0.0,-0.62527,-0.77178]},"63s":{"weight":1.0,"played":[1.0,0.0,0.0],"evs":[0.0,-0.47951,-0.55014]},"64s":{"weight":1.0,"played":[1.0,0.0,0.0],"evs":[0.0,-0.30946,-0.32707]},"65s":{"weight":1.0,"played":[0.9987,3.0E-4,0.0011],"evs":[0.0,-0.06971,-0.06485]},"66":{"weight":1.0,"played":[0.0,0.0,1.0],"evs":[0.0,1.63898,1.68986]},"76o":{"weight":1.0,"played":[1.0,0.0,0.0],"evs":[0.0,-0.44335,-0.49344]},"86o":{"weight":1.0,"played":[1.0,0.0,0.0],"evs":[0.0,-0.50795,-0.59348]},"96o":{"weight":1.0,"played":[1.0,0.0,0.0],"evs":[0.0,-0.58029,-0.7116]},"T6o":{"weight":1.0,"played":[1.0,0.0,0.0],"evs":[0.0,-0.66149,-0.87388]},"J6o":{"weight":1.0,"played":[1.0,0.0,0.0],"evs":[0.0,-0.69604,-0.94302]},"Q6o":{"weight":1.0,"played":[1.0,0.0,0.0],"evs":[0.0,-0.59436,-0.80927]},"K6o":{"weight":1.0,"played":[1.0,0.0,0.0],"evs":[0.0,-0.37393,-0.50253]},"A6o":{"weight":1.0,"played":[0.0,1.0,0.0],"evs":[0.0,0.16414,0.11333]},"72s":{"weight":1.0,"played":[1.0,0.0,0.0],"evs":[0.0,-0.68902,-0.88473]},"73s":{"weight":1.0,"played":[1.0,0.0,0.0],"evs":[0.0,-0.55478,-0.67333]},"74s":{"weight":1.0,"played":[1.0,0.0,0.0],"evs":[0.0,-0.40549,-0.45303]},"75s":{"weight":1.0,"played":[1.0,0.0,0.0],"evs":[0.0,-0.18693,-0.17123]},"76s":{"weight":1.0,"played":[1.0E-4,2.0E-4,0.9997],"evs":[0.0,0.05403,0.07274]},"77":{"weight":1.0,"played":[0.0,0.0,1.0],"evs":[0.0,2.00473,2.07173]},"87o":{"weight":1.0,"played":[1.0,0.0,0.0],"evs":[0.0,-0.35872,-0.38681]},"97o":{"weight":1.0,"played":[1.0,0.0,0.0],"evs":[0.0,-0.43914,-0.47879]},"T7o":{"weight":1.0,"played":[1.0,0.0,0.0],"evs":[0.0,-0.52631,-0.6395]},"J7o":{"weight":1.0,"played":[1.0,0.0,0.0],"evs":[0.0,-0.56268,-0.71024]},"Q7o":{"weight":1.0,"played":[1.0,0.0,0.0],"evs":[0.0,-0.58568,-0.77851]},"K7o":{"weight":1.0,"played":[1.0,0.0,0.0],"evs":[0.0,-0.32758,-0.4367]},"A7o":{"weight":1.0,"played":[0.0,0.8941,0.1059],"evs":[0.0,0.35133,0.3514]},"82s":{"weight":1.0,"played":[1.0,0.0,0.0],"evs":[0.0,-0.61725,-0.77186]},"83s":{"weight":1.0,"played":[1.0,0.0,0.0],"evs":[0.0,-0.60058,-0.75715]},"84s":{"weight":1.0,"played":[1.0,0.0,0.0],"evs":[0.0,-0.49029,-0.55409]},"85s":{"weight":1.0,"played":[1.0,0.0,0.0],"evs":[0.0,-0.26988,-0.2765]},"86s":{"weight":1.0,"played":[0.9935,0.0,0.0065],"evs":[0.0,-0.02366,-0.00671]},"87s":{"weight":1.0,"played":[1.0E-4,2.0E-4,0.9997],"evs":[0.0,0.16078,0.18562]},"88":{"weight":1.0,"played":[0.0,0.0,1.0],"evs":[0.0,2.41853,2.47776]},"98o":{"weight":1.0,"played":[1.0,0.0,0.0],"evs":[0.0,-0.27093,-0.26308]},"T8o":{"weight":1.0,"played":[1.0,0.0,0.0],"evs":[0.0,-0.35969,-0.39443]},"J8o":{"weight":1.0,"played":[1.0,0.0,0.0],"evs":[0.0,-0.4059,-0.47094]},"Q8o":{"weight":1.0,"played":[1.0,0.0,0.0],"evs":[0.0,-0.43968,-0.54325]},"K8o":{"weight":1.0,"played":[1.0,0.0,0.0],"evs":[0.0,-0.26686,-0.36385]},"A8o":{"weight":1.0,"played":[0.0,0.026,0.974],"evs":[0.0,0.62081,0.62951]},"92s":{"weight":1.0,"played":[1.0,0.0,0.0],"evs":[0.0,-0.60267,-0.72371]},"93s":{"weight":1.0,"played":[1.0,0.0,0.0],"evs":[0.0,-0.56292,-0.64187]},"94s":{"weight":1.0,"played":[1.0,0.0,0.0],"evs":[0.0,-0.55353,-0.65059]},"95s":{"weight":1.0,"played":[1.0,0.0,0.0],"evs":[0.0,-0.36858,-0.3948]},"96s":{"weight":1.0,"played":[1.0,0.0,0.0],"evs":[0.0,-0.15149,-0.13035]},"97s":{"weight":1.0,"played":[1.0E-4,5.0E-4,0.9994],"evs":[0.0,0.06795,0.0966]},"98s":{"weight":1.0,"played":[0.0,0.0011,0.9989],"evs":[0.0,0.27217,0.29399]},"99":{"weight":1.0,"played":[0.0,0.0,1.0],"evs":[0.0,2.87635,2.92377]},"T9o":{"weight":1.0,"played":[1.0,0.0,0.0],"evs":[0.0,-0.18516,-0.1638]},"J9o":{"weight":1.0,"played":[1.0,0.0,0.0],"evs":[0.0,-0.22365,-0.22868]},"Q9o":{"weight":1.0,"played":[1.0,0.0,0.0],"evs":[0.0,-0.27144,-0.3033]},"K9o":{"weight":1.0,"played":[1.0,0.0,0.0],"evs":[0.0,-0.06954,-0.09941]},"A9o":{"weight":1.0,"played":[0.0,0.0,1.0],