{"player":2,"street":0,"children":3,"sequence":[{"player":0,"type":"F","amount":0,"street":0},{"player":1,"type":"R","amount":200000,"street":0}],"actions":[{"type":"F","amount":0,"node":37},{"type":"C","amount":200000,"node":89},{"type":"R","amount":985000,"node":208}],"hands":{"22":{"weight":1.0,"played":[1.0,0.0,0.0],"evs":[0.0,-0.34367,-0.44017]},"32o":{"weight":1.0,"played":[1.0,0.0,0.0],"evs":[0.0,-1.04967,-3.13089]},"42o":{"weight":1.0,"played":[1.0,0.0,0.0],"evs":[0.0,-1.02658,-3.01514]},"52o":{"weight":1.0,"played":[1.0,0.0,0.0],"evs":[0.0,-0.99404,-2.92219]},"62o":{"weight":1.0,"played":[1.0,0.0,0.0],"evs":[0.0,-1.03852,-3.1376]},"72o":{"weight":1.0,"played":[1.0,0.0,0.0],"evs":[0.0,-1.07939,-3.32333]},"82o":{"weight":1.0,"played":[1.0,0.0,0.0],"evs":[0.0,-1.04479,-3.15338]},"92o":{"weight":1.0,"played":[1.0,0.0,0.0],"evs":[0.0,-1.01542,-3.05229]},"T2o":{"weight":1.0,"played":[1.0,0.0,0.0],"evs":[0.0,-1.00479,-2.92138]},"J2o":{"weight":1.0,"played":[1.0,0.0,0.0],"evs":[0.0,-0.93178,-2.66726]},"Q2o":{"weight":1.0,"played":[1.0,0.0,0.0],"evs":[0.0,-0.88587,-2.38772]},"K2o":{"weight":1.0,"played":[1.0,0.0,0.0],"evs":[0.0,-0.78398,-1.85884]},"A2o":{"weight":1.0,"played":[1.0,0.0,0.0],"evs":[0.0,-0.52416,-0.78801]},"32s":{"weight":1.0,"played":[1.0,0.0,0.0],"evs":[0.0,-0.84915,-2.37539]},"33":{"weight":1.0,"played":[1.0,0.0,0.0],"evs":[0.0,-0.20729,-0.26342]},"43o":{"weight":1.0,"played":[1.0,0.0,0.0],"evs":[0.0,-0.96253,-2.77794]},"53o":{"weight":1.0,"played":[1.0,0.0,0.0],"evs":[0.0,-0.9264,-2.67352]},"63o":{"weight":1.0,"played":[1.0,0.0,0.0],"evs":[0.0,-0.97198,-2.88748]},"73o":{"weight":1.0,"played":[1.0,0.0,0.0],"evs":[0.0,-1.02166,-3.07311]},"83o":{"weight":1.0,"played":[1.0,0.0,0.0],"evs":[0.0,-1.04997,-3.19014]},"93o":{"weight":1.0,"played":[1.0,0.0,0.0],"evs":[0.0,-1.01251,-3.02125]},"T3o":{"weight":1.0,"played":[1.0,0.0,0.0],"evs":[0.0,-1.00229,-2.88381]},"J3o":{"weight":1.0,"played":[1.0,0.0,0.0],"evs":[0.0,-0.93196,-2.63039]},"Q3o":{"weight":1.0,"played":[1.0,0.0,0.0],"evs":[0.0,-0.88061,-2.34467]},"K3o":{"weight":1.0,"played":[1.0,0.0,0.0],"evs":[0.0,-0.78466,-1.82936]},"A3o":{"weight":1.0,"played":[1.0,0.0,0.0],"evs":[0.0,-0.47419,-0.70879]},"42s":{"weight":1.0,"played":[1.0,0.0,0.0],"evs":[0.0,-0.8295,-2.28356]},"43s":{"weight":1.0,"played":[1.0,0.0,0.0],"evs":[0.0,-0.73768,-2.06428]},"44":{"weight":1.0,"played":[0.7056,0.2944,0.0],"evs":[0.0,-0.00401,-0.01282]},"54o":{"weight":1.0,"played":[1.0,0.0,0.0],"evs":[0.0,-0.84264,-2.37008]},"64o":{"weight":1.0,"played":[1.0,0.0,0.0],"evs":[0.0,-0.87593,-2.57514]},"74o":{"weight":1.0,"played":[1.0,0.0,0.0],"evs":[0.0,-0.93077,-2.76107]},"84o":{"weight":1.0,"played":[1.0,0.0,0.0],"evs":[0.0,-0.97126,-2.86379]},"94o":{"weight":1.0,"played":[1.0,0.0,0.0],"evs":[0.0,-0.9885,-2.96039]},"T4o":{"weight":1.0,"played":[1.0,0.0,0.0],"evs":[0.0,-0.97411,-2.77321]},"J4o":{"weight":1.0,"played":[1.0,0.0,0.0],"evs":[0.0,-0.9001,-2.51854]},"Q4o":{"weight":1.0,"played":[1.0,0.0,0.0],"evs":[0.0,-0.8537,-2.24256]},"K4o":{"weight":1.0,"played":[1.0,0.0,0.0],"evs":[0.0,-0.75482,-1.72483]},"A4o":{"weight":1.0,"played":[1.0,0.0,0.0],"evs":[0.0,-0.42141,-0.60782]},"52s":{"weight":1.0,"played":[1.0,0.0,0.0],"evs":[0.0,-0.78798,-2.1895]},"53s":{"weight":1.0,"played":[1.0,0.0,0.0],"evs":[0.0,-0.68254,-1.97245]},"54s":{"weight":1.0,"played":[1.0,0.0,0.0],"evs":[0.0,-0.49678,-1.66686]},"55":{"weight":1.0,"played":[0.0,0.8068,0.1932],"evs":[0.0,0.27131,0.26629]},"65o":{"weight":1.0,"played":[1.0,0.0,0.0],"evs":[0.0,-0.77697,-2.28691]},"75o":{"weight":1.0,"played":[1.0,0.0,0.0],"evs":[0.0,-0.83127,-2.46367]},"85o":{"weight":1.0,"played":[1.0,0.0,0.0],"evs":[0.0,-0.86511,-2.55483]},"95o":{"weight":1.0,"played":[1.0,0.0,0.0],"evs":[0.0,-0.91088,-2.6623]},"T5o":{"weight":1.0,"played":[1.0,0.0,0.0],"evs":[0.0,-0.94455,-2.72654]},"J5o":{"weight":1.0,"played":[1.0,0.0,0.0],"evs":[0.0,-0.86724,-2.42721]},"Q5o":{"weight":1.0,"played":[1.0,0.0,0.0],"evs":[0.0,-0.81912,-2.15171]},"K5o":{"weight":1.0,"played":[1.0,0.0,0.0],"evs":[0.0,-0.71234,-1.60944]},"A5o":{"weight":1.0,"played":[1.0,0.0,0.0],"evs":[0.0,-0.32188,-0.44564]},"62s":{"weight":1.0,"played":[1.0,0.0,0.0],"evs":[0.0,-0.84894,-2.39912]},"63s":{"weight":1.0,"played":[1.0,0.0,0.0],"evs":[0.0,-0.75732,-2.16971]},"64s":{"weight":1.0,"played":[1.0,0.0,0.0],"evs":[0.0,-0.59855,-1.86695]},"65s":{"weight":1.0,"played":[1.0,0.0,0.0],"evs":[0.0,-0.40347,-1.59767]},"66":{"weight":1.0,"played":[0.0,0.0905,0.9095],"evs":[0.0,0.55433,0.57043]},"76o":{"weight":1.0,"played":[1.0,0.0,0.0],"evs":[0.0,-0.73703,-2.19336]},"86o":{"weight":1.0,"played":[1.0,0.0,0.0],"evs":[0.0,-0.76998,-2.2768]},"96o":{"weight":1.0,"played":[1.0,0.0,0.0],"evs":[0.0,-0.80699,-2.37846]},"T6o":{"weight":1.0,"played":[1.0,0.0,0.0],"evs":[0.0,-0.86965,-2.4534]},"J6o":{"weight":1.0,"played":[1.0,0.0,0.0],"evs":[0.0,-0.83977,-2.39943]},"Q6o":{"weight":1.0,"played":[1.0,0.0,0.0],"evs":[0.0,-0.78196,-2.05678]},"K6o":{"weight":1.0,"played":[1.0,0.0,0.0],"evs":[0.0,-0.67697,-1.50248]},"A6o":{"weight":1.0,"played":[1.0,0.0,0.0],"evs":[0.0,-0.36647,-0.47582]},"72s":{"weight":1.0,"played":[1.0,0.0,0.0],"evs":[0.0,-0.87384,-2.55561]},"73s":{"weight":1.0,"played":[1.0,0.0,0.0],"evs":[0.0,-0.82061,-2.31581]},"74s":{"weight":1.0,"played":[1.0,0.0,0.0],"evs":[0.0,-0.70091,-2.02063]},"75s":{"weight":1.0,"played":[1.0,0.0,0.0],"evs":[0.0,-0.50142,-1.72735]},"76s":{"weight":1.0,"played":[1.0,0.0,0.0],"evs":[0.0,-0.31713,-1.48487]},"77":{"weight":1.0,"played":[0.0,1.0E-4,0.9999],"evs":[0.0,0.90983,1.00845]},"87o":{"weight":1.0,"played":[1.0,0.0,0.0],"evs":[0.0,-0.71403,-2.05606]},"97o":{"weight":1.0,"played":[1.0,0.0,0.0],"evs":[0.0,-0.72431,-2.1238]},"T7o":{"weight":1.0,"played":[1.0,0.0,0.0],"evs":[0.0,-0.78016,-2.16943]},"J7o":{"weight":1.0,"played":[1.0,0.0,0.0],"evs":[0.0,-0.76603,-2.10949]},"Q7o":{"weight":1.0,"played":[1.0,0.0,0.0],"evs":[0.0,-0.75847,-2.00109]},"K7o":{"weight":1.0,"played":[1.0,0.0,0.0],"evs":[0.0,-0.6354,-1.34688]},"A7o":{"weight":1.0,"played":[1.0,0.0,0.0],"evs":[0.0,-0.21821,-0.14821]},"82s":{"weight":1.0,"played":[1.0,0.0,0.0],"evs":[0.0,-0.83966,-2.39482]},"83s":{"weight":1.0,"played":[1.0,0.0,0.0],"evs":[0.0,-0.84314,-2.42728]},"84s":{"weight":1.0,"played":[1.0,0.0,0.0],"evs":[0.0,-0.75006,-2.12839]},"85s":{"weight":1.0,"played":[1.0,0.0,0.0],"evs":[0.0,-0.60687,-1.851]},"86s":{"weight":1.0,"played":[1.0,0.0,0.0],"evs":[0.0,-0.41459,-1.5719]},"87s":{"weight":1.0,"played":[1.0,0.0,0.0],"evs":[0.0,-0.26982,-1.35523]},"88":{"weight":1.0,"played":[0.0,0.0,1.0],"evs":[0.0,1.40766,1.62286]},"98o":{"weight":1.0,"played":[1.0,0.0,0.0],"evs":[0.0,-0.62165,-1.81511]},"T8o":{"weight":1.0,"played":[1.0,0.0,0.0],"evs":[0.0,-0.67554,-1.82446]},"J8o":{"weight":1.0,"played":[1.0,0.0,0.0],"evs":[0.0,-0.66539,-1.7803]},"Q8o":{"weight":1.0,"played":[1.0,0.0,0.0],"evs":[0.0,-0.65767,-1.63613]},"K8o":{"weight":1.0,"played":[1.0,0.0,0.0],"evs":[0.0,-0.60169,-1.23252]},"A8o":{"weight":1.0,"played":[0.0,0.0,1.0],"evs":[0.0,-0.00643,0.22982]},"92s":{"weight":1.0,"played":[1.0,0.0,0.0],"evs":[0.0,-0.80213,-2.28907]},"93s":{"weight":1.0,"played":[1.0,0.0,0.0],"evs":[0.0,-0.80453,-2.25948]},"94s":{"weight":1.0,"played":[1.0,0.0,0.0],"evs":[0.0,-0.77988,-2.21469]},"95s":{"weight":1.0,"played":[1.0,0.0,0.0],"evs":[0.0,-0.67731,-1.934]},"96s":{"weight":1.0,"played":[1.0,0.0,0.0],"evs":[0.0,-0.51428,-1.66917]},"97s":{"weight":1.0,"played":[1.0,0.0,0.0],"evs":[0.0,-0.3409,-1.41004]},"98s":{"weight":1.0,"played":[1.0,0.0,0.0],"evs":[0.0,-0.17851,-1.13258]},"99":{"weight":1.0,"played":[0.0,0.0,1.0],"evs":[0.0,1.93063,2.21386]},"T9o":{"weight":1.0,"played":[1.0,0.0,0.0],"evs":[0.0,-0.50724,-1.46535]},"J9o":{"weight":1.0,"played":[1.0,0.0,0.0],"evs":[0.0,-0.51105,-1.41984]},"Q9o":{"weight":1.0,"played":[1.0,0.0,0.0],"evs":[0.0,-0.52612,-1.2747]},"K9o":{"weight":1.0,"played":[1.0,0.0,0.0],"evs":[0.0,-0.46186,-0.88307]},"A9o":{"weight":1.0,"played":[0.0,0.0,1.0],"evs":[0.0,0.26281,0.58598]},"T2s":{"weight":1.0,