{"player":1,"street":0,"children":3,"sequence":[{"player":0,"type":"C","amount":600000,"street":0}],"actions":[{"type":"F","amount":0,"node":91},{"type":"C","amount":600000,"node":125},{"type":"R","amount":8610000,"node":246}],"hands":{"22":{"weight":1.0,"played":[1.0,0.0,0.0],"evs":[0.0,-0.08552,-0.27901]},"32o":{"weight":1.0,"played":[1.0,0.0,0.0],"evs":[0.0,-0.65451,-1.73122]},"42o":{"weight":1.0,"played":[1.0,0.0,0.0],"evs":[0.0,-0.62666,-1.64145]},"52o":{"weight":1.0,"played":[1.0,0.0,0.0],"evs":[0.0,-0.58913,-1.56636]},"62o":{"weight":1.0,"played":[1.0,0.0,0.0],"evs":[0.0,-0.63775,-1.67622]},"72o":{"weight":1.0,"played":[1.0,0.0,0.0],"evs":[0.0,-0.69617,-1.81574]},"82o":{"weight":1.0,"played":[1.0,0.0,0.0],"evs":[0.0,-0.65653,-1.69678]},"92o":{"weight":1.0,"played":[1.0,0.0,0.0],"evs":[0.0,-0.65307,-1.58173]},"T2o":{"weight":1.0,"played":[1.0,0.0,0.0],"evs":[0.0,-0.65143,-1.5625]},"J2o":{"weight":1.0,"played":[1.0,0.0,0.0],"evs":[0.0,-0.59785,-1.38378]},"Q2o":{"weight":1.0,"played":[1.0,0.0,0.0],"evs":[0.0,-0.57397,-1.23391]},"K2o":{"weight":1.0,"played":[1.0,0.0,0.0],"evs":[0.0,-0.51128,-1.03845]},"A2o":{"weight":1.0,"played":[1.0,0.0,0.0],"evs":[0.0,-0.35,-0.50261]},"32s":{"weight":1.0,"played":[1.0,0.0,0.0],"evs":[0.0,-0.45433,-1.19578]},"33":{"weight":1.0,"played":[1.0,0.0,0.0],"evs":[0.0,-0.04843,-0.23333]},"43o":{"weight":1.0,"played":[1.0,0.0,0.0],"evs":[0.0,-0.54996,-1.47765]},"53o":{"weight":1.0,"played":[1.0,0.0,0.0],"evs":[0.0,-0.49616,-1.3975]},"63o":{"weight":1.0,"played":[1.0,0.0,0.0],"evs":[0.0,-0.5568,-1.49207]},"73o":{"weight":1.0,"played":[1.0,0.0,0.0],"evs":[0.0,-0.64258,-1.6535]},"83o":{"weight":1.0,"played":[1.0,0.0,0.0],"evs":[0.0,-0.654,-1.71321]},"93o":{"weight":1.0,"played":[1.0,0.0,0.0],"evs":[0.0,-0.6374,-1.57472]},"T3o":{"weight":1.0,"played":[1.0,0.0,0.0],"evs":[0.0,-0.63016,-1.5497]},"J3o":{"weight":1.0,"played":[1.0,0.0,0.0],"evs":[0.0,-0.58394,-1.35493]},"Q3o":{"weight":1.0,"played":[1.0,0.0,0.0],"evs":[0.0,-0.55283,-1.20542]},"K3o":{"weight":1.0,"played":[1.0,0.0,0.0],"evs":[0.0,-0.49844,-1.03058]},"A3o":{"weight":1.0,"played":[1.0,0.0,0.0],"evs":[0.0,-0.3119,-0.46779]},"42s":{"weight":1.0,"played":[1.0,0.0,0.0],"evs":[0.0,-0.43338,-1.12627]},"43s":{"weight":1.0,"played":[1.0,0.0,0.0],"evs":[0.0,-0.33872,-0.95605]},"44":{"weight":1.0,"played":[0.0013,0.9986,0.0],"evs":[0.0,0.01022,-0.12249]},"54o":{"weight":1.0,"played":[1.0,0.0,0.0],"evs":[0.0,-0.41551,-1.16712]},"64o":{"weight":1.0,"played":[1.0,0.0,0.0],"evs":[0.0,-0.46449,-1.28858]},"74o":{"weight":1.0,"played":[1.0,0.0,0.0],"evs":[0.0,-0.54713,-1.41799]},"84o":{"weight":1.0,"played":[1.0,0.0,0.0],"evs":[0.0,-0.58594,-1.5014]},"94o":{"weight":1.0,"played":[1.0,0.0,0.0],"evs":[0.0,-0.62263,-1.54255]},"T4o":{"weight":1.0,"played":[1.0,0.0,0.0],"evs":[0.0,-0.61553,-1.48301]},"J4o":{"weight":1.0,"played":[1.0,0.0,0.0],"evs":[0.0,-0.56726,-1.31156]},"Q4o":{"weight":1.0,"played":[1.0,0.0,0.0],"evs":[0.0,-0.5309,-1.11943]},"K4o":{"weight":1.0,"played":[1.0,0.0,0.0],"evs":[0.0,-0.46768,-0.97336]},"A4o":{"weight":1.0,"played":[1.0,0.0,0.0],"evs":[0.0,-0.26372,-0.41274]},"52s":{"weight":1.0,"played":[1.0,0.0,0.0],"evs":[0.0,-0.38304,-1.05849]},"53s":{"weight":1.0,"played":[1.0,0.0,0.0],"evs":[0.0,-0.31398,-0.9008]},"54s":{"weight":1.0,"played":[1.0,0.0,0.0],"evs":[0.0,-0.20869,-0.6772]},"55":{"weight":1.0,"played":[0.0,0.9999,0.0],"evs":[0.0,0.13396,0.05812]},"65o":{"weight":1.0,"played":[1.0,0.0,0.0],"evs":[0.0,-0.37314,-1.06538]},"75o":{"weight":1.0,"played":[1.0,0.0,0.0],"evs":[0.0,-0.43323,-1.18551]},"85o":{"weight":1.0,"played":[1.0,0.0,0.0],"evs":[0.0,-0.47547,-1.24732]},"95o":{"weight":1.0,"played":[1.0,0.0,0.0],"evs":[0.0,-0.54102,-1.31946]},"T5o":{"weight":1.0,"played":[1.0,0.0,0.0],"evs":[0.0,-0.58562,-1.45499]},"J5o":{"weight":1.0,"played":[1.0,0.0,0.0],"evs":[0.0,-0.52239,-1.2318]},"Q5o":{"weight":1.0,"played":[1.0,0.0,0.0],"evs":[0.0,-0.48892,-1.05714]},"K5o":{"weight":1.0,"played":[1.0,0.0,0.0],"evs":[0.0,-0.42155,-0.88475]},"A5o":{"weight":1.0,"played":[1.0,0.0,0.0],"evs":[0.0,-0.19988,-0.35109]},"62s":{"weight":1.0,"played":[1.0,0.0,0.0],"evs":[0.0,-0.44892,-1.15594]},"63s":{"weight":1.0,"played":[1.0,0.0,0.0],"evs":[0.0,-0.36612,-0.98382]},"64s":{"weight":1.0,"played":[1.0,0.0,0.0],"evs":[0.0,-0.27257,-0.80678]},"65s":{"weight":1.0,"played":[1.0,0.0,0.0],"evs":[0.0,-0.15568,-0.56532]},"66":{"weight":1.0,"played":[0.0,0.7915,0.2085],"evs":[0.0,0.23084,0.23742]},"76o":{"weight":1.0,"played":[1.0,0.0,0.0],"evs":[0.0,-0.37089,-0.98455]},"86o":{"weight":1.0,"played":[1.0,0.0,0.0],"evs":[0.0,-0.40067,-1.05183]},"96o":{"weight":1.0,"played":[1.0,0.0,0.0],"evs":[0.0,-0.45164,-1.09601]},"T6o":{"weight":1.0,"played":[1.0,0.0,0.0],"evs":[0.0,-0.51996,-1.21518]},"J6o":{"weight":1.0,"played":[1.0,0.0,0.0],"evs":[0.0,-0.51392,-1.17894]},"Q6o":{"weight":1.0,"played":[1.0,0.0,0.0],"evs":[0.0,-0.47247,-0.97101]},"K6o":{"weight":1.0,"played":[1.0,0.0,0.0],"evs":[0.0,-0.39939,-0.8074]},"A6o":{"weight":1.0,"played":[1.0,0.0,0.0],"evs":[0.0,-0.25082,-0.44684]},"72s":{"weight":1.0,"played":[1.0,0.0,0.0],"evs":[0.0,-0.50435,-1.30088]},"73s":{"weight":1.0,"played":[1.0,0.0,0.0],"evs":[0.0,-0.44343,-1.11446]},"74s":{"weight":1.0,"played":[1.0,0.0,0.0],"evs":[0.0,-0.32893,-0.90103]},"75s":{"weight":1.0,"played":[1.0,0.0,0.0],"evs":[0.0,-0.20544,-0.68383]},"76s":{"weight":1.0,"played":[1.0,0.0,0.0],"evs":[0.0,-0.1455,-0.48443]},"77":{"weight":1.0,"played":[0.0,0.2916,0.7084],"evs":[0.0,0.46619,0.46186]},"87o":{"weight":1.0,"played":[1.0,0.0,0.0],"evs":[0.0,-0.34246,-0.89118]},"97o":{"weight":1.0,"played":[1.0,0.0,0.0],"evs":[0.0,-0.36613,-0.93921]},"T7o":{"weight":1.0,"played":[1.0,0.0,0.0],"evs":[0.0,-0.44042,-1.04164]},"J7o":{"weight":1.0,"played":[1.0,0.0,0.0],"evs":[0.0,-0.43954,-1.01404]},"Q7o":{"weight":1.0,"played":[1.0,0.0,0.0],"evs":[0.0,-0.44763,-0.98413]},"K7o":{"weight":1.0,"played":[1.0,0.0,0.0],"evs":[0.0,-0.37055,-0.77255]},"A7o":{"weight":1.0,"played":[1.0,0.0,0.0],"evs":[0.0,-0.18462,-0.38106]},"82s":{"weight":1.0,"played":[1.0,0.0,0.0],"evs":[0.0,-0.46701,-1.15101]},"83s":{"weight":1.0,"played":[1.0,0.0,0.0],"evs":[0.0,-0.46714,-1.20742]},"84s":{"weight":1.0,"played":[1.0,0.0,0.0],"evs":[0.0,-0.37902,-0.97542]},"85s":{"weight":1.0,"played":[1.0,0.0,0.0],"evs":[0.0,-0.26883,-0.75786]},"86s":{"weight":1.0,"played":[1.0,0.0,0.0],"evs":[0.0,-0.18436,-0.58204]},"87s":{"weight":1.0,"played":[1.0,0.0,0.0],"evs":[0.0,-0.12684,-0.41745]},"88":{"weight":1.0,"played":[0.0,0.1229,0.8771],"evs":[0.0,0.87251,0.8766]},"98o":{"weight":1.0,"played":[1.0,0.0,0.0],"evs":[0.0,-0.2898,-0.75783]},"T8o":{"weight":1.0,"played":[1.0,0.0,0.0],"evs":[0.0,-0.34804,-0.80812]},"J8o":{"weight":1.0,"played":[1.0,0.0,0.0],"evs":[0.0,-0.34228,-0.80727]},"Q8o":{"weight":1.0,"played":[1.0,0.0,0.0],"evs":[0.0,-0.36275,-0.74938]},"K8o":{"weight":1.0,"played":[1.0,0.0,0.0],"evs":[0.0,-0.33333,-0.71629]},"A8o":{"weight":1.0,"played":[1.0,0.0,0.0],"evs":[0.0,-0.10655,-0.28552]},"92s":{"weight":1.0,"played":[1.0,0.0,0.0],"evs":[0.0,-0.44821,-1.04497]},"93s":{"weight":1.0,"played":[1.0,0.0,0.0],"evs":[0.0,-0.43708,-1.06968]},"94s":{"weight":1.0,"played":[1.0,0.0,0.0],"evs":[0.0,-0.43022,-1.01797]},"95s":{"weight":1.0,"played":[1.0,0.0,0.0],"evs":[0.0,-0.31398,-0.79977]},"96s":{"weight":1.0,"played":[1.0,0.0,0.0],"evs":[0.0,-0.23638,-0.5916]},"97s":{"weight":1.0,"played":[1.0,0.0,0.0],"evs":[0.0,-0.14067,-0.44533]},"98s":{"weight":1.0,"played":[1.0,0.0,0.0],"evs":[0.0,-0.05681,-0.29497]},"99":{"weight":1.0,"played":[0.0,0.0059,0.9941],"evs":[0.0,1.28064,1.30695]},"T9o":{"weight":1.0,"played":[1.0,0.0,0.0],"evs":[0.0,-0.25289,-0.59068]},"J9o":{"weight":1.0,"played":[1.0,0.0,0.0],"evs":[0.0,-0.24978,-0.58036]},"Q9o":{"weight":1.0,"played":[1.0,0.0,0.0],"evs":[0.0,-0.27169,-0.52907]},"K9o":{"weight":1.0,"played":[1.0,0.0,0.0],"evs":[0.0,-0.26058,-0.52012]},"A9o":{"weight":1.0,"played":[0.9825,0.0175,0.0],"evs":[0.0,-0.02831,-0.16288]},"T2s":{"weight":1.0,"played":[1.0,0.0,0.0],