{"equityUnit":"TABLE_EQUITY_PERCENT","conversionFactors":{"toUSD":23.99,"toRegularPrizePercent":0.64247453},"preHandEquity":[28.4718,41.85772,29.67047],"bubbleFactors":[[-1.0,1.26,1.077],[0.959,-1.0,0.96],[0.924,1.293,-1.0]]}