{"player":2,"street":0,"children":3,"sequence":[{"player":0,"type":"R","amount":1200000,"street":0},{"player":1,"type":"C","amount":1110000,"street":0}],"actions":[{"type":"F","amount":0,"node":89},{"type":"C","amount":1200000},{"type":"R","amount":2910000,"node":105}],"hands":{"22":{"weight":1.0,"played":[1.0,0.0,0.0],"evs":[0.0,-0.62388,-0.86835]},"32o":{"weight":1.0,"played":[1.0,0.0,0.0],"evs":[0.0,-1.04264,-2.11359]},"42o":{"weight":1.0,"played":[1.0,0.0,0.0],"evs":[0.0,-1.00579,-2.02316]},"52o":{"weight":1.0,"played":[1.0,0.0,0.0],"evs":[0.0,-0.98035,-1.96238]},"62o":{"weight":1.0,"played":[1.0,0.0,0.0],"evs":[0.0,-1.03137,-2.06249]},"72o":{"weight":1.0,"played":[1.0,0.0,0.0],"evs":[0.0,-1.12988,-2.24358]},"82o":{"weight":1.0,"played":[1.0,0.0,0.0],"evs":[0.0,-1.06839,-2.10066]},"92o":{"weight":1.0,"played":[1.0,0.0,0.0],"evs":[0.0,-1.04702,-2.01101]},"T2o":{"weight":1.0,"played":[1.0,0.0,0.0],"evs":[0.0,-1.02999,-1.77363]},"J2o":{"weight":1.0,"played":[1.0,0.0,0.0],"evs":[0.0,-0.95649,-1.47524]},"Q2o":{"weight":1.0,"played":[1.0,0.0,0.0],"evs":[0.0,-0.85329,-1.17567]},"K2o":{"weight":1.0,"played":[1.0,0.0,0.0],"evs":[0.0,-0.74698,-0.9895]},"A2o":{"weight":1.0,"played":[1.0,0.0,0.0],"evs":[0.0,-0.56863,-0.70802]},"32s":{"weight":1.0,"played":[1.0,0.0,0.0],"evs":[0.0,-0.87993,-1.73812]},"33":{"weight":1.0,"played":[1.0,0.0,0.0],"evs":[0.0,-0.55177,-0.69912]},"43o":{"weight":1.0,"played":[1.0,0.0,0.0],"evs":[0.0,-0.95325,-1.88853]},"53o":{"weight":1.0,"played":[1.0,0.0,0.0],"evs":[0.0,-0.92556,-1.82496]},"63o":{"weight":1.0,"played":[1.0,0.0,0.0],"evs":[0.0,-0.9717,-1.92221]},"73o":{"weight":1.0,"played":[1.0,0.0,0.0],"evs":[0.0,-1.07605,-2.08998]},"83o":{"weight":1.0,"played":[1.0,0.0,0.0],"evs":[0.0,-1.07612,-2.10563]},"93o":{"weight":1.0,"played":[1.0,0.0,0.0],"evs":[0.0,-1.04974,-1.98142]},"T3o":{"weight":1.0,"played":[1.0,0.0,0.0],"evs":[0.0,-1.03449,-1.7405]},"J3o":{"weight":1.0,"played":[1.0,0.0,0.0],"evs":[0.0,-0.96603,-1.45231]},"Q3o":{"weight":1.0,"played":[1.0,0.0,0.0],"evs":[0.0,-0.83362,-1.11034]},"K3o":{"weight":1.0,"played":[1.0,0.0,0.0],"evs":[0.0,-0.72042,-0.90597]},"A3o":{"weight":1.0,"played":[1.0,0.0,0.0],"evs":[0.0,-0.51905,-0.62216]},"42s":{"weight":1.0,"played":[1.0,0.0,0.0],"evs":[0.0,-0.84228,-1.65138]},"43s":{"weight":1.0,"played":[1.0,0.0,0.0],"evs":[0.0,-0.78013,-1.52956]},"44":{"weight":1.0,"played":[1.0,0.0,0.0],"evs":[0.0,-0.43654,-0.51168]},"54o":{"weight":1.0,"played":[1.0,0.0,0.0],"evs":[0.0,-0.84089,-1.63201]},"64o":{"weight":1.0,"played":[1.0,0.0,0.0],"evs":[0.0,-0.88344,-1.7211]},"74o":{"weight":1.0,"played":[1.0,0.0,0.0],"evs":[0.0,-0.98755,-1.89536]},"84o":{"weight":1.0,"played":[1.0,0.0,0.0],"evs":[0.0,-0.98581,-1.88934]},"94o":{"weight":1.0,"played":[1.0,0.0,0.0],"evs":[0.0,-1.0054,-1.88759]},"T4o":{"weight":1.0,"played":[1.0,0.0,0.0],"evs":[0.0,-0.98039,-1.61465]},"J4o":{"weight":1.0,"played":[1.0,0.0,0.0],"evs":[0.0,-0.90911,-1.32863]},"Q4o":{"weight":1.0,"played":[1.0,0.0,0.0],"evs":[0.0,-0.79961,-1.04135]},"K4o":{"weight":1.0,"played":[1.0,0.0,0.0],"evs":[0.0,-0.69478,-0.86426]},"A4o":{"weight":1.0,"played":[1.0,0.0,0.0],"evs":[0.0,-0.48741,-0.57609]},"52s":{"weight":1.0,"played":[1.0,0.0,0.0],"evs":[0.0,-0.817,-1.5948]},"53s":{"weight":1.0,"played":[1.0,0.0,0.0],"evs":[0.0,-0.75014,-1.47529]},"54s":{"weight":1.0,"played":[1.0,0.0,0.0],"evs":[0.0,-0.6417,-1.28705]},"55":{"weight":1.0,"played":[1.0,0.0,0.0],"evs":[0.0,-0.32103,-0.34508]},"65o":{"weight":1.0,"played":[1.0,0.0,0.0],"evs":[0.0,-0.815,-1.56054]},"75o":{"weight":1.0,"played":[1.0,0.0,0.0],"evs":[0.0,-0.91223,-1.71803]},"85o":{"weight":1.0,"played":[1.0,0.0,0.0],"evs":[0.0,-0.91271,-1.72427]},"95o":{"weight":1.0,"played":[1.0,0.0,0.0],"evs":[0.0,-0.94501,-1.73476]},"T5o":{"weight":1.0,"played":[1.0,0.0,0.0],"evs":[0.0,-0.96178,-1.57657]},"J5o":{"weight":1.0,"played":[1.0,0.0,0.0],"evs":[0.0,-0.88991,-1.2842]},"Q5o":{"weight":1.0,"played":[1.0,0.0,0.0],"evs":[0.0,-0.77821,-0.98122]},"K5o":{"weight":1.0,"played":[1.0,0.0,0.0],"evs":[0.0,-0.66662,-0.80716]},"A5o":{"weight":1.0,"played":[1.0,0.0,0.0],"evs":[0.0,-0.45173,-0.52396]},"62s":{"weight":1.0,"played":[1.0,0.0,0.0],"evs":[0.0,-0.86073,-1.68683]},"63s":{"weight":1.0,"played":[1.0,0.0,0.0],"evs":[0.0,-0.81455,-1.56857]},"64s":{"weight":1.0,"played":[1.0,0.0,0.0],"evs":[0.0,-0.69843,-1.37685]},"65s":{"weight":1.0,"played":[1.0,0.0,0.0],"evs":[0.0,-0.61766,-1.22574]},"66":{"weight":1.0,"played":[1.0,0.0,0.0],"evs":[0.0,-0.22905,-0.22669]},"76o":{"weight":1.0,"played":[1.0,0.0,0.0],"evs":[0.0,-0.84988,-1.592]},"86o":{"weight":1.0,"played":[1.0,0.0,0.0],"evs":[0.0,-0.84798,-1.58635]},"96o":{"weight":1.0,"played":[1.0,0.0,0.0],"evs":[0.0,-0.87909,-1.5937]},"T6o":{"weight":1.0,"played":[1.0,0.0,0.0],"evs":[0.0,-0.91688,-1.45113]},"J6o":{"weight":1.0,"played":[1.0,0.0,0.0],"evs":[0.0,-0.8758,-1.27436]},"Q6o":{"weight":1.0,"played":[1.0,0.0,0.0],"evs":[0.0,-0.76038,-0.95683]},"K6o":{"weight":1.0,"played":[1.0,0.0,0.0],"evs":[0.0,-0.65306,-0.79542]},"A6o":{"weight":1.0,"played":[1.0,0.0,0.0],"evs":[0.0,-0.51289,-0.62732]},"72s":{"weight":1.0,"played":[1.0,0.0,0.0],"evs":[0.0,-0.95644,-1.86179]},"73s":{"weight":1.0,"played":[1.0,0.0,0.0],"evs":[0.0,-0.90271,-1.73034]},"74s":{"weight":1.0,"played":[1.0,0.0,0.0],"evs":[0.0,-0.80869,-1.53308]},"75s":{"weight":1.0,"played":[1.0,0.0,0.0],"evs":[0.0,-0.71788,-1.36395]},"76s":{"weight":1.0,"played":[1.0,0.0,0.0],"evs":[0.0,-0.65382,-1.26215]},"77":{"weight":1.0,"played":[0.9678,0.0,0.0322],"evs":[0.0,-0.12844,-0.02475]},"87o":{"weight":1.0,"played":[1.0,0.0,0.0],"evs":[0.0,-0.86416,-1.59959]},"97o":{"weight":1.0,"played":[1.0,0.0,0.0],"evs":[0.0,-0.85969,-1.52382]},"T7o":{"weight":1.0,"played":[1.0,0.0,0.0],"evs":[0.0,-0.8697,-1.30727]},"J7o":{"weight":1.0,"played":[1.0,0.0,0.0],"evs":[0.0,-0.81867,-1.07571]},"Q7o":{"weight":1.0,"played":[1.0,0.0,0.0],"evs":[0.0,-0.74832,-0.86799]},"K7o":{"weight":1.0,"played":[1.0,0.0,0.0],"evs":[0.0,-0.63136,-0.67365]},"A7o":{"weight":1.0,"played":[1.0,0.0,0.0],"evs":[0.0,-0.44863,-0.44542]},"82s":{"weight":1.0,"played":[1.0,0.0,0.0],"evs":[0.0,-0.89252,-1.72343]},"83s":{"weight":1.0,"played":[1.0,0.0,0.0],"evs":[0.0,-0.89981,-1.73049]},"84s":{"weight":1.0,"played":[1.0,0.0,0.0],"evs":[0.0,-0.80984,-1.52169]},"85s":{"weight":1.0,"played":[1.0,0.0,0.0],"evs":[0.0,-0.72666,-1.375]},"86s":{"weight":1.0,"played":[1.0,0.0,0.0],"evs":[0.0,-0.64664,-1.23655]},"87s":{"weight":1.0,"played":[1.0,0.0,0.0],"evs":[0.0,-0.65791,-1.25683]},"88":{"weight":1.0,"played":[0.0,0.0,1.0],"evs":[0.0,0.11092,0.2692]},"98o":{"weight":1.0,"played":[1.0,0.0,0.0],"evs":[0.0,-0.74308,-1.28436]},"T8o":{"weight":1.0,"played":[1.0,0.0,0.0],"evs":[0.0,-0.74689,-1.06741]},"J8o":{"weight":1.0,"played":[1.0,0.0,0.0],"evs":[0.0,-0.72054,-0.88058]},"Q8o":{"weight":1.0,"played":[1.0,0.0,0.0],"evs":[0.0,-0.68464,-0.74713]},"K8o":{"weight":1.0,"played":[1.0,0.0,0.0],"evs":[0.0,-0.61414,-0.68285]},"A8o":{"weight":1.0,"played":[1.0,0.0,0.0],"evs":[0.0,-0.3968,-0.40108]},"92s":{"weight":1.0,"played":[1.0,0.0,0.0],"evs":[0.0,-0.86419,-1.62922]},"93s":{"weight":1.0,"played":[1.0,0.0,0.0],"evs":[0.0,-0.86575,-1.60772]},"94s":{"weight":1.0,"played":[1.0,0.0,0.0],"evs":[0.0,-0.83093,-1.52236]},"95s":{"weight":1.0,"played":[1.0,0.0,0.0],"evs":[0.0,-0.76021,-1.37531]},"96s":{"weight":1.0,"played":[1.0,0.0,0.0],"evs":[0.0,-0.68554,-1.2578]},"97s":{"weight":1.0,"played":[1.0,0.0,0.0],"evs":[0.0,-0.65673,-1.18835]},"98s":{"weight":1.0,"played":[1.0,0.0,0.0],"evs":[0.0,-0.53578,-0.96638]},"99":{"weight":1.0,"played":[0.0,0.0,1.0],"evs":[0.0,0.37137,0.54546]},"T9o":{"weight":1.0,"played":[1.0,0.0,0.0],"evs":[0.0,-0.61968,-0.86642]},"J9o":{"weight":1.0,"played":[1.0,0.0,0.0],"evs":[0.0,-0.61091,-0.70799]},"Q9o":{"weight":1.0,"played":[1.0,0.0,0.0],"evs":[0.0,-0.58777,-0.60204]},"K9o":{"weight":1.0,"played":[1.0,0.0,0.0],"evs":[0.0,-0.53645,-0.5437]},"A9o":{"weight":1.0,"played":[1.0,0.0,0.0],"evs":[0.0,-0.3283,-0.325]},"T2s":{"weight":1.0,"played":[1.0,0.0,0.0],