{"player":3,"street":0,"children":2,"sequence":[{"player":0,"type":"R","amount":11640000,"street":0},{"player":1,"type":"C","amount":11640000,"street":0},{"player":2,"type":"C","amount":10440000,"street":0}],"actions":[{"type":"F","amount":0},{"type":"C","amount":2740000}],"hands":{"22":{"weight":1.0,"played":[1.0,0.0],"evs":[0.0,-1.96755]},"32o":{"weight":1.0,"played":[0.9998,2.0E-4],"evs":[0.0,-3.11186]},"42o":{"weight":1.0,"played":[1.0,0.0],"evs":[0.0,-3.03937]},"52o":{"weight":1.0,"played":[0.9999,1.0E-4],"evs":[0.0,-2.72546]},"62o":{"weight":1.0,"played":[1.0,0.0],"evs":[0.0,-3.1551]},"72o":{"weight":1.0,"played":[1.0,0.0],"evs":[0.0,-3.33268]},"82o":{"weight":1.0,"played":[0.9999,1.0E-4],"evs":[0.0,-3.5092]},"92o":{"weight":1.0,"played":[1.0,0.0],"evs":[0.0,-3.20712]},"T2o":{"weight":1.0,"played":[1.0,0.0],"evs":[0.0,-3.60111]},"J2o":{"weight":1.0,"played":[1.0,0.0],"evs":[0.0,-3.31915]},"Q2o":{"weight":1.0,"played":[0.9995,5.0E-4],"evs":[0.0,-3.25768]},"K2o":{"weight":1.0,"played":[1.0,0.0],"evs":[0.0,-3.04888]},"A2o":{"weight":1.0,"played":[1.0,0.0],"evs":[0.0,-3.07609]},"32s":{"weight":1.0,"played":[0.9988,0.0012],"evs":[0.0,-2.70864]},"33":{"weight":1.0,"played":[1.0,0.0],"evs":[0.0,-2.58124]},"43o":{"weight":1.0,"played":[0.9999,1.0E-4],"evs":[0.0,-3.02375]},"53o":{"weight":1.0,"played":[0.9999,1.0E-4],"evs":[0.0,-2.66383]},"63o":{"weight":1.0,"played":[1.0,0.0],"evs":[0.0,-2.81183]},"73o":{"weight":1.0,"played":[1.0,0.0],"evs":[0.0,-2.94202]},"83o":{"weight":1.0,"played":[0.9999,1.0E-4],"evs":[0.0,-3.47748]},"93o":{"weight":1.0,"played":[1.0,0.0],"evs":[0.0,-3.08118]},"T3o":{"weight":1.0,"played":[1.0,0.0],"evs":[0.0,-3.6134]},"J3o":{"weight":1.0,"played":[1.0,0.0],"evs":[0.0,-2.85645]},"Q3o":{"weight":1.0,"played":[1.0,0.0],"evs":[0.0,-3.0634]},"K3o":{"weight":1.0,"played":[0.9999,1.0E-4],"evs":[0.0,-3.00976]},"A3o":{"weight":1.0,"played":[1.0,0.0],"evs":[0.0,-3.42348]},"42s":{"weight":1.0,"played":[1.0,0.0],"evs":[0.0,-2.53349]},"43s":{"weight":1.0,"played":[0.9989,0.0011],"evs":[0.0,-1.86972]},"44":{"weight":1.0,"played":[0.9993,7.0E-4],"evs":[0.0,-2.04687]},"54o":{"weight":1.0,"played":[1.0,0.0],"evs":[0.0,-2.86156]},"64o":{"weight":1.0,"played":[0.9998,2.0E-4],"evs":[0.0,-2.20996]},"74o":{"weight":1.0,"played":[0.9997,3.0E-4],"evs":[0.0,-3.17723]},"84o":{"weight":1.0,"played":[1.0,0.0],"evs":[0.0,-2.97138]},"94o":{"weight":1.0,"played":[1.0,0.0],"evs":[0.0,-3.51489]},"T4o":{"weight":1.0,"played":[0.9999,1.0E-4],"evs":[0.0,-3.3368]},"J4o":{"weight":1.0,"played":[1.0,0.0],"evs":[0.0,-3.07553]},"Q4o":{"weight":1.0,"played":[1.0,0.0],"evs":[0.0,-2.88879]},"K4o":{"weight":1.0,"played":[1.0,0.0],"evs":[0.0,-2.89706]},"A4o":{"weight":1.0,"played":[0.9999,1.0E-4],"evs":[0.0,-2.83627]},"52s":{"weight":1.0,"played":[0.9998,2.0E-4],"evs":[0.0,-2.66878]},"53s":{"weight":1.0,"played":[0.9999,1.0E-4],"evs":[0.0,-2.35108]},"54s":{"weight":1.0,"played":[0.9995,5.0E-4],"evs":[0.0,-2.66044]},"55":{"weight":1.0,"played":[0.9998,2.0E-4],"evs":[0.0,-2.18026]},"65o":{"weight":1.0,"played":[1.0,0.0],"evs":[0.0,-2.5586]},"75o":{"weight":1.0,"played":[1.0,0.0],"evs":[0.0,-2.68616]},"85o":{"weight":1.0,"played":[1.0,0.0],"evs":[0.0,-2.73326]},"95o":{"weight":1.0,"played":[0.9999,1.0E-4],"evs":[0.0,-2.86032]},"T5o":{"weight":1.0,"played":[0.9999,1.0E-4],"evs":[0.0,-3.53659]},"J5o":{"weight":1.0,"played":[0.9999,1.0E-4],"evs":[0.0,-3.28135]},"Q5o":{"weight":1.0,"played":[1.0,0.0],"evs":[0.0,-2.9576]},"K5o":{"weight":1.0,"played":[0.9998,2.0E-4],"evs":[0.0,-3.10982]},"A5o":{"weight":1.0,"played":[1.0,0.0],"evs":[0.0,-2.82281]},"62s":{"weight":1.0,"played":[1.0,0.0],"evs":[0.0,-2.73382]},"63s":{"weight":1.0,"played":[0.9999,1.0E-4],"evs":[0.0,-2.24494]},"64s":{"weight":1.0,"played":[1.0,0.0],"evs":[0.0,-2.15016]},"65s":{"weight":1.0,"played":[0.9904,0.0096],"evs":[0.0,-1.32001]},"66":{"weight":1.0,"played":[0.9767,0.0233],"evs":[0.0,-2.02051]},"76o":{"weight":1.0,"played":[1.0,0.0],"evs":[0.0,-2.62047]},"86o":{"weight":1.0,"played":[1.0,0.0],"evs":[0.0,-2.75745]},"96o":{"weight":1.0,"played":[1.0,0.0],"evs":[0.0,-3.05339]},"T6o":{"weight":1.0,"played":[0.9999,1.0E-4],"evs":[0.0,-2.8423]},"J6o":{"weight":1.0,"played":[1.0,0.0],"evs":[0.0,-2.97686]},"Q6o":{"weight":1.0,"played":[0.9999,1.0E-4],"evs":[0.0,-2.71681]},"K6o":{"weight":1.0,"played":[0.9998,2.0E-4],"evs":[0.0,-2.68815]},"A6o":{"weight":1.0,"played":[1.0,0.0],"evs":[0.0,-3.20851]},"72s":{"weight":1.0,"played":[1.0,0.0],"evs":[0.0,-2.79881]},"73s":{"weight":1.0,"played":[1.0,0.0],"evs":[0.0,-2.94315]},"74s":{"weight":1.0,"played":[0.9971,0.0029],"evs":[0.0,-2.21629]},"75s":{"weight":1.0,"played":[0.9994,6.0E-4],"evs":[0.0,-2.56246]},"76s":{"weight":1.0,"played":[0.9999,1.0E-4],"evs":[0.0,-1.91262]},"77":{"weight":1.0,"played":[0.9999,1.0E-4],"evs":[0.0,-1.3401]},"87o":{"weight":1.0,"played":[1.0,0.0],"evs":[0.0,-2.31743]},"97o":{"weight":1.0,"played":[0.9999,1.0E-4],"evs":[0.0,-2.5762]},"T7o":{"weight":1.0,"played":[0.9997,3.0E-4],"evs":[0.0,-2.8872]},"J7o":{"weight":1.0,"played":[1.0,0.0],"evs":[0.0,-2.59074]},"Q7o":{"weight":1.0,"played":[0.9992,8.0E-4],"evs":[0.0,-2.97334]},"K7o":{"weight":1.0,"played":[0.9997,3.0E-4],"evs":[0.0,-2.57486]},"A7o":{"weight":1.0,"played":[1.0,0.0],"evs":[0.0,-3.10238]},"82s":{"weight":1.0,"played":[0.9996,4.0E-4],"evs":[0.0,-2.6523]},"83s":{"weight":1.0,"played":[1.0,0.0],"evs":[0.0,-2.2682]},"84s":{"weight":1.0,"played":[0.9977,0.0023],"evs":[0.0,-2.49393]},"85s":{"weight":1.0,"played":[1.0,0.0],"evs":[0.0,-2.51819]},"86s":{"weight":1.0,"played":[0.9997,3.0E-4],"evs":[0.0,-1.58882]},"87s":{"weight":1.0,"played":[0.9994,6.0E-4],"evs":[0.0,-1.67077]},"88":{"weight":1.0,"played":[0.9995,5.0E-4],"evs":[0.0,-1.30363]},"98o":{"weight":1.0,"played":[1.0,0.0],"evs":[0.0,-2.44732]},"T8o":{"weight":1.0,"played":[1.0,0.0],"evs":[0.0,-2.95999]},"J8o":{"weight":1.0,"played":[1.0,0.0],"evs":[0.0,-2.45468]},"Q8o":{"weight":1.0,"played":[0.9999,1.0E-4],"evs":[0.0,-2.64032]},"K8o":{"weight":1.0,"played":[0.9996,4.0E-4],"evs":[0.0,-2.71223]},"A8o":{"weight":1.0,"played":[1.0,0.0],"evs":[0.0,-3.22862]},"92s":{"weight":1.0,"played":[0.9995,5.0E-4],"evs":[0.0,-2.7496]},"93s":{"weight":1.0,"played":[0.9999,1.0E-4],"evs":[0.0,-2.29179]},"94s":{"weight":1.0,"played":[0.9998,2.0E-4],"evs":[0.0,-2.47022]},"95s":{"weight":1.0,"played":[0.9999,1.0E-4],"evs":[0.0,-2.58034]},"96s":{"weight":1.0,"played":[0.9999,1.0E-4],"evs":[0.0,-2.87413]},"97s":{"weight":1.0,"played":[0.9989,0.0011],"evs":[0.0,-1.63715]},"98s":{"weight":1.0,"played":[0.9998,2.0E-4],"evs":[0.0,-2.01084]},"99":{"weight":1.0,"played":[0.9977,0.0023],"evs":[0.0,-0.79938]},"T9o":{"weight":1.0,"played":[1.0,0.0],"evs":[0.0,-2.75818]},"J9o":{"weight":1.0,"played":[0.9989,0.0011],"evs":[0.0,-2.528]},"Q9o":{"weight":1.0,"played":[1.0,0.0],"evs":[0.0,-2.78304]},"K9o":{"weight":1.0,"played":[0.9998,2.0E-4],"evs":[0.0,-3.32681]},"A9o":{"weight":1.0,"played":[0.9995,5.0E-4],"evs":[0.0,-3.0304]},"T2s":{"weight":1.0,"played":[0.986,0.014],"evs":[0.0,-3.23407]},"T3s":{"weight":1.0,"played":[0.9993,7.0E-4],"evs":[0.0,-2.86969]},"T4s":{"weight":1.0,"played":[0.9995,5.0E-4],"evs":[0.0,-2.72341]},"T5s":{"weight":1.0,"played":[0.9993,7.0E-4],"evs":[0.0,-2.85313]},"T6s":{"weight":1.0,"played":[1.0,0.0],"evs":[0.0,-2.56014]},"T7s":{"weight":1.0,"played":[0.9992,8.0E-4],"evs":[0.0,-2.74156]},"T8s":{"weight":1.0,"played":[1.0,0.0],"evs":[0.0,-2.40599]},"T9s":{"weight":1.0,"played":[0.9988,0.0012],"evs":[0.0,-2.63955]},"TT":{"weight":1.0,"played":[0.9581,0.0419],"evs":[0.0,-0.49309]},"JTo":{"weight":1.0,"played":[0.9999,1.0E-4],"evs":[0.0,-2.15532]},"QTo":{"weight":1.0,"played":[1.0,0.0],"evs":[0.0,-2.45898]},"KTo":{"weight":1.0,"played":[0.9999,1.0E-4],"evs":[0.0,-2.43195]},"ATo":{"weight":1.0,"played":[0.9998,2.0E-4],"evs":[0.0,-2.51323]},"J2s":{"weight":1.0,"played":[0.9999,1.0E-4],"evs":[0.0,-2.34194]},"J3s":{"weight":1.0,"played":[0.9996,4.0E-4],"evs":[0.0,-2.83987]},"J4s":{"weight":1.0,"played":[0.993,0.007],"evs":[0.0,-1.92201]},