{"player":0,"street":0,"children":3,"sequence":[],"actions":[{"type":"F","amount":0,"node":1},{"type":"R","amount":200000,"node":143},{"type":"R","amount":3605000}],"hands":{"22":{"weight":1.0,"played":[0.0214,0.9786,0.0],"evs":[0.0,2.7E-4,-0.14209]},"32o":{"weight":1.0,"played":[1.0,0.0,0.0],"evs":[0.0,-0.38213,-1.59102]},"42o":{"weight":1.0,"played":[1.0,0.0,0.0],"evs":[0.0,-0.3548,-1.50305]},"52o":{"weight":1.0,"played":[1.0,0.0,0.0],"evs":[0.0,-0.33403,-1.42435]},"62o":{"weight":1.0,"played":[1.0,0.0,0.0],"evs":[0.0,-0.37089,-1.54618]},"72o":{"weight":1.0,"played":[1.0,0.0,0.0],"evs":[0.0,-0.39297,-1.65657]},"82o":{"weight":1.0,"played":[1.0,0.0,0.0],"evs":[0.0,-0.38611,-1.52409]},"92o":{"weight":1.0,"played":[1.0,0.0,0.0],"evs":[0.0,-0.37557,-1.44353]},"T2o":{"weight":1.0,"played":[1.0,0.0,0.0],"evs":[0.0,-0.35472,-1.37011]},"J2o":{"weight":1.0,"played":[1.0,0.0,0.0],"evs":[0.0,-0.34371,-1.2492]},"Q2o":{"weight":1.0,"played":[1.0,0.0,0.0],"evs":[0.0,-0.30799,-1.12926]},"K2o":{"weight":1.0,"played":[1.0,0.0,0.0],"evs":[0.0,-0.28094,-0.93432]},"A2o":{"weight":1.0,"played":[1.0,0.0,0.0],"evs":[0.0,-0.15304,-0.47338]},"32s":{"weight":1.0,"played":[1.0,0.0,0.0],"evs":[0.0,-0.26257,-1.07961]},"33":{"weight":1.0,"played":[0.0,1.0,0.0],"evs":[0.0,0.08056,-0.05696]},"43o":{"weight":1.0,"played":[1.0,0.0,0.0],"evs":[0.0,-0.30241,-1.31314]},"53o":{"weight":1.0,"played":[1.0,0.0,0.0],"evs":[0.0,-0.27743,-1.22797]},"63o":{"weight":1.0,"played":[1.0,0.0,0.0],"evs":[0.0,-0.30905,-1.3487]},"73o":{"weight":1.0,"played":[1.0,0.0,0.0],"evs":[0.0,-0.34076,-1.45794]},"83o":{"weight":1.0,"played":[1.0,0.0,0.0],"evs":[0.0,-0.36577,-1.51916]},"93o":{"weight":1.0,"played":[1.0,0.0,0.0],"evs":[0.0,-0.35079,-1.39181]},"T3o":{"weight":1.0,"played":[1.0,0.0,0.0],"evs":[0.0,-0.32924,-1.31797]},"J3o":{"weight":1.0,"played":[1.0,0.0,0.0],"evs":[0.0,-0.31813,-1.19953]},"Q3o":{"weight":1.0,"played":[1.0,0.0,0.0],"evs":[0.0,-0.2824,-1.07628]},"K3o":{"weight":1.0,"played":[1.0,0.0,0.0],"evs":[0.0,-0.25622,-0.88493]},"A3o":{"weight":1.0,"played":[1.0,0.0,0.0],"evs":[0.0,-0.10953,-0.42271]},"42s":{"weight":1.0,"played":[1.0,0.0,0.0],"evs":[0.0,-0.22798,-0.99985]},"43s":{"weight":1.0,"played":[1.0,0.0,0.0],"evs":[0.0,-0.16683,-0.82403]},"44":{"weight":1.0,"played":[0.0,1.0,0.0],"evs":[0.0,0.19538,0.08128]},"54o":{"weight":1.0,"played":[1.0,0.0,0.0],"evs":[0.0,-0.21768,-1.02359]},"64o":{"weight":1.0,"played":[1.0,0.0,0.0],"evs":[0.0,-0.24811,-1.13329]},"74o":{"weight":1.0,"played":[1.0,0.0,0.0],"evs":[0.0,-0.28157,-1.24502]},"84o":{"weight":1.0,"played":[1.0,0.0,0.0],"evs":[0.0,-0.3124,-1.30697]},"94o":{"weight":1.0,"played":[1.0,0.0,0.0],"evs":[0.0,-0.32518,-1.3623]},"T4o":{"weight":1.0,"played":[1.0,0.0,0.0],"evs":[0.0,-0.30262,-1.24663]},"J4o":{"weight":1.0,"played":[1.0,0.0,0.0],"evs":[0.0,-0.29002,-1.12594]},"Q4o":{"weight":1.0,"played":[1.0,0.0,0.0],"evs":[0.0,-0.2542,-1.00582]},"K4o":{"weight":1.0,"played":[1.0,0.0,0.0],"evs":[0.0,-0.22461,-0.81679]},"A4o":{"weight":1.0,"played":[1.0,0.0,0.0],"evs":[0.0,-0.07243,-0.35431]},"52s":{"weight":1.0,"played":[1.0,0.0,0.0],"evs":[0.0,-0.20707,-0.93367]},"53s":{"weight":1.0,"played":[1.0,0.0,0.0],"evs":[0.0,-0.13791,-0.7459]},"54s":{"weight":1.0,"played":[1.0,0.0,0.0],"evs":[0.0,-0.05474,-0.55304]},"55":{"weight":1.0,"played":[0.0,1.0,0.0],"evs":[0.0,0.40335,0.26778]},"65o":{"weight":1.0,"played":[1.0,0.0,0.0],"evs":[0.0,-0.18681,-0.93242]},"75o":{"weight":1.0,"played":[1.0,0.0,0.0],"evs":[0.0,-0.21973,-1.03424]},"85o":{"weight":1.0,"played":[1.0,0.0,0.0],"evs":[0.0,-0.25298,-1.09007]},"95o":{"weight":1.0,"played":[1.0,0.0,0.0],"evs":[0.0,-0.27441,-1.15075]},"T5o":{"weight":1.0,"played":[1.0,0.0,0.0],"evs":[0.0,-0.27867,-1.21222]},"J5o":{"weight":1.0,"played":[1.0,0.0,0.0],"evs":[0.0,-0.26168,-1.05592]},"Q5o":{"weight":1.0,"played":[1.0,0.0,0.0],"evs":[0.0,-0.22361,-0.94033]},"K5o":{"weight":1.0,"played":[1.0,0.0,0.0],"evs":[0.0,-0.19444,-0.74811]},"A5o":{"weight":1.0,"played":[1.0,0.0,0.0],"evs":[0.0,-0.02359,-0.2819]},"62s":{"weight":1.0,"played":[1.0,0.0,0.0],"evs":[0.0,-0.24858,-1.04416]},"63s":{"weight":1.0,"played":[1.0,0.0,0.0],"evs":[0.0,-0.17774,-0.84858]},"64s":{"weight":1.0,"played":[1.0,0.0,0.0],"evs":[0.0,-0.09553,-0.6583]},"65s":{"weight":1.0,"played":[1.0,0.0,0.0],"evs":[0.0,-0.01429,-0.46939]},"66":{"weight":1.0,"played":[0.0,1.0,0.0],"evs":[0.0,0.61838,0.48289]},"76o":{"weight":1.0,"played":[1.0,0.0,0.0],"evs":[0.0,-0.1754,-0.84542]},"86o":{"weight":1.0,"played":[1.0,0.0,0.0],"evs":[0.0,-0.20815,-0.89366]},"96o":{"weight":1.0,"played":[1.0,0.0,0.0],"evs":[0.0,-0.23142,-0.95304]},"T6o":{"weight":1.0,"played":[1.0,0.0,0.0],"evs":[0.0,-0.24284,-1.01276]},"J6o":{"weight":1.0,"played":[1.0,0.0,0.0],"evs":[0.0,-0.25616,-1.03072]},"Q6o":{"weight":1.0,"played":[1.0,0.0,0.0],"evs":[0.0,-0.21585,-0.87653]},"K6o":{"weight":1.0,"played":[1.0,0.0,0.0],"evs":[0.0,-0.18157,-0.6824]},"A6o":{"weight":1.0,"played":[1.0,0.0,0.0],"evs":[0.0,-0.06536,-0.38719]},"72s":{"weight":1.0,"played":[1.0,0.0,0.0],"evs":[0.0,-0.27404,-1.14455]},"73s":{"weight":1.0,"played":[1.0,0.0,0.0],"evs":[0.0,-0.21781,-0.95747]},"74s":{"weight":1.0,"played":[1.0,0.0,0.0],"evs":[0.0,-0.14422,-0.75535]},"75s":{"weight":1.0,"played":[1.0,0.0,0.0],"evs":[0.0,-0.0581,-0.56982]},"76s":{"weight":1.0,"played":[0.0023,0.9977,0.0],"evs":[0.0,0.0182,-0.39262]},"77":{"weight":1.0,"played":[0.0,1.0,0.0],"evs":[0.0,0.89028,0.73924]},"87o":{"weight":1.0,"played":[1.0,0.0,0.0],"evs":[0.0,-0.17131,-0.73172]},"97o":{"weight":1.0,"played":[1.0,0.0,0.0],"evs":[0.0,-0.18184,-0.77461]},"T7o":{"weight":1.0,"played":[1.0,0.0,0.0],"evs":[0.0,-0.19055,-0.83445]},"J7o":{"weight":1.0,"played":[1.0,0.0,0.0],"evs":[0.0,-0.20995,-0.8436]},"Q7o":{"weight":1.0,"played":[1.0,0.0,0.0],"evs":[0.0,-0.19515,-0.85602]},"K7o":{"weight":1.0,"played":[1.0,0.0,0.0],"evs":[0.0,-0.16165,-0.63579]},"A7o":{"weight":1.0,"played":[0.9999,1.0E-4,0.0],"evs":[0.0,-0.02352,-0.30352]},"82s":{"weight":1.0,"played":[1.0,0.0,0.0],"evs":[0.0,-0.26147,-1.02223]},"83s":{"weight":1.0,"played":[1.0,0.0,0.0],"evs":[0.0,-0.24756,-1.01276]},"84s":{"weight":1.0,"played":[1.0,0.0,0.0],"evs":[0.0,-0.18781,-0.81994]},"85s":{"weight":1.0,"played":[1.0,0.0,0.0],"evs":[0.0,-0.10838,-0.61887]},"86s":{"weight":1.0,"played":[1.0,0.0,0.0],"evs":[0.0,-0.0312,-0.43438]},"87s":{"weight":1.0,"played":[1.0E-4,0.9999,0.0],"evs":[0.0,0.03203,-0.27688]},"88":{"weight":1.0,"played":[0.0,1.0,0.0],"evs":[0.0,1.25807,1.09164]},"98o":{"weight":1.0,"played":[1.0,0.0,0.0],"evs":[0.0,-0.13682,-0.599]},"T8o":{"weight":1.0,"played":[1.0,0.0,0.0],"evs":[0.0,-0.15228,-0.62459]},"J8o":{"weight":1.0,"played":[1.0,0.0,0.0],"evs":[0.0,-0.1705,-0.64292]},"Q8o":{"weight":1.0,"played":[1.0,0.0,0.0],"evs":[0.0,-0.16065,-0.66482]},"K8o":{"weight":1.0,"played":[1.0,0.0,0.0],"evs":[0.0,-0.14556,-0.58571]},"A8o":{"weight":1.0,"played":[0.0,1.0,0.0],"evs":[0.0,0.01682,-0.21961]},"92s":{"weight":1.0,"played":[1.0,0.0,0.0],"evs":[0.0,-0.24613,-0.93563]},"93s":{"weight":1.0,"played":[1.0,0.0,0.0],"evs":[0.0,-0.22677,-0.89624]},"94s":{"weight":1.0,"played":[1.0,0.0,0.0],"evs":[0.0,-0.20052,-0.86559]},"95s":{"weight":1.0,"played":[1.0,0.0,0.0],"evs":[0.0,-0.14289,-0.66701]},"96s":{"weight":1.0,"played":[1.0,0.0,0.0],"evs":[0.0,-0.07274,-0.48694]},"97s":{"weight":1.0,"played":[0.0493,0.9507,0.0],"evs":[0.0,0.00727,-0.32373]},"98s":{"weight":1.0,"played":[0.0,1.0,0.0],"evs":[0.0,0.09007,-0.15636]},"99":{"weight":1.0,"played":[0.0,0.9994,6.0E-4],"evs":[0.0,1.64683,1.52569]},"T9o":{"weight":1.0,"played":[1.0,0.0,0.0],"evs":[0.0,-0.07217,-0.42455]},"J9o":{"weight":1.0,"played":[1.0,0.0,0.0],"evs":[0.0,-0.09137,-0.444]},"Q9o":{"weight":1.0,"played":[1.0,0.0,0.0],"evs":[0.0,-0.09447,-0.4682]},"K9o":{"weight":1.0,"played":[1.0,0.0,0.0],"evs":[0.0,-0.08514,-0.40369]},"A9o":{"weight":1.0,"played":[0.0,1.0,0.0],"evs":[0.0,0.0941,-0.10911]},"T2s":{"weight":1.0,"played":[1.0,0.0,0.0],"evs":[0.0,-0.22217,-0.87482]},"T3s":{"weight":1.0,"played":[1.0,0.0,0.0],