{"player":2,"street":0,"children":3,"sequence":[{"player":0,"type":"F","amount":0,"street":0},{"player":1,"type":"F","amount":0,"street":0}],"actions":[{"type":"F","amount":0,"node":3},{"type":"R","amount":200000,"node":21},{"type":"R","amount":1405000,"node":77}],"hands":{"22":{"weight":1.0,"played":[0.0,0.0031,0.9969],"evs":[0.0,0.11624,0.12812]},"32o":{"weight":1.0,"played":[1.0,0.0,0.0],"evs":[0.0,-0.31601,-1.36755]},"42o":{"weight":1.0,"played":[1.0,0.0,0.0],"evs":[0.0,-0.2958,-1.28533]},"52o":{"weight":1.0,"played":[1.0,0.0,0.0],"evs":[0.0,-0.26731,-1.19936]},"62o":{"weight":1.0,"played":[1.0,0.0,0.0],"evs":[0.0,-0.29129,-1.3108]},"72o":{"weight":1.0,"played":[1.0,0.0,0.0],"evs":[0.0,-0.30427,-1.389]},"82o":{"weight":1.0,"played":[1.0,0.0,0.0],"evs":[0.0,-0.29635,-1.3005]},"92o":{"weight":1.0,"played":[1.0,0.0,0.0],"evs":[0.0,-0.2857,-1.24512]},"T2o":{"weight":1.0,"played":[1.0,0.0,0.0],"evs":[0.0,-0.27762,-1.15268]},"J2o":{"weight":1.0,"played":[1.0,0.0,0.0],"evs":[0.0,-0.24528,-1.05548]},"Q2o":{"weight":1.0,"played":[1.0,0.0,0.0],"evs":[0.0,-0.22818,-0.93795]},"K2o":{"weight":1.0,"played":[1.0,0.0,0.0],"evs":[0.0,-0.1893,-0.76148]},"A2o":{"weight":1.0,"played":[1.0,0.0,0.0],"evs":[0.0,-0.02544,-0.12369]},"32s":{"weight":1.0,"played":[1.0,0.0,0.0],"evs":[0.0,-0.226,-0.91554]},"33":{"weight":1.0,"played":[0.0,0.2315,0.7685],"evs":[0.0,0.29377,0.29464]},"43o":{"weight":1.0,"played":[1.0,0.0,0.0],"evs":[0.0,-0.24956,-1.10371]},"53o":{"weight":1.0,"played":[1.0,0.0,0.0],"evs":[0.0,-0.21594,-1.01468]},"63o":{"weight":1.0,"played":[1.0,0.0,0.0],"evs":[0.0,-0.23875,-1.12618]},"73o":{"weight":1.0,"played":[1.0,0.0,0.0],"evs":[0.0,-0.25907,-1.20318]},"83o":{"weight":1.0,"played":[1.0,0.0,0.0],"evs":[0.0,-0.28195,-1.27041]},"93o":{"weight":1.0,"played":[1.0,0.0,0.0],"evs":[0.0,-0.26654,-1.17894]},"T3o":{"weight":1.0,"played":[1.0,0.0,0.0],"evs":[0.0,-0.2534,-1.08601]},"J3o":{"weight":1.0,"played":[1.0,0.0,0.0],"evs":[0.0,-0.22658,-0.99148]},"Q3o":{"weight":1.0,"played":[1.0,0.0,0.0],"evs":[0.0,-0.20923,-0.87625]},"K3o":{"weight":1.0,"played":[1.0,0.0,0.0],"evs":[0.0,-0.17124,-0.70415]},"A3o":{"weight":1.0,"played":[0.8187,0.1813,0.0],"evs":[0.0,-6.3E-4,-0.06284]},"42s":{"weight":1.0,"played":[1.0,0.0,0.0],"evs":[0.0,-0.20395,-0.83892]},"43s":{"weight":1.0,"played":[1.0,0.0,0.0],"evs":[0.0,-0.15722,-0.67769]},"44":{"weight":1.0,"played":[0.0,0.0211,0.9789],"evs":[0.0,0.48454,0.49304]},"54o":{"weight":1.0,"played":[1.0,0.0,0.0],"evs":[0.0,-0.1778,-0.83294]},"64o":{"weight":1.0,"played":[1.0,0.0,0.0],"evs":[0.0,-0.1906,-0.9372]},"74o":{"weight":1.0,"played":[1.0,0.0,0.0],"evs":[0.0,-0.21379,-1.01699]},"84o":{"weight":1.0,"played":[1.0,0.0,0.0],"evs":[0.0,-0.2347,-1.08678]},"94o":{"weight":1.0,"played":[1.0,0.0,0.0],"evs":[0.0,-0.25334,-1.15095]},"T4o":{"weight":1.0,"played":[1.0,0.0,0.0],"evs":[0.0,-0.23321,-1.02338]},"J4o":{"weight":1.0,"played":[1.0,0.0,0.0],"evs":[0.0,-0.20809,-0.92743]},"Q4o":{"weight":1.0,"played":[1.0,0.0,0.0],"evs":[0.0,-0.18858,-0.81314]},"K4o":{"weight":1.0,"played":[1.0,0.0,0.0],"evs":[0.0,-0.15198,-0.64393]},"A4o":{"weight":1.0,"played":[0.0,1.0,0.0],"evs":[0.0,0.01992,0.00388]},"52s":{"weight":1.0,"played":[1.0,0.0,0.0],"evs":[0.0,-0.17428,-0.76656]},"53s":{"weight":1.0,"played":[1.0,0.0,0.0],"evs":[0.0,-0.12366,-0.59386]},"54s":{"weight":1.0,"played":[1.0,0.0,0.0],"evs":[0.0,-0.0778,-0.42468]},"55":{"weight":1.0,"played":[0.0,0.0,1.0],"evs":[0.0,0.73691,0.74324]},"65o":{"weight":1.0,"played":[1.0,0.0,0.0],"evs":[0.0,-0.13757,-0.74518]},"75o":{"weight":1.0,"played":[1.0,0.0,0.0],"evs":[0.0,-0.15125,-0.82069]},"85o":{"weight":1.0,"played":[1.0,0.0,0.0],"evs":[0.0,-0.17339,-0.88499]},"95o":{"weight":1.0,"played":[1.0,0.0,0.0],"evs":[0.0,-0.18612,-0.95061]},"T5o":{"weight":1.0,"played":[1.0,0.0,0.0],"evs":[0.0,-0.19879,-0.97354]},"J5o":{"weight":1.0,"played":[1.0,0.0,0.0],"evs":[0.0,-0.16858,-0.85158]},"Q5o":{"weight":1.0,"played":[1.0,0.0,0.0],"evs":[0.0,-0.14807,-0.73609]},"K5o":{"weight":1.0,"played":[1.0,0.0,0.0],"evs":[0.0,-0.10843,-0.56562]},"A5o":{"weight":1.0,"played":[0.0,0.0,1.0],"evs":[0.0,0.08888,0.09377]},"62s":{"weight":1.0,"played":[1.0,0.0,0.0],"evs":[0.0,-0.19822,-0.87012]},"63s":{"weight":1.0,"played":[1.0,0.0,0.0],"evs":[0.0,-0.14944,-0.69836]},"64s":{"weight":1.0,"played":[1.0,0.0,0.0],"evs":[0.0,-0.09498,-0.51977]},"65s":{"weight":1.0,"played":[1.0,0.0,0.0],"evs":[0.0,-0.04122,-0.34181]},"66":{"weight":1.0,"played":[0.0,0.0,1.0],"evs":[0.0,0.97478,0.98018]},"76o":{"weight":1.0,"played":[1.0,0.0,0.0],"evs":[0.0,-0.12194,-0.65356]},"86o":{"weight":1.0,"played":[1.0,0.0,0.0],"evs":[0.0,-0.13899,-0.70705]},"96o":{"weight":1.0,"played":[1.0,0.0,0.0],"evs":[0.0,-0.15579,-0.77247]},"T6o":{"weight":1.0,"played":[1.0,0.0,0.0],"evs":[0.0,-0.16801,-0.79474]},"J6o":{"weight":1.0,"played":[1.0,0.0,0.0],"evs":[0.0,-0.16621,-0.82114]},"Q6o":{"weight":1.0,"played":[1.0,0.0,0.0],"evs":[0.0,-0.14281,-0.67631]},"K6o":{"weight":1.0,"played":[1.0,0.0,0.0],"evs":[0.0,-0.10512,-0.50733]},"A6o":{"weight":1.0,"played":[0.0,0.1314,0.8686],"evs":[0.0,0.0574,0.05873]},"72s":{"weight":1.0,"played":[1.0,0.0,0.0],"evs":[0.0,-0.20987,-0.94216]},"73s":{"weight":1.0,"played":[1.0,0.0,0.0],"evs":[0.0,-0.16942,-0.76841]},"74s":{"weight":1.0,"played":[1.0,0.0,0.0],"evs":[0.0,-0.12067,-0.59891]},"75s":{"weight":1.0,"played":[1.0,0.0,0.0],"evs":[0.0,-0.06132,-0.41279]},"76s":{"weight":1.0,"played":[1.0,0.0,0.0],"evs":[0.0,-0.02968,-0.25731]},"77":{"weight":1.0,"played":[0.0,0.0,1.0],"evs":[0.0,1.21011,1.21365]},"87o":{"weight":1.0,"played":[1.0,0.0,0.0],"evs":[0.0,-0.10815,-0.5565]},"97o":{"weight":1.0,"played":[1.0,0.0,0.0],"evs":[0.0,-0.12385,-0.61197]},"T7o":{"weight":1.0,"played":[1.0,0.0,0.0],"evs":[0.0,-0.13377,-0.63232]},"J7o":{"weight":1.0,"played":[1.0,0.0,0.0],"evs":[0.0,-0.13484,-0.66354]},"Q7o":{"weight":1.0,"played":[1.0,0.0,0.0],"evs":[0.0,-0.12777,-0.661]},"K7o":{"weight":1.0,"played":[1.0,0.0,0.0],"evs":[0.0,-0.08553,-0.46016]},"A7o":{"weight":1.0,"played":[0.0,0.0943,0.9057],"evs":[0.0,0.19372,0.19376]},"82s":{"weight":1.0,"played":[1.0,0.0,0.0],"evs":[0.0,-0.20171,-0.85862]},"83s":{"weight":1.0,"played":[1.0,0.0,0.0],"evs":[0.0,-0.19171,-0.83252]},"84s":{"weight":1.0,"played":[1.0,0.0,0.0],"evs":[0.0,-0.14676,-0.65951]},"85s":{"weight":1.0,"played":[1.0,0.0,0.0],"evs":[0.0,-0.08804,-0.47096]},"86s":{"weight":1.0,"played":[1.0,0.0,0.0],"evs":[0.0,-0.0515,-0.3047]},"87s":{"weight":1.0,"played":[1.0,0.0,0.0],"evs":[0.0,-0.02159,-0.16846]},"88":{"weight":1.0,"played":[0.0,0.1468,0.8532],"evs":[0.0,1.49645,1.49902]},"98o":{"weight":1.0,"played":[1.0,0.0,0.0],"evs":[0.0,-0.09416,-0.45886]},"T8o":{"weight":1.0,"played":[1.0,0.0,0.0],"evs":[0.0,-0.10029,-0.45886]},"J8o":{"weight":1.0,"played":[1.0,0.0,0.0],"evs":[0.0,-0.0931,-0.49349]},"Q8o":{"weight":1.0,"played":[1.0,0.0,0.0],"evs":[0.0,-0.09352,-0.49339]},"K8o":{"weight":1.0,"played":[1.0,0.0,0.0],"evs":[0.0,-0.06478,-0.42452]},"A8o":{"weight":1.0,"played":[0.0,8.0E-4,0.9992],"evs":[0.0,0.36927,0.38503]},"92s":{"weight":1.0,"played":[1.0,0.0,0.0],"evs":[0.0,-0.18801,-0.80798]},"93s":{"weight":1.0,"played":[1.0,0.0,0.0],"evs":[0.0,-0.17529,-0.74794]},"94s":{"weight":1.0,"played":[1.0,0.0,0.0],"evs":[0.0,-0.16231,-0.72811]},"95s":{"weight":1.0,"played":[1.0,0.0,0.0],"evs":[0.0,-0.09854,-0.5333]},"96s":{"weight":1.0,"played":[1.0,0.0,0.0],"evs":[0.0,-0.06924,-0.36473]},"97s":{"weight":1.0,"played":[1.0,0.0,0.0],"evs":[0.0,-0.03497,-0.21505]},"98s":{"weight":1.0,"played":[0.2024,0.7976,0.0],"evs":[0.0,5.2E-4,-0.06861]},"99":{"weight":1.0,"played":[0.0,0.0593,0.9407],"evs":[0.0,1.82062,1.82136]},"T9o":{"weight":1.0,"played":[1.0,0.0,0.0],"evs":[0.0,-0.05881,-0.28111]},"J9o":{"weight":1.0,"played":[1.0,0.0,0.0],"evs":[0.0,-0.04835,-0.32062]},"Q9o":{"weight":1.0,"played":[1.0,0.0,0.0],"evs":[0.0,-0.04666,-0.31644]},"K9o":{"weight":1.0,"played":[0.9995,5.0E-4,0.0],"evs":[0.0,-0.00276,-0.2487]},"A9o":{"weight":1.0,"played":[0.0,0.0,1.0],"evs":[0.0,0.61625,0.64748]},"T2s":{"weight":1.0,