{"player":3,"street":0,"children":2,"sequence":[{"player":0,"type":"R","amount":200000,"street":0},{"player":1,"type":"C","amount":200000,"street":0},{"player":2,"type":"R","amount":1405000,"street":0}],"actions":[{"type":"F","amount":0,"node":642},{"type":"R","amount":3605000,"node":657}],"hands":{"22":{"weight":1.0,"played":[0.9983,0.0017],"evs":[0.0,-1.88294]},"32o":{"weight":1.0,"played":[1.0,0.0],"evs":[0.0,-5.4232]},"42o":{"weight":1.0,"played":[1.0,0.0],"evs":[0.0,-4.98066]},"52o":{"weight":1.0,"played":[1.0,0.0],"evs":[0.0,-4.52214]},"62o":{"weight":1.0,"played":[1.0,0.0],"evs":[0.0,-5.07923]},"72o":{"weight":1.0,"played":[1.0,0.0],"evs":[0.0,-5.78612]},"82o":{"weight":1.0,"played":[1.0,0.0],"evs":[0.0,-5.18838]},"92o":{"weight":1.0,"played":[1.0,0.0],"evs":[0.0,-5.21047]},"T2o":{"weight":1.0,"played":[1.0,0.0],"evs":[0.0,-5.43747]},"J2o":{"weight":1.0,"played":[1.0,0.0],"evs":[0.0,-5.64223]},"Q2o":{"weight":1.0,"played":[1.0,0.0],"evs":[0.0,-5.42447]},"K2o":{"weight":1.0,"played":[1.0,0.0],"evs":[0.0,-5.08138]},"A2o":{"weight":1.0,"played":[1.0,0.0],"evs":[0.0,-3.98383]},"32s":{"weight":1.0,"played":[0.9994,6.0E-4],"evs":[0.0,-3.92181]},"33":{"weight":1.0,"played":[0.9991,9.0E-4],"evs":[0.0,-1.84238]},"43o":{"weight":1.0,"played":[1.0,0.0],"evs":[0.0,-4.31421]},"53o":{"weight":1.0,"played":[0.9999,1.0E-4],"evs":[0.0,-4.24745]},"63o":{"weight":1.0,"played":[1.0,0.0],"evs":[0.0,-4.68931]},"73o":{"weight":1.0,"played":[1.0,0.0],"evs":[0.0,-5.08946]},"83o":{"weight":1.0,"played":[1.0,0.0],"evs":[0.0,-5.1516]},"93o":{"weight":1.0,"played":[1.0,0.0],"evs":[0.0,-4.97366]},"T3o":{"weight":1.0,"played":[1.0,0.0],"evs":[0.0,-5.63614]},"J3o":{"weight":1.0,"played":[1.0,0.0],"evs":[0.0,-5.39441]},"Q3o":{"weight":1.0,"played":[0.9999,1.0E-4],"evs":[0.0,-4.94705]},"K3o":{"weight":1.0,"played":[1.0,0.0],"evs":[0.0,-4.24389]},"A3o":{"weight":1.0,"played":[0.9998,2.0E-4],"evs":[0.0,-3.2816]},"42s":{"weight":1.0,"played":[0.9999,1.0E-4],"evs":[0.0,-3.04743]},"43s":{"weight":1.0,"played":[1.0,0.0],"evs":[0.0,-3.09352]},"44":{"weight":1.0,"played":[0.9999,1.0E-4],"evs":[0.0,-1.17688]},"54o":{"weight":1.0,"played":[1.0,0.0],"evs":[0.0,-3.65802]},"64o":{"weight":1.0,"played":[1.0,0.0],"evs":[0.0,-4.02389]},"74o":{"weight":1.0,"played":[1.0,0.0],"evs":[0.0,-4.52179]},"84o":{"weight":1.0,"played":[1.0,0.0],"evs":[0.0,-4.35448]},"94o":{"weight":1.0,"played":[1.0,0.0],"evs":[0.0,-4.83225]},"T4o":{"weight":1.0,"played":[1.0,0.0],"evs":[0.0,-5.09485]},"J4o":{"weight":1.0,"played":[1.0,0.0],"evs":[0.0,-4.94092]},"Q4o":{"weight":1.0,"played":[1.0,0.0],"evs":[0.0,-5.13253]},"K4o":{"weight":1.0,"played":[1.0,0.0],"evs":[0.0,-4.49529]},"A4o":{"weight":1.0,"played":[1.0,0.0],"evs":[0.0,-3.19353]},"52s":{"weight":1.0,"played":[0.9999,1.0E-4],"evs":[0.0,-3.41873]},"53s":{"weight":1.0,"played":[1.0,0.0],"evs":[0.0,-3.34376]},"54s":{"weight":1.0,"played":[0.9997,3.0E-4],"evs":[0.0,-2.87499]},"55":{"weight":1.0,"played":[0.7711,0.2289],"evs":[0.0,-0.28212]},"65o":{"weight":1.0,"played":[1.0,0.0],"evs":[0.0,-3.46305]},"75o":{"weight":1.0,"played":[1.0,0.0],"evs":[0.0,-3.9562]},"85o":{"weight":1.0,"played":[1.0,0.0],"evs":[0.0,-3.9037]},"95o":{"weight":1.0,"played":[1.0,0.0],"evs":[0.0,-4.37533]},"T5o":{"weight":1.0,"played":[1.0,0.0],"evs":[0.0,-5.46113]},"J5o":{"weight":1.0,"played":[1.0,0.0],"evs":[0.0,-4.95601]},"Q5o":{"weight":1.0,"played":[1.0,0.0],"evs":[0.0,-5.29027]},"K5o":{"weight":1.0,"played":[1.0,0.0],"evs":[0.0,-4.40712]},"A5o":{"weight":1.0,"played":[0.9994,6.0E-4],"evs":[0.0,-3.297]},"62s":{"weight":1.0,"played":[1.0,0.0],"evs":[0.0,-4.06825]},"63s":{"weight":1.0,"played":[0.9995,5.0E-4],"evs":[0.0,-3.39028]},"64s":{"weight":1.0,"played":[0.9969,0.0031],"evs":[0.0,-2.49458]},"65s":{"weight":1.0,"played":[0.9997,3.0E-4],"evs":[0.0,-1.36396]},"66":{"weight":1.0,"played":[0.7156,0.2844],"evs":[0.0,-0.11332]},"76o":{"weight":1.0,"played":[1.0,0.0],"evs":[0.0,-3.27149]},"86o":{"weight":1.0,"played":[1.0,0.0],"evs":[0.0,-3.9628]},"96o":{"weight":1.0,"played":[1.0,0.0],"evs":[0.0,-3.91288]},"T6o":{"weight":1.0,"played":[1.0,0.0],"evs":[0.0,-4.65327]},"J6o":{"weight":1.0,"played":[1.0,0.0],"evs":[0.0,-4.47152]},"Q6o":{"weight":1.0,"played":[1.0,0.0],"evs":[0.0,-4.45267]},"K6o":{"weight":1.0,"played":[1.0,0.0],"evs":[0.0,-4.23833]},"A6o":{"weight":1.0,"played":[1.0,0.0],"evs":[0.0,-3.66473]},"72s":{"weight":1.0,"played":[1.0,0.0],"evs":[0.0,-4.53078]},"73s":{"weight":1.0,"played":[1.0,0.0],"evs":[0.0,-3.34892]},"74s":{"weight":1.0,"played":[1.0,0.0],"evs":[0.0,-3.43766]},"75s":{"weight":1.0,"played":[0.9991,9.0E-4],"evs":[0.0,-2.55832]},"76s":{"weight":1.0,"played":[0.9998,2.0E-4],"evs":[0.0,-1.58856]},"77":{"weight":1.0,"played":[0.0294,0.9706],"evs":[0.0,0.11441]},"87o":{"weight":1.0,"played":[0.9999,1.0E-4],"evs":[0.0,-3.47301]},"97o":{"weight":1.0,"played":[1.0,0.0],"evs":[0.0,-3.6428]},"T7o":{"weight":1.0,"played":[1.0,0.0],"evs":[0.0,-4.07627]},"J7o":{"weight":1.0,"played":[1.0,0.0],"evs":[0.0,-4.53427]},"Q7o":{"weight":1.0,"played":[1.0,0.0],"evs":[0.0,-4.71068]},"K7o":{"weight":1.0,"played":[1.0,0.0],"evs":[0.0,-4.19595]},"A7o":{"weight":1.0,"played":[0.9996,4.0E-4],"evs":[0.0,-3.48148]},"82s":{"weight":1.0,"played":[1.0,0.0],"evs":[0.0,-3.97085]},"83s":{"weight":1.0,"played":[1.0,0.0],"evs":[0.0,-3.6409]},"84s":{"weight":1.0,"played":[0.9998,2.0E-4],"evs":[0.0,-2.75929]},"85s":{"weight":1.0,"played":[0.9992,8.0E-4],"evs":[0.0,-2.86081]},"86s":{"weight":1.0,"played":[0.9992,8.0E-4],"evs":[0.0,-2.2615]},"87s":{"weight":1.0,"played":[0.9986,0.0014],"evs":[0.0,-2.09203]},"88":{"weight":1.0,"played":[0.0,1.0],"evs":[0.0,1.39742]},"98o":{"weight":1.0,"played":[1.0,0.0],"evs":[0.0,-2.69971]},"T8o":{"weight":1.0,"played":[0.9998,2.0E-4],"evs":[0.0,-3.64574]},"J8o":{"weight":1.0,"played":[0.9999,1.0E-4],"evs":[0.0,-3.96765]},"Q8o":{"weight":1.0,"played":[1.0,0.0],"evs":[0.0,-3.53783]},"K8o":{"weight":1.0,"played":[1.0,0.0],"evs":[0.0,-3.7692]},"A8o":{"weight":1.0,"played":[0.9998,2.0E-4],"evs":[0.0,-3.02558]},"92s":{"weight":1.0,"played":[1.0,0.0],"evs":[0.0,-3.69079]},"93s":{"weight":1.0,"played":[1.0,0.0],"evs":[0.0,-2.93654]},"94s":{"weight":1.0,"played":[1.0,0.0],"evs":[0.0,-3.52057]},"95s":{"weight":1.0,"played":[1.0,0.0],"evs":[0.0,-2.60231]},"96s":{"weight":1.0,"played":[0.9966,0.0034],"evs":[0.0,-2.09968]},"97s":{"weight":1.0,"played":[0.9995,5.0E-4],"evs":[0.0,-1.59017]},"98s":{"weight":1.0,"played":[1.0,0.0],"evs":[0.0,-1.94751]},"99":{"weight":1.0,"played":[0.0,1.0],"evs":[0.0,2.49896]},"T9o":{"weight":1.0,"played":[1.0,0.0],"evs":[0.0,-2.83759]},"J9o":{"weight":1.0,"played":[0.9999,1.0E-4],"evs":[0.0,-3.39063]},"Q9o":{"weight":1.0,"played":[0.9998,2.0E-4],"evs":[0.0,-3.55552]},"K9o":{"weight":1.0,"played":[1.0,0.0],"evs":[0.0,-3.29747]},"A9o":{"weight":1.0,"played":[0.9999,1.0E-4],"evs":[0.0,-2.39515]},"T2s":{"weight":1.0,"played":[0.9996,4.0E-4],"evs":[0.0,-3.98111]},"T3s":{"weight":1.0,"played":[1.0,0.0],"evs":[0.0,-3.36745]},"T4s":{"weight":1.0,"played":[1.0,0.0],"evs":[0.0,-3.91092]},"T5s":{"weight":1.0,"played":[0.9996,4.0E-4],"evs":[0.0,-4.13726]},"T6s":{"weight":1.0,"played":[1.0,0.0],"evs":[0.0,-3.58239]},"T7s":{"weight":1.0,"played":[1.0,0.0],"evs":[0.0,-2.13065]},"T8s":{"weight":1.0,"played":[0.998,0.002],"evs":[0.0,-2.62572]},"T9s":{"weight":1.0,"played":[0.9435,0.0565],"evs":[0.0,-0.7673]},"TT":{"weight":1.0,"played":[0.0,1.0],"evs":[0.0,3.95441]},"JTo":{"weight":1.0,"played":[1.0,0.0],"evs":[0.0,-3.08859]},"QTo":{"weight":1.0,"played":[0.9999,1.0E-4],"evs":[0.0,-3.62132]},"KTo":{"weight":1.0,"played":[0.9999,1.0E-4],"evs":[0.0,-2.64828]},"ATo":{"weight":1.0,"played":[0.9996,4.0E-4],"evs":[0.0,-1.98305]},"J2s":{"weight":1.0,"played":[0.9999,1.0E-4],"evs":[0.0,-4.19996]},"J3s":{"weight":1.0,"played":[0.9999,1.0E-4],"evs":[0.0,-3.32231]},"J4s":{"weight":1.0,"played":[1.0,0.0],"evs":[0.0,-4.42118]},"J5s":{"weight":1.0,"played":[0.9998,2.0E-4],"evs":[0.0,-3.7173]},"J6s":{"weight":1.0,"played":[1.0,0.0],"evs":[0.0,-3.72596]},"J7s":{"weight":1.0,