{"player":2,"street":0,"children":3,"sequence":[{"player":0,"type":"F","amount":0,"street":0},{"player":1,"type":"R","amount":1106900,"street":0}],"actions":[{"type":"F","amount":0,"node":233},{"type":"C","amount":1106900,"node":246},{"type":"R","amount":1915000,"node":267}],"hands":{"22":{"weight":1.0,"played":[1.0,0.0,0.0],"evs":[0.0,-0.28559,-0.27546]},"32o":{"weight":1.0,"played":[1.0,0.0,0.0],"evs":[0.0,-4.99339,-5.02487]},"42o":{"weight":1.0,"played":[1.0,0.0,0.0],"evs":[0.0,-4.73956,-4.77246]},"52o":{"weight":1.0,"played":[1.0,0.0,0.0],"evs":[0.0,-4.59321,-4.62151]},"62o":{"weight":1.0,"played":[1.0,0.0,0.0],"evs":[0.0,-4.80325,-4.83328]},"72o":{"weight":1.0,"played":[1.0,0.0,0.0],"evs":[0.0,-5.19656,-5.22348]},"82o":{"weight":1.0,"played":[1.0,0.0,0.0],"evs":[0.0,-4.89382,-4.91743]},"92o":{"weight":1.0,"played":[1.0,0.0,0.0],"evs":[0.0,-4.78321,-4.80512]},"T2o":{"weight":1.0,"played":[1.0,0.0,0.0],"evs":[0.0,-4.62099,-4.63389]},"J2o":{"weight":1.0,"played":[1.0,0.0,0.0],"evs":[0.0,-4.50602,-4.51696]},"Q2o":{"weight":1.0,"played":[1.0,0.0,0.0],"evs":[0.0,-4.13434,-4.13986]},"K2o":{"weight":1.0,"played":[1.0,0.0,0.0],"evs":[0.0,-3.43398,-3.435]},"A2o":{"weight":1.0,"played":[1.0,0.0,0.0],"evs":[0.0,-2.07362,-2.08052]},"32s":{"weight":1.0,"played":[1.0,0.0,0.0],"evs":[0.0,-3.5756,-3.59261]},"33":{"weight":1.0,"played":[0.0,0.1155,0.8845],"evs":[0.0,0.34695,0.35313]},"43o":{"weight":1.0,"played":[1.0,0.0,0.0],"evs":[0.0,-4.11327,-4.14035]},"53o":{"weight":1.0,"played":[1.0,0.0,0.0],"evs":[0.0,-3.93542,-3.96224]},"63o":{"weight":1.0,"played":[1.0,0.0,0.0],"evs":[0.0,-4.15908,-4.18513]},"73o":{"weight":1.0,"played":[1.0,0.0,0.0],"evs":[0.0,-4.54468,-4.56676]},"83o":{"weight":1.0,"played":[1.0,0.0,0.0],"evs":[0.0,-4.76257,-4.78174]},"93o":{"weight":1.0,"played":[1.0,0.0,0.0],"evs":[0.0,-4.55373,-4.57321]},"T3o":{"weight":1.0,"played":[1.0,0.0,0.0],"evs":[0.0,-4.38086,-4.3897]},"J3o":{"weight":1.0,"played":[1.0,0.0,0.0],"evs":[0.0,-4.26188,-4.26843]},"Q3o":{"weight":1.0,"played":[1.0,0.0,0.0],"evs":[0.0,-3.90429,-3.90884]},"K3o":{"weight":1.0,"played":[1.0,0.0,0.0],"evs":[0.0,-3.19705,-3.19814]},"A3o":{"weight":1.0,"played":[1.0,0.0,0.0],"evs":[0.0,-1.83394,-1.83869]},"42s":{"weight":1.0,"played":[1.0,0.0,0.0],"evs":[0.0,-3.31763,-3.33716]},"43s":{"weight":1.0,"played":[1.0,0.0,0.0],"evs":[0.0,-2.73017,-2.75043]},"44":{"weight":1.0,"played":[0.0,0.2177,0.7823],"evs":[0.0,0.98328,0.98267]},"54o":{"weight":1.0,"played":[1.0,0.0,0.0],"evs":[0.0,-3.33424,-3.35825]},"64o":{"weight":1.0,"played":[1.0,0.0,0.0],"evs":[0.0,-3.55436,-3.57544]},"74o":{"weight":1.0,"played":[1.0,0.0,0.0],"evs":[0.0,-3.89915,-3.92018]},"84o":{"weight":1.0,"played":[1.0,0.0,0.0],"evs":[0.0,-4.14471,-4.1636]},"94o":{"weight":1.0,"played":[1.0,0.0,0.0],"evs":[0.0,-4.42661,-4.44555]},"T4o":{"weight":1.0,"played":[1.0,0.0,0.0],"evs":[0.0,-4.15801,-4.1692]},"J4o":{"weight":1.0,"played":[1.0,0.0,0.0],"evs":[0.0,-4.03916,-4.04469]},"Q4o":{"weight":1.0,"played":[1.0,0.0,0.0],"evs":[0.0,-3.65843,-3.66338]},"K4o":{"weight":1.0,"played":[1.0,0.0,0.0],"evs":[0.0,-2.98696,-2.98758]},"A4o":{"weight":1.0,"played":[1.0,0.0,0.0],"evs":[0.0,-1.5937,-1.59862]},"52s":{"weight":1.0,"played":[1.0,0.0,0.0],"evs":[0.0,-3.15445,-3.17646]},"53s":{"weight":1.0,"played":[1.0,0.0,0.0],"evs":[0.0,-2.56828,-2.58213]},"54s":{"weight":1.0,"played":[1.0,0.0,0.0],"evs":[0.0,-1.97435,-1.99169]},"55":{"weight":1.0,"played":[0.0,0.5337,0.4663],"evs":[0.0,1.69601,1.69034]},"65o":{"weight":1.0,"played":[1.0,0.0,0.0],"evs":[0.0,-3.02529,-3.04638]},"75o":{"weight":1.0,"played":[1.0,0.0,0.0],"evs":[0.0,-3.39353,-3.41248]},"85o":{"weight":1.0,"played":[1.0,0.0,0.0],"evs":[0.0,-3.61663,-3.63171]},"95o":{"weight":1.0,"played":[1.0,0.0,0.0],"evs":[0.0,-3.94029,-3.95729]},"T5o":{"weight":1.0,"played":[1.0,0.0,0.0],"evs":[0.0,-4.15211,-4.16418]},"J5o":{"weight":1.0,"played":[1.0,0.0,0.0],"evs":[0.0,-3.93934,-3.94455]},"Q5o":{"weight":1.0,"played":[1.0,0.0,0.0],"evs":[0.0,-3.55634,-3.56206]},"K5o":{"weight":1.0,"played":[1.0,0.0,0.0],"evs":[0.0,-2.86077,-2.86143]},"A5o":{"weight":1.0,"played":[1.0,0.0,0.0],"evs":[0.0,-1.30319,-1.31261]},"62s":{"weight":1.0,"played":[1.0,0.0,0.0],"evs":[0.0,-3.35554,-3.37178]},"63s":{"weight":1.0,"played":[1.0,0.0,0.0],"evs":[0.0,-2.75349,-2.76759]},"64s":{"weight":1.0,"played":[1.0,0.0,0.0],"evs":[0.0,-2.1787,-2.19599]},"65s":{"weight":1.0,"played":[1.0,0.0,0.0],"evs":[0.0,-1.68684,-1.70219]},"66":{"weight":1.0,"played":[0.0,0.6304,0.3696],"evs":[0.0,2.53089,2.5305]},"76o":{"weight":1.0,"played":[1.0,0.0,0.0],"evs":[0.0,-2.67316,-2.6878]},"86o":{"weight":1.0,"played":[1.0,0.0,0.0],"evs":[0.0,-2.8643,-2.87883]},"96o":{"weight":1.0,"played":[1.0,0.0,0.0],"evs":[0.0,-3.1563,-3.17067]},"T6o":{"weight":1.0,"played":[1.0,0.0,0.0],"evs":[0.0,-3.37505,-3.38271]},"J6o":{"weight":1.0,"played":[1.0,0.0,0.0],"evs":[0.0,-3.65446,-3.65884]},"Q6o":{"weight":1.0,"played":[1.0,0.0,0.0],"evs":[0.0,-3.17749,-3.17981]},"K6o":{"weight":1.0,"played":[1.0,0.0,0.0],"evs":[0.0,-2.49103,-2.49091]},"A6o":{"weight":1.0,"played":[1.0,0.0,0.0],"evs":[0.0,-1.35295,-1.36293]},"72s":{"weight":1.0,"played":[1.0,0.0,0.0],"evs":[0.0,-3.70291,-3.72433]},"73s":{"weight":1.0,"played":[1.0,0.0,0.0],"evs":[0.0,-3.1193,-3.13955]},"74s":{"weight":1.0,"played":[1.0,0.0,0.0],"evs":[0.0,-2.51826,-2.53113]},"75s":{"weight":1.0,"played":[1.0,0.0,0.0],"evs":[0.0,-2.00717,-2.0226]},"76s":{"weight":1.0,"played":[1.0,0.0,0.0],"evs":[0.0,-1.39466,-1.40601]},"77":{"weight":1.0,"played":[0.0,0.4341,0.5659],"evs":[0.0,3.32594,3.32725]},"87o":{"weight":1.0,"played":[1.0,0.0,0.0],"evs":[0.0,-2.47713,-2.48339]},"97o":{"weight":1.0,"played":[1.0,0.0,0.0],"evs":[0.0,-2.74225,-2.75004]},"T7o":{"weight":1.0,"played":[1.0,0.0,0.0],"evs":[0.0,-2.95487,-2.96035]},"J7o":{"weight":1.0,"played":[1.0,0.0,0.0],"evs":[0.0,-3.21682,-3.21884]},"Q7o":{"weight":1.0,"played":[1.0,0.0,0.0],"evs":[0.0,-3.23421,-3.23187]},"K7o":{"weight":1.0,"played":[1.0,0.0,0.0],"evs":[0.0,-2.43046,-2.42707]},"A7o":{"weight":1.0,"played":[1.0,0.0,0.0],"evs":[0.0,-0.8436,-0.85092]},"82s":{"weight":1.0,"played":[1.0,0.0,0.0],"evs":[0.0,-3.42965,-3.4424]},"83s":{"weight":1.0,"played":[1.0,0.0,0.0],"evs":[0.0,-3.31473,-3.33144]},"84s":{"weight":1.0,"played":[1.0,0.0,0.0],"evs":[0.0,-2.75375,-2.76525]},"85s":{"weight":1.0,"played":[1.0,0.0,0.0],"evs":[0.0,-2.24663,-2.26003]},"86s":{"weight":1.0,"played":[1.0,0.0,0.0],"evs":[0.0,-1.57646,-1.58861]},"87s":{"weight":1.0,"played":[1.0,0.0,0.0],"evs":[0.0,-1.17504,-1.17935]},"88":{"weight":1.0,"played":[0.0,0.3823,0.6177],"evs":[0.0,4.321,4.32213]},"98o":{"weight":1.0,"played":[1.0,0.0,0.0],"evs":[0.0,-2.20338,-2.20842]},"T8o":{"weight":1.0,"played":[1.0,0.0,0.0],"evs":[0.0,-2.34998,-2.35208]},"J8o":{"weight":1.0,"played":[1.0,0.0,0.0],"evs":[0.0,-2.65352,-2.6501]},"Q8o":{"weight":1.0,"played":[1.0,0.0,0.0],"evs":[0.0,-2.65606,-2.65826]},"K8o":{"weight":1.0,"played":[1.0,0.0,0.0],"evs":[0.0,-2.3244,-2.31764]},"A8o":{"weight":1.0,"played":[0.9997,2.0E-4,1.0E-4],"evs":[0.0,-0.15458,-0.16419]},"92s":{"weight":1.0,"played":[1.0,0.0,0.0],"evs":[0.0,-3.28807,-3.29848]},"93s":{"weight":1.0,"played":[1.0,0.0,0.0],"evs":[0.0,-3.11287,-3.12891]},"94s":{"weight":1.0,"played":[1.0,0.0,0.0],"evs":[0.0,-2.99886,-3.01663]},"95s":{"weight":1.0,"played":[1.0,0.0,0.0],"evs":[0.0,-2.55027,-2.56736]},"96s":{"weight":1.0,"played":[1.0,0.0,0.0],"evs":[0.0,-1.80129,-1.81059]},"97s":{"weight":1.0,"played":[1.0,0.0,0.0],"evs":[0.0,-1.41771,-1.42424]},"98s":{"weight":1.0,"played":[1.0,0.0,0.0],"evs":[0.0,-0.96328,-0.96762]},"99":{"weight":1.0,"played":[0.0,0.4994,0.5006],"evs":[0.0,5.41487,5.41505]},"T9o":{"weight":1.0,"played":[1.0,0.0,0.0],"evs":[0.0,-1.78435,-1.79309]},"J9o":{"weight":1.0,"played":[1.0,0.0,0.0],"evs":[0.0,-2.05873,-2.05806]},"Q9o":{"weight":1.0,"played":[1.0,0.0,0.0],"evs":[0.0,-2.07904,-2.08034]},"K9o":{"weight":1.0,"played":[1.0,0.0,0.0],"evs":[0.0,-1.67195,-1.667]},"A9o":{"weight":1.0,"played":[0.0,0.8381,0.1619],"evs":[0.0,0.70031,0.69695]},