{"player":1,"street":0,"children":3,"sequence":[{"player":0,"type":"R","amount":2720000,"street":0}],"actions":[{"type":"F","amount":0,"node":19},{"type":"C","amount":2720000,"node":26},{"type":"R","amount":13920000,"node":38}],"hands":{"22":{"weight":1.0,"played":[0.0,0.957,0.043],"evs":[0.0,0.23587,0.20416]},"32o":{"weight":1.0,"played":[1.0,0.0,0.0],"evs":[0.0,-1.48034,-1.92818]},"42o":{"weight":1.0,"played":[1.0,0.0,0.0],"evs":[0.0,-1.37463,-1.83352]},"52o":{"weight":1.0,"played":[1.0,0.0,0.0],"evs":[0.0,-1.29425,-1.70481]},"62o":{"weight":1.0,"played":[1.0,0.0,0.0],"evs":[0.0,-1.44596,-1.92777]},"72o":{"weight":1.0,"played":[1.0,0.0,0.0],"evs":[0.0,-1.61205,-2.15861]},"82o":{"weight":1.0,"played":[1.0,0.0,0.0],"evs":[0.0,-1.48191,-1.9588]},"92o":{"weight":1.0,"played":[1.0,0.0,0.0],"evs":[0.0,-1.42405,-1.87374]},"T2o":{"weight":1.0,"played":[1.0,0.0,0.0],"evs":[0.0,-1.35626,-1.76187]},"J2o":{"weight":1.0,"played":[1.0,0.0,0.0],"evs":[0.0,-1.27504,-1.67086]},"Q2o":{"weight":1.0,"played":[1.0,0.0,0.0],"evs":[0.0,-1.1025,-1.46015]},"K2o":{"weight":1.0,"played":[1.0,0.0,0.0],"evs":[0.0,-0.86988,-1.16693]},"A2o":{"weight":1.0,"played":[1.0,0.0,0.0],"evs":[0.0,-0.17631,-0.37738]},"32s":{"weight":1.0,"played":[1.0,0.0,0.0],"evs":[0.0,-0.91127,-1.19216]},"33":{"weight":1.0,"played":[0.0,0.9296,0.0704],"evs":[0.0,0.4376,0.42517]},"43o":{"weight":1.0,"played":[1.0,0.0,0.0],"evs":[0.0,-1.1487,-1.52418]},"53o":{"weight":1.0,"played":[1.0,0.0,0.0],"evs":[0.0,-1.04317,-1.42986]},"63o":{"weight":1.0,"played":[1.0,0.0,0.0],"evs":[0.0,-1.19378,-1.60309]},"73o":{"weight":1.0,"played":[1.0,0.0,0.0],"evs":[0.0,-1.36138,-1.86954]},"83o":{"weight":1.0,"played":[1.0,0.0,0.0],"evs":[0.0,-1.46345,-1.95602]},"93o":{"weight":1.0,"played":[1.0,0.0,0.0],"evs":[0.0,-1.33323,-1.75436]},"T3o":{"weight":1.0,"played":[1.0,0.0,0.0],"evs":[0.0,-1.29161,-1.71268]},"J3o":{"weight":1.0,"played":[1.0,0.0,0.0],"evs":[0.0,-1.19921,-1.56508]},"Q3o":{"weight":1.0,"played":[1.0,0.0,0.0],"evs":[0.0,-1.03694,-1.35772]},"K3o":{"weight":1.0,"played":[1.0,0.0,0.0],"evs":[0.0,-0.8096,-1.07516]},"A3o":{"weight":1.0,"played":[0.9992,8.0E-4,0.0],"evs":[0.0,-0.09234,-0.28145]},"42s":{"weight":1.0,"played":[1.0,0.0,0.0],"evs":[0.0,-0.78362,-1.0586]},"43s":{"weight":1.0,"played":[1.0,0.0,0.0],"evs":[0.0,-0.55186,-0.79517]},"44":{"weight":1.0,"played":[0.0,0.3882,0.6118],"evs":[0.0,0.66372,0.66309]},"54o":{"weight":1.0,"played":[1.0,0.0,0.0],"evs":[0.0,-0.8006,-1.1124]},"64o":{"weight":1.0,"played":[1.0,0.0,0.0],"evs":[0.0,-0.92977,-1.29147]},"74o":{"weight":1.0,"played":[1.0,0.0,0.0],"evs":[0.0,-1.09821,-1.52626]},"84o":{"weight":1.0,"played":[1.0,0.0,0.0],"evs":[0.0,-1.19783,-1.5935]},"94o":{"weight":1.0,"played":[1.0,0.0,0.0],"evs":[0.0,-1.3081,-1.73976]},"T4o":{"weight":1.0,"played":[1.0,0.0,0.0],"evs":[0.0,-1.19979,-1.5969]},"J4o":{"weight":1.0,"played":[1.0,0.0,0.0],"evs":[0.0,-1.11713,-1.46641]},"Q4o":{"weight":1.0,"played":[1.0,0.0,0.0],"evs":[0.0,-0.9428,-1.25934]},"K4o":{"weight":1.0,"played":[1.0,0.0,0.0],"evs":[0.0,-0.72588,-0.98211]},"A4o":{"weight":1.0,"played":[0.4309,0.569,0.0],"evs":[0.0,-0.00828,-0.14451]},"52s":{"weight":1.0,"played":[1.0,0.0,0.0],"evs":[0.0,-0.69083,-0.96579]},"53s":{"weight":1.0,"played":[1.0,0.0,0.0],"evs":[0.0,-0.43905,-0.64458]},"54s":{"weight":1.0,"played":[1.0,0.0,0.0],"evs":[0.0,-0.1976,-0.32503]},"55":{"weight":1.0,"played":[0.0,0.1887,0.8113],"evs":[0.0,0.94454,0.99842]},"65o":{"weight":1.0,"played":[1.0,0.0,0.0],"evs":[0.0,-0.66957,-0.97131]},"75o":{"weight":1.0,"played":[1.0,0.0,0.0],"evs":[0.0,-0.8229,-1.19426]},"85o":{"weight":1.0,"played":[1.0,0.0,0.0],"evs":[0.0,-0.93331,-1.2889]},"95o":{"weight":1.0,"played":[1.0,0.0,0.0],"evs":[0.0,-1.06545,-1.42443]},"T5o":{"weight":1.0,"played":[1.0,0.0,0.0],"evs":[0.0,-1.17062,-1.57947]},"J5o":{"weight":1.0,"played":[1.0,0.0,0.0],"evs":[0.0,-1.05327,-1.39264]},"Q5o":{"weight":1.0,"played":[1.0,0.0,0.0],"evs":[0.0,-0.85814,-1.16211]},"K5o":{"weight":1.0,"played":[1.0,0.0,0.0],"evs":[0.0,-0.61751,-0.86579]},"A5o":{"weight":1.0,"played":[5.0E-4,0.9995,0.0],"evs":[0.0,0.12031,-0.02129]},"62s":{"weight":1.0,"played":[1.0,0.0,0.0],"evs":[0.0,-0.80937,-1.08645]},"63s":{"weight":1.0,"played":[1.0,0.0,0.0],"evs":[0.0,-0.5993,-0.84071]},"64s":{"weight":1.0,"played":[1.0,0.0,0.0],"evs":[0.0,-0.34333,-0.53793]},"65s":{"weight":1.0,"played":[0.9997,3.0E-4,0.0],"evs":[0.0,-0.10785,-0.218]},"66":{"weight":1.0,"played":[0.0,0.0011,0.9989],"evs":[0.0,1.33643,1.40415]},"76o":{"weight":1.0,"played":[1.0,0.0,0.0],"evs":[0.0,-0.56553,-0.8729]},"86o":{"weight":1.0,"played":[1.0,0.0,0.0],"evs":[0.0,-0.66357,-0.97235]},"96o":{"weight":1.0,"played":[1.0,0.0,0.0],"evs":[0.0,-0.77165,-1.10782]},"T6o":{"weight":1.0,"played":[1.0,0.0,0.0],"evs":[0.0,-0.87111,-1.22324]},"J6o":{"weight":1.0,"played":[1.0,0.0,0.0],"evs":[0.0,-0.97788,-1.31908]},"Q6o":{"weight":1.0,"played":[1.0,0.0,0.0],"evs":[0.0,-0.75154,-1.04866]},"K6o":{"weight":1.0,"played":[1.0,0.0,0.0],"evs":[0.0,-0.53655,-0.78157]},"A6o":{"weight":1.0,"played":[0.004,0.996,0.0],"evs":[0.0,0.04202,-0.14436]},"72s":{"weight":1.0,"played":[1.0,0.0,0.0],"evs":[0.0,-0.91639,-1.30595]},"73s":{"weight":1.0,"played":[1.0,0.0,0.0],"evs":[0.0,-0.73947,-1.09904]},"74s":{"weight":1.0,"played":[1.0,0.0,0.0],"evs":[0.0,-0.49288,-0.74817]},"75s":{"weight":1.0,"played":[1.0,0.0,0.0],"evs":[0.0,-0.18789,-0.39406]},"76s":{"weight":1.0,"played":[0.1489,0.851,1.0E-4],"evs":[0.0,0.02594,-0.18337]},"77":{"weight":1.0,"played":[0.0,0.0054,0.9946],"evs":[0.0,1.65332,1.72453]},"87o":{"weight":1.0,"played":[1.0,0.0,0.0],"evs":[0.0,-0.47073,-0.74454]},"97o":{"weight":1.0,"played":[1.0,0.0,0.0],"evs":[0.0,-0.5604,-0.85444]},"T7o":{"weight":1.0,"played":[1.0,0.0,0.0],"evs":[0.0,-0.66782,-0.97848]},"J7o":{"weight":1.0,"played":[1.0,0.0,0.0],"evs":[0.0,-0.79108,-1.09533]},"Q7o":{"weight":1.0,"played":[1.0,0.0,0.0],"evs":[0.0,-0.77968,-1.10353]},"K7o":{"weight":1.0,"played":[1.0,0.0,0.0],"evs":[0.0,-0.51405,-0.76193]},"A7o":{"weight":1.0,"played":[0.0,1.0,0.0],"evs":[0.0,0.2154,0.01356]},"82s":{"weight":1.0,"played":[1.0,0.0,0.0],"evs":[0.0,-0.81072,-1.15108]},"83s":{"weight":1.0,"played":[1.0,0.0,0.0],"evs":[0.0,-0.80848,-1.09994]},"84s":{"weight":1.0,"played":[1.0,0.0,0.0],"evs":[0.0,-0.58723,-0.83364]},"85s":{"weight":1.0,"played":[1.0,0.0,0.0],"evs":[0.0,-0.35829,-0.52434]},"86s":{"weight":1.0,"played":[0.9995,5.0E-4,0.0],"evs":[0.0,-0.05698,-0.20598]},"87s":{"weight":1.0,"played":[0.0,0.9999,0.0],"evs":[0.0,0.08971,-0.04179]},"88":{"weight":1.0,"played":[0.0,0.0316,0.9684],"evs":[0.0,2.23377,2.27042]},"98o":{"weight":1.0,"played":[1.0,0.0,0.0],"evs":[0.0,-0.31573,-0.51831]},"T8o":{"weight":1.0,"played":[1.0,0.0,0.0],"evs":[0.0,-0.42328,-0.63694]},"J8o":{"weight":1.0,"played":[1.0,0.0,0.0],"evs":[0.0,-0.51205,-0.72303]},"Q8o":{"weight":1.0,"played":[1.0,0.0,0.0],"evs":[0.0,-0.48983,-0.72807]},"K8o":{"weight":1.0,"played":[1.0,0.0,0.0],"evs":[0.0,-0.44914,-0.64694]},"A8o":{"weight":1.0,"played":[0.0,1.0,0.0],"evs":[0.0,0.50671,0.38884]},"92s":{"weight":1.0,"played":[1.0,0.0,0.0],"evs":[0.0,-0.80305,-1.05592]},"93s":{"weight":1.0,"played":[1.0,0.0,0.0],"evs":[0.0,-0.72992,-1.00306]},"94s":{"weight":1.0,"played":[1.0,0.0,0.0],"evs":[0.0,-0.65665,-0.9063]},"95s":{"weight":1.0,"played":[1.0,0.0,0.0],"evs":[0.0,-0.4305,-0.62626]},"96s":{"weight":1.0,"played":[0.9996,4.0E-4,0.0],"evs":[0.0,-0.15189,-0.32953]},"97s":{"weight":1.0,"played":[0.2319,0.7681,0.0],"evs":[0.0,0.05421,-0.08417]},"98s":{"weight":1.0,"played":[0.0,0.9997,2.0E-4],"evs":[0.0,0.25062,0.17001]},"99":{"weight":1.0,"played":[0.0,0.4292,0.5708],"evs":[0.0,3.00659,3.01574]},"T9o":{"weight":1.0,"played":[1.0,0.0,0.0],"evs":[0.0,-0.15092,-0.29974]},"J9o":{"weight":1.0,"played":[1.0,0.0,0.0],"evs":[0.0,-0.25227,-0.4042]},"Q9o":{"weight":1.0,"played":[1.0,0.0,0.0],"evs":[0.0,-0.23352,-0.38701]},"K9o":{"weight":1.0,"played":[1.0,0.0,0.0],"evs":[0.0,-0.15187,-0.27767]},"A9o":{"weight":1.0,"played":[0.0,0.9999,1.0E-4],"evs":[0.0,0.86782,0.77269]},