{"player":3,"street":0,"children":2,"sequence":[{"player":0,"type":"R","amount":2720000,"street":0},{"player":1,"type":"F","amount":0,"street":0},{"player":2,"type":"F","amount":0,"street":0}],"actions":[{"type":"F","amount":0,"node":21},{"type":"C","amount":2220000,"node":22}],"hands":{"22":{"weight":1.0,"played":[0.0,1.0],"evs":[0.0,1.57461]},"32o":{"weight":1.0,"played":[0.9999,1.0E-4],"evs":[0.0,-0.29876]},"42o":{"weight":1.0,"played":[1.0,0.0],"evs":[0.0,-0.19646]},"52o":{"weight":1.0,"played":[0.9996,4.0E-4],"evs":[0.0,-0.10588]},"62o":{"weight":1.0,"played":[1.0,0.0],"evs":[0.0,-0.25591]},"72o":{"weight":1.0,"played":[1.0,0.0],"evs":[0.0,-0.40871]},"82o":{"weight":1.0,"played":[1.0,0.0],"evs":[0.0,-0.26582]},"92o":{"weight":1.0,"played":[1.0,0.0],"evs":[0.0,-0.23456]},"T2o":{"weight":1.0,"played":[1.0,0.0],"evs":[0.0,-0.16697]},"J2o":{"weight":1.0,"played":[0.9987,0.0013],"evs":[0.0,-0.05332]},"Q2o":{"weight":1.0,"played":[0.0,1.0],"evs":[0.0,0.10146]},"K2o":{"weight":1.0,"played":[0.0,1.0],"evs":[0.0,0.3635]},"A2o":{"weight":1.0,"played":[0.0,1.0],"evs":[0.0,1.11991]},"32s":{"weight":1.0,"played":[0.0,1.0],"evs":[0.0,0.39909]},"33":{"weight":1.0,"played":[0.0,1.0],"evs":[0.0,1.78334]},"43o":{"weight":1.0,"played":[0.0656,0.9344],"evs":[0.0,0.03464]},"53o":{"weight":1.0,"played":[5.0E-4,0.9995],"evs":[0.0,0.15149]},"63o":{"weight":1.0,"played":[0.6404,0.3596],"evs":[0.0,0.00898]},"73o":{"weight":1.0,"played":[1.0,0.0],"evs":[0.0,-0.17058]},"83o":{"weight":1.0,"played":[1.0,0.0],"evs":[0.0,-0.28494]},"93o":{"weight":1.0,"played":[0.9999,1.0E-4],"evs":[0.0,-0.15087]},"T3o":{"weight":1.0,"played":[0.9999,1.0E-4],"evs":[0.0,-0.08407]},"J3o":{"weight":1.0,"played":[0.492,0.508],"evs":[0.0,0.00563]},"Q3o":{"weight":1.0,"played":[0.0,1.0],"evs":[0.0,0.17865]},"K3o":{"weight":1.0,"played":[0.0,1.0],"evs":[0.0,0.43813]},"A3o":{"weight":1.0,"played":[0.0,1.0],"evs":[0.0,1.20448]},"42s":{"weight":1.0,"played":[0.0,1.0],"evs":[0.0,0.45141]},"43s":{"weight":1.0,"played":[0.0,1.0],"evs":[0.0,0.74408]},"44":{"weight":1.0,"played":[0.0,1.0],"evs":[0.0,2.01559]},"54o":{"weight":1.0,"played":[0.0,1.0],"evs":[0.0,0.39675]},"64o":{"weight":1.0,"played":[0.0,1.0],"evs":[0.0,0.26496]},"74o":{"weight":1.0,"played":[2.0E-4,0.9998],"evs":[0.0,0.10996]},"84o":{"weight":1.0,"played":[0.6831,0.3169],"evs":[0.0,0.00244]},"94o":{"weight":1.0,"played":[1.0,0.0],"evs":[0.0,-0.1386]},"T4o":{"weight":1.0,"played":[0.9672,0.0328],"evs":[0.0,-0.0216]},"J4o":{"weight":1.0,"played":[6.0E-4,0.9994],"evs":[0.0,0.0838]},"Q4o":{"weight":1.0,"played":[0.0,1.0],"evs":[0.0,0.26843]},"K4o":{"weight":1.0,"played":[0.0,1.0],"evs":[0.0,0.50877]},"A4o":{"weight":1.0,"played":[0.0,1.0],"evs":[0.0,1.27256]},"52s":{"weight":1.0,"played":[0.0,1.0],"evs":[0.0,0.59328]},"53s":{"weight":1.0,"played":[0.0,1.0],"evs":[0.0,0.80096]},"54s":{"weight":1.0,"played":[0.0,1.0],"evs":[0.0,1.00921]},"55":{"weight":1.0,"played":[0.0,1.0],"evs":[0.0,2.34709]},"65o":{"weight":1.0,"played":[0.0,1.0],"evs":[0.0,0.52741]},"75o":{"weight":1.0,"played":[0.0,1.0],"evs":[0.0,0.36617]},"85o":{"weight":1.0,"played":[0.0,1.0],"evs":[0.0,0.28959]},"95o":{"weight":1.0,"played":[0.0,1.0],"evs":[0.0,0.14476]},"T5o":{"weight":1.0,"played":[0.0013,0.9987],"evs":[0.0,0.04336]},"J5o":{"weight":1.0,"played":[0.0,1.0],"evs":[0.0,0.1965]},"Q5o":{"weight":1.0,"played":[0.0,1.0],"evs":[0.0,0.36868]},"K5o":{"weight":1.0,"played":[0.0,1.0],"evs":[0.0,0.60181]},"A5o":{"weight":1.0,"played":[0.0,1.0],"evs":[0.0,1.40665]},"62s":{"weight":1.0,"played":[0.0,1.0],"evs":[0.0,0.41299]},"63s":{"weight":1.0,"played":[0.0,1.0],"evs":[0.0,0.69089]},"64s":{"weight":1.0,"played":[0.0,1.0],"evs":[0.0,0.88617]},"65s":{"weight":1.0,"played":[0.0,1.0],"evs":[0.0,1.1362]},"66":{"weight":1.0,"played":[0.0,1.0],"evs":[0.0,2.70196]},"76o":{"weight":1.0,"played":[0.0,1.0],"evs":[0.0,0.64471]},"86o":{"weight":1.0,"played":[0.0,1.0],"evs":[0.0,0.56619]},"96o":{"weight":1.0,"played":[0.0,1.0],"evs":[0.0,0.44478]},"T6o":{"weight":1.0,"played":[0.0,1.0],"evs":[0.0,0.32272]},"J6o":{"weight":1.0,"played":[0.0,1.0],"evs":[0.0,0.22064]},"Q6o":{"weight":1.0,"played":[0.0,1.0],"evs":[0.0,0.45152]},"K6o":{"weight":1.0,"played":[0.0,1.0],"evs":[0.0,0.69697]},"A6o":{"weight":1.0,"played":[0.0,1.0],"evs":[0.0,1.33217]},"72s":{"weight":1.0,"played":[1.0E-4,0.9999],"evs":[0.0,0.27205]},"73s":{"weight":1.0,"played":[0.0,1.0],"evs":[0.0,0.52032]},"74s":{"weight":1.0,"played":[0.0,1.0],"evs":[0.0,0.74502]},"75s":{"weight":1.0,"played":[0.0,1.0],"evs":[0.0,1.0407]},"76s":{"weight":1.0,"played":[0.0,1.0],"evs":[0.0,1.22426]},"77":{"weight":1.0,"played":[0.0,1.0],"evs":[0.0,3.06943]},"87o":{"weight":1.0,"played":[0.0,1.0],"evs":[0.0,0.76928]},"97o":{"weight":1.0,"played":[0.0,1.0],"evs":[0.0,0.65548]},"T7o":{"weight":1.0,"played":[0.0,1.0],"evs":[0.0,0.5473]},"J7o":{"weight":1.0,"played":[0.0,1.0],"evs":[0.0,0.4544]},"Q7o":{"weight":1.0,"played":[0.0,1.0],"evs":[0.0,0.43106]},"K7o":{"weight":1.0,"played":[0.0,1.0],"evs":[0.0,0.75161]},"A7o":{"weight":1.0,"played":[0.0,1.0],"evs":[0.0,1.56273]},"82s":{"weight":1.0,"played":[0.0,1.0],"evs":[0.0,0.45394]},"83s":{"weight":1.0,"played":[0.0,1.0],"evs":[0.0,0.41835]},"84s":{"weight":1.0,"played":[0.0,1.0],"evs":[0.0,0.62368]},"85s":{"weight":1.0,"played":[0.0,1.0],"evs":[0.0,0.93465]},"86s":{"weight":1.0,"played":[0.0,1.0],"evs":[0.0,1.15995]},"87s":{"weight":1.0,"played":[0.0,1.0],"evs":[0.0,1.33707]},"88":{"weight":1.0,"played":[0.0,1.0],"evs":[0.0,3.55786]},"98o":{"weight":1.0,"played":[0.0,1.0],"evs":[0.0,0.91396]},"T8o":{"weight":1.0,"played":[0.0,1.0],"evs":[0.0,0.8243]},"J8o":{"weight":1.0,"played":[0.0,1.0],"evs":[0.0,0.72739]},"Q8o":{"weight":1.0,"played":[0.0,1.0],"evs":[0.0,0.71985]},"K8o":{"weight":1.0,"played":[0.0,1.0],"evs":[0.0,0.79897]},"A8o":{"weight":1.0,"played":[0.0,1.0],"evs":[0.0,1.85152]},"92s":{"weight":1.0,"played":[0.0,1.0],"evs":[0.0,0.4257]},"93s":{"weight":1.0,"played":[0.0,1.0],"evs":[0.0,0.54381]},"94s":{"weight":1.0,"played":[0.0,1.0],"evs":[0.0,0.54195]},"95s":{"weight":1.0,"played":[0.0,1.0],"evs":[0.0,0.82508]},"96s":{"weight":1.0,"played":[0.0,1.0],"evs":[0.0,1.10551]},"97s":{"weight":1.0,"played":[0.0,1.0],"evs":[0.0,1.25939]},"98s":{"weight":1.0,"played":[0.0,1.0],"evs":[0.0,1.5114]},"99":{"weight":1.0,"played":[0.0,1.0],"evs":[0.0,4.02824]},"T9o":{"weight":1.0,"played":[0.0,1.0],"evs":[0.0,1.10778]},"J9o":{"weight":1.0,"played":[0.0,1.0],"evs":[0.0,1.02056]},"Q9o":{"weight":1.0,"played":[0.0,1.0],"evs":[0.0,1.0019]},"K9o":{"weight":1.0,"played":[0.0,1.0],"evs":[0.0,1.10952]},"A9o":{"weight":1.0,"played":[0.0,1.0],"evs":[0.0,2.23495]},"T2s":{"weight":1.0,"played":[0.0,1.0],"evs":[0.0,0.49417]},"T3s":{"weight":1.0,"played":[0.0,1.0],"evs":[0.0,0.59167]},"T4s":{"weight":1.0,"played":[0.0,1.0],"evs":[0.0,0.68602]},"T5s":{"weight":1.0,"played":[0.0,1.0],"evs":[0.0,0.68917]},"T6s":{"weight":1.0,"played":[0.0,1.0],"evs":[0.0,0.96046]},"T7s":{"weight":1.0,"played":[0.0,1.0],"evs":[0.0,1.17107]},"T8s":{"weight":1.0,"played":[0.0,1.0],"evs":[0.0,1.43272]},"T9s":{"weight":1.0,"played":[0.0,1.0],"evs":[0.0,1.71081]},"TT":{"weight":1.0,"played":[0.0,1.0],"evs":[0.0,4.73698]},"JTo":{"weight":1.0,"played":[0.0,1.0],"evs":[0.0,1.33989]},"QTo":{"weight":1.0,"played":[0.0,1.0],"evs":[0.0,1.36235]},"KTo":{"weight":1.0,"played":[0.0,1.0],"evs":[0.0,1.66205]},"ATo":{"weight":1.0,"played":[0.0,1.0],"evs":[0.0,3.00262]},"J2s":{"weight":1.0,"played":[0.0,1.0],"evs":[0.0,0.61823]},"J3s":{"weight":1.0,"played":[0.0,1.0],"evs":[0.0,0.64463]},"J4s":{"weight":1.0,"played":[0.0,1.0],"evs":[0.0,0.76915]},"J5s":{"weight":1.0,"played":[0.0,1.0],"evs":[0.0,0.82393]},"J6s":{"weight":1.0,"played":[0.0,1.0],"evs":[0.0,0.91957]},"J7s":{"weight":1.0,"played":[0.0,1.0],"evs":[0.0,1.06882]},"J8s":{"weight":1.0,"played":[0.0,1.0],"evs":[0.0,1.3962]},"J9s":{"weight":1.0,"played":[0.0,1.0],"evs":[0.0,1.63371]},"JTs":{"weight":1.0,"played":[0.0,1.0],"evs":[0.0,1.91822]},"JJ":{"weight":1.0,"played":[0.0,1.0],"evs":[0.0,5.5317]},