{"equityUnit":"TABLE_EQUITY_PERCENT","conversionFactors":{"toUSD":7.8463874,"toRegularPrizePercent":0.21013357},"preHandEquity":[26.69722,22.78941,4.99644,35.68845,9.82848],"bubbleFactors":[[-1.0,1.059,0.617,1.494,0.728],[1.475,-1.0,0.638,1.484,0.758],[1.169,1.168,-1.0,1.172,1.155],[1.066,0.921,0.586,-1.0,0.685],[1.311,1.308,0.749,1.316,-1.0]]}