{"player":3,"street":0,"children":2,"sequence":[{"player":0,"type":"R","amount":41440000,"street":0},{"player":1,"type":"C","amount":41440000,"street":0},{"player":2,"type":"C","amount":39200000,"street":0}],"actions":[{"type":"F","amount":0,"node":1093},{"type":"C","amount":2080000,"node":1096}],"hands":{"22":{"weight":1.0,"played":[0.9985,0.0015],"evs":[0.0,-0.64158]},"32o":{"weight":1.0,"played":[1.0,0.0],"evs":[0.0,-0.82937]},"42o":{"weight":1.0,"played":[0.996,0.004],"evs":[0.0,-0.77476]},"52o":{"weight":1.0,"played":[1.0,0.0],"evs":[0.0,-0.79641]},"62o":{"weight":1.0,"played":[0.9999,1.0E-4],"evs":[0.0,-0.93095]},"72o":{"weight":1.0,"played":[1.0,0.0],"evs":[0.0,-0.9196]},"82o":{"weight":1.0,"played":[0.9998,2.0E-4],"evs":[0.0,-1.00258]},"92o":{"weight":1.0,"played":[0.9999,1.0E-4],"evs":[0.0,-1.01481]},"T2o":{"weight":1.0,"played":[1.0,0.0],"evs":[0.0,-1.02607]},"J2o":{"weight":1.0,"played":[0.9986,0.0014],"evs":[0.0,-1.06061]},"Q2o":{"weight":1.0,"played":[0.9988,0.0012],"evs":[0.0,-0.94234]},"K2o":{"weight":1.0,"played":[0.9999,1.0E-4],"evs":[0.0,-0.66322]},"A2o":{"weight":1.0,"played":[0.999,0.001],"evs":[0.0,-0.69218]},"32s":{"weight":1.0,"played":[0.9977,0.0023],"evs":[0.0,-0.48392]},"33":{"weight":1.0,"played":[0.9941,0.0059],"evs":[0.0,-0.67044]},"43o":{"weight":1.0,"played":[1.0,0.0],"evs":[0.0,-0.72422]},"53o":{"weight":1.0,"played":[0.9992,8.0E-4],"evs":[0.0,-0.66853]},"63o":{"weight":1.0,"played":[1.0,0.0],"evs":[0.0,-0.83554]},"73o":{"weight":1.0,"played":[0.9999,1.0E-4],"evs":[0.0,-0.74624]},"83o":{"weight":1.0,"played":[0.9997,3.0E-4],"evs":[0.0,-0.89554]},"93o":{"weight":1.0,"played":[0.9996,4.0E-4],"evs":[0.0,-0.99107]},"T3o":{"weight":1.0,"played":[0.9997,3.0E-4],"evs":[0.0,-1.06357]},"J3o":{"weight":1.0,"played":[0.9996,4.0E-4],"evs":[0.0,-1.03133]},"Q3o":{"weight":1.0,"played":[1.0,0.0],"evs":[0.0,-0.93431]},"K3o":{"weight":1.0,"played":[1.0,0.0],"evs":[0.0,-0.79601]},"A3o":{"weight":1.0,"played":[1.0,0.0],"evs":[0.0,-0.6663]},"42s":{"weight":1.0,"played":[0.995,0.005],"evs":[0.0,-0.67883]},"43s":{"weight":1.0,"played":[0.9431,0.0569],"evs":[0.0,-0.40619]},"44":{"weight":1.0,"played":[0.8555,0.1445],"evs":[0.0,-0.29522]},"54o":{"weight":1.0,"played":[0.9999,1.0E-4],"evs":[0.0,-0.45276]},"64o":{"weight":1.0,"played":[0.9986,0.0014],"evs":[0.0,-0.65741]},"74o":{"weight":1.0,"played":[1.0,0.0],"evs":[0.0,-0.68217]},"84o":{"weight":1.0,"played":[0.9998,2.0E-4],"evs":[0.0,-0.90495]},"94o":{"weight":1.0,"played":[0.9995,5.0E-4],"evs":[0.0,-0.8249]},"T4o":{"weight":1.0,"played":[0.9999,1.0E-4],"evs":[0.0,-1.20897]},"J4o":{"weight":1.0,"played":[0.9998,2.0E-4],"evs":[0.0,-0.88092]},"Q4o":{"weight":1.0,"played":[0.9997,3.0E-4],"evs":[0.0,-0.77148]},"K4o":{"weight":1.0,"played":[0.9999,1.0E-4],"evs":[0.0,-0.68796]},"A4o":{"weight":1.0,"played":[0.9998,2.0E-4],"evs":[0.0,-0.80521]},"52s":{"weight":1.0,"played":[0.9946,0.0054],"evs":[0.0,-0.40968]},"53s":{"weight":1.0,"played":[0.931,0.069],"evs":[0.0,-0.45084]},"54s":{"weight":1.0,"played":[0.9639,0.0361],"evs":[0.0,-0.22172]},"55":{"weight":1.0,"played":[0.9584,0.0416],"evs":[0.0,-0.51264]},"65o":{"weight":1.0,"played":[0.9845,0.0155],"evs":[0.0,-0.4415]},"75o":{"weight":1.0,"played":[1.0,0.0],"evs":[0.0,-0.66635]},"85o":{"weight":1.0,"played":[0.9979,0.0021],"evs":[0.0,-0.80382]},"95o":{"weight":1.0,"played":[1.0,0.0],"evs":[0.0,-0.87208]},"T5o":{"weight":1.0,"played":[0.9986,0.0014],"evs":[0.0,-1.05553]},"J5o":{"weight":1.0,"played":[1.0,0.0],"evs":[0.0,-1.09388]},"Q5o":{"weight":1.0,"played":[0.9999,1.0E-4],"evs":[0.0,-1.07747]},"K5o":{"weight":1.0,"played":[0.9983,0.0017],"evs":[0.0,-0.75131]},"A5o":{"weight":1.0,"played":[0.9987,0.0013],"evs":[0.0,-0.67549]},"62s":{"weight":1.0,"played":[0.9611,0.0389],"evs":[0.0,-0.4244]},"63s":{"weight":1.0,"played":[0.974,0.026],"evs":[0.0,-0.49612]},"64s":{"weight":1.0,"played":[0.9903,0.0097],"evs":[0.0,-0.54539]},"65s":{"weight":1.0,"played":[0.5316,0.4684],"evs":[0.0,-0.15586]},"66":{"weight":1.0,"played":[0.893,0.107],"evs":[0.0,-0.56181]},"76o":{"weight":1.0,"played":[1.0,0.0],"evs":[0.0,-0.51852]},"86o":{"weight":1.0,"played":[0.9997,3.0E-4],"evs":[0.0,-0.65888]},"96o":{"weight":1.0,"played":[0.9996,4.0E-4],"evs":[0.0,-0.57022]},"T6o":{"weight":1.0,"played":[1.0,0.0],"evs":[0.0,-0.81181]},"J6o":{"weight":1.0,"played":[1.0,0.0],"evs":[0.0,-1.03677]},"Q6o":{"weight":1.0,"played":[0.9997,3.0E-4],"evs":[0.0,-0.71182]},"K6o":{"weight":1.0,"played":[0.9849,0.0151],"evs":[0.0,-0.62355]},"A6o":{"weight":1.0,"played":[1.0,0.0],"evs":[0.0,-0.73519]},"72s":{"weight":1.0,"played":[0.9953,0.0047],"evs":[0.0,-0.96408]},"73s":{"weight":1.0,"played":[0.9961,0.0039],"evs":[0.0,-0.6631]},"74s":{"weight":1.0,"played":[0.9978,0.0022],"evs":[0.0,-0.5053]},"75s":{"weight":1.0,"played":[0.4753,0.5247],"evs":[0.0,-0.09131]},"76s":{"weight":1.0,"played":[0.9999,1.0E-4],"evs":[0.0,-0.30432]},"77":{"weight":1.0,"played":[0.7773,0.2227],"evs":[0.0,-0.12556]},"87o":{"weight":1.0,"played":[1.0,0.0],"evs":[0.0,-0.71804]},"97o":{"weight":1.0,"played":[0.9976,0.0024],"evs":[0.0,-0.65341]},"T7o":{"weight":1.0,"played":[0.9997,3.0E-4],"evs":[0.0,-0.69542]},"J7o":{"weight":1.0,"played":[0.9998,2.0E-4],"evs":[0.0,-0.87892]},"Q7o":{"weight":1.0,"played":[0.9996,4.0E-4],"evs":[0.0,-0.90004]},"K7o":{"weight":1.0,"played":[1.0,0.0],"evs":[0.0,-0.47301]},"A7o":{"weight":1.0,"played":[1.0,0.0],"evs":[0.0,-0.85122]},"82s":{"weight":1.0,"played":[0.997,0.003],"evs":[0.0,-0.56783]},"83s":{"weight":1.0,"played":[1.0,0.0],"evs":[0.0,-0.68398]},"84s":{"weight":1.0,"played":[0.3356,0.6644],"evs":[0.0,-0.06488]},"85s":{"weight":1.0,"played":[0.9432,0.0568],"evs":[0.0,-0.56856]},"86s":{"weight":1.0,"played":[0.9986,0.0014],"evs":[0.0,-0.5729]},"87s":{"weight":1.0,"played":[0.742,0.258],"evs":[0.0,0.00804]},"88":{"weight":1.0,"played":[0.9304,0.0696],"evs":[0.0,-0.39044]},"98o":{"weight":1.0,"played":[0.9998,2.0E-4],"evs":[0.0,-0.90155]},"T8o":{"weight":1.0,"played":[0.9998,2.0E-4],"evs":[0.0,-0.78665]},"J8o":{"weight":1.0,"played":[0.9996,4.0E-4],"evs":[0.0,-0.78892]},"Q8o":{"weight":1.0,"played":[0.9994,6.0E-4],"evs":[0.0,-0.70511]},"K8o":{"weight":1.0,"played":[0.9998,2.0E-4],"evs":[0.0,-0.76623]},"A8o":{"weight":1.0,"played":[0.9997,3.0E-4],"evs":[0.0,-0.60955]},"92s":{"weight":1.0,"played":[0.9998,2.0E-4],"evs":[0.0,-0.82469]},"93s":{"weight":1.0,"played":[0.9954,0.0046],"evs":[0.0,-0.63832]},"94s":{"weight":1.0,"played":[1.0,0.0],"evs":[0.0,-0.76639]},"95s":{"weight":1.0,"played":[0.9651,0.0349],"evs":[0.0,-0.55893]},"96s":{"weight":1.0,"played":[0.9767,0.0233],"evs":[0.0,-0.52684]},"97s":{"weight":1.0,"played":[0.9171,0.0829],"evs":[0.0,-0.43484]},"98s":{"weight":1.0,"played":[0.9498,0.0502],"evs":[0.0,-0.59474]},"99":{"weight":1.0,"played":[0.8683,0.1317],"evs":[0.0,-0.31418]},"T9o":{"weight":1.0,"played":[0.9998,2.0E-4],"evs":[0.0,-0.81256]},"J9o":{"weight":1.0,"played":[1.0,0.0],"evs":[0.0,-0.86046]},"Q9o":{"weight":1.0,"played":[0.9998,2.0E-4],"evs":[0.0,-0.74894]},"K9o":{"weight":1.0,"played":[0.9999,1.0E-4],"evs":[0.0,-0.82906]},"A9o":{"weight":1.0,"played":[0.9999,1.0E-4],"evs":[0.0,-0.72656]},"T2s":{"weight":1.0,"played":[0.9974,0.0026],"evs":[0.0,-0.90467]},"T3s":{"weight":1.0,"played":[1.0,0.0],"evs":[0.0,-0.91989]},"T4s":{"weight":1.0,"played":[0.9823,0.0177],"evs":[0.0,-0.59551]},"T5s":{"weight":1.0,"played":[0.9996,4.0E-4],"evs":[0.0,-0.62918]},"T6s":{"weight":1.0,"played":[1.0,0.0],"evs":[0.0,-1.06548]},"T7s":{"weight":1.0,"played":[0.9996,4.0E-4],"evs":[0.0,-0.40692]},"T8s":{"weight":1.0,"played":[0.9986,0.0014],"evs":[0.0,-0.33781]},"T9s":{"weight":1.0,"played":[1.0,0.0],"evs":[0.0,-0.45163]},"TT":{"weight":1.0,"played":[0.9854,0.0146],"evs":[0.0,-0.35785]},"JTo":{"weight":1.0,"played":[0.9991,9.0E-4],"evs":[0.0,-0.75395]},"QTo":{"weight":1.0,"played":[0.9994,6.0E-4],"evs":[0.0,-0.58565]},"KTo":{"weight":1.0,"played":[0.9999,1.0E-4],"evs":[0.0,-0.7153]},"ATo":{"weight":1.0,"played":[0.9999,1.0E-4],"evs":[0.0,-0.63215]},"J2s":{"weight":1.0,"played":[0.9994,6.0E-4],