{"player":3,"street":0,"children":2,"sequence":[{"player":0,"type":"F","amount":0,"street":0},{"player":1,"type":"C","amount":3200000,"street":0},{"player":2,"type":"R","amount":39200000,"street":0}],"actions":[{"type":"F","amount":0},{"type":"C","amount":2080000,"node":127}],"hands":{"22":{"weight":1.0,"played":[0.0,1.0],"evs":[0.0,1.08734]},"32o":{"weight":1.0,"played":[0.0051,0.9949],"evs":[0.0,0.23881]},"42o":{"weight":1.0,"played":[5.0E-4,0.9995],"evs":[0.0,0.18659]},"52o":{"weight":1.0,"played":[0.0033,0.9967],"evs":[0.0,0.24286]},"62o":{"weight":1.0,"played":[0.0038,0.9962],"evs":[0.0,0.25698]},"72o":{"weight":1.0,"played":[0.018,0.982],"evs":[0.0,0.10026]},"82o":{"weight":1.0,"played":[0.0048,0.9952],"evs":[0.0,0.17505]},"92o":{"weight":1.0,"played":[0.003,0.997],"evs":[0.0,0.2695]},"T2o":{"weight":1.0,"played":[0.0042,0.9958],"evs":[0.0,0.23747]},"J2o":{"weight":1.0,"played":[0.0016,0.9984],"evs":[0.0,0.30159]},"Q2o":{"weight":1.0,"played":[0.0021,0.9979],"evs":[0.0,0.36232]},"K2o":{"weight":1.0,"played":[2.0E-4,0.9998],"evs":[0.0,0.32655]},"A2o":{"weight":1.0,"played":[2.0E-4,0.9998],"evs":[0.0,0.4575]},"32s":{"weight":1.0,"played":[0.001,0.999],"evs":[0.0,0.39859]},"33":{"weight":1.0,"played":[0.0,1.0],"evs":[0.0,1.1161]},"43o":{"weight":1.0,"played":[1.0E-4,0.9999],"evs":[0.0,0.34407]},"53o":{"weight":1.0,"played":[1.0E-4,0.9999],"evs":[0.0,0.41598]},"63o":{"weight":1.0,"played":[0.001,0.999],"evs":[0.0,0.30466]},"73o":{"weight":1.0,"played":[0.0026,0.9974],"evs":[0.0,0.23356]},"83o":{"weight":1.0,"played":[0.015,0.985],"evs":[0.0,0.20847]},"93o":{"weight":1.0,"played":[0.0038,0.9962],"evs":[0.0,0.28312]},"T3o":{"weight":1.0,"played":[0.001,0.999],"evs":[0.0,0.31269]},"J3o":{"weight":1.0,"played":[8.0E-4,0.9992],"evs":[0.0,0.34216]},"Q3o":{"weight":1.0,"played":[1.0E-4,0.9999],"evs":[0.0,0.38774]},"K3o":{"weight":1.0,"played":[2.0E-4,0.9998],"evs":[0.0,0.35789]},"A3o":{"weight":1.0,"played":[0.0,1.0],"evs":[0.0,0.52707]},"42s":{"weight":1.0,"played":[1.0E-4,0.9999],"evs":[0.0,0.44328]},"43s":{"weight":1.0,"played":[0.001,0.999],"evs":[0.0,0.54523]},"44":{"weight":1.0,"played":[0.0,1.0],"evs":[0.0,1.28029]},"54o":{"weight":1.0,"played":[1.0E-4,0.9999],"evs":[0.0,0.41583]},"64o":{"weight":1.0,"played":[7.0E-4,0.9993],"evs":[0.0,0.39901]},"74o":{"weight":1.0,"played":[2.0E-4,0.9998],"evs":[0.0,0.33612]},"84o":{"weight":1.0,"played":[3.0E-4,0.9997],"evs":[0.0,0.36768]},"94o":{"weight":1.0,"played":[2.0E-4,0.9998],"evs":[0.0,0.26622]},"T4o":{"weight":1.0,"played":[9.0E-4,0.9991],"evs":[0.0,0.31756]},"J4o":{"weight":1.0,"played":[0.0023,0.9977],"evs":[0.0,0.34003]},"Q4o":{"weight":1.0,"played":[0.001,0.999],"evs":[0.0,0.37212]},"K4o":{"weight":1.0,"played":[0.0014,0.9986],"evs":[0.0,0.3998]},"A4o":{"weight":1.0,"played":[0.0,1.0],"evs":[0.0,0.58025]},"52s":{"weight":1.0,"played":[0.0049,0.9951],"evs":[0.0,0.47647]},"53s":{"weight":1.0,"played":[3.0E-4,0.9997],"evs":[0.0,0.56152]},"54s":{"weight":1.0,"played":[3.0E-4,0.9997],"evs":[0.0,0.649]},"55":{"weight":1.0,"played":[0.0,1.0],"evs":[0.0,1.45726]},"65o":{"weight":1.0,"played":[0.0,1.0],"evs":[0.0,0.53341]},"75o":{"weight":1.0,"played":[0.0,1.0],"evs":[0.0,0.39093]},"85o":{"weight":1.0,"played":[5.0E-4,0.9995],"evs":[0.0,0.42646]},"95o":{"weight":1.0,"played":[0.0021,0.9979],"evs":[0.0,0.33253]},"T5o":{"weight":1.0,"played":[0.0024,0.9976],"evs":[0.0,0.33253]},"J5o":{"weight":1.0,"played":[5.0E-4,0.9995],"evs":[0.0,0.37017]},"Q5o":{"weight":1.0,"played":[3.0E-4,0.9997],"evs":[0.0,0.42661]},"K5o":{"weight":1.0,"played":[9.0E-4,0.9991],"evs":[0.0,0.46059]},"A5o":{"weight":1.0,"played":[0.0,1.0],"evs":[0.0,0.58162]},"62s":{"weight":1.0,"played":[0.0061,0.9939],"evs":[0.0,0.45131]},"63s":{"weight":1.0,"played":[0.0,1.0],"evs":[0.0,0.65807]},"64s":{"weight":1.0,"played":[1.0E-4,0.9999],"evs":[0.0,0.60511]},"65s":{"weight":1.0,"played":[1.0E-4,0.9999],"evs":[0.0,0.70096]},"66":{"weight":1.0,"played":[1.0E-4,0.9999],"evs":[0.0,1.53201]},"76o":{"weight":1.0,"played":[0.0,1.0],"evs":[0.0,0.61081]},"86o":{"weight":1.0,"played":[1.0E-4,0.9999],"evs":[0.0,0.56167]},"96o":{"weight":1.0,"played":[1.0E-4,0.9999],"evs":[0.0,0.42519]},"T6o":{"weight":1.0,"played":[0.0011,0.9989],"evs":[0.0,0.41064]},"J6o":{"weight":1.0,"played":[0.002,0.998],"evs":[0.0,0.44637]},"Q6o":{"weight":1.0,"played":[7.0E-4,0.9993],"evs":[0.0,0.43595]},"K6o":{"weight":1.0,"played":[1.0E-4,0.9999],"evs":[0.0,0.45219]},"A6o":{"weight":1.0,"played":[4.0E-4,0.9996],"evs":[0.0,0.60693]},"72s":{"weight":1.0,"played":[8.0E-4,0.9992],"evs":[0.0,0.31323]},"73s":{"weight":1.0,"played":[0.0012,0.9988],"evs":[0.0,0.40801]},"74s":{"weight":1.0,"played":[1.0E-4,0.9999],"evs":[0.0,0.59279]},"75s":{"weight":1.0,"played":[0.0,1.0],"evs":[0.0,0.66566]},"76s":{"weight":1.0,"played":[1.0E-4,0.9999],"evs":[0.0,0.7345]},"77":{"weight":1.0,"played":[1.0E-4,0.9999],"evs":[0.0,1.58496]},"87o":{"weight":1.0,"played":[1.0E-4,0.9999],"evs":[0.0,0.60823]},"97o":{"weight":1.0,"played":[3.0E-4,0.9997],"evs":[0.0,0.55166]},"T7o":{"weight":1.0,"played":[0.0,1.0],"evs":[0.0,0.44817]},"J7o":{"weight":1.0,"played":[0.0,1.0],"evs":[0.0,0.50888]},"Q7o":{"weight":1.0,"played":[0.0012,0.9988],"evs":[0.0,0.43478]},"K7o":{"weight":1.0,"played":[1.0E-4,0.9999],"evs":[0.0,0.56609]},"A7o":{"weight":1.0,"played":[0.0,1.0],"evs":[0.0,0.72069]},"82s":{"weight":1.0,"played":[6.0E-4,0.9994],"evs":[0.0,0.46261]},"83s":{"weight":1.0,"played":[3.0E-4,0.9997],"evs":[0.0,0.49935]},"84s":{"weight":1.0,"played":[6.0E-4,0.9994],"evs":[0.0,0.64513]},"85s":{"weight":1.0,"played":[3.0E-4,0.9997],"evs":[0.0,0.69765]},"86s":{"weight":1.0,"played":[2.0E-4,0.9998],"evs":[0.0,0.76141]},"87s":{"weight":1.0,"played":[0.0,1.0],"evs":[0.0,0.88262]},"88":{"weight":1.0,"played":[0.0,1.0],"evs":[0.0,1.75638]},"98o":{"weight":1.0,"played":[1.0E-4,0.9999],"evs":[0.0,0.66403]},"T8o":{"weight":1.0,"played":[0.0,1.0],"evs":[0.0,0.65531]},"J8o":{"weight":1.0,"played":[1.0E-4,0.9999],"evs":[0.0,0.57252]},"Q8o":{"weight":1.0,"played":[5.0E-4,0.9995],"evs":[0.0,0.6129]},"K8o":{"weight":1.0,"played":[0.0,1.0],"evs":[0.0,0.53952]},"A8o":{"weight":1.0,"played":[1.0E-4,0.9999],"evs":[0.0,0.87932]},"92s":{"weight":1.0,"played":[9.0E-4,0.9991],"evs":[0.0,0.45725]},"93s":{"weight":1.0,"played":[1.0E-4,0.9999],"evs":[0.0,0.56794]},"94s":{"weight":1.0,"played":[8.0E-4,0.9992],"evs":[0.0,0.41595]},"95s":{"weight":1.0,"played":[2.0E-4,0.9998],"evs":[0.0,0.56461]},"96s":{"weight":1.0,"played":[1.0E-4,0.9999],"evs":[0.0,0.64112]},"97s":{"weight":1.0,"played":[1.0E-4,0.9999],"evs":[0.0,0.784]},"98s":{"weight":1.0,"played":[0.0,1.0],"evs":[0.0,0.92096]},"99":{"weight":1.0,"played":[0.0,1.0],"evs":[0.0,1.79196]},"T9o":{"weight":1.0,"played":[2.0E-4,0.9998],"evs":[0.0,0.77315]},"J9o":{"weight":1.0,"played":[0.0,1.0],"evs":[0.0,0.65415]},"Q9o":{"weight":1.0,"played":[0.0,1.0],"evs":[0.0,0.65057]},"K9o":{"weight":1.0,"played":[0.0,1.0],"evs":[0.0,0.59327]},"A9o":{"weight":1.0,"played":[0.0,1.0],"evs":[0.0,1.07039]},"T2s":{"weight":1.0,"played":[0.0,1.0],"evs":[0.0,0.48679]},"T3s":{"weight":1.0,"played":[3.0E-4,0.9997],"evs":[0.0,0.50607]},"T4s":{"weight":1.0,"played":[1.0E-4,0.9999],"evs":[0.0,0.49456]},"T5s":{"weight":1.0,"played":[3.0E-4,0.9997],"evs":[0.0,0.59289]},"T6s":{"weight":1.0,"played":[3.0E-4,0.9997],"evs":[0.0,0.64477]},"T7s":{"weight":1.0,"played":[2.0E-4,0.9998],"evs":[0.0,0.58289]},"T8s":{"weight":1.0,"played":[0.0,1.0],"evs":[0.0,0.78728]},"T9s":{"weight":1.0,"played":[0.0,1.0],"evs":[0.0,0.9695]},"TT":{"weight":1.0,"played":[0.0,1.0],"evs":[0.0,2.03527]},"JTo":{"weight":1.0,"played":[3.0E-4,0.9997],"evs":[0.0,0.81096]},"QTo":{"weight":1.0,"played":[0.0,1.0],"evs":[0.0,0.80388]},"KTo":{"weight":1.0,"played":[0.0,1.0],"evs":[0.0,0.74863]},"ATo":{"weight":1.0,"played":[0.0,1.0],"evs":[0.0,1.23313]},"J2s":{"weight":1.0,"played":[1.0E-4,0.9999],"evs":[0.0,0.62563]},"J3s":{"weight":1.0,"played":[2.0E-4,0.9998],"evs":[0.0,0.5546]},"J4s":{"weight":1.0,"played":[0.0,1.0],"evs":[0.0,0.56061]},"J5s":{"weight":1.0,