{"player":3,"street":0,"children":2,"sequence":[{"player":0,"type":"C","amount":3200000,"street":0},{"player":1,"type":"R","amount":41440000,"street":0},{"player":2,"type":"F","amount":0,"street":0}],"actions":[{"type":"F","amount":0},{"type":"C","amount":2080000,"node":746}],"hands":{"22":{"weight":1.0,"played":[0.0,1.0],"evs":[0.0,0.83318]},"32o":{"weight":1.0,"played":[8.0E-4,0.9992],"evs":[0.0,0.12799]},"42o":{"weight":1.0,"played":[0.0,1.0],"evs":[0.0,0.17251]},"52o":{"weight":1.0,"played":[1.0E-4,0.9999],"evs":[0.0,0.16873]},"62o":{"weight":1.0,"played":[1.0E-4,0.9999],"evs":[0.0,0.18067]},"72o":{"weight":1.0,"played":[0.0011,0.9989],"evs":[0.0,0.10685]},"82o":{"weight":1.0,"played":[1.0E-4,0.9999],"evs":[0.0,0.12127]},"92o":{"weight":1.0,"played":[5.0E-4,0.9995],"evs":[0.0,0.13418]},"T2o":{"weight":1.0,"played":[0.0,1.0],"evs":[0.0,0.1617]},"J2o":{"weight":1.0,"played":[7.0E-4,0.9993],"evs":[0.0,0.27102]},"Q2o":{"weight":1.0,"played":[1.0E-4,0.9999],"evs":[0.0,0.28381]},"K2o":{"weight":1.0,"played":[0.0,1.0],"evs":[0.0,0.37183]},"A2o":{"weight":1.0,"played":[0.0,1.0],"evs":[0.0,0.50794]},"32s":{"weight":1.0,"played":[2.0E-4,0.9998],"evs":[0.0,0.38089]},"33":{"weight":1.0,"played":[0.0,1.0],"evs":[0.0,0.99024]},"43o":{"weight":1.0,"played":[0.0,1.0],"evs":[0.0,0.25984]},"53o":{"weight":1.0,"played":[0.0,1.0],"evs":[0.0,0.31989]},"63o":{"weight":1.0,"played":[1.0E-4,0.9999],"evs":[0.0,0.28249]},"73o":{"weight":1.0,"played":[1.0E-4,0.9999],"evs":[0.0,0.24792]},"83o":{"weight":1.0,"played":[2.0E-4,0.9998],"evs":[0.0,0.18021]},"93o":{"weight":1.0,"played":[0.0,1.0],"evs":[0.0,0.20283]},"T3o":{"weight":1.0,"played":[1.0E-4,0.9999],"evs":[0.0,0.22792]},"J3o":{"weight":1.0,"played":[0.0,1.0],"evs":[0.0,0.26615]},"Q3o":{"weight":1.0,"played":[1.0E-4,0.9999],"evs":[0.0,0.33998]},"K3o":{"weight":1.0,"played":[0.0,1.0],"evs":[0.0,0.43815]},"A3o":{"weight":1.0,"played":[0.0,1.0],"evs":[0.0,0.6372]},"42s":{"weight":1.0,"played":[0.0,1.0],"evs":[0.0,0.40139]},"43s":{"weight":1.0,"played":[3.0E-4,0.9997],"evs":[0.0,0.47943]},"44":{"weight":1.0,"played":[0.0,1.0],"evs":[0.0,1.10004]},"54o":{"weight":1.0,"played":[0.0,1.0],"evs":[0.0,0.39202]},"64o":{"weight":1.0,"played":[0.0,1.0],"evs":[0.0,0.40339]},"74o":{"weight":1.0,"played":[0.0,1.0],"evs":[0.0,0.34597]},"84o":{"weight":1.0,"played":[2.0E-4,0.9998],"evs":[0.0,0.24725]},"94o":{"weight":1.0,"played":[2.0E-4,0.9998],"evs":[0.0,0.19494]},"T4o":{"weight":1.0,"played":[0.0,1.0],"evs":[0.0,0.24725]},"J4o":{"weight":1.0,"played":[0.0,1.0],"evs":[0.0,0.32804]},"Q4o":{"weight":1.0,"played":[0.0,1.0],"evs":[0.0,0.33027]},"K4o":{"weight":1.0,"played":[0.0,1.0],"evs":[0.0,0.4542]},"A4o":{"weight":1.0,"played":[0.0,1.0],"evs":[0.0,0.64929]},"52s":{"weight":1.0,"played":[0.0,1.0],"evs":[0.0,0.42535]},"53s":{"weight":1.0,"played":[0.0,1.0],"evs":[0.0,0.57273]},"54s":{"weight":1.0,"played":[0.0,1.0],"evs":[0.0,0.61583]},"55":{"weight":1.0,"played":[0.0,1.0],"evs":[0.0,1.24421]},"65o":{"weight":1.0,"played":[0.0,1.0],"evs":[0.0,0.49828]},"75o":{"weight":1.0,"played":[0.0,1.0],"evs":[0.0,0.42816]},"85o":{"weight":1.0,"played":[1.0E-4,0.9999],"evs":[0.0,0.33763]},"95o":{"weight":1.0,"played":[0.0,1.0],"evs":[0.0,0.27497]},"T5o":{"weight":1.0,"played":[0.0,1.0],"evs":[0.0,0.26891]},"J5o":{"weight":1.0,"played":[0.0,1.0],"evs":[0.0,0.3427]},"Q5o":{"weight":1.0,"played":[0.0,1.0],"evs":[0.0,0.41794]},"K5o":{"weight":1.0,"played":[0.0,1.0],"evs":[0.0,0.47356]},"A5o":{"weight":1.0,"played":[0.0,1.0],"evs":[0.0,0.73252]},"62s":{"weight":1.0,"played":[0.0,1.0],"evs":[0.0,0.42002]},"63s":{"weight":1.0,"played":[0.0,1.0],"evs":[0.0,0.50176]},"64s":{"weight":1.0,"played":[1.0E-4,0.9999],"evs":[0.0,0.59929]},"65s":{"weight":1.0,"played":[0.0,1.0],"evs":[0.0,0.71816]},"66":{"weight":1.0,"played":[0.0,1.0],"evs":[0.0,1.37684]},"76o":{"weight":1.0,"played":[0.0,1.0],"evs":[0.0,0.52781]},"86o":{"weight":1.0,"played":[0.0,1.0],"evs":[0.0,0.53323]},"96o":{"weight":1.0,"played":[0.0,1.0],"evs":[0.0,0.46298]},"T6o":{"weight":1.0,"played":[0.0,1.0],"evs":[0.0,0.40793]},"J6o":{"weight":1.0,"played":[0.0,1.0],"evs":[0.0,0.36112]},"Q6o":{"weight":1.0,"played":[0.0,1.0],"evs":[0.0,0.45353]},"K6o":{"weight":1.0,"played":[0.0,1.0],"evs":[0.0,0.55655]},"A6o":{"weight":1.0,"played":[0.0,1.0],"evs":[0.0,0.70372]},"72s":{"weight":1.0,"played":[0.0,1.0],"evs":[0.0,0.36243]},"73s":{"weight":1.0,"played":[0.0,1.0],"evs":[0.0,0.471]},"74s":{"weight":1.0,"played":[0.0,1.0],"evs":[0.0,0.54792]},"75s":{"weight":1.0,"played":[0.0,1.0],"evs":[0.0,0.60904]},"76s":{"weight":1.0,"played":[0.0,1.0],"evs":[0.0,0.76628]},"77":{"weight":1.0,"played":[0.0,1.0],"evs":[0.0,1.48993]},"87o":{"weight":1.0,"played":[0.0,1.0],"evs":[0.0,0.5817]},"97o":{"weight":1.0,"played":[0.0,1.0],"evs":[0.0,0.53086]},"T7o":{"weight":1.0,"played":[0.0,1.0],"evs":[0.0,0.49544]},"J7o":{"weight":1.0,"played":[0.0,1.0],"evs":[0.0,0.46635]},"Q7o":{"weight":1.0,"played":[0.0,1.0],"evs":[0.0,0.5049]},"K7o":{"weight":1.0,"played":[0.0,1.0],"evs":[0.0,0.59164]},"A7o":{"weight":1.0,"played":[0.0,1.0],"evs":[0.0,0.79125]},"82s":{"weight":1.0,"played":[0.0,1.0],"evs":[0.0,0.45246]},"83s":{"weight":1.0,"played":[0.0,1.0],"evs":[0.0,0.43626]},"84s":{"weight":1.0,"played":[0.0,1.0],"evs":[0.0,0.50556]},"85s":{"weight":1.0,"played":[0.0,1.0],"evs":[0.0,0.59499]},"86s":{"weight":1.0,"played":[0.0,1.0],"evs":[0.0,0.76237]},"87s":{"weight":1.0,"played":[0.0,1.0],"evs":[0.0,0.75595]},"88":{"weight":1.0,"played":[0.0,1.0],"evs":[0.0,1.65628]},"98o":{"weight":1.0,"played":[0.0,1.0],"evs":[0.0,0.60121]},"T8o":{"weight":1.0,"played":[0.0,1.0],"evs":[0.0,0.58253]},"J8o":{"weight":1.0,"played":[0.0,1.0],"evs":[0.0,0.5399]},"Q8o":{"weight":1.0,"played":[0.0,1.0],"evs":[0.0,0.5632]},"K8o":{"weight":1.0,"played":[0.0,1.0],"evs":[0.0,0.58404]},"A8o":{"weight":1.0,"played":[0.0,1.0],"evs":[0.0,0.93221]},"92s":{"weight":1.0,"played":[1.0E-4,0.9999],"evs":[0.0,0.35566]},"93s":{"weight":1.0,"played":[0.0,1.0],"evs":[0.0,0.47566]},"94s":{"weight":1.0,"played":[0.0,1.0],"evs":[0.0,0.44675]},"95s":{"weight":1.0,"played":[0.0,1.0],"evs":[0.0,0.53066]},"96s":{"weight":1.0,"played":[0.0,1.0],"evs":[0.0,0.59944]},"97s":{"weight":1.0,"played":[0.0,1.0],"evs":[0.0,0.77533]},"98s":{"weight":1.0,"played":[0.0,1.0],"evs":[0.0,0.81844]},"99":{"weight":1.0,"played":[0.0,1.0],"evs":[0.0,1.9088]},"T9o":{"weight":1.0,"played":[0.0,1.0],"evs":[0.0,0.68738]},"J9o":{"weight":1.0,"played":[0.0,1.0],"evs":[0.0,0.65702]},"Q9o":{"weight":1.0,"played":[0.0,1.0],"evs":[0.0,0.62924]},"K9o":{"weight":1.0,"played":[0.0,1.0],"evs":[0.0,0.70951]},"A9o":{"weight":1.0,"played":[0.0,1.0],"evs":[0.0,1.07348]},"T2s":{"weight":1.0,"played":[0.0,1.0],"evs":[0.0,0.38502]},"T3s":{"weight":1.0,"played":[0.0,1.0],"evs":[0.0,0.51023]},"T4s":{"weight":1.0,"played":[0.0,1.0],"evs":[0.0,0.46147]},"T5s":{"weight":1.0,"played":[0.0,1.0],"evs":[0.0,0.50289]},"T6s":{"weight":1.0,"played":[0.0,1.0],"evs":[0.0,0.62552]},"T7s":{"weight":1.0,"played":[0.0,1.0],"evs":[0.0,0.7493]},"T8s":{"weight":1.0,"played":[0.0,1.0],"evs":[0.0,0.80014]},"T9s":{"weight":1.0,"played":[0.0,1.0],"evs":[0.0,0.86547]},"TT":{"weight":1.0,"played":[0.0,1.0],"evs":[0.0,2.13378]},"JTo":{"weight":1.0,"played":[0.0,1.0],"evs":[0.0,0.81391]},"QTo":{"weight":1.0,"played":[0.0,1.0],"evs":[0.0,0.7547]},"KTo":{"weight":1.0,"played":[0.0,1.0],"evs":[0.0,0.88826]},"ATo":{"weight":1.0,"played":[0.0,1.0],"evs":[0.0,1.22809]},"J2s":{"weight":1.0,"played":[0.0,1.0],"evs":[0.0,0.50029]},"J3s":{"weight":1.0,"played":[0.0,1.0],"evs":[0.0,0.59767]},"J4s":{"weight":1.0,"played":[0.0,1.0],"evs":[0.0,0.58194]},"J5s":{"weight":1.0,"played":[1.0E-4,0.9999],"evs":[0.0,0.63086]},"J6s":{"weight":1.0,"played":[0.0,1.0],"evs":[0.0,0.54117]},"J7s":{"weight":1.0,"played":[1.0E-4,0.9999],"evs":[0.0,0.69716]},"J8s":{"weight":1.0,"played":[0.0,1.0],"evs":[0.0,0.74755]},"J9s":{"weight":1.0,"played":[0.0,1.0],"evs":[0.0,0.83106]},"JTs":{"weight":1.0,"played":[0.0,1.0],"evs":[0.0,1.00437]},"JJ":{"weight":1.0,"played":[0.0,1.0],