{"player":3,"street":0,"children":2,"sequence":[{"player":0,"type":"R","amount":6400000,"street":0},{"player":1,"type":"C","amount":6400000,"street":0},{"player":2,"type":"C","amount":6400000,"street":0}],"actions":[{"type":"F","amount":0,"node":908},{"type":"C","amount":2080000,"node":956}],"hands":{"22":{"weight":1.0,"played":[0.0,1.0],"evs":[0.0,0.51432]},"32o":{"weight":1.0,"played":[0.9226,0.0774],"evs":[0.0,-0.0782]},"42o":{"weight":1.0,"played":[0.9735,0.0265],"evs":[0.0,-0.16314]},"52o":{"weight":1.0,"played":[0.7613,0.2387],"evs":[0.0,-0.02362]},"62o":{"weight":1.0,"played":[0.0052,0.9948],"evs":[0.0,0.05733]},"72o":{"weight":1.0,"played":[0.9999,1.0E-4],"evs":[0.0,-0.28662]},"82o":{"weight":1.0,"played":[0.9994,6.0E-4],"evs":[0.0,-0.08871]},"92o":{"weight":1.0,"played":[0.8628,0.1372],"evs":[0.0,-0.14322]},"T2o":{"weight":1.0,"played":[0.9845,0.0155],"evs":[0.0,-0.21924]},"J2o":{"weight":1.0,"played":[0.9953,0.0047],"evs":[0.0,-0.30739]},"Q2o":{"weight":1.0,"played":[0.9954,0.0046],"evs":[0.0,-0.17091]},"K2o":{"weight":1.0,"played":[0.9249,0.0751],"evs":[0.0,-0.22162]},"A2o":{"weight":1.0,"played":[0.0601,0.9399],"evs":[0.0,0.1475]},"32s":{"weight":1.0,"played":[0.4604,0.5396],"evs":[0.0,0.03718]},"33":{"weight":1.0,"played":[9.0E-4,0.9991],"evs":[0.0,0.53374]},"43o":{"weight":1.0,"played":[0.0102,0.9898],"evs":[0.0,0.12566]},"53o":{"weight":1.0,"played":[0.0126,0.9874],"evs":[0.0,0.23916]},"63o":{"weight":1.0,"played":[0.8841,0.1159],"evs":[0.0,-0.12265]},"73o":{"weight":1.0,"played":[0.8506,0.1494],"evs":[0.0,0.04692]},"83o":{"weight":1.0,"played":[0.9966,0.0034],"evs":[0.0,-0.21403]},"93o":{"weight":1.0,"played":[0.9994,6.0E-4],"evs":[0.0,-0.17463]},"T3o":{"weight":1.0,"played":[0.9658,0.0342],"evs":[0.0,-0.23903]},"J3o":{"weight":1.0,"played":[0.9989,0.0011],"evs":[0.0,-0.16434]},"Q3o":{"weight":1.0,"played":[0.611,0.389],"evs":[0.0,0.00433]},"K3o":{"weight":1.0,"played":[0.8028,0.1972],"evs":[0.0,0.03898]},"A3o":{"weight":1.0,"played":[0.3225,0.6775],"evs":[0.0,0.10799]},"42s":{"weight":1.0,"played":[0.2096,0.7904],"evs":[0.0,-0.0479]},"43s":{"weight":1.0,"played":[0.5245,0.4755],"evs":[0.0,-0.0412]},"44":{"weight":1.0,"played":[0.0035,0.9965],"evs":[0.0,0.37402]},"54o":{"weight":1.0,"played":[0.0291,0.9709],"evs":[0.0,0.15671]},"64o":{"weight":1.0,"played":[0.0986,0.9014],"evs":[0.0,0.21522]},"74o":{"weight":1.0,"played":[0.6741,0.3259],"evs":[0.0,0.05649]},"84o":{"weight":1.0,"played":[0.7241,0.2759],"evs":[0.0,0.01607]},"94o":{"weight":1.0,"played":[0.4584,0.5416],"evs":[0.0,-0.03329]},"T4o":{"weight":1.0,"played":[0.9324,0.0676],"evs":[0.0,-0.04145]},"J4o":{"weight":1.0,"played":[0.9923,0.0077],"evs":[0.0,-0.31143]},"Q4o":{"weight":1.0,"played":[0.862,0.138],"evs":[0.0,0.0532]},"K4o":{"weight":1.0,"played":[0.9826,0.0174],"evs":[0.0,-0.09751]},"A4o":{"weight":1.0,"played":[0.5658,0.4342],"evs":[0.0,-0.03966]},"52s":{"weight":1.0,"played":[0.3632,0.6368],"evs":[0.0,0.08307]},"53s":{"weight":1.0,"played":[0.2737,0.7263],"evs":[0.0,0.09204]},"54s":{"weight":1.0,"played":[0.0026,0.9974],"evs":[0.0,0.50683]},"55":{"weight":1.0,"played":[0.0053,0.9947],"evs":[0.0,0.80734]},"65o":{"weight":1.0,"played":[0.0188,0.9812],"evs":[0.0,0.36279]},"75o":{"weight":1.0,"played":[0.0923,0.9077],"evs":[0.0,0.21235]},"85o":{"weight":1.0,"played":[0.5296,0.4704],"evs":[0.0,0.00646]},"95o":{"weight":1.0,"played":[0.9801,0.0199],"evs":[0.0,-0.14705]},"T5o":{"weight":1.0,"played":[0.9993,7.0E-4],"evs":[0.0,-0.08709]},"J5o":{"weight":1.0,"played":[0.9409,0.0591],"evs":[0.0,-0.234]},"Q5o":{"weight":1.0,"played":[0.9884,0.0116],"evs":[0.0,-0.14219]},"K5o":{"weight":1.0,"played":[0.7547,0.2453],"evs":[0.0,-0.0798]},"A5o":{"weight":1.0,"played":[0.3988,0.6012],"evs":[0.0,-0.01203]},"62s":{"weight":1.0,"played":[0.4203,0.5797],"evs":[0.0,0.10281]},"63s":{"weight":1.0,"played":[0.1661,0.8339],"evs":[0.0,0.29893]},"64s":{"weight":1.0,"played":[0.0114,0.9886],"evs":[0.0,0.6075]},"65s":{"weight":1.0,"played":[0.0028,0.9972],"evs":[0.0,0.5621]},"66":{"weight":1.0,"played":[4.0E-4,0.9996],"evs":[0.0,0.75422]},"76o":{"weight":1.0,"played":[0.0294,0.9706],"evs":[0.0,0.2217]},"86o":{"weight":1.0,"played":[0.0108,0.9892],"evs":[0.0,0.23976]},"96o":{"weight":1.0,"played":[0.1258,0.8742],"evs":[0.0,0.17982]},"T6o":{"weight":1.0,"played":[0.2953,0.7047],"evs":[0.0,0.21418]},"J6o":{"weight":1.0,"played":[0.9972,0.0028],"evs":[0.0,-0.26116]},"Q6o":{"weight":1.0,"played":[0.9346,0.0654],"evs":[0.0,-0.01117]},"K6o":{"weight":1.0,"played":[0.939,0.061],"evs":[0.0,-0.10196]},"A6o":{"weight":1.0,"played":[0.3551,0.6449],"evs":[0.0,0.02157]},"72s":{"weight":1.0,"played":[0.4469,0.5531],"evs":[0.0,-0.00797]},"73s":{"weight":1.0,"played":[0.4008,0.5992],"evs":[0.0,-0.02406]},"74s":{"weight":1.0,"played":[0.0061,0.9939],"evs":[0.0,0.49514]},"75s":{"weight":1.0,"played":[0.083,0.917],"evs":[0.0,0.28677]},"76s":{"weight":1.0,"played":[0.0938,0.9062],"evs":[0.0,0.58965]},"77":{"weight":1.0,"played":[0.0,1.0],"evs":[0.0,0.91691]},"87o":{"weight":1.0,"played":[0.0038,0.9962],"evs":[0.0,0.1495]},"97o":{"weight":1.0,"played":[0.1804,0.8196],"evs":[0.0,0.21502]},"T7o":{"weight":1.0,"played":[0.0152,0.9848],"evs":[0.0,0.10141]},"J7o":{"weight":1.0,"played":[0.9427,0.0573],"evs":[0.0,-0.02512]},"Q7o":{"weight":1.0,"played":[0.5716,0.4284],"evs":[0.0,0.24968]},"K7o":{"weight":1.0,"played":[0.6093,0.3907],"evs":[0.0,0.11428]},"A7o":{"weight":1.0,"played":[0.0304,0.9696],"evs":[0.0,0.28678]},"82s":{"weight":1.0,"played":[0.5159,0.4841],"evs":[0.0,-0.16795]},"83s":{"weight":1.0,"played":[4.0E-4,0.9996],"evs":[0.0,0.32222]},"84s":{"weight":1.0,"played":[0.2491,0.7509],"evs":[0.0,0.28279]},"85s":{"weight":1.0,"played":[0.0154,0.9846],"evs":[0.0,0.39646]},"86s":{"weight":1.0,"played":[0.0024,0.9976],"evs":[0.0,0.79102]},"87s":{"weight":1.0,"played":[0.0215,0.9785],"evs":[0.0,0.39324]},"88":{"weight":1.0,"played":[2.0E-4,0.9998],"evs":[0.0,0.7982]},"98o":{"weight":1.0,"played":[4.0E-4,0.9996],"evs":[0.0,0.25089]},"T8o":{"weight":1.0,"played":[0.1804,0.8196],"evs":[0.0,0.12174]},"J8o":{"weight":1.0,"played":[0.9638,0.0362],"evs":[0.0,-0.18282]},"Q8o":{"weight":1.0,"played":[0.3809,0.6191],"evs":[0.0,0.04934]},"K8o":{"weight":1.0,"played":[0.4877,0.5123],"evs":[0.0,0.06969]},"A8o":{"weight":1.0,"played":[0.0649,0.9351],"evs":[0.0,0.54567]},"92s":{"weight":1.0,"played":[0.3959,0.6041],"evs":[0.0,0.13708]},"93s":{"weight":1.0,"played":[0.015,0.985],"evs":[0.0,0.26762]},"94s":{"weight":1.0,"played":[0.1483,0.8517],"evs":[0.0,0.02317]},"95s":{"weight":1.0,"played":[0.0026,0.9974],"evs":[0.0,0.32156]},"96s":{"weight":1.0,"played":[0.0034,0.9966],"evs":[0.0,0.49916]},"97s":{"weight":1.0,"played":[0.0513,0.9487],"evs":[0.0,0.47]},"98s":{"weight":1.0,"played":[0.0029,0.9971],"evs":[0.0,0.81667]},"99":{"weight":1.0,"played":[0.0023,0.9977],"evs":[0.0,1.02407]},"T9o":{"weight":1.0,"played":[0.0022,0.9978],"evs":[0.0,0.28309]},"J9o":{"weight":1.0,"played":[0.129,0.871],"evs":[0.0,0.02984]},"Q9o":{"weight":1.0,"played":[0.3097,0.6903],"evs":[0.0,0.26051]},"K9o":{"weight":1.0,"played":[0.4029,0.5971],"evs":[0.0,0.18753]},"A9o":{"weight":1.0,"played":[0.2953,0.7047],"evs":[0.0,0.06552]},"T2s":{"weight":1.0,"played":[0.0451,0.9549],"evs":[0.0,0.12998]},"T3s":{"weight":1.0,"played":[0.6089,0.3911],"evs":[0.0,0.04567]},"T4s":{"weight":1.0,"played":[0.1076,0.8924],"evs":[0.0,0.0641]},"T5s":{"weight":1.0,"played":[0.0988,0.9012],"evs":[0.0,0.09073]},"T6s":{"weight":1.0,"played":[0.2704,0.7296],"evs":[0.0,0.26669]},"T7s":{"weight":1.0,"played":[6.0E-4,0.9994],"evs":[0.0,0.31193]},"T8s":{"weight":1.0,"played":[0.0218,0.9782],"evs":[0.0,1.00044]},"T9s":{"weight":1.0,"played":[4.0E-4,0.9996],"evs":[0.0,0.32387]},"TT":{"weight":1.0,"played":[1.0E-4,0.9999],"evs":[0.0,1.56651]},"JTo":{"weight":1.0,"played":[0.0806,0.9194],"evs":[0.0,0.11654]},"QTo":{"weight":1.0,"played":[0.4633,0.5367],"evs":[0.0,0.20234]},"KTo":{"weight":1.0,"played":[0.4789,0.5211],"evs":[0.0,0.18343]},"ATo":{"weight":1.0,"played":[0.0072,0.9928],