{"player":2,"street":0,"children":3,"sequence":[{"player":0,"type":"R","amount":1370000,"street":0},{"player":1,"type":"C","amount":970000,"street":0}],"actions":[{"type":"F","amount":0,"node":131},{"type":"C","amount":1370000,"node":146},{"type":"R","amount":2630000,"node":160}],"hands":{"22":{"weight":1.0,"played":[1.0,0.0,0.0],"evs":[0.0,-0.69587,-0.73483]},"32o":{"weight":1.0,"played":[1.0,0.0,0.0],"evs":[0.0,-2.54936,-2.75882]},"42o":{"weight":1.0,"played":[1.0,0.0,0.0],"evs":[0.0,-2.44949,-2.65156]},"52o":{"weight":1.0,"played":[1.0,0.0,0.0],"evs":[0.0,-2.30266,-2.48637]},"62o":{"weight":1.0,"played":[1.0,0.0,0.0],"evs":[0.0,-2.47397,-2.66285]},"72o":{"weight":1.0,"played":[1.0,0.0,0.0],"evs":[0.0,-2.72444,-2.91232]},"82o":{"weight":1.0,"played":[1.0,0.0,0.0],"evs":[0.0,-2.57501,-2.72396]},"92o":{"weight":1.0,"played":[1.0,0.0,0.0],"evs":[0.0,-2.53175,-2.65809]},"T2o":{"weight":1.0,"played":[1.0,0.0,0.0],"evs":[0.0,-2.61631,-2.70984]},"J2o":{"weight":1.0,"played":[1.0,0.0,0.0],"evs":[0.0,-2.44947,-2.49931]},"Q2o":{"weight":1.0,"played":[1.0,0.0,0.0],"evs":[0.0,-2.36054,-2.37391]},"K2o":{"weight":1.0,"played":[1.0,0.0,0.0],"evs":[0.0,-2.04238,-2.03956]},"A2o":{"weight":1.0,"played":[1.0,0.0,0.0],"evs":[0.0,-1.73404,-1.72929]},"32s":{"weight":1.0,"played":[1.0,0.0,0.0],"evs":[0.0,-1.71995,-1.90656]},"33":{"weight":1.0,"played":[1.0,0.0,0.0],"evs":[0.0,-0.39419,-0.4371]},"43o":{"weight":1.0,"played":[1.0,0.0,0.0],"evs":[0.0,-2.11322,-2.30482]},"53o":{"weight":1.0,"played":[1.0,0.0,0.0],"evs":[0.0,-1.93777,-2.10344]},"63o":{"weight":1.0,"played":[1.0,0.0,0.0],"evs":[0.0,-2.10542,-2.27912]},"73o":{"weight":1.0,"played":[1.0,0.0,0.0],"evs":[0.0,-2.38018,-2.54525]},"83o":{"weight":1.0,"played":[1.0,0.0,0.0],"evs":[0.0,-2.52756,-2.67419]},"93o":{"weight":1.0,"played":[1.0,0.0,0.0],"evs":[0.0,-2.42842,-2.54342]},"T3o":{"weight":1.0,"played":[1.0,0.0,0.0],"evs":[0.0,-2.47809,-2.5473]},"J3o":{"weight":1.0,"played":[1.0,0.0,0.0],"evs":[0.0,-2.33529,-2.36552]},"Q3o":{"weight":1.0,"played":[1.0,0.0,0.0],"evs":[0.0,-2.23727,-2.24274]},"K3o":{"weight":1.0,"played":[1.0,0.0,0.0],"evs":[0.0,-1.94269,-1.92938]},"A3o":{"weight":1.0,"played":[1.0,0.0,0.0],"evs":[0.0,-1.59318,-1.58399]},"42s":{"weight":1.0,"played":[1.0,0.0,0.0],"evs":[0.0,-1.6351,-1.80485]},"43s":{"weight":1.0,"played":[1.0,0.0,0.0],"evs":[0.0,-1.3082,-1.46852]},"44":{"weight":1.0,"played":[0.9993,4.0E-4,3.0E-4],"evs":[0.0,-0.12746,-0.17179]},"54o":{"weight":1.0,"played":[1.0,0.0,0.0],"evs":[0.0,-1.63509,-1.79431]},"64o":{"weight":1.0,"played":[1.0,0.0,0.0],"evs":[0.0,-1.77434,-1.93281]},"74o":{"weight":1.0,"played":[1.0,0.0,0.0],"evs":[0.0,-2.02896,-2.1867]},"84o":{"weight":1.0,"played":[1.0,0.0,0.0],"evs":[0.0,-2.21102,-2.34153]},"94o":{"weight":1.0,"played":[1.0,0.0,0.0],"evs":[0.0,-2.38695,-2.49092]},"T4o":{"weight":1.0,"played":[1.0,0.0,0.0],"evs":[0.0,-2.41595,-2.48371]},"J4o":{"weight":1.0,"played":[1.0,0.0,0.0],"evs":[0.0,-2.27664,-2.29436]},"Q4o":{"weight":1.0,"played":[1.0,0.0,0.0],"evs":[0.0,-2.15577,-2.1486]},"K4o":{"weight":1.0,"played":[1.0,0.0,0.0],"evs":[0.0,-1.84768,-1.82636]},"A4o":{"weight":1.0,"played":[1.0,0.0,0.0],"evs":[0.0,-1.47239,-1.45354]},"52s":{"weight":1.0,"played":[1.0,0.0,0.0],"evs":[0.0,-1.47414,-1.63488]},"53s":{"weight":1.0,"played":[1.0,0.0,0.0],"evs":[0.0,-1.14037,-1.28731]},"54s":{"weight":1.0,"played":[1.0,0.0,0.0],"evs":[0.0,-0.82719,-0.95491]},"55":{"weight":1.0,"played":[0.0,0.0059,0.9941],"evs":[0.0,0.27925,0.28511]},"65o":{"weight":1.0,"played":[1.0,0.0,0.0],"evs":[0.0,-1.41272,-1.54739]},"75o":{"weight":1.0,"played":[1.0,0.0,0.0],"evs":[0.0,-1.66619,-1.78582]},"85o":{"weight":1.0,"played":[1.0,0.0,0.0],"evs":[0.0,-1.82356,-1.91947]},"95o":{"weight":1.0,"played":[1.0,0.0,0.0],"evs":[0.0,-2.0386,-2.12033]},"T5o":{"weight":1.0,"played":[1.0,0.0,0.0],"evs":[0.0,-2.33806,-2.3876]},"J5o":{"weight":1.0,"played":[1.0,0.0,0.0],"evs":[0.0,-2.14211,-2.13945]},"Q5o":{"weight":1.0,"played":[1.0,0.0,0.0],"evs":[0.0,-2.04263,-2.00204]},"K5o":{"weight":1.0,"played":[1.0,0.0,0.0],"evs":[0.0,-1.72392,-1.67298]},"A5o":{"weight":1.0,"played":[1.0,0.0,0.0],"evs":[0.0,-1.30122,-1.24423]},"62s":{"weight":1.0,"played":[1.0,0.0,0.0],"evs":[0.0,-1.63777,-1.7967]},"63s":{"weight":1.0,"played":[1.0,0.0,0.0],"evs":[0.0,-1.37627,-1.5196]},"64s":{"weight":1.0,"played":[1.0,0.0,0.0],"evs":[0.0,-0.98655,-1.10334]},"65s":{"weight":1.0,"played":[1.0,0.0,0.0],"evs":[0.0,-0.64753,-0.76504]},"66":{"weight":1.0,"played":[0.0,0.0061,0.9939],"evs":[0.0,0.72332,0.75533]},"76o":{"weight":1.0,"played":[1.0,0.0,0.0],"evs":[0.0,-1.33889,-1.45227]},"86o":{"weight":1.0,"played":[1.0,0.0,0.0],"evs":[0.0,-1.49276,-1.58187]},"96o":{"weight":1.0,"played":[1.0,0.0,0.0],"evs":[0.0,-1.67116,-1.74273]},"T6o":{"weight":1.0,"played":[1.0,0.0,0.0],"evs":[0.0,-1.9471,-1.98015]},"J6o":{"weight":1.0,"played":[1.0,0.0,0.0],"evs":[0.0,-2.0495,-2.04491]},"Q6o":{"weight":1.0,"played":[1.0,0.0,0.0],"evs":[0.0,-1.91145,-1.86323]},"K6o":{"weight":1.0,"played":[1.0,0.0,0.0],"evs":[0.0,-1.54825,-1.48746]},"A6o":{"weight":1.0,"played":[1.0,0.0,0.0],"evs":[0.0,-1.45832,-1.40398]},"72s":{"weight":1.0,"played":[1.0,0.0,0.0],"evs":[0.0,-1.85397,-2.00231]},"73s":{"weight":1.0,"played":[1.0,0.0,0.0],"evs":[0.0,-1.52483,-1.65796]},"74s":{"weight":1.0,"played":[1.0,0.0,0.0],"evs":[0.0,-1.18163,-1.29165]},"75s":{"weight":1.0,"played":[1.0,0.0,0.0],"evs":[0.0,-0.8447,-0.94544]},"76s":{"weight":1.0,"played":[1.0,0.0,0.0],"evs":[0.0,-0.57826,-0.67459]},"77":{"weight":1.0,"played":[0.0,0.0169,0.9831],"evs":[0.0,1.18529,1.22369]},"87o":{"weight":1.0,"played":[1.0,0.0,0.0],"evs":[0.0,-1.25518,-1.32274]},"97o":{"weight":1.0,"played":[1.0,0.0,0.0],"evs":[0.0,-1.38645,-1.43436]},"T7o":{"weight":1.0,"played":[1.0,0.0,0.0],"evs":[0.0,-1.65773,-1.67298]},"J7o":{"weight":1.0,"played":[1.0,0.0,0.0],"evs":[0.0,-1.76618,-1.75141]},"Q7o":{"weight":1.0,"played":[1.0,0.0,0.0],"evs":[0.0,-1.89886,-1.84011]},"K7o":{"weight":1.0,"played":[1.0,0.0,0.0],"evs":[0.0,-1.49369,-1.41875]},"A7o":{"weight":1.0,"played":[1.0,0.0,0.0],"evs":[0.0,-1.21299,-1.14693]},"82s":{"weight":1.0,"played":[1.0,0.0,0.0],"evs":[0.0,-1.6791,-1.80232]},"83s":{"weight":1.0,"played":[1.0,0.0,0.0],"evs":[0.0,-1.6919,-1.81747]},"84s":{"weight":1.0,"played":[1.0,0.0,0.0],"evs":[0.0,-1.32543,-1.43755]},"85s":{"weight":1.0,"played":[1.0,0.0,0.0],"evs":[0.0,-1.02735,-1.11715]},"86s":{"weight":1.0,"played":[1.0,0.0,0.0],"evs":[0.0,-0.66003,-0.7361]},"87s":{"weight":1.0,"played":[1.0,0.0,0.0],"evs":[0.0,-0.44886,-0.51548]},"88":{"weight":1.0,"played":[0.0,0.0027,0.9973],"evs":[0.0,1.74672,1.80078]},"98o":{"weight":1.0,"played":[1.0,0.0,0.0],"evs":[0.0,-1.12602,-1.14458]},"T8o":{"weight":1.0,"played":[1.0,0.0,0.0],"evs":[0.0,-1.34243,-1.3364]},"J8o":{"weight":1.0,"played":[1.0,0.0,0.0],"evs":[0.0,-1.40159,-1.35801]},"Q8o":{"weight":1.0,"played":[1.0,0.0,0.0],"evs":[0.0,-1.59556,-1.50477]},"K8o":{"weight":1.0,"played":[1.0,0.0,0.0],"evs":[0.0,-1.39594,-1.31451]},"A8o":{"weight":1.0,"played":[1.0,0.0,0.0],"evs":[0.0,-0.93481,-0.87853]},"92s":{"weight":1.0,"played":[1.0,0.0,0.0],"evs":[0.0,-1.71717,-1.80367]},"93s":{"weight":1.0,"played":[1.0,0.0,0.0],"evs":[0.0,-1.56729,-1.64508]},"94s":{"weight":1.0,"played":[1.0,0.0,0.0],"evs":[0.0,-1.53987,-1.62583]},"95s":{"weight":1.0,"played":[1.0,0.0,0.0],"evs":[0.0,-1.2527,-1.33146]},"96s":{"weight":1.0,"played":[1.0,0.0,0.0],"evs":[0.0,-0.82388,-0.88285]},"97s":{"weight":1.0,"played":[1.0,0.0,0.0],"evs":[0.0,-0.58312,-0.61226]},"98s":{"weight":1.0,"played":[0.9999,0.0,0.0],"evs":[0.0,-0.34798,-0.3587]},"99":{"weight":1.0,"played":[0.0,0.0449,0.9551],"evs":[0.0,2.3209,2.41264]},"T9o":{"weight":1.0,"played":[1.0,0.0,0.0],"evs":[0.0,-1.04433,-1.01392]},"J9o":{"weight":1.0,"played":[1.0,0.0,0.0],"evs":[0.0,-1.12512,-1.05896]},"Q9o":{"weight":1.0,"played":[1.0,0.0,0.0],"evs":[0.0,-1.26561,-1.15632]},"K9o":{"weight":1.0,"played":[1.0,0.0,0.0],"evs":[0.0,-1.0579,-0.96253]},"A9o":{"weight":1.0,"played":[1.0,0.0,0.0],"evs":[0.0,-0.65694,-0.58527]},