{"equityUnit":"TABLE_EQUITY_PERCENT","conversionFactors":{"toUSD":14.4,"toRegularPrizePercent":0.75313807},"preHandEquity":[42.96076,23.33768,33.70156],"bubbleFactors":[[-1.0,0.861,1.005],[1.128,-1.0,1.042],[1.445,0.801,-1.0]]}