{"player":0,"street":0,"children":4,"sequence":[],"actions":[{"type":"F","amount":0,"node":1},{"type":"C","amount":100000,"node":55},{"type":"R","amount":200000},{"type":"R","amount":1465000,"node":687}],"hands":{"22":{"weight":1.0,"played":[0.0,0.1828,0.0025,0.8148],"evs":[0.0,1.11044,1.095,1.11163]},"32o":{"weight":1.0,"played":[1.0,0.0,0.0,0.0],"evs":[0.0,-0.87347,-1.48937,-3.74781]},"42o":{"weight":1.0,"played":[1.0,0.0,0.0,0.0],"evs":[0.0,-0.82744,-1.42096,-3.48545]},"52o":{"weight":1.0,"played":[1.0,0.0,0.0,0.0],"evs":[0.0,-0.78302,-1.36383,-3.21487]},"62o":{"weight":1.0,"played":[1.0,0.0,0.0,0.0],"evs":[0.0,-0.85939,-1.46779,-3.5554]},"72o":{"weight":1.0,"played":[1.0,0.0,0.0,0.0],"evs":[0.0,-0.87425,-1.49016,-3.81536]},"82o":{"weight":1.0,"played":[1.0,0.0,0.0,0.0],"evs":[0.0,-0.82115,-1.42333,-3.48798]},"92o":{"weight":1.0,"played":[1.0,0.0,0.0,0.0],"evs":[0.0,-0.77109,-1.33437,-3.26345]},"T2o":{"weight":1.0,"played":[1.0,0.0,0.0,0.0],"evs":[0.0,-0.68383,-1.18415,-2.96581]},"J2o":{"weight":1.0,"played":[1.0,0.0,0.0,0.0],"evs":[0.0,-0.61695,-1.02323,-2.61055]},"Q2o":{"weight":1.0,"played":[1.0,0.0,0.0,0.0],"evs":[0.0,-0.52334,-0.83021,-2.12836]},"K2o":{"weight":1.0,"played":[1.0,0.0,0.0,0.0],"evs":[0.0,-0.37305,-0.57141,-1.47837]},"A2o":{"weight":1.0,"played":[0.0,0.0721,0.0022,0.9257],"evs":[0.0,0.4058,0.37658,0.40951]},"32s":{"weight":1.0,"played":[1.0,0.0,0.0,0.0],"evs":[0.0,-0.63374,-1.18793,-2.24613]},"33":{"weight":1.0,"played":[0.0,0.0337,3.0E-4,0.966],"evs":[0.0,1.61292,1.59361,1.61462]},"43o":{"weight":1.0,"played":[1.0,0.0,0.0,0.0],"evs":[0.0,-0.72937,-1.28448,-2.89032]},"53o":{"weight":1.0,"played":[1.0,0.0,0.0,0.0],"evs":[0.0,-0.67623,-1.2257,-2.61126]},"63o":{"weight":1.0,"played":[1.0,0.0,0.0,0.0],"evs":[0.0,-0.75686,-1.31852,-2.94037]},"73o":{"weight":1.0,"played":[1.0,0.0,0.0,0.0],"evs":[0.0,-0.77963,-1.34754,-3.209]},"83o":{"weight":1.0,"played":[1.0,0.0,0.0,0.0],"evs":[0.0,-0.79582,-1.38038,-3.40979]},"93o":{"weight":1.0,"played":[1.0,0.0,0.0,0.0],"evs":[0.0,-0.73075,-1.2719,-3.07084]},"T3o":{"weight":1.0,"played":[1.0,0.0,0.0,0.0],"evs":[0.0,-0.64132,-1.11704,-2.79046]},"J3o":{"weight":1.0,"played":[1.0,0.0,0.0,0.0],"evs":[0.0,-0.56921,-0.94959,-2.41705]},"Q3o":{"weight":1.0,"played":[1.0,0.0,0.0,0.0],"evs":[0.0,-0.47244,-0.75801,-1.94069]},"K3o":{"weight":1.0,"played":[1.0,0.0,0.0,0.0],"evs":[0.0,-0.31527,-0.49388,-1.2894]},"A3o":{"weight":1.0,"played":[0.0,0.0,0.0,1.0],"evs":[0.0,0.51755,0.55804,0.61229]},"42s":{"weight":1.0,"played":[1.0,0.0,0.0,0.0],"evs":[0.0,-0.57731,-1.09211,-2.00003]},"43s":{"weight":1.0,"played":[1.0,0.0,0.0,0.0],"evs":[0.0,-0.46437,-0.89063,-1.4618]},"44":{"weight":1.0,"played":[0.0,0.0,0.0031,0.9969],"evs":[0.0,2.29235,2.2849,2.31439]},"54o":{"weight":1.0,"played":[1.0,0.0,0.0,0.0],"evs":[0.0,-0.55908,-1.04906,-2.00341]},"64o":{"weight":1.0,"played":[1.0,0.0,0.0,0.0],"evs":[0.0,-0.63456,-1.15986,-2.30058]},"74o":{"weight":1.0,"played":[1.0,0.0,0.0,0.0],"evs":[0.0,-0.66626,-1.19555,-2.57015]},"84o":{"weight":1.0,"played":[1.0,0.0,0.0,0.0],"evs":[0.0,-0.68796,-1.22544,-2.77253]},"94o":{"weight":1.0,"played":[1.0,0.0,0.0,0.0],"evs":[0.0,-0.69614,-1.21862,-2.95955]},"T4o":{"weight":1.0,"played":[1.0,0.0,0.0,0.0],"evs":[0.0,-0.58914,-1.03962,-2.56011]},"J4o":{"weight":1.0,"played":[1.0,0.0,0.0,0.0],"evs":[0.0,-0.5161,-0.8685,-2.18685]},"Q4o":{"weight":1.0,"played":[1.0,0.0,0.0,0.0],"evs":[0.0,-0.41062,-0.67195,-1.6988]},"K4o":{"weight":1.0,"played":[1.0,0.0,0.0,0.0],"evs":[0.0,-0.24947,-0.39234,-1.05001]},"A4o":{"weight":1.0,"played":[0.0,0.0,0.0,1.0],"evs":[0.0,0.66974,0.78767,0.86932]},"52s":{"weight":1.0,"played":[1.0,0.0,0.0,0.0],"evs":[0.0,-0.52406,-1.01024,-1.75849]},"53s":{"weight":1.0,"played":[1.0,0.0,0.0,0.0],"evs":[0.0,-0.3886,-0.76206,-1.19566]},"54s":{"weight":1.0,"played":[1.0,0.0,0.0,0.0],"evs":[0.0,-0.16664,-0.37031,-0.6284]},"55":{"weight":1.0,"played":[0.0,0.0199,0.0,0.9801],"evs":[0.0,3.13861,3.13425,3.1481]},"65o":{"weight":1.0,"played":[1.0,0.0,0.0,0.0],"evs":[0.0,-0.51706,-0.965,-1.68138]},"75o":{"weight":1.0,"played":[1.0,0.0,0.0,0.0],"evs":[0.0,-0.54003,-1.03263,-1.92006]},"85o":{"weight":1.0,"played":[1.0,0.0,0.0,0.0],"evs":[0.0,-0.56408,-1.07788,-2.11715]},"95o":{"weight":1.0,"played":[1.0,0.0,0.0,0.0],"evs":[0.0,-0.58335,-1.07156,-2.29918]},"T5o":{"weight":1.0,"played":[1.0,0.0,0.0,0.0],"evs":[0.0,-0.54765,-0.99031,-2.39869]},"J5o":{"weight":1.0,"played":[1.0,0.0,0.0,0.0],"evs":[0.0,-0.45979,-0.79982,-1.92919]},"Q5o":{"weight":1.0,"played":[1.0,0.0,0.0,0.0],"evs":[0.0,-0.34865,-0.59717,-1.44332]},"K5o":{"weight":1.0,"played":[1.0,0.0,0.0,0.0],"evs":[0.0,-0.18521,-0.29831,-0.78455]},"A5o":{"weight":1.0,"played":[0.0,0.0,0.0,1.0],"evs":[0.0,0.95038,1.11192,1.19763]},"62s":{"weight":1.0,"played":[1.0,0.0,0.0,0.0],"evs":[0.0,-0.61068,-1.1492,-2.06929]},"63s":{"weight":1.0,"played":[1.0,0.0,0.0,0.0],"evs":[0.0,-0.48964,-0.93219,-1.49711]},"64s":{"weight":1.0,"played":[1.0,0.0,0.0,0.0],"evs":[0.0,-0.30166,-0.61451,-0.9058]},"65s":{"weight":1.0,"played":[0.9988,0.0012,0.0,0.0],"evs":[0.0,-0.05588,-0.1883,-0.33819]},"66":{"weight":1.0,"played":[0.0,0.0,0.0,1.0],"evs":[0.0,4.00603,3.96324,4.01494]},"76o":{"weight":1.0,"played":[1.0,0.0,0.0,0.0],"evs":[0.0,-0.4503,-0.83241,-1.32821]},"86o":{"weight":1.0,"played":[1.0,0.0,0.0,0.0],"evs":[0.0,-0.46411,-0.89733,-1.48527]},"96o":{"weight":1.0,"played":[1.0,0.0,0.0,0.0],"evs":[0.0,-0.48222,-0.9375,-1.66331]},"T6o":{"weight":1.0,"played":[1.0,0.0,0.0,0.0],"evs":[0.0,-0.45714,-0.85754,-1.76769]},"J6o":{"weight":1.0,"played":[1.0,0.0,0.0,0.0],"evs":[0.0,-0.44734,-0.76134,-1.78608]},"Q6o":{"weight":1.0,"played":[1.0,0.0,0.0,0.0],"evs":[0.0,-0.31678,-0.53609,-1.20358]},"K6o":{"weight":1.0,"played":[1.0,0.0,0.0,0.0],"evs":[0.0,-0.14845,-0.20604,-0.5359]},"A6o":{"weight":1.0,"played":[0.0,0.0,2.0E-4,0.9998],"evs":[0.0,0.94972,1.06619,1.10158]},"72s":{"weight":1.0,"played":[1.0,0.0,0.0,0.0],"evs":[0.0,-0.63137,-1.18835,-2.31253]},"73s":{"weight":1.0,"played":[1.0,0.0,0.0,0.0],"evs":[0.0,-0.52423,-1.01144,-1.75882]},"74s":{"weight":1.0,"played":[1.0,0.0,0.0,0.0],"evs":[0.0,-0.39085,-0.76214,-1.1661]},"75s":{"weight":1.0,"played":[1.0,0.0,0.0,0.0],"evs":[0.0,-0.16801,-0.38699,-0.56219]},"76s":{"weight":1.0,"played":[0.0,1.0,0.0,0.0],"evs":[0.0,0.09495,0.04167,0.00581]},"77":{"weight":1.0,"played":[0.0,4.0E-4,0.0,0.9996],"evs":[0.0,4.79601,4.78538,4.84032]},"87o":{"weight":1.0,"played":[1.0,0.0,0.0,0.0],"evs":[0.0,-0.34377,-0.688,-0.98812]},"97o":{"weight":1.0,"played":[1.0,0.0,0.0,0.0],"evs":[0.0,-0.35595,-0.73214,-1.11985]},"T7o":{"weight":1.0,"played":[1.0,0.0,0.0,0.0],"evs":[0.0,-0.32297,-0.67886,-1.20417]},"J7o":{"weight":1.0,"played":[1.0,0.0,0.0,0.0],"evs":[0.0,-0.31841,-0.59689,-1.23146]},"Q7o":{"weight":1.0,"played":[1.0,0.0,0.0,0.0],"evs":[0.0,-0.27593,-0.47817,-1.13593]},"K7o":{"weight":1.0,"played":[0.9997,3.0E-4,0.0,0.0],"evs":[0.0,-0.06915,-0.10275,-0.36691]},"A7o":{"weight":1.0,"played":[0.0,0.0,0.0,1.0],"evs":[0.0,1.49513,1.56719,1.59035]},"82s":{"weight":1.0,"played":[1.0,0.0,0.0,0.0],"evs":[0.0,-0.5735,-1.11102,-2.0036]},"83s":{"weight":1.0,"played":[1.0,0.0,0.0,0.0],"evs":[0.0,-0.54225,-1.07286,-1.93692]},"84s":{"weight":1.0,"played":[1.0,0.0,0.0,0.0],"evs":[0.0,-0.42288,-0.84783,-1.34299]},"85s":{"weight":1.0,"played":[1.0,0.0,0.0,0.0],"evs":[0.0,-0.25096,-0.54342,-0.72505]},"86s":{"weight":1.0,"played":[0.9655,0.0345,0.0,0.0],"evs":[0.0,-0.01315,-0.1256,-0.14042]},"87s":{"weight":1.0,"played":[0.0,0.0313,0.0169,0.9518],"evs":[0.0,0.3221,0.31847,0.32843]},"88":{"weight":1.0,"played":[0.0,0.0,0.0,1.0],"evs":[0.0,5.74468,5.75124,5.82261]},"98o":{"weight":1.0,"played":[1.0,0.0,0.0,0.0],"evs":[0.0,-0.22108,-0.48411,-0.58916]},"T8o":{"weight":1.0,"played":[1.0,0.0,0.0,0.0],"evs":[0.0,-0.19324,-0.44039,-0.61759]},"J8o":{"weight":1.0,"played":[1.0,0.0,0.0,0.0],"evs":[0.0,-0.18734,-0.39305,-0.64369]},"Q8o":{"weight":1.0,"played":[1.0,0.0,0.0,0.0],"evs":[0.0,-0.14529,-0.27251,-0.54703]},"K8o":{"weight":1.0,