{"player":2,"street":0,"children":3,"sequence":[{"player":0,"type":"R","amount":945000,"street":0},{"player":1,"type":"F","amount":0,"street":0}],"actions":[{"type":"F","amount":0,"node":32},{"type":"C","amount":945000,"node":35},{"type":"R","amount":955000,"node":40}],"hands":{"22":{"weight":1.0,"played":[0.0,0.4084,0.5916],"evs":[0.0,1.17261,1.13476]},"32o":{"weight":1.0,"played":[1.0,0.0,0.0],"evs":[0.0,-4.45259,-4.46087]},"42o":{"weight":1.0,"played":[1.0,0.0,0.0],"evs":[0.0,-4.1141,-4.12433]},"52o":{"weight":1.0,"played":[1.0,0.0,0.0],"evs":[0.0,-3.80381,-3.82161]},"62o":{"weight":1.0,"played":[1.0,0.0,0.0],"evs":[0.0,-4.28796,-4.31361]},"72o":{"weight":1.0,"played":[1.0,0.0,0.0],"evs":[0.0,-4.69653,-4.71834]},"82o":{"weight":1.0,"played":[1.0,0.0,0.0],"evs":[0.0,-4.38751,-4.40768]},"92o":{"weight":1.0,"played":[1.0,0.0,0.0],"evs":[0.0,-4.31081,-4.3367]},"T2o":{"weight":1.0,"played":[1.0,0.0,0.0],"evs":[0.0,-4.21858,-4.25072]},"J2o":{"weight":1.0,"played":[1.0,0.0,0.0],"evs":[0.0,-3.8422,-3.84812]},"Q2o":{"weight":1.0,"played":[1.0,0.0,0.0],"evs":[0.0,-3.46102,-3.44465]},"K2o":{"weight":1.0,"played":[1.0,0.0,0.0],"evs":[0.0,-2.61088,-2.56217]},"A2o":{"weight":1.0,"played":[1.0,0.0,0.0],"evs":[0.0,-0.62322,-0.56333]},"32s":{"weight":1.0,"played":[1.0,0.0,0.0],"evs":[0.0,-2.61543,-2.61431]},"33":{"weight":1.0,"played":[0.0,0.5144,0.4856],"evs":[0.0,1.90633,1.85865]},"43o":{"weight":1.0,"played":[1.0,0.0,0.0],"evs":[0.0,-3.43642,-3.44432]},"53o":{"weight":1.0,"played":[1.0,0.0,0.0],"evs":[0.0,-3.10573,-3.12419]},"63o":{"weight":1.0,"played":[1.0,0.0,0.0],"evs":[0.0,-3.56185,-3.58867]},"73o":{"weight":1.0,"played":[1.0,0.0,0.0],"evs":[0.0,-4.00376,-4.02745]},"83o":{"weight":1.0,"played":[1.0,0.0,0.0],"evs":[0.0,-4.36658,-4.3876]},"93o":{"weight":1.0,"played":[1.0,0.0,0.0],"evs":[0.0,-4.15515,-4.18292]},"T3o":{"weight":1.0,"played":[1.0,0.0,0.0],"evs":[0.0,-4.06378,-4.09665]},"J3o":{"weight":1.0,"played":[1.0,0.0,0.0],"evs":[0.0,-3.68501,-3.69243]},"Q3o":{"weight":1.0,"played":[1.0,0.0,0.0],"evs":[0.0,-3.29206,-3.27777]},"K3o":{"weight":1.0,"played":[1.0,0.0,0.0],"evs":[0.0,-2.45373,-2.40633]},"A3o":{"weight":1.0,"played":[1.0,0.0,0.0],"evs":[0.0,-0.33167,-0.27203]},"42s":{"weight":1.0,"played":[1.0,0.0,0.0],"evs":[0.0,-2.29226,-2.29074]},"43s":{"weight":1.0,"played":[1.0,0.0,0.0],"evs":[0.0,-1.65833,-1.65532]},"44":{"weight":1.0,"played":[0.0,0.6091,0.3909],"evs":[0.0,2.81112,2.74738]},"54o":{"weight":1.0,"played":[1.0,0.0,0.0],"evs":[0.0,-2.29669,-2.31806]},"64o":{"weight":1.0,"played":[1.0,0.0,0.0],"evs":[0.0,-2.72547,-2.75138]},"74o":{"weight":1.0,"played":[1.0,0.0,0.0],"evs":[0.0,-3.15757,-3.17568]},"84o":{"weight":1.0,"played":[1.0,0.0,0.0],"evs":[0.0,-3.52833,-3.54864]},"94o":{"weight":1.0,"played":[1.0,0.0,0.0],"evs":[0.0,-3.98953,-4.01564]},"T4o":{"weight":1.0,"played":[1.0,0.0,0.0],"evs":[0.0,-3.74219,-3.77623]},"J4o":{"weight":1.0,"played":[1.0,0.0,0.0],"evs":[0.0,-3.38059,-3.38842]},"Q4o":{"weight":1.0,"played":[1.0,0.0,0.0],"evs":[0.0,-2.98462,-2.97132]},"K4o":{"weight":1.0,"played":[1.0,0.0,0.0],"evs":[0.0,-2.14941,-2.10138]},"A4o":{"weight":1.0,"played":[0.0,0.3754,0.6246],"evs":[0.0,0.01894,0.07543]},"52s":{"weight":1.0,"played":[1.0,0.0,0.0],"evs":[0.0,-1.98638,-1.99324]},"53s":{"weight":1.0,"played":[1.0,0.0,0.0],"evs":[0.0,-1.34517,-1.35043]},"54s":{"weight":1.0,"played":[1.0,0.0,0.0],"evs":[0.0,-0.5745,-0.5841]},"55":{"weight":1.0,"played":[0.0,0.6584,0.3416],"evs":[0.0,3.76521,3.69543]},"65o":{"weight":1.0,"played":[1.0,0.0,0.0],"evs":[0.0,-1.95394,-1.98934]},"75o":{"weight":1.0,"played":[1.0,0.0,0.0],"evs":[0.0,-2.3297,-2.35433]},"85o":{"weight":1.0,"played":[1.0,0.0,0.0],"evs":[0.0,-2.67947,-2.70414]},"95o":{"weight":1.0,"played":[1.0,0.0,0.0],"evs":[0.0,-3.14091,-3.17588]},"T5o":{"weight":1.0,"played":[1.0,0.0,0.0],"evs":[0.0,-3.55554,-3.59374]},"J5o":{"weight":1.0,"played":[1.0,0.0,0.0],"evs":[0.0,-3.06493,-3.08065]},"Q5o":{"weight":1.0,"played":[1.0,0.0,0.0],"evs":[0.0,-2.67619,-2.66898]},"K5o":{"weight":1.0,"played":[1.0,0.0,0.0],"evs":[0.0,-1.82914,-1.78481]},"A5o":{"weight":1.0,"played":[0.0,0.3938,0.6062],"evs":[0.0,0.48212,0.53797]},"62s":{"weight":1.0,"played":[1.0,0.0,0.0],"evs":[0.0,-2.43124,-2.44498]},"63s":{"weight":1.0,"played":[1.0,0.0,0.0],"evs":[0.0,-1.76187,-1.77717]},"64s":{"weight":1.0,"played":[1.0,0.0,0.0],"evs":[0.0,-0.98484,-0.99854]},"65s":{"weight":1.0,"played":[1.0,0.0,0.0],"evs":[0.0,-0.26226,-0.28724]},"66":{"weight":1.0,"played":[0.0,0.7291,0.2709],"evs":[0.0,4.63108,4.57545]},"76o":{"weight":1.0,"played":[1.0,0.0,0.0],"evs":[0.0,-1.65979,-1.69191]},"86o":{"weight":1.0,"played":[1.0,0.0,0.0],"evs":[0.0,-1.96362,-1.98994]},"96o":{"weight":1.0,"played":[1.0,0.0,0.0],"evs":[0.0,-2.39423,-2.43339]},"T6o":{"weight":1.0,"played":[1.0,0.0,0.0],"evs":[0.0,-2.80434,-2.84847]},"J6o":{"weight":1.0,"played":[1.0,0.0,0.0],"evs":[0.0,-2.9535,-2.97247]},"Q6o":{"weight":1.0,"played":[1.0,0.0,0.0],"evs":[0.0,-2.44481,-2.43909]},"K6o":{"weight":1.0,"played":[1.0,0.0,0.0],"evs":[0.0,-1.52555,-1.48246]},"A6o":{"weight":1.0,"played":[0.0,0.4054,0.5946],"evs":[0.0,0.43495,0.49305]},"72s":{"weight":1.0,"played":[1.0,0.0,0.0],"evs":[0.0,-2.81582,-2.82587]},"73s":{"weight":1.0,"played":[1.0,0.0,0.0],"evs":[0.0,-2.17227,-2.18202]},"74s":{"weight":1.0,"played":[1.0,0.0,0.0],"evs":[0.0,-1.37835,-1.38319]},"75s":{"weight":1.0,"played":[1.0,0.0,0.0],"evs":[0.0,-0.60732,-0.61991]},"76s":{"weight":1.0,"played":[0.05,0.6284,0.3216],"evs":[0.0,0.01314,-0.00936]},"77":{"weight":1.0,"played":[0.0,0.7772,0.2228],"evs":[0.0,5.61062,5.57277]},"87o":{"weight":1.0,"played":[1.0,0.0,0.0],"evs":[0.0,-1.37263,-1.38679]},"97o":{"weight":1.0,"played":[1.0,0.0,0.0],"evs":[0.0,-1.74181,-1.76484]},"T7o":{"weight":1.0,"played":[1.0,0.0,0.0],"evs":[0.0,-2.13603,-2.16476]},"J7o":{"weight":1.0,"played":[1.0,0.0,0.0],"evs":[0.0,-2.29306,-2.29622]},"Q7o":{"weight":1.0,"played":[1.0,0.0,0.0],"evs":[0.0,-2.37705,-2.35419]},"K7o":{"weight":1.0,"played":[1.0,0.0,0.0],"evs":[0.0,-1.28851,-1.23005]},"A7o":{"weight":1.0,"played":[0.0,0.4333,0.5667],"evs":[0.0,1.20894,1.26679]},"82s":{"weight":1.0,"played":[1.0,0.0,0.0],"evs":[0.0,-2.50951,-2.51699]},"83s":{"weight":1.0,"played":[1.0,0.0,0.0],"evs":[0.0,-2.50808,-2.51973]},"84s":{"weight":1.0,"played":[1.0,0.0,0.0],"evs":[0.0,-1.72618,-1.73217]},"85s":{"weight":1.0,"played":[1.0,0.0,0.0],"evs":[0.0,-0.93809,-0.95257]},"86s":{"weight":1.0,"played":[1.0,0.0,0.0],"evs":[0.0,-0.25233,-0.26848]},"87s":{"weight":1.0,"played":[0.0,0.8137,0.1863],"evs":[0.0,0.28491,0.28039]},"88":{"weight":1.0,"played":[0.0,0.801,0.199],"evs":[0.0,6.70685,6.67137]},"98o":{"weight":1.0,"played":[1.0,0.0,0.0],"evs":[0.0,-1.11998,-1.13052]},"T8o":{"weight":1.0,"played":[1.0,0.0,0.0],"evs":[0.0,-1.43049,-1.4488]},"J8o":{"weight":1.0,"played":[1.0,0.0,0.0],"evs":[0.0,-1.5837,-1.57946]},"Q8o":{"weight":1.0,"played":[1.0,0.0,0.0],"evs":[0.0,-1.68534,-1.65524]},"K8o":{"weight":1.0,"played":[1.0,0.0,0.0],"evs":[0.0,-1.048,-0.99406]},"A8o":{"weight":1.0,"played":[0.0,0.4662,0.5338],"evs":[0.0,2.08172,2.11215]},"92s":{"weight":1.0,"played":[1.0,0.0,0.0],"evs":[0.0,-2.41531,-2.43082]},"93s":{"weight":1.0,"played":[1.0,0.0,0.0],"evs":[0.0,-2.28611,-2.30053]},"94s":{"weight":1.0,"played":[1.0,0.0,0.0],"evs":[0.0,-2.14604,-2.16091]},"95s":{"weight":1.0,"played":[1.0,0.0,0.0],"evs":[0.0,-1.34641,-1.37114]},"96s":{"weight":1.0,"played":[1.0,0.0,0.0],"evs":[0.0,-0.64651,-0.66986]},"97s":{"weight":1.0,"played":[0.9996,2.0E-4,2.0E-4],"evs":[0.0,-0.03927,-0.04856]},"98s":{"weight":1.0,"played":[0.0,0.8426,0.1574],"evs":[0.0,0.54195,0.54168]},"99":{"weight":1.0,"played":[0.0,0.8143,0.1857],"evs":[0.0,7.98276,7.95983]},"T9o":{"weight":1.0,"played":[1.0,0.0,0.0],"evs":[0.0,-0.74704,-0.77055]},"J9o":{"weight":1.0,"played":[1.0,0.0,0.0],"evs":[0.0,-0.85377,-0.84047]},"Q9o":{"weight":1.0,"played":[1.0,0.0,0.0],"evs":[0.0,-0.91604,-0.87188]},"K9o":{"weight":1.0,"played":[0.9999,0.0,0.0],"evs":[0.0,-0.17514,-0.11029]},"A9o":{"weight":1.0,