{"player":2,"street":0,"children":3,"sequence":[{"player":0,"type":"F","amount":0,"street":0},{"player":1,"type":"R","amount":3340000,"street":0}],"actions":[{"type":"F","amount":0,"node":11},{"type":"C","amount":3140000,"node":12},{"type":"R","amount":9620000,"node":14}],"hands":{"22":{"weight":1.0,"played":[0.0,0.0063,0.9937],"evs":[0.0,0.65682,0.68093]},"32o":{"weight":1.0,"played":[1.0,0.0,0.0],"evs":[0.0,-2.90958,-3.36713]},"42o":{"weight":1.0,"played":[1.0,0.0,0.0],"evs":[0.0,-2.70016,-3.13339]},"52o":{"weight":1.0,"played":[1.0,0.0,0.0],"evs":[0.0,-2.53995,-2.96059]},"62o":{"weight":1.0,"played":[1.0,0.0,0.0],"evs":[0.0,-2.7156,-3.20933]},"72o":{"weight":1.0,"played":[1.0,0.0,0.0],"evs":[0.0,-2.89537,-3.38326]},"82o":{"weight":1.0,"played":[1.0,0.0,0.0],"evs":[0.0,-2.71135,-3.14617]},"92o":{"weight":1.0,"played":[1.0,0.0,0.0],"evs":[0.0,-2.63479,-3.04009]},"T2o":{"weight":1.0,"played":[1.0,0.0,0.0],"evs":[0.0,-2.57545,-2.94847]},"J2o":{"weight":1.0,"played":[1.0,0.0,0.0],"evs":[0.0,-2.5413,-2.8864]},"Q2o":{"weight":1.0,"played":[1.0,0.0,0.0],"evs":[0.0,-2.30343,-2.6687]},"K2o":{"weight":1.0,"played":[1.0,0.0,0.0],"evs":[0.0,-1.95604,-2.26026]},"A2o":{"weight":1.0,"played":[1.0,0.0,0.0],"evs":[0.0,-0.51393,-0.68361]},"32s":{"weight":1.0,"played":[1.0,0.0,0.0],"evs":[0.0,-2.03639,-2.31413]},"33":{"weight":1.0,"played":[0.0,0.0,1.0],"evs":[0.0,1.07606,1.16151]},"43o":{"weight":1.0,"played":[1.0,0.0,0.0],"evs":[0.0,-2.32866,-2.6862]},"53o":{"weight":1.0,"played":[1.0,0.0,0.0],"evs":[0.0,-2.16731,-2.50622]},"63o":{"weight":1.0,"played":[1.0,0.0,0.0],"evs":[0.0,-2.34301,-2.73862]},"73o":{"weight":1.0,"played":[1.0,0.0,0.0],"evs":[0.0,-2.49112,-2.89575]},"83o":{"weight":1.0,"played":[1.0,0.0,0.0],"evs":[0.0,-2.67225,-3.11008]},"93o":{"weight":1.0,"played":[1.0,0.0,0.0],"evs":[0.0,-2.54569,-2.93858]},"T3o":{"weight":1.0,"played":[1.0,0.0,0.0],"evs":[0.0,-2.48976,-2.83791]},"J3o":{"weight":1.0,"played":[1.0,0.0,0.0],"evs":[0.0,-2.40037,-2.73951]},"Q3o":{"weight":1.0,"played":[1.0,0.0,0.0],"evs":[0.0,-2.16105,-2.5132]},"K3o":{"weight":1.0,"played":[1.0,0.0,0.0],"evs":[0.0,-1.84227,-2.12286]},"A3o":{"weight":1.0,"played":[1.0,0.0,0.0],"evs":[0.0,-0.35177,-0.52582]},"42s":{"weight":1.0,"played":[1.0,0.0,0.0],"evs":[0.0,-1.89544,-2.15638]},"43s":{"weight":1.0,"played":[1.0,0.0,0.0],"evs":[0.0,-1.50739,-1.69233]},"44":{"weight":1.0,"played":[0.0,0.0,1.0],"evs":[0.0,1.65497,1.76179]},"54o":{"weight":1.0,"played":[1.0,0.0,0.0],"evs":[0.0,-1.74826,-2.02049]},"64o":{"weight":1.0,"played":[1.0,0.0,0.0],"evs":[0.0,-1.93773,-2.27504]},"74o":{"weight":1.0,"played":[1.0,0.0,0.0],"evs":[0.0,-2.08861,-2.44931]},"84o":{"weight":1.0,"played":[1.0,0.0,0.0],"evs":[0.0,-2.24932,-2.60919]},"94o":{"weight":1.0,"played":[1.0,0.0,0.0],"evs":[0.0,-2.43848,-2.83431]},"T4o":{"weight":1.0,"played":[1.0,0.0,0.0],"evs":[0.0,-2.2872,-2.62173]},"J4o":{"weight":1.0,"played":[1.0,0.0,0.0],"evs":[0.0,-2.2554,-2.57403]},"Q4o":{"weight":1.0,"played":[1.0,0.0,0.0],"evs":[0.0,-2.01086,-2.33841]},"K4o":{"weight":1.0,"played":[1.0,0.0,0.0],"evs":[0.0,-1.65499,-1.92701]},"A4o":{"weight":1.0,"played":[1.0,0.0,0.0],"evs":[0.0,-0.16742,-0.32093]},"52s":{"weight":1.0,"played":[1.0,0.0,0.0],"evs":[0.0,-1.72799,-1.94859]},"53s":{"weight":1.0,"played":[1.0,0.0,0.0],"evs":[0.0,-1.36352,-1.52475]},"54s":{"weight":1.0,"played":[1.0,0.0,0.0],"evs":[0.0,-0.92577,-1.03747]},"55":{"weight":1.0,"played":[0.0,0.0,1.0],"evs":[0.0,2.23651,2.32167]},"65o":{"weight":1.0,"played":[1.0,0.0,0.0],"evs":[0.0,-1.52497,-1.79404]},"75o":{"weight":1.0,"played":[1.0,0.0,0.0],"evs":[0.0,-1.70011,-1.97546]},"85o":{"weight":1.0,"played":[1.0,0.0,0.0],"evs":[0.0,-1.82902,-2.12222]},"95o":{"weight":1.0,"played":[1.0,0.0,0.0],"evs":[0.0,-2.01059,-2.29926]},"T5o":{"weight":1.0,"played":[1.0,0.0,0.0],"evs":[0.0,-2.20179,-2.52179]},"J5o":{"weight":1.0,"played":[1.0,0.0,0.0],"evs":[0.0,-2.07391,-2.36828]},"Q5o":{"weight":1.0,"played":[1.0,0.0,0.0],"evs":[0.0,-1.81019,-2.11862]},"K5o":{"weight":1.0,"played":[1.0,0.0,0.0],"evs":[0.0,-1.48877,-1.74434]},"A5o":{"weight":1.0,"played":[0.0,1.0,0.0],"evs":[0.0,0.1201,-0.00237]},"62s":{"weight":1.0,"played":[1.0,0.0,0.0],"evs":[0.0,-1.83127,-2.1312]},"63s":{"weight":1.0,"played":[1.0,0.0,0.0],"evs":[0.0,-1.50593,-1.74503]},"64s":{"weight":1.0,"played":[1.0,0.0,0.0],"evs":[0.0,-1.15323,-1.30583]},"65s":{"weight":1.0,"played":[1.0,0.0,0.0],"evs":[0.0,-0.76427,-0.87322]},"66":{"weight":1.0,"played":[0.0,0.2075,0.7925],"evs":[0.0,2.78865,2.80579]},"76o":{"weight":1.0,"played":[1.0,0.0,0.0],"evs":[0.0,-1.31433,-1.55879]},"86o":{"weight":1.0,"played":[1.0,0.0,0.0],"evs":[0.0,-1.43192,-1.68287]},"96o":{"weight":1.0,"played":[1.0,0.0,0.0],"evs":[0.0,-1.60394,-1.86287]},"T6o":{"weight":1.0,"played":[1.0,0.0,0.0],"evs":[0.0,-1.80152,-2.07688]},"J6o":{"weight":1.0,"played":[1.0,0.0,0.0],"evs":[0.0,-1.9611,-2.26481]},"Q6o":{"weight":1.0,"played":[1.0,0.0,0.0],"evs":[0.0,-1.64519,-1.94338]},"K6o":{"weight":1.0,"played":[1.0,0.0,0.0],"evs":[0.0,-1.3398,-1.58568]},"A6o":{"weight":1.0,"played":[0.0,1.0,0.0],"evs":[0.0,0.22339,0.04701]},"72s":{"weight":1.0,"played":[1.0,0.0,0.0],"evs":[0.0,-2.00947,-2.30821]},"73s":{"weight":1.0,"played":[1.0,0.0,0.0],"evs":[0.0,-1.64047,-1.88033]},"74s":{"weight":1.0,"played":[1.0,0.0,0.0],"evs":[0.0,-1.27416,-1.43577]},"75s":{"weight":1.0,"played":[1.0,0.0,0.0],"evs":[0.0,-0.88415,-1.00034]},"76s":{"weight":1.0,"played":[1.0,0.0,0.0],"evs":[0.0,-0.54022,-0.60767]},"77":{"weight":1.0,"played":[0.0,0.0123,0.9877],"evs":[0.0,3.33821,3.35628]},"87o":{"weight":1.0,"played":[1.0,0.0,0.0],"evs":[0.0,-1.11951,-1.29772]},"97o":{"weight":1.0,"played":[1.0,0.0,0.0],"evs":[0.0,-1.29372,-1.48864]},"T7o":{"weight":1.0,"played":[1.0,0.0,0.0],"evs":[0.0,-1.47854,-1.66494]},"J7o":{"weight":1.0,"played":[1.0,0.0,0.0],"evs":[0.0,-1.65258,-1.87191]},"Q7o":{"weight":1.0,"played":[1.0,0.0,0.0],"evs":[0.0,-1.63987,-1.92009]},"K7o":{"weight":1.0,"played":[1.0,0.0,0.0],"evs":[0.0,-1.23019,-1.43971]},"A7o":{"weight":1.0,"played":[0.0,0.9999,1.0E-4],"evs":[0.0,0.74437,0.63307]},"82s":{"weight":1.0,"played":[1.0,0.0,0.0],"evs":[0.0,-1.85026,-2.10044]},"83s":{"weight":1.0,"played":[1.0,0.0,0.0],"evs":[0.0,-1.79664,-2.03041]},"84s":{"weight":1.0,"played":[1.0,0.0,0.0],"evs":[0.0,-1.42383,-1.60582]},"85s":{"weight":1.0,"played":[1.0,0.0,0.0],"evs":[0.0,-1.0173,-1.13515]},"86s":{"weight":1.0,"played":[1.0,0.0,0.0],"evs":[0.0,-0.64306,-0.71692]},"87s":{"weight":1.0,"played":[1.0,0.0,0.0],"evs":[0.0,-0.33314,-0.35646]},"88":{"weight":1.0,"played":[0.0,0.0018,0.9982],"evs":[0.0,3.96621,4.05131]},"98o":{"weight":1.0,"played":[1.0,0.0,0.0],"evs":[0.0,-0.98036,-1.10025]},"T8o":{"weight":1.0,"played":[1.0,0.0,0.0],"evs":[0.0,-1.14617,-1.26582]},"J8o":{"weight":1.0,"played":[1.0,0.0,0.0],"evs":[0.0,-1.30731,-1.45954]},"Q8o":{"weight":1.0,"played":[1.0,0.0,0.0],"evs":[0.0,-1.30067,-1.50028]},"K8o":{"weight":1.0,"played":[1.0,0.0,0.0],"evs":[0.0,-1.17687,-1.35701]},"A8o":{"weight":1.0,"played":[0.0,0.9655,0.0345],"evs":[0.0,1.29301,1.24508]},"92s":{"weight":1.0,"played":[1.0,0.0,0.0],"evs":[0.0,-1.8061,-2.04732]},"93s":{"weight":1.0,"played":[1.0,0.0,0.0],"evs":[0.0,-1.65975,-1.87271]},"94s":{"weight":1.0,"played":[1.0,0.0,0.0],"evs":[0.0,-1.58174,-1.8072]},"95s":{"weight":1.0,"played":[1.0,0.0,0.0],"evs":[0.0,-1.17134,-1.3297]},"96s":{"weight":1.0,"played":[1.0,0.0,0.0],"evs":[0.0,-0.78462,-0.90694]},"97s":{"weight":1.0,"played":[1.0,0.0,0.0],"evs":[0.0,-0.50418,-0.55306]},"98s":{"weight":1.0,"played":[1.0,0.0,0.0],"evs":[0.0,-0.22449,-0.1992]},"99":{"weight":1.0,"played":[0.0,0.0,1.0],"evs":[0.0,4.59835,4.70228]},"T9o":{"weight":1.0,"played":[1.0,0.0,0.0],"evs":[0.0,-0.8126,-0.84332]},"J9o":{"weight":1.0,"played":[1.0,0.0,0.0],"evs":[0.0,-0.98979,-1.05677]},"Q9o":{"weight":1.0,"played":[1.0,0.0,0.0],"evs":[0.0,-0.98958,-1.13304]},"K9o":{"weight":1.0,"played":[1.0,0.0,0.0],"evs":[0.0,-0.8162,-0.93648]},"A9o":{"weight":1.0,"played":[0.0,0.2629,0.7371],"evs":[0.0,1.93096,1.92497]},"T2s":{"weight":1.0,