{"player":2,"street":0,"children":3,"sequence":[{"player":0,"type":"R","amount":3660000,"street":0},{"player":1,"type":"C","amount":3340000,"street":0}],"actions":[{"type":"F","amount":0,"node":22},{"type":"C","amount":3460000,"node":23},{"type":"R","amount":9620000,"node":25}],"hands":{"22":{"weight":1.0,"played":[0.2987,0.6967,0.0047],"evs":[0.0,0.0757,0.00903]},"32o":{"weight":1.0,"played":[1.0,0.0,0.0],"evs":[0.0,-2.94848,-3.22814]},"42o":{"weight":1.0,"played":[1.0,0.0,0.0],"evs":[0.0,-2.64229,-2.97012]},"52o":{"weight":1.0,"played":[1.0,0.0,0.0],"evs":[0.0,-2.54532,-2.83867]},"62o":{"weight":1.0,"played":[1.0,0.0,0.0],"evs":[0.0,-2.85076,-3.1464]},"72o":{"weight":1.0,"played":[1.0,0.0,0.0],"evs":[0.0,-3.3919,-3.78235]},"82o":{"weight":1.0,"played":[1.0,0.0,0.0],"evs":[0.0,-3.25314,-3.61557]},"92o":{"weight":1.0,"played":[1.0,0.0,0.0],"evs":[0.0,-3.03641,-3.34149]},"T2o":{"weight":1.0,"played":[1.0,0.0,0.0],"evs":[0.0,-2.8764,-3.1777]},"J2o":{"weight":1.0,"played":[1.0,0.0,0.0],"evs":[0.0,-2.89415,-3.15456]},"Q2o":{"weight":1.0,"played":[1.0,0.0,0.0],"evs":[0.0,-2.56589,-2.82707]},"K2o":{"weight":1.0,"played":[1.0,0.0,0.0],"evs":[0.0,-2.25655,-2.49171]},"A2o":{"weight":1.0,"played":[1.0,0.0,0.0],"evs":[0.0,-2.88176,-3.13671]},"32s":{"weight":1.0,"played":[1.0,0.0,0.0],"evs":[0.0,-1.39626,-1.59114]},"33":{"weight":1.0,"played":[1.0E-4,0.8201,0.1798],"evs":[0.0,0.6601,0.62217]},"43o":{"weight":1.0,"played":[1.0,0.0,0.0],"evs":[0.0,-2.15076,-2.38309]},"53o":{"weight":1.0,"played":[1.0,0.0,0.0],"evs":[0.0,-1.91118,-2.11651]},"63o":{"weight":1.0,"played":[1.0,0.0,0.0],"evs":[0.0,-2.34152,-2.58612]},"73o":{"weight":1.0,"played":[1.0,0.0,0.0],"evs":[0.0,-2.6932,-3.01196]},"83o":{"weight":1.0,"played":[1.0,0.0,0.0],"evs":[0.0,-3.04381,-3.41654]},"93o":{"weight":1.0,"played":[1.0,0.0,0.0],"evs":[0.0,-2.8044,-3.0567]},"T3o":{"weight":1.0,"played":[1.0,0.0,0.0],"evs":[0.0,-2.75003,-2.99968]},"J3o":{"weight":1.0,"played":[1.0,0.0,0.0],"evs":[0.0,-2.7617,-3.04969]},"Q3o":{"weight":1.0,"played":[1.0,0.0,0.0],"evs":[0.0,-2.36738,-2.61817]},"K3o":{"weight":1.0,"played":[1.0,0.0,0.0],"evs":[0.0,-2.06003,-2.255]},"A3o":{"weight":1.0,"played":[1.0,0.0,0.0],"evs":[0.0,-2.73533,-2.94188]},"42s":{"weight":1.0,"played":[1.0,0.0,0.0],"evs":[0.0,-1.35297,-1.57892]},"43s":{"weight":1.0,"played":[1.0,0.0,0.0],"evs":[0.0,-0.75214,-0.77945]},"44":{"weight":1.0,"played":[8.0E-4,0.9651,0.0342],"evs":[0.0,1.00533,0.94486]},"54o":{"weight":1.0,"played":[1.0,0.0,0.0],"evs":[0.0,-1.41331,-1.60419]},"64o":{"weight":1.0,"played":[1.0,0.0,0.0],"evs":[0.0,-1.69261,-1.89227]},"74o":{"weight":1.0,"played":[1.0,0.0,0.0],"evs":[0.0,-2.11048,-2.36229]},"84o":{"weight":1.0,"played":[1.0,0.0,0.0],"evs":[0.0,-2.457,-2.75599]},"94o":{"weight":1.0,"played":[1.0,0.0,0.0],"evs":[0.0,-2.71788,-3.04317]},"T4o":{"weight":1.0,"played":[1.0,0.0,0.0],"evs":[0.0,-2.45701,-2.72376]},"J4o":{"weight":1.0,"played":[1.0,0.0,0.0],"evs":[0.0,-2.59097,-2.80437]},"Q4o":{"weight":1.0,"played":[1.0,0.0,0.0],"evs":[0.0,-2.15969,-2.38761]},"K4o":{"weight":1.0,"played":[1.0,0.0,0.0],"evs":[0.0,-1.87566,-2.07808]},"A4o":{"weight":1.0,"played":[1.0,0.0,0.0],"evs":[0.0,-2.37649,-2.57403]},"52s":{"weight":1.0,"played":[1.0,0.0,0.0],"evs":[0.0,-1.24639,-1.41105]},"53s":{"weight":1.0,"played":[1.0,0.0,0.0],"evs":[0.0,-0.48578,-0.58984]},"54s":{"weight":1.0,"played":[0.9251,0.0431,0.0318],"evs":[0.0,-0.31505,-0.27768]},"55":{"weight":1.0,"played":[0.0,0.317,0.6829],"evs":[0.0,1.43569,1.44749]},"65o":{"weight":1.0,"played":[1.0,0.0,0.0],"evs":[0.0,-1.20408,-1.37148]},"75o":{"weight":1.0,"played":[1.0,0.0,0.0],"evs":[0.0,-1.59104,-1.83423]},"85o":{"weight":1.0,"played":[1.0,0.0,0.0],"evs":[0.0,-1.88374,-2.11155]},"95o":{"weight":1.0,"played":[1.0,0.0,0.0],"evs":[0.0,-2.13758,-2.3868]},"T5o":{"weight":1.0,"played":[1.0,0.0,0.0],"evs":[0.0,-2.56112,-2.81921]},"J5o":{"weight":1.0,"played":[1.0,0.0,0.0],"evs":[0.0,-2.49286,-2.73701]},"Q5o":{"weight":1.0,"played":[1.0,0.0,0.0],"evs":[0.0,-2.05368,-2.2719]},"K5o":{"weight":1.0,"played":[1.0,0.0,0.0],"evs":[0.0,-1.75471,-1.9254]},"A5o":{"weight":1.0,"played":[1.0,0.0,0.0],"evs":[0.0,-2.23838,-2.43195]},"62s":{"weight":1.0,"played":[1.0,0.0,0.0],"evs":[0.0,-1.48482,-1.72109]},"63s":{"weight":1.0,"played":[1.0,0.0,0.0],"evs":[0.0,-0.97726,-1.10957]},"64s":{"weight":1.0,"played":[0.9975,0.0,0.0025],"evs":[0.0,-0.34812,-0.42103]},"65s":{"weight":1.0,"played":[0.0955,0.5889,0.3156],"evs":[0.0,0.04512,0.03029]},"66":{"weight":1.0,"played":[0.0,0.2048,0.7952],"evs":[0.0,1.82903,1.85792]},"76o":{"weight":1.0,"played":[1.0,0.0,0.0],"evs":[0.0,-1.20511,-1.38637]},"86o":{"weight":1.0,"played":[1.0,0.0,0.0],"evs":[0.0,-1.43548,-1.62504]},"96o":{"weight":1.0,"played":[1.0,0.0,0.0],"evs":[0.0,-1.73458,-1.9404]},"T6o":{"weight":1.0,"played":[1.0,0.0,0.0],"evs":[0.0,-2.04975,-2.279]},"J6o":{"weight":1.0,"played":[1.0,0.0,0.0],"evs":[0.0,-2.40404,-2.66815]},"Q6o":{"weight":1.0,"played":[1.0,0.0,0.0],"evs":[0.0,-1.91754,-2.09951]},"K6o":{"weight":1.0,"played":[1.0,0.0,0.0],"evs":[0.0,-1.70911,-1.90339]},"A6o":{"weight":1.0,"played":[1.0,0.0,0.0],"evs":[0.0,-2.59798,-2.82773]},"72s":{"weight":1.0,"played":[1.0,0.0,0.0],"evs":[0.0,-1.82778,-2.08272]},"73s":{"weight":1.0,"played":[1.0,0.0,0.0],"evs":[0.0,-1.24239,-1.38463]},"74s":{"weight":1.0,"played":[1.0,0.0,0.0],"evs":[0.0,-0.76416,-0.83496]},"75s":{"weight":1.0,"played":[0.9861,0.006,0.0079],"evs":[0.0,-0.30367,-0.32612]},"76s":{"weight":1.0,"played":[0.259,0.2451,0.496],"evs":[0.0,0.06607,0.09496]},"77":{"weight":1.0,"played":[0.0,0.3161,0.6839],"evs":[0.0,2.12097,2.12072]},"87o":{"weight":1.0,"played":[1.0,0.0,0.0],"evs":[0.0,-1.08607,-1.25862]},"97o":{"weight":1.0,"played":[1.0,0.0,0.0],"evs":[0.0,-1.39709,-1.57633]},"T7o":{"weight":1.0,"played":[1.0,0.0,0.0],"evs":[0.0,-1.62206,-1.79832]},"J7o":{"weight":1.0,"played":[1.0,0.0,0.0],"evs":[0.0,-2.01049,-2.20965]},"Q7o":{"weight":1.0,"played":[1.0,0.0,0.0],"evs":[0.0,-1.96991,-2.13861]},"K7o":{"weight":1.0,"played":[1.0,0.0,0.0],"evs":[0.0,-1.57178,-1.77349]},"A7o":{"weight":1.0,"played":[1.0,0.0,0.0],"evs":[0.0,-2.35732,-2.60909]},"82s":{"weight":1.0,"played":[1.0,0.0,0.0],"evs":[0.0,-1.77609,-1.96836]},"83s":{"weight":1.0,"played":[1.0,0.0,0.0],"evs":[0.0,-1.76033,-1.99144]},"84s":{"weight":1.0,"played":[1.0,0.0,0.0],"evs":[0.0,-1.08836,-1.26933]},"85s":{"weight":1.0,"played":[0.9981,3.0E-4,0.0016],"evs":[0.0,-0.655,-0.78195]},"86s":{"weight":1.0,"played":[0.3618,0.5829,0.0552],"evs":[0.0,0.01192,-0.09174]},"87s":{"weight":1.0,"played":[0.0358,0.912,0.0522],"evs":[0.0,0.39346,0.33743]},"88":{"weight":1.0,"played":[0.0,0.0926,0.9074],"evs":[0.0,2.73727,2.75499]},"98o":{"weight":1.0,"played":[1.0,0.0,0.0],"evs":[0.0,-0.83868,-0.97002]},"T8o":{"weight":1.0,"played":[1.0,0.0,0.0],"evs":[0.0,-1.12803,-1.29103]},"J8o":{"weight":1.0,"played":[1.0,0.0,0.0],"evs":[0.0,-1.64279,-1.82141]},"Q8o":{"weight":1.0,"played":[1.0,0.0,0.0],"evs":[0.0,-1.49145,-1.63619]},"K8o":{"weight":1.0,"played":[1.0,0.0,0.0],"evs":[0.0,-1.46102,-1.64854]},"A8o":{"weight":1.0,"played":[1.0,0.0,0.0],"evs":[0.0,-2.08274,-2.3456]},"92s":{"weight":1.0,"played":[1.0,0.0,0.0],"evs":[0.0,-1.6503,-1.84191]},"93s":{"weight":1.0,"played":[1.0,0.0,0.0],"evs":[0.0,-1.47924,-1.63132]},"94s":{"weight":1.0,"played":[1.0,0.0,0.0],"evs":[0.0,-1.42177,-1.63328]},"95s":{"weight":1.0,"played":[0.9993,6.0E-4,1.0E-4],"evs":[0.0,-0.95637,-0.98877]},"96s":{"weight":1.0,"played":[0.989,7.0E-4,0.0103],"evs":[0.0,-0.56851,-0.69186]},"97s":{"weight":1.0,"played":[0.003,0.666,0.331],"evs":[0.0,0.2068,0.17662]},"98s":{"weight":1.0,"played":[5.0E-4,0.8869,0.1126],"evs":[0.0,0.37874,0.32407]},"99":{"weight":1.0,"played":[0.0,0.2628,0.7372],"evs":[0.0,4.10633,4.13814]},"T9o":{"weight":1.0,"played":[1.0,0.0,0.0],"evs":[0.0,-0.62767,-0.69786]},"J9o":{"weight":1.0,"played":[1.0,0.0,0.0],"evs":[0.0,-1.11692,-1.22172]},"Q9o":{"weight":1.0,"played":[1.0,0.0,0.0],"evs":[0.0,-0.90752,-0.99394]},"K9o":{"weight":1.0,"played":[1.0,0.0,0.0],