{"player":1,"street":0,"children":3,"sequence":[{"player":0,"type":"R","amount":105000,"street":0}],"actions":[{"type":"F","amount":0,"node":130},{"type":"C","amount":105000,"node":186},{"type":"R","amount":225000,"node":249}],"hands":{"22":{"weight":1.0,"played":[0.0,0.9828,0.0172],"evs":[0.0,0.99845,0.99411]},"32o":{"weight":1.0,"played":[1.0,0.0,0.0],"evs":[0.0,-0.28056,-0.34365]},"42o":{"weight":1.0,"played":[1.0,0.0,0.0],"evs":[0.0,-0.20178,-0.26197]},"52o":{"weight":1.0,"played":[1.0,0.0,0.0],"evs":[0.0,-0.13279,-0.18762]},"62o":{"weight":1.0,"played":[1.0,0.0,0.0],"evs":[0.0,-0.2635,-0.31979]},"72o":{"weight":1.0,"played":[1.0,0.0,0.0],"evs":[0.0,-0.36077,-0.41304]},"82o":{"weight":1.0,"played":[1.0,0.0,0.0],"evs":[0.0,-0.26933,-0.31204]},"92o":{"weight":1.0,"played":[1.0,0.0,0.0],"evs":[0.0,-0.2101,-0.23559]},"T2o":{"weight":1.0,"played":[1.0,0.0,0.0],"evs":[0.0,-0.10396,-0.10694]},"J2o":{"weight":1.0,"played":[0.0017,0.183,0.8153],"evs":[0.0,0.01,0.01244]},"Q2o":{"weight":1.0,"played":[0.0,0.1107,0.8893],"evs":[0.0,0.17822,0.17937]},"K2o":{"weight":1.0,"played":[0.0,0.0,1.0],"evs":[0.0,0.4358,0.44706]},"A2o":{"weight":1.0,"played":[0.0,2.0E-4,0.9998],"evs":[0.0,1.04491,1.05747]},"32s":{"weight":1.0,"played":[0.0,1.0,0.0],"evs":[0.0,0.25704,0.20227]},"33":{"weight":1.0,"played":[0.0,0.4392,0.5608],"evs":[0.0,1.22015,1.22048]},"43o":{"weight":1.0,"played":[0.3723,0.6277,0.0],"evs":[0.0,-9.3E-4,-0.05147]},"53o":{"weight":1.0,"played":[0.0,0.9999,1.0E-4],"evs":[0.0,0.08321,0.03562]},"63o":{"weight":1.0,"played":[1.0,0.0,0.0],"evs":[0.0,-0.04172,-0.08942]},"73o":{"weight":1.0,"played":[1.0,0.0,0.0],"evs":[0.0,-0.15477,-0.19703]},"83o":{"weight":1.0,"played":[1.0,0.0,0.0],"evs":[0.0,-0.2392,-0.27556]},"93o":{"weight":1.0,"played":[1.0,0.0,0.0],"evs":[0.0,-0.14524,-0.16319]},"T3o":{"weight":1.0,"played":[1.0,0.0,0.0],"evs":[0.0,-0.04439,-0.04319]},"J3o":{"weight":1.0,"played":[0.0,0.0,1.0],"evs":[0.0,0.0799,0.08693]},"Q3o":{"weight":1.0,"played":[0.0,0.0158,0.9842],"evs":[0.0,0.25692,0.26097]},"K3o":{"weight":1.0,"played":[0.0,0.0,1.0],"evs":[0.0,0.51871,0.53095]},"A3o":{"weight":1.0,"played":[0.0,0.0,1.0],"evs":[0.0,1.14906,1.1589]},"42s":{"weight":1.0,"played":[0.0,1.0,0.0],"evs":[0.0,0.33883,0.28695]},"43s":{"weight":1.0,"played":[0.0,1.0,0.0],"evs":[0.0,0.52564,0.47847]},"44":{"weight":1.0,"played":[0.0,0.9845,0.0155],"evs":[0.0,1.47531,1.46891]},"54o":{"weight":1.0,"played":[0.0,0.9999,1.0E-4],"evs":[0.0,0.27944,0.23875]},"64o":{"weight":1.0,"played":[0.0,1.0,0.0],"evs":[0.0,0.16614,0.12416]},"74o":{"weight":1.0,"played":[0.0,1.0,0.0],"evs":[0.0,0.06229,0.02861]},"84o":{"weight":1.0,"played":[1.0,0.0,0.0],"evs":[0.0,-0.03156,-0.06003]},"94o":{"weight":1.0,"played":[1.0,0.0,0.0],"evs":[0.0,-0.11603,-0.12867]},"T4o":{"weight":1.0,"played":[0.0,3.0E-4,0.9997],"evs":[0.0,0.02177,0.02861]},"J4o":{"weight":1.0,"played":[0.0,1.0E-4,0.9999],"evs":[0.0,0.14661,0.1574]},"Q4o":{"weight":1.0,"played":[0.0,0.0,1.0],"evs":[0.0,0.32815,0.33328]},"K4o":{"weight":1.0,"played":[0.0,0.0,1.0],"evs":[0.0,0.59747,0.60903]},"A4o":{"weight":1.0,"played":[0.0,4.0E-4,0.9996],"evs":[0.0,1.25027,1.25611]},"52s":{"weight":1.0,"played":[0.0,0.9999,1.0E-4],"evs":[0.0,0.39947,0.34995]},"53s":{"weight":1.0,"played":[0.0,1.0,0.0],"evs":[0.0,0.60594,0.56213]},"54s":{"weight":1.0,"played":[0.0,1.0,0.0],"evs":[0.0,0.79459,0.75541]},"55":{"weight":1.0,"played":[0.0,0.9974,0.0026],"evs":[0.0,1.76686,1.7513]},"65o":{"weight":1.0,"played":[0.0,1.0,0.0],"evs":[0.0,0.37274,0.33433]},"75o":{"weight":1.0,"played":[0.0,1.0,0.0],"evs":[0.0,0.28539,0.25524]},"85o":{"weight":1.0,"played":[0.0,1.0,0.0],"evs":[0.0,0.19433,0.16931]},"95o":{"weight":1.0,"played":[0.0,0.9999,1.0E-4],"evs":[0.0,0.10812,0.09983]},"T5o":{"weight":1.0,"played":[0.0,2.0E-4,0.9998],"evs":[0.0,0.07366,0.08185]},"J5o":{"weight":1.0,"played":[0.0,0.0,1.0],"evs":[0.0,0.23219,0.24388]},"Q5o":{"weight":1.0,"played":[0.0,0.0,1.0],"evs":[0.0,0.4167,0.4233]},"K5o":{"weight":1.0,"played":[0.0,0.0,1.0],"evs":[0.0,0.69703,0.7099]},"A5o":{"weight":1.0,"played":[0.0,1.0E-4,0.9999],"evs":[0.0,1.37413,1.38046]},"62s":{"weight":1.0,"played":[0.0,0.9999,1.0E-4],"evs":[0.0,0.28517,0.23549]},"63s":{"weight":1.0,"played":[0.0,1.0,0.0],"evs":[0.0,0.47886,0.43636]},"64s":{"weight":1.0,"played":[0.0,0.9998,2.0E-4],"evs":[0.0,0.69508,0.65613]},"65s":{"weight":1.0,"played":[0.0,1.0,0.0],"evs":[0.0,0.87703,0.8369]},"66":{"weight":1.0,"played":[0.0,1.0,0.0],"evs":[0.0,2.05855,2.03586]},"76o":{"weight":1.0,"played":[0.0,1.0,0.0],"evs":[0.0,0.49321,0.46363]},"86o":{"weight":1.0,"played":[0.0,1.0,0.0],"evs":[0.0,0.42663,0.40183]},"96o":{"weight":1.0,"played":[0.0,0.9978,0.0022],"evs":[0.0,0.34326,0.33601]},"T6o":{"weight":1.0,"played":[0.0,0.0,1.0],"evs":[0.0,0.30963,0.31711]},"J6o":{"weight":1.0,"played":[0.0,1.0E-4,0.9999],"evs":[0.0,0.28778,0.29899]},"Q6o":{"weight":1.0,"played":[0.0,0.0,1.0],"evs":[0.0,0.50715,0.51423]},"K6o":{"weight":1.0,"played":[0.0,0.0,1.0],"evs":[0.0,0.80127,0.81596]},"A6o":{"weight":1.0,"played":[0.0,0.0,1.0],"evs":[0.0,1.34013,1.35104]},"72s":{"weight":1.0,"played":[0.0,0.9999,1.0E-4],"evs":[0.0,0.18539,0.13982]},"73s":{"weight":1.0,"played":[0.0,0.9999,1.0E-4],"evs":[0.0,0.38785,0.34993]},"74s":{"weight":1.0,"played":[0.0,1.0,0.0],"evs":[0.0,0.5895,0.55613]},"75s":{"weight":1.0,"played":[0.0,0.9999,1.0E-4],"evs":[0.0,0.79613,0.76403]},"76s":{"weight":1.0,"played":[0.0,1.0,0.0],"evs":[0.0,0.98846,0.95582]},"77":{"weight":1.0,"played":[0.0,1.0,0.0],"evs":[0.0,2.37583,2.3454]},"87o":{"weight":1.0,"played":[0.0,1.0,0.0],"evs":[0.0,0.61973,0.59589]},"97o":{"weight":1.0,"played":[0.0,1.0,0.0],"evs":[0.0,0.55872,0.54982]},"T7o":{"weight":1.0,"played":[0.0,0.0015,0.9985],"evs":[0.0,0.53479,0.53964]},"J7o":{"weight":1.0,"played":[0.0,0.0,1.0],"evs":[0.0,0.51939,0.52508]},"Q7o":{"weight":1.0,"played":[0.0,0.0,1.0],"evs":[0.0,0.56858,0.57402]},"K7o":{"weight":1.0,"played":[0.0,1.0E-4,0.9999],"evs":[0.0,0.91276,0.92228]},"A7o":{"weight":1.0,"played":[0.0,0.0,1.0],"evs":[0.0,1.53257,1.54007]},"82s":{"weight":1.0,"played":[0.0,1.0,0.0],"evs":[0.0,0.27652,0.23999]},"83s":{"weight":1.0,"played":[0.0,0.9999,1.0E-4],"evs":[0.0,0.2988,0.26588]},"84s":{"weight":1.0,"played":[0.0,1.0,0.0],"evs":[0.0,0.50425,0.47565]},"85s":{"weight":1.0,"played":[0.0,1.0,0.0],"evs":[0.0,0.72653,0.69804]},"86s":{"weight":1.0,"played":[0.0,1.0,0.0],"evs":[0.0,0.94064,0.91323]},"87s":{"weight":1.0,"played":[0.0,1.0,0.0],"evs":[0.0,1.1221,1.08962]},"88":{"weight":1.0,"played":[0.0,1.0,0.0],"evs":[0.0,2.74481,2.7228]},"98o":{"weight":1.0,"played":[0.0,0.9999,1.0E-4],"evs":[0.0,0.76518,0.75146]},"T8o":{"weight":1.0,"played":[0.0,0.9913,0.0087],"evs":[0.0,0.78585,0.78514]},"J8o":{"weight":1.0,"played":[0.0,2.0E-4,0.9998],"evs":[0.0,0.77406,0.77881]},"Q8o":{"weight":1.0,"played":[0.0,0.0,1.0],"evs":[0.0,0.83016,0.83994]},"K8o":{"weight":1.0,"played":[0.0,0.0,1.0],"evs":[0.0,1.03215,1.04884]},"A8o":{"weight":1.0,"played":[0.0,0.0,1.0],"evs":[0.0,1.74733,1.76447]},"92s":{"weight":1.0,"played":[0.0,0.9998,2.0E-4],"evs":[0.0,0.34486,0.32323]},"93s":{"weight":1.0,"played":[0.0,0.9999,1.0E-4],"evs":[0.0,0.39419,0.37813]},"94s":{"weight":1.0,"played":[0.0,1.0,0.0],"evs":[0.0,0.43529,0.42189]},"95s":{"weight":1.0,"played":[0.0,0.9999,1.0E-4],"evs":[0.0,0.63314,0.6205]},"96s":{"weight":1.0,"played":[0.0,0.9996,4.0E-4],"evs":[0.0,0.85795,0.8443]},"97s":{"weight":1.0,"played":[0.0,0.9997,3.0E-4],"evs":[0.0,1.06983,1.05525]},"98s":{"weight":1.0,"played":[0.0,1.0,0.0],"evs":[0.0,1.25582,1.23357]},"99":{"weight":1.0,"played":[0.0,1.0,0.0],"evs":[0.0,3.18663,3.16507]},"T9o":{"weight":1.0,"played":[0.0,0.999,0.001],"evs":[0.0,1.037,1.03449]},"J9o":{"weight":1.0,"played":[0.0,0.9952,0.0048],"evs":[0.0,1.04227,1.03811]},"Q9o":{"weight":1.0,"played":[0.0,0.9992,8.0E-4],"evs":[0.0,1.11519,1.11381]},"K9o":{"weight":1.0,"played":[0.0,1.0E-4,0.9999],"evs":[0.0,1.34605,1.35122]},"A9o":{"weight":1.0,"played":[0.0,0.0,1.0],"evs":[0.0,1.98196,1.99015]},"T2s":{"weight":1.0,