{"player":1,"street":0,"children":3,"sequence":[{"player":0,"type":"F","amount":0,"street":0}],"actions":[{"type":"F","amount":0,"node":2},{"type":"R","amount":200000,"node":66},{"type":"R","amount":1875000,"node":182}],"hands":{"22":{"weight":1.0,"played":[0.0,8.0E-4,0.9992],"evs":[0.0,0.75006,0.76484]},"32o":{"weight":1.0,"played":[1.0,0.0,0.0],"evs":[0.0,-0.54243,-1.75055]},"42o":{"weight":1.0,"played":[1.0,0.0,0.0],"evs":[0.0,-0.50393,-1.60812]},"52o":{"weight":1.0,"played":[1.0,0.0,0.0],"evs":[0.0,-0.45706,-1.45653]},"62o":{"weight":1.0,"played":[1.0,0.0,0.0],"evs":[0.0,-0.51686,-1.65073]},"72o":{"weight":1.0,"played":[1.0,0.0,0.0],"evs":[0.0,-0.53972,-1.79866]},"82o":{"weight":1.0,"played":[1.0,0.0,0.0],"evs":[0.0,-0.49033,-1.65111]},"92o":{"weight":1.0,"played":[1.0,0.0,0.0],"evs":[0.0,-0.47384,-1.57143]},"T2o":{"weight":1.0,"played":[1.0,0.0,0.0],"evs":[0.0,-0.44594,-1.44695]},"J2o":{"weight":1.0,"played":[1.0,0.0,0.0],"evs":[0.0,-0.40814,-1.33625]},"Q2o":{"weight":1.0,"played":[1.0,0.0,0.0],"evs":[0.0,-0.36168,-1.1789]},"K2o":{"weight":1.0,"played":[1.0,0.0,0.0],"evs":[0.0,-0.30114,-0.95064]},"A2o":{"weight":1.0,"played":[0.0765,0.9235,0.0],"evs":[0.0,0.00316,-0.01463]},"32s":{"weight":1.0,"played":[1.0,0.0,0.0],"evs":[0.0,-0.3583,-1.00747]},"33":{"weight":1.0,"played":[0.0,0.3131,0.6869],"evs":[0.0,0.95624,0.95647]},"43o":{"weight":1.0,"played":[1.0,0.0,0.0],"evs":[0.0,-0.41931,-1.31934]},"53o":{"weight":1.0,"played":[1.0,0.0,0.0],"evs":[0.0,-0.37278,-1.16508]},"63o":{"weight":1.0,"played":[1.0,0.0,0.0],"evs":[0.0,-0.42447,-1.35325]},"73o":{"weight":1.0,"played":[1.0,0.0,0.0],"evs":[0.0,-0.46008,-1.51409]},"83o":{"weight":1.0,"played":[1.0,0.0,0.0],"evs":[0.0,-0.46254,-1.6212]},"93o":{"weight":1.0,"played":[1.0,0.0,0.0],"evs":[0.0,-0.43818,-1.4865]},"T3o":{"weight":1.0,"played":[1.0,0.0,0.0],"evs":[0.0,-0.40892,-1.35856]},"J3o":{"weight":1.0,"played":[1.0,0.0,0.0],"evs":[0.0,-0.36679,-1.2494]},"Q3o":{"weight":1.0,"played":[1.0,0.0,0.0],"evs":[0.0,-0.32815,-1.09262]},"K3o":{"weight":1.0,"played":[1.0,0.0,0.0],"evs":[0.0,-0.25648,-0.85859]},"A3o":{"weight":1.0,"played":[0.0,0.1133,0.8867],"evs":[0.0,0.07135,0.07446]},"42s":{"weight":1.0,"played":[1.0,0.0,0.0],"evs":[0.0,-0.31312,-0.85135]},"43s":{"weight":1.0,"played":[1.0,0.0,0.0],"evs":[0.0,-0.24032,-0.5881]},"44":{"weight":1.0,"played":[0.0,1.0E-4,0.9999],"evs":[0.0,1.25781,1.28597]},"54o":{"weight":1.0,"played":[1.0,0.0,0.0],"evs":[0.0,-0.29469,-0.83779]},"64o":{"weight":1.0,"played":[1.0,0.0,0.0],"evs":[0.0,-0.33476,-1.02874]},"74o":{"weight":1.0,"played":[1.0,0.0,0.0],"evs":[0.0,-0.37023,-1.18156]},"84o":{"weight":1.0,"played":[1.0,0.0,0.0],"evs":[0.0,-0.37909,-1.28625]},"94o":{"weight":1.0,"played":[1.0,0.0,0.0],"evs":[0.0,-0.40963,-1.42957]},"T4o":{"weight":1.0,"played":[1.0,0.0,0.0],"evs":[0.0,-0.3686,-1.24151]},"J4o":{"weight":1.0,"played":[1.0,0.0,0.0],"evs":[0.0,-0.32674,-1.1327]},"Q4o":{"weight":1.0,"played":[1.0,0.0,0.0],"evs":[0.0,-0.28905,-0.97756]},"K4o":{"weight":1.0,"played":[1.0,0.0,0.0],"evs":[0.0,-0.21627,-0.75046]},"A4o":{"weight":1.0,"played":[0.0,1.0E-4,0.9999],"evs":[0.0,0.15879,0.19048]},"52s":{"weight":1.0,"played":[1.0,0.0,0.0],"evs":[0.0,-0.27809,-0.72486]},"53s":{"weight":1.0,"played":[1.0,0.0,0.0],"evs":[0.0,-0.18832,-0.45354]},"54s":{"weight":1.0,"played":[1.0,0.0,0.0],"evs":[0.0,-0.06723,-0.14558]},"55":{"weight":1.0,"played":[0.0,0.0,1.0],"evs":[0.0,1.67567,1.71296]},"65o":{"weight":1.0,"played":[1.0,0.0,0.0],"evs":[0.0,-0.24106,-0.68513]},"75o":{"weight":1.0,"played":[1.0,0.0,0.0],"evs":[0.0,-0.26823,-0.83747]},"85o":{"weight":1.0,"played":[1.0,0.0,0.0],"evs":[0.0,-0.27658,-0.94196]},"95o":{"weight":1.0,"played":[1.0,0.0,0.0],"evs":[0.0,-0.31063,-1.07472]},"T5o":{"weight":1.0,"played":[1.0,0.0,0.0],"evs":[0.0,-0.32507,-1.16194]},"J5o":{"weight":1.0,"played":[1.0,0.0,0.0],"evs":[0.0,-0.27562,-1.0013]},"Q5o":{"weight":1.0,"played":[1.0,0.0,0.0],"evs":[0.0,-0.2342,-0.83786]},"K5o":{"weight":1.0,"played":[1.0,0.0,0.0],"evs":[0.0,-0.16311,-0.6139]},"A5o":{"weight":1.0,"played":[0.0,0.0,1.0],"evs":[0.0,0.27986,0.32894]},"62s":{"weight":1.0,"played":[1.0,0.0,0.0],"evs":[0.0,-0.32788,-0.89263]},"63s":{"weight":1.0,"played":[1.0,0.0,0.0],"evs":[0.0,-0.24776,-0.62764]},"64s":{"weight":1.0,"played":[1.0,0.0,0.0],"evs":[0.0,-0.14234,-0.30889]},"65s":{"weight":1.0,"played":[0.8442,0.0275,0.1283],"evs":[0.0,-0.00493,-0.01053]},"66":{"weight":1.0,"played":[0.0,0.0,1.0],"evs":[0.0,2.0895,2.09025]},"76o":{"weight":1.0,"played":[1.0,0.0,0.0],"evs":[0.0,-0.20929,-0.54913]},"86o":{"weight":1.0,"played":[1.0,0.0,0.0],"evs":[0.0,-0.21589,-0.64407]},"96o":{"weight":1.0,"played":[1.0,0.0,0.0],"evs":[0.0,-0.25093,-0.77721]},"T6o":{"weight":1.0,"played":[1.0,0.0,0.0],"evs":[0.0,-0.2729,-0.87091]},"J6o":{"weight":1.0,"played":[1.0,0.0,0.0],"evs":[0.0,-0.27599,-0.95638]},"Q6o":{"weight":1.0,"played":[1.0,0.0,0.0],"evs":[0.0,-0.22977,-0.75578]},"K6o":{"weight":1.0,"played":[1.0,0.0,0.0],"evs":[0.0,-0.1475,-0.51816]},"A6o":{"weight":1.0,"played":[0.0,0.5189,0.4811],"evs":[0.0,0.24991,0.24927]},"72s":{"weight":1.0,"played":[1.0,0.0,0.0],"evs":[0.0,-0.35422,-1.06099]},"73s":{"weight":1.0,"played":[1.0,0.0,0.0],"evs":[0.0,-0.27457,-0.76329]},"74s":{"weight":1.0,"played":[1.0,0.0,0.0],"evs":[0.0,-0.18439,-0.4552]},"75s":{"weight":1.0,"played":[0.9999,1.0E-4,0.0],"evs":[0.0,-0.05492,-0.1591]},"76s":{"weight":1.0,"played":[0.0,1.0E-4,0.9999],"evs":[0.0,0.11623,0.14137]},"77":{"weight":1.0,"played":[0.0,0.0058,0.9942],"evs":[0.0,2.49566,2.49512]},"87o":{"weight":1.0,"played":[1.0,0.0,0.0],"evs":[0.0,-0.14401,-0.43259]},"97o":{"weight":1.0,"played":[1.0,0.0,0.0],"evs":[0.0,-0.17561,-0.53036]},"T7o":{"weight":1.0,"played":[1.0,0.0,0.0],"evs":[0.0,-0.1999,-0.60675]},"J7o":{"weight":1.0,"played":[1.0,0.0,0.0],"evs":[0.0,-0.20639,-0.715]},"Q7o":{"weight":1.0,"played":[1.0,0.0,0.0],"evs":[0.0,-0.21653,-0.75024]},"K7o":{"weight":1.0,"played":[1.0,0.0,0.0],"evs":[0.0,-0.12259,-0.47634]},"A7o":{"weight":1.0,"played":[0.0,0.2141,0.7859],"evs":[0.0,0.46641,0.46784]},"82s":{"weight":1.0,"played":[1.0,0.0,0.0],"evs":[0.0,-0.3053,-0.90768]},"83s":{"weight":1.0,"played":[1.0,0.0,0.0],"evs":[0.0,-0.27278,-0.87152]},"84s":{"weight":1.0,"played":[1.0,0.0,0.0],"evs":[0.0,-0.20824,-0.57763]},"85s":{"weight":1.0,"played":[1.0,0.0,0.0],"evs":[0.0,-0.0836,-0.25091]},"86s":{"weight":1.0,"played":[0.0032,0.057,0.9398],"evs":[0.0,0.0223,0.03114]},"87s":{"weight":1.0,"played":[0.0,0.363,0.637],"evs":[0.0,0.22445,0.22404]},"88":{"weight":1.0,"played":[0.0,0.0,1.0],"evs":[0.0,2.96166,2.99891]},"98o":{"weight":1.0,"played":[1.0,0.0,0.0],"evs":[0.0,-0.08573,-0.26612]},"T8o":{"weight":1.0,"played":[1.0,0.0,0.0],"evs":[0.0,-0.10022,-0.31175]},"J8o":{"weight":1.0,"played":[1.0,0.0,0.0],"evs":[0.0,-0.10737,-0.42556]},"Q8o":{"weight":1.0,"played":[1.0,0.0,0.0],"evs":[0.0,-0.11473,-0.4823]},"K8o":{"weight":1.0,"played":[1.0,0.0,0.0],"evs":[0.0,-0.07238,-0.42626]},"A8o":{"weight":1.0,"played":[0.0,0.0893,0.9107],"evs":[0.0,0.81066,0.81354]},"92s":{"weight":1.0,"played":[1.0,0.0,0.0],"evs":[0.0,-0.28799,-0.82253]},"93s":{"weight":1.0,"played":[1.0,0.0,0.0],"evs":[0.0,-0.24852,-0.74527]},"94s":{"weight":1.0,"played":[1.0,0.0,0.0],"evs":[0.0,-0.23017,-0.68489]},"95s":{"weight":1.0,"played":[1.0,0.0,0.0],"evs":[0.0,-0.13565,-0.37161]},"96s":{"weight":1.0,"played":[0.9999,1.0E-4,0.0],"evs":[0.0,-0.04063,-0.09422]},"97s":{"weight":1.0,"played":[0.0,0.0265,0.9735],"evs":[0.0,0.14114,0.1498]},"98s":{"weight":1.0,"played":[0.0,3.0E-4,0.9997],"evs":[0.0,0.36488,0.38374]},"99":{"weight":1.0,"played":[0.0,0.0,1.0],"evs":[0.0,3.48731,3.52986]},"T9o":{"weight":1.0,"played":[0.7899,0.2101,0.0],"evs":[0.0,-0.00146,-0.03882]},"J9o":{"weight":1.0,"played":[1.0,0.0,0.0],"evs":[0.0,-0.02184,-0.14565]},"Q9o":{"weight":1.0,"played":[1.0,0.0,0.0],"evs":[0.0,-0.02856,-0.1938]},"K9o":{"weight":1.0,"played":[0.4595,0.5405,0.0],"evs":[0.0,0.00185,-0.15007]},"A9o":{"weight":1.0,"played":[0.0,0.0,1.0],"evs":[0.0,1.25431,1.2622]},"T2s":{"weight":1.0,