{"player":1,"street":0,"children":3,"sequence":[{"player":0,"type":"R","amount":200000,"street":0}],"actions":[{"type":"F","amount":0,"node":198},{"type":"C","amount":200000,"node":314},{"type":"R","amount":2195000,"node":537}],"hands":{"22":{"weight":1.0,"played":[1.0,0.0,0.0],"evs":[0.0,-0.07272,-0.11564]},"32o":{"weight":1.0,"played":[1.0,0.0,0.0],"evs":[0.0,-0.78725,-2.39432]},"42o":{"weight":1.0,"played":[1.0,0.0,0.0],"evs":[0.0,-0.74859,-2.29273]},"52o":{"weight":1.0,"played":[1.0,0.0,0.0],"evs":[0.0,-0.72458,-2.15517]},"62o":{"weight":1.0,"played":[1.0,0.0,0.0],"evs":[0.0,-0.79578,-2.34339]},"72o":{"weight":1.0,"played":[1.0,0.0,0.0],"evs":[0.0,-0.89228,-2.58759]},"82o":{"weight":1.0,"played":[1.0,0.0,0.0],"evs":[0.0,-0.85945,-2.39072]},"92o":{"weight":1.0,"played":[1.0,0.0,0.0],"evs":[0.0,-0.84246,-2.23897]},"T2o":{"weight":1.0,"played":[1.0,0.0,0.0],"evs":[0.0,-0.84089,-2.20739]},"J2o":{"weight":1.0,"played":[1.0,0.0,0.0],"evs":[0.0,-0.80787,-2.02908]},"Q2o":{"weight":1.0,"played":[1.0,0.0,0.0],"evs":[0.0,-0.71722,-1.78187]},"K2o":{"weight":1.0,"played":[1.0,0.0,0.0],"evs":[0.0,-0.64099,-1.48609]},"A2o":{"weight":1.0,"played":[1.0,0.0,0.0],"evs":[0.0,-0.52262,-0.93442]},"32s":{"weight":1.0,"played":[1.0,0.0,0.0],"evs":[0.0,-0.47602,-1.55879]},"33":{"weight":1.0,"played":[0.0197,0.9647,0.0156],"evs":[0.0,0.00984,-0.00848]},"43o":{"weight":1.0,"played":[1.0,0.0,0.0],"evs":[0.0,-0.63043,-1.97301]},"53o":{"weight":1.0,"played":[1.0,0.0,0.0],"evs":[0.0,-0.59739,-1.83456]},"63o":{"weight":1.0,"played":[1.0,0.0,0.0],"evs":[0.0,-0.66431,-2.02485]},"73o":{"weight":1.0,"played":[1.0,0.0,0.0],"evs":[0.0,-0.79228,-2.27158]},"83o":{"weight":1.0,"played":[1.0,0.0,0.0],"evs":[0.0,-0.84905,-2.40045]},"93o":{"weight":1.0,"played":[1.0,0.0,0.0],"evs":[0.0,-0.81149,-2.16036]},"T3o":{"weight":1.0,"played":[1.0,0.0,0.0],"evs":[0.0,-0.81619,-2.14025]},"J3o":{"weight":1.0,"played":[1.0,0.0,0.0],"evs":[0.0,-0.7741,-1.93949]},"Q3o":{"weight":1.0,"played":[1.0,0.0,0.0],"evs":[0.0,-0.68534,-1.7034]},"K3o":{"weight":1.0,"played":[1.0,0.0,0.0],"evs":[0.0,-0.6102,-1.41928]},"A3o":{"weight":1.0,"played":[1.0,0.0,0.0],"evs":[0.0,-0.46816,-0.84773]},"42s":{"weight":1.0,"played":[1.0,0.0,0.0],"evs":[0.0,-0.42584,-1.44839]},"43s":{"weight":1.0,"played":[1.0,0.0,0.0],"evs":[0.0,-0.31685,-1.17847]},"44":{"weight":1.0,"played":[0.0,0.9463,0.0537],"evs":[0.0,0.15468,0.12493]},"54o":{"weight":1.0,"played":[1.0,0.0,0.0],"evs":[0.0,-0.47453,-1.51461]},"64o":{"weight":1.0,"played":[1.0,0.0,0.0],"evs":[0.0,-0.52368,-1.71044]},"74o":{"weight":1.0,"played":[1.0,0.0,0.0],"evs":[0.0,-0.65251,-1.91884]},"84o":{"weight":1.0,"played":[1.0,0.0,0.0],"evs":[0.0,-0.73679,-2.06941]},"94o":{"weight":1.0,"played":[1.0,0.0,0.0],"evs":[0.0,-0.77708,-2.12487]},"T4o":{"weight":1.0,"played":[1.0,0.0,0.0],"evs":[0.0,-0.76729,-2.03153]},"J4o":{"weight":1.0,"played":[1.0,0.0,0.0],"evs":[0.0,-0.7331,-1.84301]},"Q4o":{"weight":1.0,"played":[1.0,0.0,0.0],"evs":[0.0,-0.64682,-1.61486]},"K4o":{"weight":1.0,"played":[1.0,0.0,0.0],"evs":[0.0,-0.57321,-1.30717]},"A4o":{"weight":1.0,"played":[1.0,0.0,0.0],"evs":[0.0,-0.41005,-0.7703]},"52s":{"weight":1.0,"played":[1.0,0.0,0.0],"evs":[0.0,-0.39162,-1.33202]},"53s":{"weight":1.0,"played":[1.0,0.0,0.0],"evs":[0.0,-0.27363,-1.06536]},"54s":{"weight":1.0,"played":[1.0,0.0,0.0],"evs":[0.0,-0.14556,-0.7545]},"55":{"weight":1.0,"played":[0.0,0.9904,0.0096],"evs":[0.0,0.39306,0.36667]},"65o":{"weight":1.0,"played":[1.0,0.0,0.0],"evs":[0.0,-0.39906,-1.38481]},"75o":{"weight":1.0,"played":[1.0,0.0,0.0],"evs":[0.0,-0.5144,-1.60455]},"85o":{"weight":1.0,"played":[1.0,0.0,0.0],"evs":[0.0,-0.61603,-1.72203]},"95o":{"weight":1.0,"played":[1.0,0.0,0.0],"evs":[0.0,-0.68175,-1.81517]},"T5o":{"weight":1.0,"played":[1.0,0.0,0.0],"evs":[0.0,-0.76377,-2.00166]},"J5o":{"weight":1.0,"played":[1.0,0.0,0.0],"evs":[0.0,-0.71577,-1.7526]},"Q5o":{"weight":1.0,"played":[1.0,0.0,0.0],"evs":[0.0,-0.63367,-1.52694]},"K5o":{"weight":1.0,"played":[1.0,0.0,0.0],"evs":[0.0,-0.54057,-1.20647]},"A5o":{"weight":1.0,"played":[1.0,0.0,0.0],"evs":[0.0,-0.33526,-0.64049]},"62s":{"weight":1.0,"played":[1.0,0.0,0.0],"evs":[0.0,-0.47133,-1.52047]},"63s":{"weight":1.0,"played":[1.0,0.0,0.0],"evs":[0.0,-0.33087,-1.201]},"64s":{"weight":1.0,"played":[1.0,0.0,0.0],"evs":[0.0,-0.19311,-0.91773]},"65s":{"weight":1.0,"played":[1.0,0.0,0.0],"evs":[0.0,-0.07436,-0.63616]},"66":{"weight":1.0,"played":[0.0,0.3348,0.6652],"evs":[0.0,0.73434,0.73152]},"76o":{"weight":1.0,"played":[1.0,0.0,0.0],"evs":[0.0,-0.37809,-1.27619]},"86o":{"weight":1.0,"played":[1.0,0.0,0.0],"evs":[0.0,-0.46152,-1.38626]},"96o":{"weight":1.0,"played":[1.0,0.0,0.0],"evs":[0.0,-0.52428,-1.46236]},"T6o":{"weight":1.0,"played":[1.0,0.0,0.0],"evs":[0.0,-0.62919,-1.64757]},"J6o":{"weight":1.0,"played":[1.0,0.0,0.0],"evs":[0.0,-0.67478,-1.67858]},"Q6o":{"weight":1.0,"played":[1.0,0.0,0.0],"evs":[0.0,-0.58174,-1.39299]},"K6o":{"weight":1.0,"played":[1.0,0.0,0.0],"evs":[0.0,-0.47293,-1.07749]},"A6o":{"weight":1.0,"played":[1.0,0.0,0.0],"evs":[0.0,-0.40122,-0.8355]},"72s":{"weight":1.0,"played":[1.0,0.0,0.0],"evs":[0.0,-0.57135,-1.74379]},"73s":{"weight":1.0,"played":[1.0,0.0,0.0],"evs":[0.0,-0.45731,-1.42913]},"74s":{"weight":1.0,"played":[1.0,0.0,0.0],"evs":[0.0,-0.31508,-1.12036]},"75s":{"weight":1.0,"played":[1.0,0.0,0.0],"evs":[0.0,-0.17369,-0.81709]},"76s":{"weight":1.0,"played":[0.9841,0.0159,0.0],"evs":[0.0,-0.03451,-0.49799]},"77":{"weight":1.0,"played":[0.0,0.9413,0.0587],"evs":[0.0,1.13232,1.11838]},"87o":{"weight":1.0,"played":[1.0,0.0,0.0],"evs":[0.0,-0.40019,-1.1614]},"97o":{"weight":1.0,"played":[1.0,0.0,0.0],"evs":[0.0,-0.4295,-1.21692]},"T7o":{"weight":1.0,"played":[1.0,0.0,0.0],"evs":[0.0,-0.51965,-1.37955]},"J7o":{"weight":1.0,"played":[1.0,0.0,0.0],"evs":[0.0,-0.5815,-1.41935]},"Q7o":{"weight":1.0,"played":[1.0,0.0,0.0],"evs":[0.0,-0.58723,-1.4043]},"K7o":{"weight":1.0,"played":[1.0,0.0,0.0],"evs":[0.0,-0.49426,-1.05759]},"A7o":{"weight":1.0,"played":[1.0,0.0,0.0],"evs":[0.0,-0.35213,-0.71818]},"82s":{"weight":1.0,"played":[1.0,0.0,0.0],"evs":[0.0,-0.53721,-1.58489]},"83s":{"weight":1.0,"played":[1.0,0.0,0.0],"evs":[0.0,-0.52626,-1.55071]},"84s":{"weight":1.0,"played":[1.0,0.0,0.0],"evs":[0.0,-0.40853,-1.23707]},"85s":{"weight":1.0,"played":[1.0,0.0,0.0],"evs":[0.0,-0.27124,-0.93941]},"86s":{"weight":1.0,"played":[1.0,0.0,0.0],"evs":[0.0,-0.10166,-0.61497]},"87s":{"weight":1.0,"played":[0.5719,0.4281,0.0],"evs":[0.0,-0.00387,-0.37388]},"88":{"weight":1.0,"played":[0.0,0.1534,0.8466],"evs":[0.0,1.73739,1.74778]},"98o":{"weight":1.0,"played":[1.0,0.0,0.0],"evs":[0.0,-0.37049,-0.95235]},"T8o":{"weight":1.0,"played":[1.0,0.0,0.0],"evs":[0.0,-0.41669,-1.03399]},"J8o":{"weight":1.0,"played":[1.0,0.0,0.0],"evs":[0.0,-0.4718,-1.09848]},"Q8o":{"weight":1.0,"played":[1.0,0.0,0.0],"evs":[0.0,-0.49675,-1.10431]},"K8o":{"weight":1.0,"played":[1.0,0.0,0.0],"evs":[0.0,-0.45953,-1.00144]},"A8o":{"weight":1.0,"played":[1.0,0.0,0.0],"evs":[0.0,-0.25062,-0.59674]},"92s":{"weight":1.0,"played":[1.0,0.0,0.0],"evs":[0.0,-0.50068,-1.42015]},"93s":{"weight":1.0,"played":[1.0,0.0,0.0],"evs":[0.0,-0.47559,-1.33088]},"94s":{"weight":1.0,"played":[1.0,0.0,0.0],"evs":[0.0,-0.45722,-1.30601]},"95s":{"weight":1.0,"played":[1.0,0.0,0.0],"evs":[0.0,-0.34879,-1.00337]},"96s":{"weight":1.0,"played":[1.0,0.0,0.0],"evs":[0.0,-0.17327,-0.67601]},"97s":{"weight":1.0,"played":[1.0,0.0,0.0],"evs":[0.0,-0.07222,-0.44102]},"98s":{"weight":1.0,"played":[0.0094,0.9906,0.0],"evs":[0.0,0.07238,-0.16939]},"99":{"weight":1.0,"played":[0.0,0.0,1.0],"evs":[0.0,2.39069,2.542]},"T9o":{"weight":1.0,"played":[1.0,0.0,0.0],"evs":[0.0,-0.28981,-0.66576]},"J9o":{"weight":1.0,"played":[1.0,0.0,0.0],"evs":[0.0,-0.34316,-0.74796]},"Q9o":{"weight":1.0,"played":[1.0,0.0,0.0],"evs":[0.0,-0.3573,-0.7408]},"K9o":{"weight":1.0,"played":[1.0,0.0,0.0],"evs":[0.0,-0.34455,-0.6593]},"A9o":{"weight":1.0,"played":[1.0,0.0,0.0],"evs":[0.0,-0.09667,-0.42184]},"T2s":{"weight":1.0,"played":[1.0,0.0,0.0],