{"player":2,"street":0,"children":3,"sequence":[{"player":0,"type":"F","amount":0,"street":0},{"player":1,"type":"R","amount":800000,"street":0}],"actions":[{"type":"F","amount":0,"node":17},{"type":"C","amount":800000},{"type":"R","amount":2540000,"node":37}],"hands":{"22":{"weight":1.0,"played":[1.0,0.0,0.0],"evs":[0.0,-0.35399,-0.42259]},"32o":{"weight":1.0,"played":[1.0,0.0,0.0],"evs":[0.0,-1.14331,-2.57856]},"42o":{"weight":1.0,"played":[1.0,0.0,0.0],"evs":[0.0,-1.11343,-2.48764]},"52o":{"weight":1.0,"played":[1.0,0.0,0.0],"evs":[0.0,-1.0795,-2.40068]},"62o":{"weight":1.0,"played":[1.0,0.0,0.0],"evs":[0.0,-1.12313,-2.52735]},"72o":{"weight":1.0,"played":[1.0,0.0,0.0],"evs":[0.0,-1.14432,-2.63494]},"82o":{"weight":1.0,"played":[1.0,0.0,0.0],"evs":[0.0,-1.14652,-2.55018]},"92o":{"weight":1.0,"played":[1.0,0.0,0.0],"evs":[0.0,-1.124,-2.42476]},"T2o":{"weight":1.0,"played":[1.0,0.0,0.0],"evs":[0.0,-1.08545,-2.23818]},"J2o":{"weight":1.0,"played":[1.0,0.0,0.0],"evs":[0.0,-1.04031,-1.98915]},"Q2o":{"weight":1.0,"played":[1.0,0.0,0.0],"evs":[0.0,-0.9774,-1.6687]},"K2o":{"weight":1.0,"played":[1.0,0.0,0.0],"evs":[0.0,-0.85851,-1.25541]},"A2o":{"weight":1.0,"played":[1.0,0.0,0.0],"evs":[0.0,-0.3332,-0.37863]},"32s":{"weight":1.0,"played":[1.0,0.0,0.0],"evs":[0.0,-0.97047,-2.05314]},"33":{"weight":1.0,"played":[1.0,0.0,0.0],"evs":[0.0,-0.17978,-0.20008]},"43o":{"weight":1.0,"played":[1.0,0.0,0.0],"evs":[0.0,-1.04249,-2.27612]},"53o":{"weight":1.0,"played":[1.0,0.0,0.0],"evs":[0.0,-0.99768,-2.17586]},"63o":{"weight":1.0,"played":[1.0,0.0,0.0],"evs":[0.0,-1.04272,-2.30363]},"73o":{"weight":1.0,"played":[1.0,0.0,0.0],"evs":[0.0,-1.07958,-2.4074]},"83o":{"weight":1.0,"played":[1.0,0.0,0.0],"evs":[0.0,-1.12531,-2.51606]},"93o":{"weight":1.0,"played":[1.0,0.0,0.0],"evs":[0.0,-1.09919,-2.35186]},"T3o":{"weight":1.0,"played":[1.0,0.0,0.0],"evs":[0.0,-1.06241,-2.16274]},"J3o":{"weight":1.0,"played":[1.0,0.0,0.0],"evs":[0.0,-1.0095,-1.90729]},"Q3o":{"weight":1.0,"played":[1.0,0.0,0.0],"evs":[0.0,-0.94297,-1.58736]},"K3o":{"weight":1.0,"played":[1.0,0.0,0.0],"evs":[0.0,-0.81192,-1.17954]},"A3o":{"weight":1.0,"played":[1.0,0.0,0.0],"evs":[0.0,-0.26464,-0.29542]},"42s":{"weight":1.0,"played":[1.0,0.0,0.0],"evs":[0.0,-0.91882,-1.96559]},"43s":{"weight":1.0,"played":[1.0,0.0,0.0],"evs":[0.0,-0.80157,-1.76573]},"44":{"weight":1.0,"played":[0.0,0.0043,0.9957],"evs":[0.0,0.0506,0.06864]},"54o":{"weight":1.0,"played":[1.0,0.0,0.0],"evs":[0.0,-0.90509,-1.95863]},"64o":{"weight":1.0,"played":[1.0,0.0,0.0],"evs":[0.0,-0.95406,-2.06955]},"74o":{"weight":1.0,"played":[1.0,0.0,0.0],"evs":[0.0,-1.00445,-2.1745]},"84o":{"weight":1.0,"played":[1.0,0.0,0.0],"evs":[0.0,-1.06277,-2.28631]},"94o":{"weight":1.0,"played":[1.0,0.0,0.0],"evs":[0.0,-1.07946,-2.30747]},"T4o":{"weight":1.0,"played":[1.0,0.0,0.0],"evs":[0.0,-1.03461,-2.07597]},"J4o":{"weight":1.0,"played":[1.0,0.0,0.0],"evs":[0.0,-0.98262,-1.81929]},"Q4o":{"weight":1.0,"played":[1.0,0.0,0.0],"evs":[0.0,-0.90552,-1.49185]},"K4o":{"weight":1.0,"played":[1.0,0.0,0.0],"evs":[0.0,-0.75466,-1.08922]},"A4o":{"weight":1.0,"played":[1.0,0.0,0.0],"evs":[0.0,-0.1819,-0.19324]},"52s":{"weight":1.0,"played":[1.0,0.0,0.0],"evs":[0.0,-0.87819,-1.88053]},"53s":{"weight":1.0,"played":[1.0,0.0,0.0],"evs":[0.0,-0.74083,-1.6724]},"54s":{"weight":1.0,"played":[1.0,0.0,0.0],"evs":[0.0,-0.60481,-1.45984]},"55":{"weight":1.0,"played":[0.0,1.0E-4,0.9999],"evs":[0.0,0.33785,0.38314]},"65o":{"weight":1.0,"played":[1.0,0.0,0.0],"evs":[0.0,-0.84426,-1.84865]},"75o":{"weight":1.0,"played":[1.0,0.0,0.0],"evs":[0.0,-0.89636,-1.94215]},"85o":{"weight":1.0,"played":[1.0,0.0,0.0],"evs":[0.0,-0.96451,-2.04411]},"95o":{"weight":1.0,"played":[1.0,0.0,0.0],"evs":[0.0,-1.00466,-2.0643]},"T5o":{"weight":1.0,"played":[1.0,0.0,0.0],"evs":[0.0,-1.00111,-2.00899]},"J5o":{"weight":1.0,"played":[1.0,0.0,0.0],"evs":[0.0,-0.94459,-1.71383]},"Q5o":{"weight":1.0,"played":[1.0,0.0,0.0],"evs":[0.0,-0.85827,-1.3855]},"K5o":{"weight":1.0,"played":[1.0,0.0,0.0],"evs":[0.0,-0.69368,-0.97228]},"A5o":{"weight":1.0,"played":[1.0,0.0,0.0],"evs":[0.0,-0.0655,-0.05183]},"62s":{"weight":1.0,"played":[1.0,0.0,0.0],"evs":[0.0,-0.92929,-1.99266]},"63s":{"weight":1.0,"played":[1.0,0.0,0.0],"evs":[0.0,-0.80767,-1.78825]},"64s":{"weight":1.0,"played":[1.0,0.0,0.0],"evs":[0.0,-0.67084,-1.57719]},"65s":{"weight":1.0,"played":[1.0,0.0,0.0],"evs":[0.0,-0.51994,-1.35083]},"66":{"weight":1.0,"played":[0.0,0.0,1.0],"evs":[0.0,0.64356,0.70478]},"76o":{"weight":1.0,"played":[1.0,0.0,0.0],"evs":[0.0,-0.77429,-1.71956]},"86o":{"weight":1.0,"played":[1.0,0.0,0.0],"evs":[0.0,-0.85681,-1.81384]},"96o":{"weight":1.0,"played":[1.0,0.0,0.0],"evs":[0.0,-0.90074,-1.82655]},"T6o":{"weight":1.0,"played":[1.0,0.0,0.0],"evs":[0.0,-0.94217,-1.77884]},"J6o":{"weight":1.0,"played":[1.0,0.0,0.0],"evs":[0.0,-0.92079,-1.65533]},"Q6o":{"weight":1.0,"played":[1.0,0.0,0.0],"evs":[0.0,-0.82552,-1.28891]},"K6o":{"weight":1.0,"played":[1.0,0.0,0.0],"evs":[0.0,-0.63193,-0.87385]},"A6o":{"weight":1.0,"played":[1.0,0.0,0.0],"evs":[0.0,-0.07835,-0.06377]},"72s":{"weight":1.0,"played":[1.0,0.0,0.0],"evs":[0.0,-0.97751,-2.09559]},"73s":{"weight":1.0,"played":[1.0,0.0,0.0],"evs":[0.0,-0.87768,-1.87951]},"74s":{"weight":1.0,"played":[1.0,0.0,0.0],"evs":[0.0,-0.74728,-1.6696]},"75s":{"weight":1.0,"played":[1.0,0.0,0.0],"evs":[0.0,-0.59913,-1.44211]},"76s":{"weight":1.0,"played":[1.0,0.0,0.0],"evs":[0.0,-0.45424,-1.23304]},"77":{"weight":1.0,"played":[0.0,0.0,1.0],"evs":[0.0,0.92301,1.01993]},"87o":{"weight":1.0,"played":[1.0,0.0,0.0],"evs":[0.0,-0.75447,-1.63239]},"97o":{"weight":1.0,"played":[1.0,0.0,0.0],"evs":[0.0,-0.79636,-1.64513]},"T7o":{"weight":1.0,"played":[1.0,0.0,0.0],"evs":[0.0,-0.83595,-1.58606]},"J7o":{"weight":1.0,"played":[1.0,0.0,0.0],"evs":[0.0,-0.84846,-1.45969]},"Q7o":{"weight":1.0,"played":[1.0,0.0,0.0],"evs":[0.0,-0.81923,-1.26419]},"K7o":{"weight":1.0,"played":[1.0,0.0,0.0],"evs":[0.0,-0.59189,-0.77511]},"A7o":{"weight":1.0,"played":[0.0,0.0,1.0],"evs":[0.0,0.0991,0.1336]},"82s":{"weight":1.0,"played":[1.0,0.0,0.0],"evs":[0.0,-0.96512,-2.01371]},"83s":{"weight":1.0,"played":[1.0,0.0,0.0],"evs":[0.0,-0.94477,-1.98637]},"84s":{"weight":1.0,"played":[1.0,0.0,0.0],"evs":[0.0,-0.8255,-1.75906]},"85s":{"weight":1.0,"played":[1.0,0.0,0.0],"evs":[0.0,-0.68355,-1.53686]},"86s":{"weight":1.0,"played":[1.0,0.0,0.0],"evs":[0.0,-0.53196,-1.31811]},"87s":{"weight":1.0,"played":[1.0,0.0,0.0],"evs":[0.0,-0.42029,-1.14219]},"88":{"weight":1.0,"played":[0.0,0.0,1.0],"evs":[0.0,1.30029,1.43051]},"98o":{"weight":1.0,"played":[1.0,0.0,0.0],"evs":[0.0,-0.698,-1.45659]},"T8o":{"weight":1.0,"played":[1.0,0.0,0.0],"evs":[0.0,-0.71965,-1.35802]},"J8o":{"weight":1.0,"played":[1.0,0.0,0.0],"evs":[0.0,-0.73489,-1.21022]},"Q8o":{"weight":1.0,"played":[1.0,0.0,0.0],"evs":[0.0,-0.70082,-0.97608]},"K8o":{"weight":1.0,"played":[1.0,0.0,0.0],"evs":[0.0,-0.50267,-0.60718]},"A8o":{"weight":1.0,"played":[0.0,0.0,1.0],"evs":[0.0,0.35234,0.39727]},"92s":{"weight":1.0,"played":[1.0,0.0,0.0],"evs":[0.0,-0.93128,-1.88956]},"93s":{"weight":1.0,"played":[1.0,0.0,0.0],"evs":[0.0,-0.89472,-1.82243]},"94s":{"weight":1.0,"played":[1.0,0.0,0.0],"evs":[0.0,-0.86548,-1.77753]},"95s":{"weight":1.0,"played":[1.0,0.0,0.0],"evs":[0.0,-0.72872,-1.54789]},"96s":{"weight":1.0,"played":[1.0,0.0,0.0],"evs":[0.0,-0.57024,-1.32684]},"97s":{"weight":1.0,"played":[1.0,0.0,0.0],"evs":[0.0,-0.46223,-1.15721]},"98s":{"weight":1.0,"played":[1.0,0.0,0.0],"evs":[0.0,-0.37388,-0.99793]},"99":{"weight":1.0,"played":[0.0,0.0,1.0],"evs":[0.0,1.75077,1.92438]},"T9o":{"weight":1.0,"played":[1.0,0.0,0.0],"evs":[0.0,-0.55671,-1.055]},"J9o":{"weight":1.0,"played":[1.0,0.0,0.0],"evs":[0.0,-0.56927,-0.90947]},"Q9o":{"weight":1.0,"played":[1.0,0.0,0.0],"evs":[0.0,-0.52494,-0.66644]},"K9o":{"weight":1.0,"played":[1.0,0.0,0.0],"evs":[0.0,-0.28886,-0.29691]},"A9o":{"weight":1.0,"played":[0.0,0.0,1.0],"evs":[0.0,0.60352,0.64323]},"T2s":{"weight":1.0,"played":[1.0,0.0,0.0],