{"player":2,"street":0,"children":3,"sequence":[{"player":0,"type":"R","amount":800000,"street":0},{"player":1,"type":"F","amount":0,"street":0}],"actions":[{"type":"F","amount":0,"node":46},{"type":"C","amount":800000,"node":56},{"type":"R","amount":2540000,"node":76}],"hands":{"22":{"weight":1.0,"played":[1.0,0.0,0.0],"evs":[0.0,-0.6478,-0.97643]},"32o":{"weight":1.0,"played":[1.0,0.0,0.0],"evs":[0.0,-1.14329,-2.88497]},"42o":{"weight":1.0,"played":[1.0,0.0,0.0],"evs":[0.0,-1.13005,-2.8276]},"52o":{"weight":1.0,"played":[1.0,0.0,0.0],"evs":[0.0,-1.10702,-2.74306]},"62o":{"weight":1.0,"played":[1.0,0.0,0.0],"evs":[0.0,-1.14179,-2.86697]},"72o":{"weight":1.0,"played":[1.0,0.0,0.0],"evs":[0.0,-1.1719,-2.97982]},"82o":{"weight":1.0,"played":[1.0,0.0,0.0],"evs":[0.0,-1.15936,-2.92155]},"92o":{"weight":1.0,"played":[1.0,0.0,0.0],"evs":[0.0,-1.17767,-2.95238]},"T2o":{"weight":1.0,"played":[1.0,0.0,0.0],"evs":[0.0,-1.13556,-2.84107]},"J2o":{"weight":1.0,"played":[1.0,0.0,0.0],"evs":[0.0,-1.11648,-2.73239]},"Q2o":{"weight":1.0,"played":[1.0,0.0,0.0],"evs":[0.0,-1.01372,-2.47289]},"K2o":{"weight":1.0,"played":[1.0,0.0,0.0],"evs":[0.0,-0.97049,-2.13833]},"A2o":{"weight":1.0,"played":[1.0,0.0,0.0],"evs":[0.0,-0.73247,-1.2321]},"32s":{"weight":1.0,"played":[1.0,0.0,0.0],"evs":[0.0,-0.95782,-2.34922]},"33":{"weight":1.0,"played":[1.0,0.0,0.0],"evs":[0.0,-0.54233,-0.88235]},"43o":{"weight":1.0,"played":[1.0,0.0,0.0],"evs":[0.0,-1.06146,-2.63964]},"53o":{"weight":1.0,"played":[1.0,0.0,0.0],"evs":[0.0,-1.03916,-2.55659]},"63o":{"weight":1.0,"played":[1.0,0.0,0.0],"evs":[0.0,-1.0694,-2.68521]},"73o":{"weight":1.0,"played":[1.0,0.0,0.0],"evs":[0.0,-1.10781,-2.79161]},"83o":{"weight":1.0,"played":[1.0,0.0,0.0],"evs":[0.0,-1.16272,-2.92906]},"93o":{"weight":1.0,"played":[1.0,0.0,0.0],"evs":[0.0,-1.1739,-2.91876]},"T3o":{"weight":1.0,"played":[1.0,0.0,0.0],"evs":[0.0,-1.13952,-2.80666]},"J3o":{"weight":1.0,"played":[1.0,0.0,0.0],"evs":[0.0,-1.11343,-2.69708]},"Q3o":{"weight":1.0,"played":[1.0,0.0,0.0],"evs":[0.0,-1.01015,-2.4355]},"K3o":{"weight":1.0,"played":[1.0,0.0,0.0],"evs":[0.0,-0.96284,-2.10794]},"A3o":{"weight":1.0,"played":[1.0,0.0,0.0],"evs":[0.0,-0.70383,-1.18079]},"42s":{"weight":1.0,"played":[1.0,0.0,0.0],"evs":[0.0,-0.93886,-2.29398]},"43s":{"weight":1.0,"played":[1.0,0.0,0.0],"evs":[0.0,-0.84937,-2.13385]},"44":{"weight":1.0,"played":[1.0,0.0,0.0],"evs":[0.0,-0.40318,-0.77753]},"54o":{"weight":1.0,"played":[1.0,0.0,0.0],"evs":[0.0,-0.96021,-2.3597]},"64o":{"weight":1.0,"played":[1.0,0.0,0.0],"evs":[0.0,-0.99176,-2.47214]},"74o":{"weight":1.0,"played":[1.0,0.0,0.0],"evs":[0.0,-1.03652,-2.58132]},"84o":{"weight":1.0,"played":[1.0,0.0,0.0],"evs":[0.0,-1.10046,-2.72186]},"94o":{"weight":1.0,"played":[1.0,0.0,0.0],"evs":[0.0,-1.15459,-2.89969]},"T4o":{"weight":1.0,"played":[1.0,0.0,0.0],"evs":[0.0,-1.11068,-2.74917]},"J4o":{"weight":1.0,"played":[1.0,0.0,0.0],"evs":[0.0,-1.09252,-2.63427]},"Q4o":{"weight":1.0,"played":[1.0,0.0,0.0],"evs":[0.0,-0.99537,-2.38247]},"K4o":{"weight":1.0,"played":[1.0,0.0,0.0],"evs":[0.0,-0.93898,-2.05298]},"A4o":{"weight":1.0,"played":[1.0,0.0,0.0],"evs":[0.0,-0.67678,-1.13192]},"52s":{"weight":1.0,"played":[1.0,0.0,0.0],"evs":[0.0,-0.91692,-2.23391]},"53s":{"weight":1.0,"played":[1.0,0.0,0.0],"evs":[0.0,-0.81721,-2.05074]},"54s":{"weight":1.0,"played":[1.0,0.0,0.0],"evs":[0.0,-0.71246,-1.86551]},"55":{"weight":1.0,"played":[1.0,0.0,0.0],"evs":[0.0,-0.25633,-0.56652]},"65o":{"weight":1.0,"played":[1.0,0.0,0.0],"evs":[0.0,-0.90427,-2.2596]},"75o":{"weight":1.0,"played":[1.0,0.0,0.0],"evs":[0.0,-0.95015,-2.36848]},"85o":{"weight":1.0,"played":[1.0,0.0,0.0],"evs":[0.0,-1.02396,-2.51353]},"95o":{"weight":1.0,"played":[1.0,0.0,0.0],"evs":[0.0,-1.09102,-2.69158]},"T5o":{"weight":1.0,"played":[1.0,0.0,0.0],"evs":[0.0,-1.10469,-2.73715]},"J5o":{"weight":1.0,"played":[1.0,0.0,0.0],"evs":[0.0,-1.08096,-2.58516]},"Q5o":{"weight":1.0,"played":[1.0,0.0,0.0],"evs":[0.0,-0.98231,-2.32595]},"K5o":{"weight":1.0,"played":[1.0,0.0,0.0],"evs":[0.0,-0.92295,-1.99604]},"A5o":{"weight":1.0,"played":[1.0,0.0,0.0],"evs":[0.0,-0.61948,-1.04133]},"62s":{"weight":1.0,"played":[1.0,0.0,0.0],"evs":[0.0,-0.95644,-2.33791]},"63s":{"weight":1.0,"played":[1.0,0.0,0.0],"evs":[0.0,-0.87315,-2.16799]},"64s":{"weight":1.0,"played":[1.0,0.0,0.0],"evs":[0.0,-0.76962,-1.98061]},"65s":{"weight":1.0,"played":[1.0,0.0,0.0],"evs":[0.0,-0.65715,-1.76767]},"66":{"weight":1.0,"played":[0.9998,1.0E-4,1.0E-4],"evs":[0.0,-0.07725,-0.23406]},"76o":{"weight":1.0,"played":[1.0,0.0,0.0],"evs":[0.0,-0.86252,-2.15742]},"86o":{"weight":1.0,"played":[1.0,0.0,0.0],"evs":[0.0,-0.91935,-2.28427]},"96o":{"weight":1.0,"played":[1.0,0.0,0.0],"evs":[0.0,-0.98834,-2.45621]},"T6o":{"weight":1.0,"played":[1.0,0.0,0.0],"evs":[0.0,-1.01447,-2.49653]},"J6o":{"weight":1.0,"played":[1.0,0.0,0.0],"evs":[0.0,-1.03469,-2.52849]},"Q6o":{"weight":1.0,"played":[1.0,0.0,0.0],"evs":[0.0,-0.93873,-2.24672]},"K6o":{"weight":1.0,"played":[1.0,0.0,0.0],"evs":[0.0,-0.87154,-1.90032]},"A6o":{"weight":1.0,"played":[1.0,0.0,0.0],"evs":[0.0,-0.67911,-1.07707]},"72s":{"weight":1.0,"played":[1.0,0.0,0.0],"evs":[0.0,-0.98756,-2.43879]},"73s":{"weight":1.0,"played":[1.0,0.0,0.0],"evs":[0.0,-0.92966,-2.26764]},"74s":{"weight":1.0,"played":[1.0,0.0,0.0],"evs":[0.0,-0.82846,-2.0712]},"75s":{"weight":1.0,"played":[1.0,0.0,0.0],"evs":[0.0,-0.71373,-1.86639]},"76s":{"weight":1.0,"played":[1.0,0.0,0.0],"evs":[0.0,-0.60643,-1.6696]},"77":{"weight":1.0,"played":[2.0E-4,0.15,0.8499],"evs":[0.0,0.05718,0.0591]},"87o":{"weight":1.0,"played":[1.0,0.0,0.0],"evs":[0.0,-0.84549,-2.09552]},"97o":{"weight":1.0,"played":[1.0,0.0,0.0],"evs":[0.0,-0.9067,-2.25304]},"T7o":{"weight":1.0,"played":[1.0,0.0,0.0],"evs":[0.0,-0.92621,-2.28398]},"J7o":{"weight":1.0,"played":[1.0,0.0,0.0],"evs":[0.0,-0.971,-2.33639]},"Q7o":{"weight":1.0,"played":[1.0,0.0,0.0],"evs":[0.0,-0.91617,-2.21446]},"K7o":{"weight":1.0,"played":[1.0,0.0,0.0],"evs":[0.0,-0.85155,-1.83562]},"A7o":{"weight":1.0,"played":[1.0,0.0,0.0],"evs":[0.0,-0.58894,-0.9069]},"82s":{"weight":1.0,"played":[1.0,0.0,0.0],"evs":[0.0,-0.98032,-2.38348]},"83s":{"weight":1.0,"played":[1.0,0.0,0.0],"evs":[0.0,-0.97234,-2.37639]},"84s":{"weight":1.0,"played":[1.0,0.0,0.0],"evs":[0.0,-0.90181,-2.20391]},"85s":{"weight":1.0,"played":[1.0,0.0,0.0],"evs":[0.0,-0.79219,-2.00194]},"86s":{"weight":1.0,"played":[1.0,0.0,0.0],"evs":[0.0,-0.67096,-1.79791]},"87s":{"weight":1.0,"played":[1.0,0.0,0.0],"evs":[0.0,-0.57664,-1.61421]},"88":{"weight":1.0,"played":[0.0,9.0E-4,0.9991],"evs":[0.0,0.26758,0.29381]},"98o":{"weight":1.0,"played":[1.0,0.0,0.0],"evs":[0.0,-0.85063,-2.11047]},"T8o":{"weight":1.0,"played":[1.0,0.0,0.0],"evs":[0.0,-0.85049,-2.10789]},"J8o":{"weight":1.0,"played":[1.0,0.0,0.0],"evs":[0.0,-0.90142,-2.16019]},"Q8o":{"weight":1.0,"played":[1.0,0.0,0.0],"evs":[0.0,-0.85305,-2.04256]},"K8o":{"weight":1.0,"played":[1.0,0.0,0.0],"evs":[0.0,-0.84261,-1.78029]},"A8o":{"weight":1.0,"played":[1.0,0.0,0.0],"evs":[0.0,-0.51997,-0.74525]},"92s":{"weight":1.0,"played":[1.0,0.0,0.0],"evs":[0.0,-0.99191,-2.40337]},"93s":{"weight":1.0,"played":[1.0,0.0,0.0],"evs":[0.0,-0.98865,-2.38567]},"94s":{"weight":1.0,"played":[1.0,0.0,0.0],"evs":[0.0,-0.96758,-2.35184]},"95s":{"weight":1.0,"played":[1.0,0.0,0.0],"evs":[0.0,-0.88135,-2.16306]},"96s":{"weight":1.0,"played":[1.0,0.0,0.0],"evs":[0.0,-0.75435,-1.94937]},"97s":{"weight":1.0,"played":[1.0,0.0,0.0],"evs":[0.0,-0.6487,-1.74904]},"98s":{"weight":1.0,"played":[1.0,0.0,0.0],"evs":[0.0,-0.57584,-1.61394]},"99":{"weight":1.0,"played":[0.0,1.0E-4,0.9999],"evs":[0.0,0.56284,0.66674]},"T9o":{"weight":1.0,"played":[1.0,0.0,0.0],"evs":[0.0,-0.80203,-1.975]},"J9o":{"weight":1.0,"played":[1.0,0.0,0.0],"evs":[0.0,-0.8336,-2.00021]},"Q9o":{"weight":1.0,"played":[1.0,0.0,0.0],"evs":[0.0,-0.78065,-1.85404]},"K9o":{"weight":1.0,"played":[1.0,0.0,0.0],"evs":[0.0,-0.77408,-1.52573]},"A9o":{"weight":1.0,"played":[1.0,0.0,0.0],"evs":[0.0,-0.38618,-0.45981]},"T2s":{"weight":1.0,