{"equityUnit":"TABLE_EQUITY_PERCENT","conversionFactors":{"toUSD":3.1530066,"toRegularPrizePercent":0.084440455},"preHandEquity":[24.59269,23.77178,16.29989,8.67118,9.52678,17.13769],"bubbleFactors":[[-1.0,0.919,0.904,0.793,0.618,0.857],[1.063,-1.0,0.904,0.793,0.619,0.858],[1.045,1.045,-1.0,0.797,0.623,1.044],[1.024,1.024,1.024,-1.0,1.024,1.024],[1.027,1.027,1.026,0.8,-1.0,1.026],[1.047,1.047,0.907,0.796,0.623,-1.0]]}