{"player":2,"street":0,"children":3,"sequence":[{"player":0,"type":"C","amount":1600000,"street":0},{"player":1,"type":"F","amount":0,"street":0}],"actions":[{"type":"F","amount":0,"node":34},{"type":"C","amount":1600000,"node":66},{"type":"R","amount":5885000,"node":114}],"hands":{"22":{"weight":1.0,"played":[1.0,0.0,0.0],"evs":[0.0,-0.79688,-2.27838]},"32o":{"weight":1.0,"played":[1.0,0.0,0.0],"evs":[0.0,-1.44148,-5.04612]},"42o":{"weight":1.0,"played":[1.0,0.0,0.0],"evs":[0.0,-1.39634,-4.88192]},"52o":{"weight":1.0,"played":[1.0,0.0,0.0],"evs":[0.0,-1.35561,-4.71833]},"62o":{"weight":1.0,"played":[1.0,0.0,0.0],"evs":[0.0,-1.38727,-4.93036]},"72o":{"weight":1.0,"played":[1.0,0.0,0.0],"evs":[0.0,-1.44308,-5.15091]},"82o":{"weight":1.0,"played":[1.0,0.0,0.0],"evs":[0.0,-1.39972,-5.01195]},"92o":{"weight":1.0,"played":[1.0,0.0,0.0],"evs":[0.0,-1.39401,-4.93337]},"T2o":{"weight":1.0,"played":[1.0,0.0,0.0],"evs":[0.0,-1.31934,-4.6826]},"J2o":{"weight":1.0,"played":[1.0,0.0,0.0],"evs":[0.0,-1.26396,-4.46537]},"Q2o":{"weight":1.0,"played":[1.0,0.0,0.0],"evs":[0.0,-1.15929,-4.00514]},"K2o":{"weight":1.0,"played":[1.0,0.0,0.0],"evs":[0.0,-1.07389,-3.42056]},"A2o":{"weight":1.0,"played":[1.0,0.0,0.0],"evs":[0.0,-0.79867,-1.98424]},"32s":{"weight":1.0,"played":[1.0,0.0,0.0],"evs":[0.0,-1.25383,-4.23339]},"33":{"weight":1.0,"played":[1.0,0.0,0.0],"evs":[0.0,-0.71232,-1.8178]},"43o":{"weight":1.0,"played":[1.0,0.0,0.0],"evs":[0.0,-1.30907,-4.52114]},"53o":{"weight":1.0,"played":[1.0,0.0,0.0],"evs":[0.0,-1.26065,-4.34162]},"63o":{"weight":1.0,"played":[1.0,0.0,0.0],"evs":[0.0,-1.2916,-4.55154]},"73o":{"weight":1.0,"played":[1.0,0.0,0.0],"evs":[0.0,-1.35082,-4.77997]},"83o":{"weight":1.0,"played":[1.0,0.0,0.0],"evs":[0.0,-1.38012,-4.93141]},"93o":{"weight":1.0,"played":[1.0,0.0,0.0],"evs":[0.0,-1.36192,-4.78792]},"T3o":{"weight":1.0,"played":[1.0,0.0,0.0],"evs":[0.0,-1.29218,-4.53494]},"J3o":{"weight":1.0,"played":[1.0,0.0,0.0],"evs":[0.0,-1.23692,-4.31585]},"Q3o":{"weight":1.0,"played":[1.0,0.0,0.0],"evs":[0.0,-1.13083,-3.86168]},"K3o":{"weight":1.0,"played":[1.0,0.0,0.0],"evs":[0.0,-1.04557,-3.28106]},"A3o":{"weight":1.0,"played":[1.0,0.0,0.0],"evs":[0.0,-0.74126,-1.83345]},"42s":{"weight":1.0,"played":[1.0,0.0,0.0],"evs":[0.0,-1.20735,-4.08894]},"43s":{"weight":1.0,"played":[1.0,0.0,0.0],"evs":[0.0,-1.08944,-3.73876]},"44":{"weight":1.0,"played":[1.0,0.0,0.0],"evs":[0.0,-0.55891,-1.37295]},"54o":{"weight":1.0,"played":[1.0,0.0,0.0],"evs":[0.0,-1.16413,-3.98379]},"64o":{"weight":1.0,"played":[1.0,0.0,0.0],"evs":[0.0,-1.18912,-4.17674]},"74o":{"weight":1.0,"played":[1.0,0.0,0.0],"evs":[0.0,-1.24745,-4.39597]},"84o":{"weight":1.0,"played":[1.0,0.0,0.0],"evs":[0.0,-1.2792,-4.54878]},"94o":{"weight":1.0,"played":[1.0,0.0,0.0],"evs":[0.0,-1.32643,-4.7008]},"T4o":{"weight":1.0,"played":[1.0,0.0,0.0],"evs":[0.0,-1.25579,-4.39]},"J4o":{"weight":1.0,"played":[1.0,0.0,0.0],"evs":[0.0,-1.19648,-4.17318]},"Q4o":{"weight":1.0,"played":[1.0,0.0,0.0],"evs":[0.0,-1.08579,-3.70996]},"K4o":{"weight":1.0,"played":[1.0,0.0,0.0],"evs":[0.0,-1.00108,-3.1307]},"A4o":{"weight":1.0,"played":[1.0,0.0,0.0],"evs":[0.0,-0.69157,-1.68305]},"52s":{"weight":1.0,"played":[1.0,0.0,0.0],"evs":[0.0,-1.16801,-3.92754]},"53s":{"weight":1.0,"played":[1.0,0.0,0.0],"evs":[0.0,-1.04979,-3.57802]},"54s":{"weight":1.0,"played":[1.0,0.0,0.0],"evs":[0.0,-0.92787,-3.24676]},"55":{"weight":1.0,"played":[1.0,0.0,0.0],"evs":[0.0,-0.3268,-0.88537]},"65o":{"weight":1.0,"played":[1.0,0.0,0.0],"evs":[0.0,-1.08639,-3.79832]},"75o":{"weight":1.0,"played":[1.0,0.0,0.0],"evs":[0.0,-1.14374,-4.0053]},"85o":{"weight":1.0,"played":[1.0,0.0,0.0],"evs":[0.0,-1.17655,-4.14824]},"95o":{"weight":1.0,"played":[1.0,0.0,0.0],"evs":[0.0,-1.23202,-4.29218]},"T5o":{"weight":1.0,"played":[1.0,0.0,0.0],"evs":[0.0,-1.22517,-4.27523]},"J5o":{"weight":1.0,"played":[1.0,0.0,0.0],"evs":[0.0,-1.16081,-4.00256]},"Q5o":{"weight":1.0,"played":[1.0,0.0,0.0],"evs":[0.0,-1.04721,-3.53288]},"K5o":{"weight":1.0,"played":[1.0,0.0,0.0],"evs":[0.0,-0.95138,-2.94483]},"A5o":{"weight":1.0,"played":[1.0,0.0,0.0],"evs":[0.0,-0.60838,-1.49895]},"62s":{"weight":1.0,"played":[1.0,0.0,0.0],"evs":[0.0,-1.20708,-4.12691]},"63s":{"weight":1.0,"played":[1.0,0.0,0.0],"evs":[0.0,-1.10301,-3.77682]},"64s":{"weight":1.0,"played":[1.0,0.0,0.0],"evs":[0.0,-0.96609,-3.41194]},"65s":{"weight":1.0,"played":[1.0,0.0,0.0],"evs":[0.0,-0.8489,-3.06599]},"66":{"weight":1.0,"played":[1.0,0.0,0.0],"evs":[0.0,-0.14435,-0.48689]},"76o":{"weight":1.0,"played":[1.0,0.0,0.0],"evs":[0.0,-1.03876,-3.69892]},"86o":{"weight":1.0,"played":[1.0,0.0,0.0],"evs":[0.0,-1.07518,-3.82758]},"96o":{"weight":1.0,"played":[1.0,0.0,0.0],"evs":[0.0,-1.12889,-3.97235]},"T6o":{"weight":1.0,"played":[1.0,0.0,0.0],"evs":[0.0,-1.13105,-3.95865]},"J6o":{"weight":1.0,"played":[1.0,0.0,0.0],"evs":[0.0,-1.12272,-3.95009]},"Q6o":{"weight":1.0,"played":[1.0,0.0,0.0],"evs":[0.0,-0.99939,-3.40179]},"K6o":{"weight":1.0,"played":[1.0,0.0,0.0],"evs":[0.0,-0.90285,-2.81836]},"A6o":{"weight":1.0,"played":[1.0,0.0,0.0],"evs":[0.0,-0.6383,-1.55034]},"72s":{"weight":1.0,"played":[1.0,0.0,0.0],"evs":[0.0,-1.26384,-4.33579]},"73s":{"weight":1.0,"played":[1.0,0.0,0.0],"evs":[0.0,-1.16611,-3.98251]},"74s":{"weight":1.0,"played":[1.0,0.0,0.0],"evs":[0.0,-1.04233,-3.63293]},"75s":{"weight":1.0,"played":[1.0,0.0,0.0],"evs":[0.0,-0.90886,-3.25872]},"76s":{"weight":1.0,"played":[1.0,0.0,0.0],"evs":[0.0,-0.79459,-2.96372]},"77":{"weight":1.0,"played":[0.0,1.0,0.0],"evs":[0.0,0.10001,-0.04954]},"87o":{"weight":1.0,"played":[1.0,0.0,0.0],"evs":[0.0,-1.00283,-3.6005]},"97o":{"weight":1.0,"played":[1.0,0.0,0.0],"evs":[0.0,-1.04399,-3.70786]},"T7o":{"weight":1.0,"played":[1.0,0.0,0.0],"evs":[0.0,-1.043,-3.68323]},"J7o":{"weight":1.0,"played":[1.0,0.0,0.0],"evs":[0.0,-1.03548,-3.66137]},"Q7o":{"weight":1.0,"played":[1.0,0.0,0.0],"evs":[0.0,-0.97403,-3.37342]},"K7o":{"weight":1.0,"played":[1.0,0.0,0.0],"evs":[0.0,-0.8437,-2.64498]},"A7o":{"weight":1.0,"played":[1.0,0.0,0.0],"evs":[0.0,-0.54196,-1.21242]},"82s":{"weight":1.0,"played":[1.0,0.0,0.0],"evs":[0.0,-1.2155,-4.19204]},"83s":{"weight":1.0,"played":[1.0,0.0,0.0],"evs":[0.0,-1.19685,-4.1206]},"84s":{"weight":1.0,"played":[1.0,0.0,0.0],"evs":[0.0,-1.09189,-3.76958]},"85s":{"weight":1.0,"played":[1.0,0.0,0.0],"evs":[0.0,-0.95921,-3.3987]},"86s":{"weight":1.0,"played":[1.0,0.0,0.0],"evs":[0.0,-0.82754,-3.07269]},"87s":{"weight":1.0,"played":[1.0,0.0,0.0],"evs":[0.0,-0.75366,-2.86782]},"88":{"weight":1.0,"played":[0.0,0.008,0.992],"evs":[0.0,0.49759,0.5229]},"98o":{"weight":1.0,"played":[1.0,0.0,0.0],"evs":[0.0,-0.94669,-3.40269]},"T8o":{"weight":1.0,"played":[1.0,0.0,0.0],"evs":[0.0,-0.92846,-3.33773]},"J8o":{"weight":1.0,"played":[1.0,0.0,0.0],"evs":[0.0,-0.9314,-3.31144]},"Q8o":{"weight":1.0,"played":[1.0,0.0,0.0],"evs":[0.0,-0.86409,-3.02403]},"K8o":{"weight":1.0,"played":[1.0,0.0,0.0],"evs":[0.0,-0.78223,-2.42943]},"A8o":{"weight":1.0,"played":[1.0,0.0,0.0],"evs":[0.0,-0.43369,-0.87841]},"92s":{"weight":1.0,"played":[1.0,0.0,0.0],"evs":[0.0,-1.19469,-4.10542]},"93s":{"weight":1.0,"played":[1.0,0.0,0.0],"evs":[0.0,-1.1705,-3.97399]},"94s":{"weight":1.0,"played":[1.0,0.0,0.0],"evs":[0.0,-1.13355,-3.89459]},"95s":{"weight":1.0,"played":[1.0,0.0,0.0],"evs":[0.0,-1.02578,-3.52851]},"96s":{"weight":1.0,"played":[1.0,0.0,0.0],"evs":[0.0,-0.89304,-3.20926]},"97s":{"weight":1.0,"played":[1.0,0.0,0.0],"evs":[0.0,-0.79676,-2.96457]},"98s":{"weight":1.0,"played":[1.0,0.0,0.0],"evs":[0.0,-0.68594,-2.67544]},"99":{"weight":1.0,"played":[0.0,0.0,1.0],"evs":[0.0,0.96197,1.25276]},"T9o":{"weight":1.0,"played":[1.0,0.0,0.0],"evs":[0.0,-0.80615,-2.94728]},"J9o":{"weight":1.0,"played":[1.0,0.0,0.0],"evs":[0.0,-0.77517,-2.83247]},"Q9o":{"weight":1.0,"played":[1.0,0.0,0.0],"evs":[0.0,-0.68641,-2.48906]},"K9o":{"weight":1.0,"played":[1.0,0.0,0.0],"evs":[0.0,-0.59283,-1.79414]},"A9o":{"weight":1.0,"played":[1.0,0.0,0.0],"evs":[0.0,-0.2562,-0.46636]},"T2s":{"weight":1.0,"played":[1.0,0.0,0.0],