{"player":2,"street":0,"children":3,"sequence":[{"player":0,"type":"R","amount":885000,"street":0},{"player":1,"type":"F","amount":0,"street":0}],"actions":[{"type":"F","amount":0,"node":406},{"type":"C","amount":885000,"node":413},{"type":"R","amount":1455000,"node":424}],"hands":{"22":{"weight":1.0,"played":[0.0,0.2758,0.7242],"evs":[0.0,0.67068,0.67518]},"32o":{"weight":1.0,"played":[1.0,0.0,0.0],"evs":[0.0,-4.04938,-4.04921]},"42o":{"weight":1.0,"played":[1.0,0.0,0.0],"evs":[0.0,-3.87118,-3.8745]},"52o":{"weight":1.0,"played":[1.0,0.0,0.0],"evs":[0.0,-3.60378,-3.60628]},"62o":{"weight":1.0,"played":[1.0,0.0,0.0],"evs":[0.0,-3.9413,-3.94422]},"72o":{"weight":1.0,"played":[1.0,0.0,0.0],"evs":[0.0,-4.31853,-4.32083]},"82o":{"weight":1.0,"played":[1.0,0.0,0.0],"evs":[0.0,-4.02695,-4.03011]},"92o":{"weight":1.0,"played":[1.0,0.0,0.0],"evs":[0.0,-3.94139,-3.94203]},"T2o":{"weight":1.0,"played":[1.0,0.0,0.0],"evs":[0.0,-3.86752,-3.86797]},"J2o":{"weight":1.0,"played":[1.0,0.0,0.0],"evs":[0.0,-3.60183,-3.60271]},"Q2o":{"weight":1.0,"played":[1.0,0.0,0.0],"evs":[0.0,-3.26111,-3.26398]},"K2o":{"weight":1.0,"played":[1.0,0.0,0.0],"evs":[0.0,-2.66945,-2.6672]},"A2o":{"weight":1.0,"played":[1.0,0.0,0.0],"evs":[0.0,-0.95096,-0.94417]},"32s":{"weight":1.0,"played":[1.0,0.0,0.0],"evs":[0.0,-2.50943,-2.50615]},"33":{"weight":1.0,"played":[0.0,0.1078,0.8922],"evs":[0.0,1.26216,1.27223]},"43o":{"weight":1.0,"played":[1.0,0.0,0.0],"evs":[0.0,-3.21679,-3.21899]},"53o":{"weight":1.0,"played":[1.0,0.0,0.0],"evs":[0.0,-2.92185,-2.92278]},"63o":{"weight":1.0,"played":[1.0,0.0,0.0],"evs":[0.0,-3.29595,-3.29661]},"73o":{"weight":1.0,"played":[1.0,0.0,0.0],"evs":[0.0,-3.64497,-3.64653]},"83o":{"weight":1.0,"played":[1.0,0.0,0.0],"evs":[0.0,-3.9249,-3.92611]},"93o":{"weight":1.0,"played":[1.0,0.0,0.0],"evs":[0.0,-3.71263,-3.71249]},"T3o":{"weight":1.0,"played":[1.0,0.0,0.0],"evs":[0.0,-3.63119,-3.63092]},"J3o":{"weight":1.0,"played":[1.0,0.0,0.0],"evs":[0.0,-3.37971,-3.37856]},"Q3o":{"weight":1.0,"played":[1.0,0.0,0.0],"evs":[0.0,-3.0267,-3.02836]},"K3o":{"weight":1.0,"played":[1.0,0.0,0.0],"evs":[0.0,-2.43343,-2.43008]},"A3o":{"weight":1.0,"played":[1.0,0.0,0.0],"evs":[0.0,-0.70324,-0.6943]},"42s":{"weight":1.0,"played":[1.0,0.0,0.0],"evs":[0.0,-2.36416,-2.36374]},"43s":{"weight":1.0,"played":[1.0,0.0,0.0],"evs":[0.0,-1.72755,-1.72843]},"44":{"weight":1.0,"played":[0.0,0.2238,0.7762],"evs":[0.0,1.87813,1.88402]},"54o":{"weight":1.0,"played":[1.0,0.0,0.0],"evs":[0.0,-2.39173,-2.39434]},"64o":{"weight":1.0,"played":[1.0,0.0,0.0],"evs":[0.0,-2.72872,-2.732]},"74o":{"weight":1.0,"played":[1.0,0.0,0.0],"evs":[0.0,-3.07985,-3.08073]},"84o":{"weight":1.0,"played":[1.0,0.0,0.0],"evs":[0.0,-3.36819,-3.37151]},"94o":{"weight":1.0,"played":[1.0,0.0,0.0],"evs":[0.0,-3.71141,-3.71469]},"T4o":{"weight":1.0,"played":[1.0,0.0,0.0],"evs":[0.0,-3.5043,-3.5054]},"J4o":{"weight":1.0,"played":[1.0,0.0,0.0],"evs":[0.0,-3.2796,-3.28019]},"Q4o":{"weight":1.0,"played":[1.0,0.0,0.0],"evs":[0.0,-2.89501,-2.89744]},"K4o":{"weight":1.0,"played":[1.0,0.0,0.0],"evs":[0.0,-2.31662,-2.31273]},"A4o":{"weight":1.0,"played":[1.0,0.0,0.0],"evs":[0.0,-0.49184,-0.48239]},"52s":{"weight":1.0,"played":[1.0,0.0,0.0],"evs":[0.0,-2.10689,-2.10664]},"53s":{"weight":1.0,"played":[1.0,0.0,0.0],"evs":[0.0,-1.45572,-1.45728]},"54s":{"weight":1.0,"played":[1.0,0.0,0.0],"evs":[0.0,-0.97535,-0.97631]},"55":{"weight":1.0,"played":[0.0,0.1818,0.8182],"evs":[0.0,2.71352,2.71305]},"65o":{"weight":1.0,"played":[1.0,0.0,0.0],"evs":[0.0,-2.054,-2.05635]},"75o":{"weight":1.0,"played":[1.0,0.0,0.0],"evs":[0.0,-2.39467,-2.39726]},"85o":{"weight":1.0,"played":[1.0,0.0,0.0],"evs":[0.0,-2.65045,-2.6535]},"95o":{"weight":1.0,"played":[1.0,0.0,0.0],"evs":[0.0,-3.01812,-3.02082]},"T5o":{"weight":1.0,"played":[1.0,0.0,0.0],"evs":[0.0,-3.35135,-3.35486]},"J5o":{"weight":1.0,"played":[1.0,0.0,0.0],"evs":[0.0,-3.00288,-3.00505]},"Q5o":{"weight":1.0,"played":[1.0,0.0,0.0],"evs":[0.0,-2.64564,-2.64876]},"K5o":{"weight":1.0,"played":[1.0,0.0,0.0],"evs":[0.0,-2.04261,-2.04207]},"A5o":{"weight":1.0,"played":[0.9999,0.0,0.0],"evs":[0.0,-0.10523,-0.0976]},"62s":{"weight":1.0,"played":[1.0,0.0,0.0],"evs":[0.0,-2.42242,-2.42287]},"63s":{"weight":1.0,"played":[1.0,0.0,0.0],"evs":[0.0,-1.82587,-1.82508]},"64s":{"weight":1.0,"played":[1.0,0.0,0.0],"evs":[0.0,-1.28604,-1.28814]},"65s":{"weight":1.0,"played":[1.0,0.0,0.0],"evs":[0.0,-0.63582,-0.63592]},"66":{"weight":1.0,"played":[0.0,0.1066,0.8934],"evs":[0.0,3.50946,3.50967]},"76o":{"weight":1.0,"played":[1.0,0.0,0.0],"evs":[0.0,-1.79535,-1.79464]},"86o":{"weight":1.0,"played":[1.0,0.0,0.0],"evs":[0.0,-2.03184,-2.03403]},"96o":{"weight":1.0,"played":[1.0,0.0,0.0],"evs":[0.0,-2.38282,-2.38418]},"T6o":{"weight":1.0,"played":[1.0,0.0,0.0],"evs":[0.0,-2.70868,-2.70959]},"J6o":{"weight":1.0,"played":[1.0,0.0,0.0],"evs":[0.0,-2.86272,-2.86399]},"Q6o":{"weight":1.0,"played":[1.0,0.0,0.0],"evs":[0.0,-2.41214,-2.41472]},"K6o":{"weight":1.0,"played":[1.0,0.0,0.0],"evs":[0.0,-1.80367,-1.80074]},"A6o":{"weight":1.0,"played":[0.9998,2.0E-4,0.0],"evs":[0.0,-0.1805,-0.17395]},"72s":{"weight":1.0,"played":[1.0,0.0,0.0],"evs":[0.0,-2.7544,-2.75519]},"73s":{"weight":1.0,"played":[1.0,0.0,0.0],"evs":[0.0,-2.14641,-2.14442]},"74s":{"weight":1.0,"played":[1.0,0.0,0.0],"evs":[0.0,-1.62467,-1.62468]},"75s":{"weight":1.0,"played":[1.0,0.0,0.0],"evs":[0.0,-0.98603,-0.98761]},"76s":{"weight":1.0,"played":[0.9999,0.0,0.0],"evs":[0.0,-0.42237,-0.4203]},"77":{"weight":1.0,"played":[0.0,0.2428,0.7572],"evs":[0.0,4.28221,4.28156]},"87o":{"weight":1.0,"played":[1.0,0.0,0.0],"evs":[0.0,-1.5492,-1.54811]},"97o":{"weight":1.0,"played":[1.0,0.0,0.0],"evs":[0.0,-1.8544,-1.85318]},"T7o":{"weight":1.0,"played":[1.0,0.0,0.0],"evs":[0.0,-2.1556,-2.15393]},"J7o":{"weight":1.0,"played":[1.0,0.0,0.0],"evs":[0.0,-2.34718,-2.34335]},"Q7o":{"weight":1.0,"played":[1.0,0.0,0.0],"evs":[0.0,-2.38793,-2.38741]},"K7o":{"weight":1.0,"played":[1.0,0.0,0.0],"evs":[0.0,-1.63676,-1.63074]},"A7o":{"weight":1.0,"played":[0.0,0.0876,0.9124],"evs":[0.0,0.43681,0.44321]},"82s":{"weight":1.0,"played":[1.0,0.0,0.0],"evs":[0.0,-2.49252,-2.4912]},"83s":{"weight":1.0,"played":[1.0,0.0,0.0],"evs":[0.0,-2.39453,-2.39645]},"84s":{"weight":1.0,"played":[1.0,0.0,0.0],"evs":[0.0,-1.87189,-1.87409]},"85s":{"weight":1.0,"played":[1.0,0.0,0.0],"evs":[0.0,-1.21821,-1.22044]},"86s":{"weight":1.0,"played":[1.0,0.0,0.0],"evs":[0.0,-0.63742,-0.63818]},"87s":{"weight":1.0,"played":[0.9989,9.0E-4,2.0E-4],"evs":[0.0,-0.19567,-0.19514]},"88":{"weight":1.0,"played":[0.0,0.1915,0.8085],"evs":[0.0,5.2203,5.21987]},"98o":{"weight":1.0,"played":[1.0,0.0,0.0],"evs":[0.0,-1.31995,-1.31925]},"T8o":{"weight":1.0,"played":[1.0,0.0,0.0],"evs":[0.0,-1.56253,-1.55848]},"J8o":{"weight":1.0,"played":[1.0,0.0,0.0],"evs":[0.0,-1.75456,-1.75335]},"Q8o":{"weight":1.0,"played":[1.0,0.0,0.0],"evs":[0.0,-1.80907,-1.81011]},"K8o":{"weight":1.0,"played":[1.0,0.0,0.0],"evs":[0.0,-1.45557,-1.44868]},"A8o":{"weight":1.0,"played":[0.0,0.1163,0.8837],"evs":[0.0,1.13645,1.14086]},"92s":{"weight":1.0,"played":[1.0,0.0,0.0],"evs":[0.0,-2.41267,-2.4091]},"93s":{"weight":1.0,"played":[1.0,0.0,0.0],"evs":[0.0,-2.19766,-2.19799]},"94s":{"weight":1.0,"played":[1.0,0.0,0.0],"evs":[0.0,-2.17184,-2.17241]},"95s":{"weight":1.0,"played":[1.0,0.0,0.0],"evs":[0.0,-1.54892,-1.54915]},"96s":{"weight":1.0,"played":[1.0,0.0,0.0],"evs":[0.0,-0.91212,-0.91274]},"97s":{"weight":1.0,"played":[1.0,0.0,0.0],"evs":[0.0,-0.44457,-0.44173]},"98s":{"weight":1.0,"played":[0.0,0.2782,0.7218],"evs":[0.0,0.07427,0.07421]},"99":{"weight":1.0,"played":[0.0,0.0448,0.9552],"evs":[0.0,6.30226,6.30396]},"T9o":{"weight":1.0,"played":[1.0,0.0,0.0],"evs":[0.0,-1.00823,-1.00497]},"J9o":{"weight":1.0,"played":[1.0,0.0,0.0],"evs":[0.0,-1.12392,-1.11971]},"Q9o":{"weight":1.0,"played":[1.0,0.0,0.0],"evs":[0.0,-1.14584,-1.14645]},"K9o":{"weight":1.0,"played":[1.0,0.0,0.0],"evs":[0.0,-0.7348,-0.72993]},"A9o":{"weight":1.0,"played":[0.0,0.1445,0.8555],