{"player":0,"street":0,"children":3,"sequence":[],"actions":[{"type":"F","amount":0,"node":1},{"type":"R","amount":200000,"node":215},{"type":"R","amount":2165000}],"hands":{"22":{"weight":1.0,"played":[1.0,0.0,0.0],"evs":[0.0,-0.09561,-0.19865]},"32o":{"weight":1.0,"played":[1.0,0.0,0.0],"evs":[0.0,-0.49676,-1.94345]},"42o":{"weight":1.0,"played":[1.0,0.0,0.0],"evs":[0.0,-0.46473,-1.84855]},"52o":{"weight":1.0,"played":[1.0,0.0,0.0],"evs":[0.0,-0.42923,-1.7548]},"62o":{"weight":1.0,"played":[1.0,0.0,0.0],"evs":[0.0,-0.45645,-1.88276]},"72o":{"weight":1.0,"played":[1.0,0.0,0.0],"evs":[0.0,-0.48814,-1.98487]},"82o":{"weight":1.0,"played":[1.0,0.0,0.0],"evs":[0.0,-0.48324,-1.82419]},"92o":{"weight":1.0,"played":[1.0,0.0,0.0],"evs":[0.0,-0.4786,-1.72412]},"T2o":{"weight":1.0,"played":[1.0,0.0,0.0],"evs":[0.0,-0.45995,-1.63904]},"J2o":{"weight":1.0,"played":[1.0,0.0,0.0],"evs":[0.0,-0.44225,-1.53935]},"Q2o":{"weight":1.0,"played":[1.0,0.0,0.0],"evs":[0.0,-0.38331,-1.39726]},"K2o":{"weight":1.0,"played":[1.0,0.0,0.0],"evs":[0.0,-0.35541,-1.20831]},"A2o":{"weight":1.0,"played":[1.0,0.0,0.0],"evs":[0.0,-0.19608,-0.6298]},"32s":{"weight":1.0,"played":[1.0,0.0,0.0],"evs":[0.0,-0.34811,-1.31794]},"33":{"weight":1.0,"played":[0.2525,0.7475,0.0],"evs":[0.0,0.00135,-0.06604]},"43o":{"weight":1.0,"played":[1.0,0.0,0.0],"evs":[0.0,-0.3917,-1.6068]},"53o":{"weight":1.0,"played":[1.0,0.0,0.0],"evs":[0.0,-0.34706,-1.50727]},"63o":{"weight":1.0,"played":[1.0,0.0,0.0],"evs":[0.0,-0.38229,-1.63337]},"73o":{"weight":1.0,"played":[1.0,0.0,0.0],"evs":[0.0,-0.42139,-1.73773]},"83o":{"weight":1.0,"played":[1.0,0.0,0.0],"evs":[0.0,-0.46299,-1.80339]},"93o":{"weight":1.0,"played":[1.0,0.0,0.0],"evs":[0.0,-0.44884,-1.65503]},"T3o":{"weight":1.0,"played":[1.0,0.0,0.0],"evs":[0.0,-0.42622,-1.56341]},"J3o":{"weight":1.0,"played":[1.0,0.0,0.0],"evs":[0.0,-0.41448,-1.47207]},"Q3o":{"weight":1.0,"played":[1.0,0.0,0.0],"evs":[0.0,-0.35618,-1.32372]},"K3o":{"weight":1.0,"played":[1.0,0.0,0.0],"evs":[0.0,-0.32191,-1.13311]},"A3o":{"weight":1.0,"played":[1.0,0.0,0.0],"evs":[0.0,-0.14267,-0.5563]},"42s":{"weight":1.0,"played":[1.0,0.0,0.0],"evs":[0.0,-0.31089,-1.24238]},"43s":{"weight":1.0,"played":[1.0,0.0,0.0],"evs":[0.0,-0.23465,-1.01604]},"44":{"weight":1.0,"played":[0.0,0.997,0.003],"evs":[0.0,0.10041,0.09589]},"54o":{"weight":1.0,"played":[1.0,0.0,0.0],"evs":[0.0,-0.27947,-1.26784]},"64o":{"weight":1.0,"played":[1.0,0.0,0.0],"evs":[0.0,-0.29692,-1.38376]},"74o":{"weight":1.0,"played":[1.0,0.0,0.0],"evs":[0.0,-0.33791,-1.48653]},"84o":{"weight":1.0,"played":[1.0,0.0,0.0],"evs":[0.0,-0.3907,-1.55552]},"94o":{"weight":1.0,"played":[1.0,0.0,0.0],"evs":[0.0,-0.41789,-1.62233]},"T4o":{"weight":1.0,"played":[1.0,0.0,0.0],"evs":[0.0,-0.39483,-1.48281]},"J4o":{"weight":1.0,"played":[1.0,0.0,0.0],"evs":[0.0,-0.37876,-1.39114]},"Q4o":{"weight":1.0,"played":[1.0,0.0,0.0],"evs":[0.0,-0.31924,-1.23883]},"K4o":{"weight":1.0,"played":[1.0,0.0,0.0],"evs":[0.0,-0.28549,-1.05472]},"A4o":{"weight":1.0,"played":[1.0,0.0,0.0],"evs":[0.0,-0.10489,-0.47813]},"52s":{"weight":1.0,"played":[1.0,0.0,0.0],"evs":[0.0,-0.2756,-1.151]},"53s":{"weight":1.0,"played":[1.0,0.0,0.0],"evs":[0.0,-0.19391,-0.92319]},"54s":{"weight":1.0,"played":[1.0,0.0,0.0],"evs":[0.0,-0.11875,-0.68975]},"55":{"weight":1.0,"played":[0.0,0.9391,0.0609],"evs":[0.0,0.30366,0.29893]},"65o":{"weight":1.0,"played":[1.0,0.0,0.0],"evs":[0.0,-0.21471,-1.14082]},"75o":{"weight":1.0,"played":[1.0,0.0,0.0],"evs":[0.0,-0.24464,-1.23532]},"85o":{"weight":1.0,"played":[1.0,0.0,0.0],"evs":[0.0,-0.30041,-1.29995]},"95o":{"weight":1.0,"played":[1.0,0.0,0.0],"evs":[0.0,-0.33748,-1.37513]},"T5o":{"weight":1.0,"played":[1.0,0.0,0.0],"evs":[0.0,-0.35606,-1.4439]},"J5o":{"weight":1.0,"played":[1.0,0.0,0.0],"evs":[0.0,-0.33915,-1.30687]},"Q5o":{"weight":1.0,"played":[1.0,0.0,0.0],"evs":[0.0,-0.27436,-1.15317]},"K5o":{"weight":1.0,"played":[1.0,0.0,0.0],"evs":[0.0,-0.24143,-0.96725]},"A5o":{"weight":1.0,"played":[1.0,0.0,0.0],"evs":[0.0,-0.04637,-0.39753]},"62s":{"weight":1.0,"played":[1.0,0.0,0.0],"evs":[0.0,-0.30194,-1.26823]},"63s":{"weight":1.0,"played":[1.0,0.0,0.0],"evs":[0.0,-0.22477,-1.0443]},"64s":{"weight":1.0,"played":[1.0,0.0,0.0],"evs":[0.0,-0.14241,-0.8089]},"65s":{"weight":1.0,"played":[1.0,0.0,0.0],"evs":[0.0,-0.04943,-0.57337]},"66":{"weight":1.0,"played":[0.0,0.9994,6.0E-4],"evs":[0.0,0.61983,0.59685]},"76o":{"weight":1.0,"played":[1.0,0.0,0.0],"evs":[0.0,-0.17782,-0.98888]},"86o":{"weight":1.0,"played":[1.0,0.0,0.0],"evs":[0.0,-0.22818,-1.05392]},"96o":{"weight":1.0,"played":[1.0,0.0,0.0],"evs":[0.0,-0.26296,-1.12784]},"T6o":{"weight":1.0,"played":[1.0,0.0,0.0],"evs":[0.0,-0.29323,-1.19834]},"J6o":{"weight":1.0,"played":[1.0,0.0,0.0],"evs":[0.0,-0.31426,-1.26064]},"Q6o":{"weight":1.0,"played":[1.0,0.0,0.0],"evs":[0.0,-0.24394,-1.07512]},"K6o":{"weight":1.0,"played":[1.0,0.0,0.0],"evs":[0.0,-0.20641,-0.88394]},"A6o":{"weight":1.0,"played":[1.0,0.0,0.0],"evs":[0.0,-0.06811,-0.51716]},"72s":{"weight":1.0,"played":[1.0,0.0,0.0],"evs":[0.0,-0.32823,-1.3539]},"73s":{"weight":1.0,"played":[1.0,0.0,0.0],"evs":[0.0,-0.26583,-1.12654]},"74s":{"weight":1.0,"played":[1.0,0.0,0.0],"evs":[0.0,-0.17923,-0.89689]},"75s":{"weight":1.0,"played":[1.0,0.0,0.0],"evs":[0.0,-0.08493,-0.65857]},"76s":{"weight":1.0,"played":[1.0,0.0,0.0],"evs":[0.0,-0.00916,-0.4422]},"77":{"weight":1.0,"played":[0.0,0.9025,0.0975],"evs":[0.0,1.04195,1.03865]},"87o":{"weight":1.0,"played":[1.0,0.0,0.0],"evs":[0.0,-0.17674,-0.83416]},"97o":{"weight":1.0,"played":[1.0,0.0,0.0],"evs":[0.0,-0.19407,-0.8843]},"T7o":{"weight":1.0,"played":[1.0,0.0,0.0],"evs":[0.0,-0.22431,-0.94932]},"J7o":{"weight":1.0,"played":[1.0,0.0,0.0],"evs":[0.0,-0.25189,-1.02023]},"Q7o":{"weight":1.0,"played":[1.0,0.0,0.0],"evs":[0.0,-0.21523,-1.03071]},"K7o":{"weight":1.0,"played":[1.0,0.0,0.0],"evs":[0.0,-0.18502,-0.80594]},"A7o":{"weight":1.0,"played":[1.0,0.0,0.0],"evs":[0.0,-0.03271,-0.38271]},"82s":{"weight":1.0,"played":[1.0,0.0,0.0],"evs":[0.0,-0.3205,-1.21633]},"83s":{"weight":1.0,"played":[1.0,0.0,0.0],"evs":[0.0,-0.30196,-1.19271]},"84s":{"weight":1.0,"played":[1.0,0.0,0.0],"evs":[0.0,-0.22761,-0.95698]},"85s":{"weight":1.0,"played":[1.0,0.0,0.0],"evs":[0.0,-0.13954,-0.73072]},"86s":{"weight":1.0,"played":[1.0,0.0,0.0],"evs":[0.0,-0.06076,-0.49593]},"87s":{"weight":1.0,"played":[0.0119,0.9881,0.0],"evs":[0.0,0.01998,-0.28957]},"88":{"weight":1.0,"played":[0.0,1.0,0.0],"evs":[0.0,1.58167,1.53467]},"98o":{"weight":1.0,"played":[1.0,0.0,0.0],"evs":[0.0,-0.16332,-0.65903]},"T8o":{"weight":1.0,"played":[1.0,0.0,0.0],"evs":[0.0,-0.19081,-0.69156]},"J8o":{"weight":1.0,"played":[1.0,0.0,0.0],"evs":[0.0,-0.20827,-0.76156]},"Q8o":{"weight":1.0,"played":[1.0,0.0,0.0],"evs":[0.0,-0.18438,-0.78197]},"K8o":{"weight":1.0,"played":[1.0,0.0,0.0],"evs":[0.0,-0.17579,-0.74445]},"A8o":{"weight":1.0,"played":[0.5809,0.4191,0.0],"evs":[0.0,-3.8E-4,-0.25139]},"92s":{"weight":1.0,"played":[1.0,0.0,0.0],"evs":[0.0,-0.31065,-1.11931]},"93s":{"weight":1.0,"played":[1.0,0.0,0.0],"evs":[0.0,-0.28036,-1.05279]},"94s":{"weight":1.0,"played":[1.0,0.0,0.0],"evs":[0.0,-0.25775,-1.02716]},"95s":{"weight":1.0,"played":[1.0,0.0,0.0],"evs":[0.0,-0.17585,-0.7872]},"96s":{"weight":1.0,"played":[1.0,0.0,0.0],"evs":[0.0,-0.09711,-0.55921]},"97s":{"weight":1.0,"played":[1.0,0.0,0.0],"evs":[0.0,-0.01882,-0.33896]},"98s":{"weight":1.0,"played":[0.0,1.0,0.0],"evs":[0.0,0.04145,-0.11746]},"99":{"weight":1.0,"played":[0.0,1.0,0.0],"evs":[0.0,2.1631,2.03148]},"T9o":{"weight":1.0,"played":[1.0,0.0,0.0],"evs":[0.0,-0.11481,-0.43897]},"J9o":{"weight":1.0,"played":[1.0,0.0,0.0],"evs":[0.0,-0.13702,-0.51942]},"Q9o":{"weight":1.0,"played":[1.0,0.0,0.0],"evs":[0.0,-0.11568,-0.5442]},"K9o":{"weight":1.0,"played":[1.0,0.0,0.0],"evs":[0.0,-0.1227,-0.51692]},"A9o":{"weight":1.0,"played":[0.0,1.0,0.0],"evs":[0.0,0.09923,-0.11555]},"T2s":{"weight":1.0,"played":[1.0,0.0,0.0],"evs":[0.0,-0.28466,-1.0352]},"T3s":{"weight":1.0,"played":[1.0,0.0,0.0],