{"player":2,"street":0,"children":3,"sequence":[{"player":0,"type":"F","amount":0,"street":0},{"player":1,"type":"F","amount":0,"street":0}],"actions":[{"type":"F","amount":0,"node":3},{"type":"R","amount":200000,"node":21},{"type":"R","amount":1345000,"node":61}],"hands":{"22":{"weight":1.0,"played":[0.0,0.4835,0.5165],"evs":[0.0,0.22491,0.22506]},"32o":{"weight":1.0,"played":[1.0,0.0,0.0],"evs":[0.0,-0.45098,-1.70097]},"42o":{"weight":1.0,"played":[1.0,0.0,0.0],"evs":[0.0,-0.42042,-1.59142]},"52o":{"weight":1.0,"played":[1.0,0.0,0.0],"evs":[0.0,-0.38683,-1.48687]},"62o":{"weight":1.0,"played":[1.0,0.0,0.0],"evs":[0.0,-0.4146,-1.63829]},"72o":{"weight":1.0,"played":[1.0,0.0,0.0],"evs":[0.0,-0.41721,-1.73441]},"82o":{"weight":1.0,"played":[1.0,0.0,0.0],"evs":[0.0,-0.41721,-1.61984]},"92o":{"weight":1.0,"played":[1.0,0.0,0.0],"evs":[0.0,-0.39577,-1.55664]},"T2o":{"weight":1.0,"played":[1.0,0.0,0.0],"evs":[0.0,-0.38045,-1.43983]},"J2o":{"weight":1.0,"played":[1.0,0.0,0.0],"evs":[0.0,-0.35162,-1.33595]},"Q2o":{"weight":1.0,"played":[1.0,0.0,0.0],"evs":[0.0,-0.33238,-1.18006]},"K2o":{"weight":1.0,"played":[1.0,0.0,0.0],"evs":[0.0,-0.25302,-0.95864]},"A2o":{"weight":1.0,"played":[0.9257,0.0743,0.0],"evs":[0.0,-0.00105,-0.07864]},"32s":{"weight":1.0,"played":[1.0,0.0,0.0],"evs":[0.0,-0.35229,-1.12256]},"33":{"weight":1.0,"played":[0.0,0.0,1.0],"evs":[0.0,0.41755,0.44584]},"43o":{"weight":1.0,"played":[1.0,0.0,0.0],"evs":[0.0,-0.37163,-1.34888]},"53o":{"weight":1.0,"played":[1.0,0.0,0.0],"evs":[0.0,-0.33581,-1.25087]},"63o":{"weight":1.0,"played":[1.0,0.0,0.0],"evs":[0.0,-0.35726,-1.39342]},"73o":{"weight":1.0,"played":[1.0,0.0,0.0],"evs":[0.0,-0.36725,-1.49514]},"83o":{"weight":1.0,"played":[1.0,0.0,0.0],"evs":[0.0,-0.40061,-1.5793]},"93o":{"weight":1.0,"played":[1.0,0.0,0.0],"evs":[0.0,-0.37151,-1.47181]},"T3o":{"weight":1.0,"played":[1.0,0.0,0.0],"evs":[0.0,-0.35413,-1.35021]},"J3o":{"weight":1.0,"played":[1.0,0.0,0.0],"evs":[0.0,-0.3253,-1.25293]},"Q3o":{"weight":1.0,"played":[1.0,0.0,0.0],"evs":[0.0,-0.30915,-1.09494]},"K3o":{"weight":1.0,"played":[1.0,0.0,0.0],"evs":[0.0,-0.22777,-0.87489]},"A3o":{"weight":1.0,"played":[0.0,1.0,0.0],"evs":[0.0,0.03274,0.00618]},"42s":{"weight":1.0,"played":[1.0,0.0,0.0],"evs":[0.0,-0.32253,-1.03087]},"43s":{"weight":1.0,"played":[1.0,0.0,0.0],"evs":[0.0,-0.27395,-0.8062]},"44":{"weight":1.0,"played":[0.0,0.0,1.0],"evs":[0.0,0.68118,0.75093]},"54o":{"weight":1.0,"played":[1.0,0.0,0.0],"evs":[0.0,-0.28214,-1.00469]},"64o":{"weight":1.0,"played":[1.0,0.0,0.0],"evs":[0.0,-0.29889,-1.14523]},"74o":{"weight":1.0,"played":[1.0,0.0,0.0],"evs":[0.0,-0.31026,-1.24508]},"84o":{"weight":1.0,"played":[1.0,0.0,0.0],"evs":[0.0,-0.34162,-1.32831]},"94o":{"weight":1.0,"played":[1.0,0.0,0.0],"evs":[0.0,-0.3434,-1.41871]},"T4o":{"weight":1.0,"played":[1.0,0.0,0.0],"evs":[0.0,-0.32232,-1.26342]},"J4o":{"weight":1.0,"played":[1.0,0.0,0.0],"evs":[0.0,-0.29454,-1.15713]},"Q4o":{"weight":1.0,"played":[1.0,0.0,0.0],"evs":[0.0,-0.27463,-1.00541]},"K4o":{"weight":1.0,"played":[1.0,0.0,0.0],"evs":[0.0,-0.18925,-0.78068]},"A4o":{"weight":1.0,"played":[0.0,0.0,1.0],"evs":[0.0,0.08505,0.10452]},"52s":{"weight":1.0,"played":[1.0,0.0,0.0],"evs":[0.0,-0.29194,-0.9193]},"53s":{"weight":1.0,"played":[1.0,0.0,0.0],"evs":[0.0,-0.22838,-0.7007]},"54s":{"weight":1.0,"played":[1.0,0.0,0.0],"evs":[0.0,-0.13926,-0.48468]},"55":{"weight":1.0,"played":[0.0,0.0,1.0],"evs":[0.0,0.99459,1.0559]},"65o":{"weight":1.0,"played":[1.0,0.0,0.0],"evs":[0.0,-0.24019,-0.89854]},"75o":{"weight":1.0,"played":[1.0,0.0,0.0],"evs":[0.0,-0.24379,-0.98862]},"85o":{"weight":1.0,"played":[1.0,0.0,0.0],"evs":[0.0,-0.27794,-1.07651]},"95o":{"weight":1.0,"played":[1.0,0.0,0.0],"evs":[0.0,-0.27723,-1.16936]},"T5o":{"weight":1.0,"played":[1.0,0.0,0.0],"evs":[0.0,-0.28804,-1.20735]},"J5o":{"weight":1.0,"played":[1.0,0.0,0.0],"evs":[0.0,-0.25501,-1.07057]},"Q5o":{"weight":1.0,"played":[1.0,0.0,0.0],"evs":[0.0,-0.23426,-0.90424]},"K5o":{"weight":1.0,"played":[1.0,0.0,0.0],"evs":[0.0,-0.1528,-0.68861]},"A5o":{"weight":1.0,"played":[0.0,0.0,1.0],"evs":[0.0,0.19312,0.21849]},"62s":{"weight":1.0,"played":[1.0,0.0,0.0],"evs":[0.0,-0.31351,-1.06575]},"63s":{"weight":1.0,"played":[1.0,0.0,0.0],"evs":[0.0,-0.26002,-0.8438]},"64s":{"weight":1.0,"played":[1.0,0.0,0.0],"evs":[0.0,-0.19068,-0.60383]},"65s":{"weight":1.0,"played":[1.0,0.0,0.0],"evs":[0.0,-0.09637,-0.37623]},"66":{"weight":1.0,"played":[0.0,0.0,1.0],"evs":[0.0,1.28586,1.32917]},"76o":{"weight":1.0,"played":[1.0,0.0,0.0],"evs":[0.0,-0.21535,-0.77578]},"86o":{"weight":1.0,"played":[1.0,0.0,0.0],"evs":[0.0,-0.24357,-0.85099]},"96o":{"weight":1.0,"played":[1.0,0.0,0.0],"evs":[0.0,-0.24484,-0.93827]},"T6o":{"weight":1.0,"played":[1.0,0.0,0.0],"evs":[0.0,-0.25601,-0.9805]},"J6o":{"weight":1.0,"played":[1.0,0.0,0.0],"evs":[0.0,-0.25161,-1.02823]},"Q6o":{"weight":1.0,"played":[1.0,0.0,0.0],"evs":[0.0,-0.22588,-0.84053]},"K6o":{"weight":1.0,"played":[1.0,0.0,0.0],"evs":[0.0,-0.14784,-0.6179]},"A6o":{"weight":1.0,"played":[0.0,0.1329,0.8671],"evs":[0.0,0.17682,0.17807]},"72s":{"weight":1.0,"played":[1.0,0.0,0.0],"evs":[0.0,-0.31946,-1.15895]},"73s":{"weight":1.0,"played":[1.0,0.0,0.0],"evs":[0.0,-0.27181,-0.94501]},"74s":{"weight":1.0,"played":[1.0,0.0,0.0],"evs":[0.0,-0.21713,-0.70302]},"75s":{"weight":1.0,"played":[1.0,0.0,0.0],"evs":[0.0,-0.13228,-0.46186]},"76s":{"weight":1.0,"played":[1.0,0.0,0.0],"evs":[0.0,-0.06936,-0.2622]},"77":{"weight":1.0,"played":[0.0,0.001,0.999],"evs":[0.0,1.59804,1.61821]},"87o":{"weight":1.0,"played":[1.0,0.0,0.0],"evs":[0.0,-0.19672,-0.65609]},"97o":{"weight":1.0,"played":[1.0,0.0,0.0],"evs":[0.0,-0.20209,-0.72099]},"T7o":{"weight":1.0,"played":[1.0,0.0,0.0],"evs":[0.0,-0.20801,-0.76131]},"J7o":{"weight":1.0,"played":[1.0,0.0,0.0],"evs":[0.0,-0.20623,-0.81593]},"Q7o":{"weight":1.0,"played":[1.0,0.0,0.0],"evs":[0.0,-0.1987,-0.80937]},"K7o":{"weight":1.0,"played":[1.0,0.0,0.0],"evs":[0.0,-0.11362,-0.55334]},"A7o":{"weight":1.0,"played":[0.0,0.088,0.912],"evs":[0.0,0.36633,0.36769]},"82s":{"weight":1.0,"played":[1.0,0.0,0.0],"evs":[0.0,-0.31938,-1.04984]},"83s":{"weight":1.0,"played":[1.0,0.0,0.0],"evs":[0.0,-0.30184,-1.01758]},"84s":{"weight":1.0,"played":[1.0,0.0,0.0],"evs":[0.0,-0.24761,-0.78536]},"85s":{"weight":1.0,"played":[1.0,0.0,0.0],"evs":[0.0,-0.17647,-0.54625]},"86s":{"weight":1.0,"played":[1.0,0.0,0.0],"evs":[0.0,-0.10592,-0.34011]},"87s":{"weight":1.0,"played":[1.0,0.0,0.0],"evs":[0.0,-0.04635,-0.15748]},"88":{"weight":1.0,"played":[0.0,0.1316,0.8684],"evs":[0.0,1.98077,1.9842]},"98o":{"weight":1.0,"played":[1.0,0.0,0.0],"evs":[0.0,-0.18116,-0.53539]},"T8o":{"weight":1.0,"played":[1.0,0.0,0.0],"evs":[0.0,-0.17443,-0.55082]},"J8o":{"weight":1.0,"played":[1.0,0.0,0.0],"evs":[0.0,-0.16991,-0.61082]},"Q8o":{"weight":1.0,"played":[1.0,0.0,0.0],"evs":[0.0,-0.167,-0.60826]},"K8o":{"weight":1.0,"played":[1.0,0.0,0.0],"evs":[0.0,-0.09946,-0.53034]},"A8o":{"weight":1.0,"played":[0.0,0.179,0.821],"evs":[0.0,0.61276,0.61251]},"92s":{"weight":1.0,"played":[1.0,0.0,0.0],"evs":[0.0,-0.29131,-0.98848]},"93s":{"weight":1.0,"played":[1.0,0.0,0.0],"evs":[0.0,-0.27054,-0.91045]},"94s":{"weight":1.0,"played":[1.0,0.0,0.0],"evs":[0.0,-0.24552,-0.8594]},"95s":{"weight":1.0,"played":[1.0,0.0,0.0],"evs":[0.0,-0.18218,-0.6271]},"96s":{"weight":1.0,"played":[1.0,0.0,0.0],"evs":[0.0,-0.12378,-0.41191]},"97s":{"weight":1.0,"played":[1.0,0.0,0.0],"evs":[0.0,-0.06714,-0.21776]},"98s":{"weight":1.0,"played":[0.0,1.0,0.0],"evs":[0.0,0.01304,-0.03988]},"99":{"weight":1.0,"played":[0.0,0.0401,0.9599],"evs":[0.0,2.39513,2.39622]},"T9o":{"weight":1.0,"played":[1.0,0.0,0.0],"evs":[0.0,-0.09911,-0.32158]},"J9o":{"weight":1.0,"played":[1.0,0.0,0.0],"evs":[0.0,-0.09962,-0.37319]},"Q9o":{"weight":1.0,"played":[1.0,0.0,0.0],"evs":[0.0,-0.1001,-0.36115]},"K9o":{"weight":1.0,"played":[0.9998,2.0E-4,0.0],"evs":[0.0,-0.01575,-0.27886]},"A9o":{"weight":1.0,"played":[0.0,0.0,1.0],"evs":[0.0,0.94682,0.96548]},"T2s":{"weight":1.0,