{"player":3,"street":0,"children":2,"sequence":[{"player":0,"type":"R","amount":200000,"street":0},{"player":1,"type":"C","amount":200000,"street":0},{"player":2,"type":"C","amount":200000,"street":0}],"actions":[{"type":"F","amount":0,"node":604},{"type":"R","amount":3285000,"node":638}],"hands":{"22":{"weight":1.0,"played":[0.8033,0.1967],"evs":[0.0,-2.61725]},"32o":{"weight":1.0,"played":[0.9999,1.0E-4],"evs":[0.0,-5.74873]},"42o":{"weight":1.0,"played":[0.9975,0.0025],"evs":[0.0,-5.57476]},"52o":{"weight":1.0,"played":[0.9999,1.0E-4],"evs":[0.0,-5.69121]},"62o":{"weight":1.0,"played":[0.9998,2.0E-4],"evs":[0.0,-6.51288]},"72o":{"weight":1.0,"played":[1.0,0.0],"evs":[0.0,-6.80565]},"82o":{"weight":1.0,"played":[1.0,0.0],"evs":[0.0,-7.56391]},"92o":{"weight":1.0,"played":[0.9999,1.0E-4],"evs":[0.0,-6.02604]},"T2o":{"weight":1.0,"played":[1.0,0.0],"evs":[0.0,-5.44026]},"J2o":{"weight":1.0,"played":[0.9997,3.0E-4],"evs":[0.0,-6.46823]},"Q2o":{"weight":1.0,"played":[1.0,0.0],"evs":[0.0,-5.27141]},"K2o":{"weight":1.0,"played":[0.9997,3.0E-4],"evs":[0.0,-5.52063]},"A2o":{"weight":1.0,"played":[0.997,0.003],"evs":[0.0,-1.17713]},"32s":{"weight":1.0,"played":[0.9893,0.0107],"evs":[0.0,-4.83882]},"33":{"weight":1.0,"played":[0.939,0.061],"evs":[0.0,-0.3208]},"43o":{"weight":1.0,"played":[0.9991,9.0E-4],"evs":[0.0,-5.96245]},"53o":{"weight":1.0,"played":[0.995,0.005],"evs":[0.0,-4.34375]},"63o":{"weight":1.0,"played":[0.9999,1.0E-4],"evs":[0.0,-3.93149]},"73o":{"weight":1.0,"played":[0.9998,2.0E-4],"evs":[0.0,-4.27224]},"83o":{"weight":1.0,"played":[1.0,0.0],"evs":[0.0,-6.57385]},"93o":{"weight":1.0,"played":[0.9997,3.0E-4],"evs":[0.0,-5.79374]},"T3o":{"weight":1.0,"played":[0.9999,1.0E-4],"evs":[0.0,-7.58579]},"J3o":{"weight":1.0,"played":[0.9997,3.0E-4],"evs":[0.0,-6.09355]},"Q3o":{"weight":1.0,"played":[0.9998,2.0E-4],"evs":[0.0,-6.46833]},"K3o":{"weight":1.0,"played":[0.9978,0.0022],"evs":[0.0,-5.59167]},"A3o":{"weight":1.0,"played":[1.0,0.0],"evs":[0.0,-2.88462]},"42s":{"weight":1.0,"played":[0.9795,0.0205],"evs":[0.0,-4.44008]},"43s":{"weight":1.0,"played":[0.9455,0.0545],"evs":[0.0,-4.95839]},"44":{"weight":1.0,"played":[0.3319,0.6681],"evs":[0.0,-0.52316]},"54o":{"weight":1.0,"played":[0.9989,0.0011],"evs":[0.0,-5.33644]},"64o":{"weight":1.0,"played":[0.9995,5.0E-4],"evs":[0.0,-5.20954]},"74o":{"weight":1.0,"played":[0.9996,4.0E-4],"evs":[0.0,-4.44384]},"84o":{"weight":1.0,"played":[0.9988,0.0012],"evs":[0.0,-4.65691]},"94o":{"weight":1.0,"played":[0.9983,0.0017],"evs":[0.0,-5.29984]},"T4o":{"weight":1.0,"played":[0.9988,0.0012],"evs":[0.0,-6.26547]},"J4o":{"weight":1.0,"played":[0.9999,1.0E-4],"evs":[0.0,-6.0075]},"Q4o":{"weight":1.0,"played":[1.0,0.0],"evs":[0.0,-4.18354]},"K4o":{"weight":1.0,"played":[0.9948,0.0052],"evs":[0.0,-5.25719]},"A4o":{"weight":1.0,"played":[0.9981,0.0019],"evs":[0.0,-3.23021]},"52s":{"weight":1.0,"played":[0.9929,0.0071],"evs":[0.0,-3.79959]},"53s":{"weight":1.0,"played":[0.9996,4.0E-4],"evs":[0.0,-3.85564]},"54s":{"weight":1.0,"played":[0.6643,0.3357],"evs":[0.0,-2.066]},"55":{"weight":1.0,"played":[0.5267,0.4733],"evs":[0.0,1.43667]},"65o":{"weight":1.0,"played":[0.9889,0.0111],"evs":[0.0,-3.86314]},"75o":{"weight":1.0,"played":[0.975,0.025],"evs":[0.0,-3.60965]},"85o":{"weight":1.0,"played":[1.0,0.0],"evs":[0.0,-3.50021]},"95o":{"weight":1.0,"played":[0.9985,0.0015],"evs":[0.0,-4.81638]},"T5o":{"weight":1.0,"played":[0.9989,0.0011],"evs":[0.0,-6.53048]},"J5o":{"weight":1.0,"played":[0.9987,0.0013],"evs":[0.0,-6.20192]},"Q5o":{"weight":1.0,"played":[0.9829,0.0171],"evs":[0.0,-5.13586]},"K5o":{"weight":1.0,"played":[0.9957,0.0043],"evs":[0.0,-6.48199]},"A5o":{"weight":1.0,"played":[0.9957,0.0043],"evs":[0.0,-2.19409]},"62s":{"weight":1.0,"played":[0.9946,0.0054],"evs":[0.0,-4.57848]},"63s":{"weight":1.0,"played":[0.9913,0.0087],"evs":[0.0,-2.28459]},"64s":{"weight":1.0,"played":[0.9857,0.0143],"evs":[0.0,-1.51872]},"65s":{"weight":1.0,"played":[0.8514,0.1486],"evs":[0.0,-3.41804]},"66":{"weight":1.0,"played":[0.0132,0.9868],"evs":[0.0,5.94382]},"76o":{"weight":1.0,"played":[0.8879,0.1121],"evs":[0.0,-2.19968]},"86o":{"weight":1.0,"played":[0.9969,0.0031],"evs":[0.0,-2.85439]},"96o":{"weight":1.0,"played":[1.0,0.0],"evs":[0.0,-3.13425]},"T6o":{"weight":1.0,"played":[0.9973,0.0027],"evs":[0.0,-4.32932]},"J6o":{"weight":1.0,"played":[0.9999,1.0E-4],"evs":[0.0,-5.91097]},"Q6o":{"weight":1.0,"played":[0.9986,0.0014],"evs":[0.0,-4.05592]},"K6o":{"weight":1.0,"played":[0.9997,3.0E-4],"evs":[0.0,-3.6388]},"A6o":{"weight":1.0,"played":[0.9983,0.0017],"evs":[0.0,-2.50389]},"72s":{"weight":1.0,"played":[0.9973,0.0027],"evs":[0.0,-2.84012]},"73s":{"weight":1.0,"played":[0.9799,0.0201],"evs":[0.0,-5.03649]},"74s":{"weight":1.0,"played":[0.6704,0.3296],"evs":[0.0,-0.38997]},"75s":{"weight":1.0,"played":[0.9921,0.0079],"evs":[0.0,-3.98146]},"76s":{"weight":1.0,"played":[0.0662,0.9338],"evs":[0.0,0.90484]},"77":{"weight":1.0,"played":[5.0E-4,0.9995],"evs":[0.0,5.2643]},"87o":{"weight":1.0,"played":[0.9998,2.0E-4],"evs":[0.0,-3.37867]},"97o":{"weight":1.0,"played":[0.9985,0.0015],"evs":[0.0,-2.84089]},"T7o":{"weight":1.0,"played":[0.9992,8.0E-4],"evs":[0.0,-4.81273]},"J7o":{"weight":1.0,"played":[0.9984,0.0016],"evs":[0.0,-4.94469]},"Q7o":{"weight":1.0,"played":[0.9998,2.0E-4],"evs":[0.0,-7.22868]},"K7o":{"weight":1.0,"played":[0.9974,0.0026],"evs":[0.0,-3.67914]},"A7o":{"weight":1.0,"played":[0.9962,0.0038],"evs":[0.0,-1.08735]},"82s":{"weight":1.0,"played":[0.9939,0.0061],"evs":[0.0,-3.94353]},"83s":{"weight":1.0,"played":[0.9963,0.0037],"evs":[0.0,-6.23326]},"84s":{"weight":1.0,"played":[0.9483,0.0517],"evs":[0.0,-4.76662]},"85s":{"weight":1.0,"played":[0.9902,0.0098],"evs":[0.0,-6.17094]},"86s":{"weight":1.0,"played":[0.9998,2.0E-4],"evs":[0.0,-1.48343]},"87s":{"weight":1.0,"played":[0.7191,0.2809],"evs":[0.0,-2.18695]},"88":{"weight":1.0,"played":[0.0027,0.9973],"evs":[0.0,6.33287]},"98o":{"weight":1.0,"played":[0.9856,0.0144],"evs":[0.0,-2.21143]},"T8o":{"weight":1.0,"played":[0.9999,1.0E-4],"evs":[0.0,-4.4317]},"J8o":{"weight":1.0,"played":[0.9999,1.0E-4],"evs":[0.0,-4.94955]},"Q8o":{"weight":1.0,"played":[0.9998,2.0E-4],"evs":[0.0,-3.7007]},"K8o":{"weight":1.0,"played":[0.9989,0.0011],"evs":[0.0,-5.87873]},"A8o":{"weight":1.0,"played":[0.9845,0.0155],"evs":[0.0,-1.76902]},"92s":{"weight":1.0,"played":[0.886,0.114],"evs":[0.0,-2.45897]},"93s":{"weight":1.0,"played":[0.9981,0.0019],"evs":[0.0,-6.32406]},"94s":{"weight":1.0,"played":[0.9891,0.0109],"evs":[0.0,-1.29895]},"95s":{"weight":1.0,"played":[0.9599,0.0401],"evs":[0.0,-4.58982]},"96s":{"weight":1.0,"played":[0.7048,0.2952],"evs":[0.0,-0.27066]},"97s":{"weight":1.0,"played":[0.6358,0.3642],"evs":[0.0,0.04438]},"98s":{"weight":1.0,"played":[0.4483,0.5517],"evs":[0.0,-1.20916]},"99":{"weight":1.0,"played":[0.0287,0.9713],"evs":[0.0,6.92972]},"T9o":{"weight":1.0,"played":[0.9966,0.0034],"evs":[0.0,-3.15419]},"J9o":{"weight":1.0,"played":[0.9953,0.0047],"evs":[0.0,-3.63506]},"Q9o":{"weight":1.0,"played":[0.9995,5.0E-4],"evs":[0.0,-2.6655]},"K9o":{"weight":1.0,"played":[0.9977,0.0023],"evs":[0.0,-3.33714]},"A9o":{"weight":1.0,"played":[0.9274,0.0726],"evs":[0.0,-1.62871]},"T2s":{"weight":1.0,"played":[0.9867,0.0133],"evs":[0.0,-4.37302]},"T3s":{"weight":1.0,"played":[0.9756,0.0244],"evs":[0.0,-4.38631]},"T4s":{"weight":1.0,"played":[0.9676,0.0324],"evs":[0.0,-4.56836]},"T5s":{"weight":1.0,"played":[0.9983,0.0017],"evs":[0.0,-3.44111]},"T6s":{"weight":1.0,"played":[0.9944,0.0056],"evs":[0.0,-4.13214]},"T7s":{"weight":1.0,"played":[0.8279,0.1721],"evs":[0.0,-1.33733]},"T8s":{"weight":1.0,"played":[0.5373,0.4627],"evs":[0.0,-0.17945]},"T9s":{"weight":1.0,"played":[0.3555,0.6445],"evs":[0.0,-0.86286]},"TT":{"weight":1.0,"played":[0.0014,0.9986],"evs":[0.0,7.49363]},"JTo":{"weight":1.0,"played":[0.9342,0.0658],"evs":[0.0,-3.56392]},"QTo":{"weight":1.0,"played":[0.9997,3.0E-4],"evs":[0.0,-2.46402]},"KTo":{"weight":1.0,"played":[0.9979,0.0021],"evs":[0.0,-3.03085]},