{"player":2,"street":0,"children":3,"sequence":[{"player":0,"type":"F","amount":0,"street":0},{"player":1,"type":"R","amount":200000,"street":0}],"actions":[{"type":"F","amount":0,"node":76},{"type":"C","amount":200000,"node":116},{"type":"R","amount":2385000,"node":182}],"hands":{"22":{"weight":1.0,"played":[1.0,0.0,0.0],"evs":[0.0,-0.11356,-0.70608]},"32o":{"weight":1.0,"played":[1.0,0.0,0.0],"evs":[0.0,-0.60351,-1.81807]},"42o":{"weight":1.0,"played":[1.0,0.0,0.0],"evs":[0.0,-0.53489,-1.68687]},"52o":{"weight":1.0,"played":[1.0,0.0,0.0],"evs":[0.0,-0.53036,-1.62321]},"62o":{"weight":1.0,"played":[1.0,0.0,0.0],"evs":[0.0,-0.59493,-1.74424]},"72o":{"weight":1.0,"played":[1.0,0.0,0.0],"evs":[0.0,-0.6652,-1.9434]},"82o":{"weight":1.0,"played":[1.0,0.0,0.0],"evs":[0.0,-0.67488,-1.94892]},"92o":{"weight":1.0,"played":[1.0,0.0,0.0],"evs":[0.0,-0.67485,-1.92203]},"T2o":{"weight":1.0,"played":[1.0,0.0,0.0],"evs":[0.0,-0.65627,-1.83832]},"J2o":{"weight":1.0,"played":[1.0,0.0,0.0],"evs":[0.0,-0.64969,-1.77516]},"Q2o":{"weight":1.0,"played":[1.0,0.0,0.0],"evs":[0.0,-0.55506,-1.36404]},"K2o":{"weight":1.0,"played":[1.0,0.0,0.0],"evs":[0.0,-0.492,-1.06591]},"A2o":{"weight":1.0,"played":[1.0,0.0,0.0],"evs":[0.0,-0.28189,-0.5017]},"32s":{"weight":1.0,"played":[1.0,0.0,0.0],"evs":[0.0,-0.32817,-1.21958]},"33":{"weight":1.0,"played":[1.0,0.0,0.0],"evs":[0.0,-0.05652,-0.46118]},"43o":{"weight":1.0,"played":[1.0,0.0,0.0],"evs":[0.0,-0.4332,-1.3891]},"53o":{"weight":1.0,"played":[1.0,0.0,0.0],"evs":[0.0,-0.39543,-1.31124]},"63o":{"weight":1.0,"played":[1.0,0.0,0.0],"evs":[0.0,-0.47896,-1.45158]},"73o":{"weight":1.0,"played":[1.0,0.0,0.0],"evs":[0.0,-0.58753,-1.64179]},"83o":{"weight":1.0,"played":[1.0,0.0,0.0],"evs":[0.0,-0.65398,-1.84788]},"93o":{"weight":1.0,"played":[1.0,0.0,0.0],"evs":[0.0,-0.6552,-1.79005]},"T3o":{"weight":1.0,"played":[1.0,0.0,0.0],"evs":[0.0,-0.63165,-1.71642]},"J3o":{"weight":1.0,"played":[1.0,0.0,0.0],"evs":[0.0,-0.62554,-1.66276]},"Q3o":{"weight":1.0,"played":[1.0,0.0,0.0],"evs":[0.0,-0.53001,-1.25766]},"K3o":{"weight":1.0,"played":[1.0,0.0,0.0],"evs":[0.0,-0.46723,-0.93656]},"A3o":{"weight":1.0,"played":[1.0,0.0,0.0],"evs":[0.0,-0.22449,-0.37588]},"42s":{"weight":1.0,"played":[1.0,0.0,0.0],"evs":[0.0,-0.26836,-1.10611]},"43s":{"weight":1.0,"played":[1.0,0.0,0.0],"evs":[0.0,-0.1435,-0.87455]},"44":{"weight":1.0,"played":[0.0537,0.9452,0.0011],"evs":[0.0,0.03325,-0.19629]},"54o":{"weight":1.0,"played":[1.0,0.0,0.0],"evs":[0.0,-0.27191,-1.04071]},"64o":{"weight":1.0,"played":[1.0,0.0,0.0],"evs":[0.0,-0.34035,-1.17226]},"74o":{"weight":1.0,"played":[1.0,0.0,0.0],"evs":[0.0,-0.45227,-1.35197]},"84o":{"weight":1.0,"played":[1.0,0.0,0.0],"evs":[0.0,-0.54454,-1.55128]},"94o":{"weight":1.0,"played":[1.0,0.0,0.0],"evs":[0.0,-0.62501,-1.73615]},"T4o":{"weight":1.0,"played":[1.0,0.0,0.0],"evs":[0.0,-0.59043,-1.59953]},"J4o":{"weight":1.0,"played":[1.0,0.0,0.0],"evs":[0.0,-0.57285,-1.54027]},"Q4o":{"weight":1.0,"played":[1.0,0.0,0.0],"evs":[0.0,-0.4803,-1.13209]},"K4o":{"weight":1.0,"played":[1.0,0.0,0.0],"evs":[0.0,-0.41331,-0.80769]},"A4o":{"weight":1.0,"played":[1.0,0.0,0.0],"evs":[0.0,-0.17198,-0.26236]},"52s":{"weight":1.0,"played":[1.0,0.0,0.0],"evs":[0.0,-0.24256,-1.02475]},"53s":{"weight":1.0,"played":[1.0,0.0,0.0],"evs":[0.0,-0.13408,-0.75736]},"54s":{"weight":1.0,"played":[1.0,0.0,0.0],"evs":[0.0,-0.00606,-0.51525]},"55":{"weight":1.0,"played":[0.0057,0.994,3.0E-4],"evs":[0.0,0.09355,-0.03978]},"65o":{"weight":1.0,"played":[1.0,0.0,0.0],"evs":[0.0,-0.25284,-0.91533]},"75o":{"weight":1.0,"played":[1.0,0.0,0.0],"evs":[0.0,-0.35428,-1.12409]},"85o":{"weight":1.0,"played":[1.0,0.0,0.0],"evs":[0.0,-0.42331,-1.3145]},"95o":{"weight":1.0,"played":[1.0,0.0,0.0],"evs":[0.0,-0.52311,-1.47866]},"T5o":{"weight":1.0,"played":[1.0,0.0,0.0],"evs":[0.0,-0.57454,-1.57181]},"J5o":{"weight":1.0,"played":[1.0,0.0,0.0],"evs":[0.0,-0.55862,-1.44113]},"Q5o":{"weight":1.0,"played":[1.0,0.0,0.0],"evs":[0.0,-0.48704,-1.09165]},"K5o":{"weight":1.0,"played":[1.0,0.0,0.0],"evs":[0.0,-0.39704,-0.77725]},"A5o":{"weight":1.0,"played":[1.0,0.0,0.0],"evs":[0.0,-0.12516,-0.17341]},"62s":{"weight":1.0,"played":[1.0,0.0,0.0],"evs":[0.0,-0.34079,-1.17856]},"63s":{"weight":1.0,"played":[1.0,0.0,0.0],"evs":[0.0,-0.18497,-0.91095]},"64s":{"weight":1.0,"played":[1.0,0.0,0.0],"evs":[0.0,-0.08429,-0.61935]},"65s":{"weight":1.0,"played":[0.6159,0.3841,0.0],"evs":[0.0,-0.00611,-0.43299]},"66":{"weight":1.0,"played":[0.0,0.9874,0.0126],"evs":[0.0,0.16034,0.11223]},"76o":{"weight":1.0,"played":[1.0,0.0,0.0],"evs":[0.0,-0.25363,-0.9121]},"86o":{"weight":1.0,"played":[1.0,0.0,0.0],"evs":[0.0,-0.33864,-1.07414]},"96o":{"weight":1.0,"played":[1.0,0.0,0.0],"evs":[0.0,-0.42929,-1.27117]},"T6o":{"weight":1.0,"played":[1.0,0.0,0.0],"evs":[0.0,-0.48861,-1.35319]},"J6o":{"weight":1.0,"played":[1.0,0.0,0.0],"evs":[0.0,-0.55594,-1.43437]},"Q6o":{"weight":1.0,"played":[1.0,0.0,0.0],"evs":[0.0,-0.45662,-1.02046]},"K6o":{"weight":1.0,"played":[1.0,0.0,0.0],"evs":[0.0,-0.37934,-0.70223]},"A6o":{"weight":1.0,"played":[1.0,0.0,0.0],"evs":[0.0,-0.20077,-0.34885]},"72s":{"weight":1.0,"played":[1.0,0.0,0.0],"evs":[0.0,-0.42343,-1.38285]},"73s":{"weight":1.0,"played":[1.0,0.0,0.0],"evs":[0.0,-0.30685,-1.10833]},"74s":{"weight":1.0,"played":[1.0,0.0,0.0],"evs":[0.0,-0.18018,-0.82631]},"75s":{"weight":1.0,"played":[1.0,0.0,0.0],"evs":[0.0,-0.08379,-0.5959]},"76s":{"weight":1.0,"played":[0.8335,0.1665,0.0],"evs":[0.0,0.01317,-0.40444]},"77":{"weight":1.0,"played":[0.0,0.4014,0.5986],"evs":[0.0,0.20418,0.19737]},"87o":{"weight":1.0,"played":[1.0,0.0,0.0],"evs":[0.0,-0.29003,-0.92741]},"97o":{"weight":1.0,"played":[1.0,0.0,0.0],"evs":[0.0,-0.3264,-1.10099]},"T7o":{"weight":1.0,"played":[1.0,0.0,0.0],"evs":[0.0,-0.40645,-1.19857]},"J7o":{"weight":1.0,"played":[1.0,0.0,0.0],"evs":[0.0,-0.4971,-1.31538]},"Q7o":{"weight":1.0,"played":[1.0,0.0,0.0],"evs":[0.0,-0.47103,-1.08124]},"K7o":{"weight":1.0,"played":[1.0,0.0,0.0],"evs":[0.0,-0.39271,-0.7127]},"A7o":{"weight":1.0,"played":[1.0,0.0,0.0],"evs":[0.0,-0.17539,-0.27497]},"82s":{"weight":1.0,"played":[1.0,0.0,0.0],"evs":[0.0,-0.43387,-1.34801]},"83s":{"weight":1.0,"played":[1.0,0.0,0.0],"evs":[0.0,-0.42338,-1.29475]},"84s":{"weight":1.0,"played":[1.0,0.0,0.0],"evs":[0.0,-0.28813,-1.00915]},"85s":{"weight":1.0,"played":[1.0,0.0,0.0],"evs":[0.0,-0.16211,-0.758]},"86s":{"weight":1.0,"played":[1.0,0.0,0.0],"evs":[0.0,-0.06968,-0.56643]},"87s":{"weight":1.0,"played":[0.6619,0.3381,0.0],"evs":[0.0,-0.00533,-0.42365]},"88":{"weight":1.0,"played":[0.0,0.7631,0.2369],"evs":[0.0,0.3638,0.35451]},"98o":{"weight":1.0,"played":[1.0,0.0,0.0],"evs":[0.0,-0.31756,-0.99039]},"T8o":{"weight":1.0,"played":[1.0,0.0,0.0],"evs":[0.0,-0.34974,-1.05543]},"J8o":{"weight":1.0,"played":[1.0,0.0,0.0],"evs":[0.0,-0.44935,-1.14002]},"Q8o":{"weight":1.0,"played":[1.0,0.0,0.0],"evs":[0.0,-0.4388,-0.91816]},"K8o":{"weight":1.0,"played":[1.0,0.0,0.0],"evs":[0.0,-0.4655,-0.75702]},"A8o":{"weight":1.0,"played":[1.0,0.0,0.0],"evs":[0.0,-0.10634,-0.21999]},"92s":{"weight":1.0,"played":[1.0,0.0,0.0],"evs":[0.0,-0.42543,-1.3547]},"93s":{"weight":1.0,"played":[1.0,0.0,0.0],"evs":[0.0,-0.3896,-1.20657]},"94s":{"weight":1.0,"played":[1.0,0.0,0.0],"evs":[0.0,-0.35401,-1.18514]},"95s":{"weight":1.0,"played":[1.0,0.0,0.0],"evs":[0.0,-0.24361,-0.92194]},"96s":{"weight":1.0,"played":[1.0,0.0,0.0],"evs":[0.0,-0.13815,-0.7097]},"97s":{"weight":1.0,"played":[1.0,0.0,0.0],"evs":[0.0,-0.05453,-0.57653]},"98s":{"weight":1.0,"played":[1.0,0.0,0.0],"evs":[0.0,-0.03948,-0.46006]},"99":{"weight":1.0,"played":[0.0,0.6737,0.3263],"evs":[0.0,0.56286,0.5524]},"T9o":{"weight":1.0,"played":[1.0,0.0,0.0],"evs":[0.0,-0.27794,-0.94266]},"J9o":{"weight":1.0,"played":[1.0,0.0,0.0],"evs":[0.0,-0.34485,-1.00767]},"Q9o":{"weight":1.0,"played":[1.0,0.0,0.0],"evs":[0.0,-0.34563,-0.78387]},"K9o":{"weight":1.0,"played":[1.0,0.0,0.0],"evs":[0.0,-0.31517,-0.57258]},"A9o":{"weight":1.0,"played":[0.0,1.0,0.0],"evs":[0.0,0.06001,-0.17943]},