{"player":1,"street":0,"children":3,"sequence":[{"player":0,"type":"R","amount":10000000,"street":0}],"actions":[{"type":"F","amount":0,"node":24},{"type":"C","amount":10000000},{"type":"R","amount":25250000,"node":42}],"hands":{"22":{"weight":1.0,"played":[1.0,0.0,0.0],"evs":[0.0,-1.45415,-1.61222]},"32o":{"weight":1.0,"played":[1.0,0.0,0.0],"evs":[0.0,-2.42107,-4.83151]},"42o":{"weight":1.0,"played":[1.0,0.0,0.0],"evs":[0.0,-2.3747,-4.72155]},"52o":{"weight":1.0,"played":[1.0,0.0,0.0],"evs":[0.0,-2.3415,-4.61577]},"62o":{"weight":1.0,"played":[1.0,0.0,0.0],"evs":[0.0,-2.44086,-4.86719]},"72o":{"weight":1.0,"played":[1.0,0.0,0.0],"evs":[0.0,-2.50595,-5.09169]},"82o":{"weight":1.0,"played":[1.0,0.0,0.0],"evs":[0.0,-2.46808,-4.97459]},"92o":{"weight":1.0,"played":[1.0,0.0,0.0],"evs":[0.0,-2.4394,-4.93056]},"T2o":{"weight":1.0,"played":[1.0,0.0,0.0],"evs":[0.0,-2.40462,-4.8499]},"J2o":{"weight":1.0,"played":[1.0,0.0,0.0],"evs":[0.0,-2.28301,-4.64364]},"Q2o":{"weight":1.0,"played":[1.0,0.0,0.0],"evs":[0.0,-2.15467,-4.29693]},"K2o":{"weight":1.0,"played":[1.0,0.0,0.0],"evs":[0.0,-2.09871,-3.73185]},"A2o":{"weight":1.0,"played":[1.0,0.0,0.0],"evs":[0.0,-1.54283,-2.06593]},"32s":{"weight":1.0,"played":[1.0,0.0,0.0],"evs":[0.0,-2.04271,-3.98468]},"33":{"weight":1.0,"played":[1.0,0.0,0.0],"evs":[0.0,-1.23408,-1.4084]},"43o":{"weight":1.0,"played":[1.0,0.0,0.0],"evs":[0.0,-2.25761,-4.43846]},"53o":{"weight":1.0,"played":[1.0,0.0,0.0],"evs":[0.0,-2.20145,-4.31379]},"63o":{"weight":1.0,"played":[1.0,0.0,0.0],"evs":[0.0,-2.31772,-4.58352]},"73o":{"weight":1.0,"played":[1.0,0.0,0.0],"evs":[0.0,-2.39128,-4.77778]},"83o":{"weight":1.0,"played":[1.0,0.0,0.0],"evs":[0.0,-2.4838,-5.01478]},"93o":{"weight":1.0,"played":[1.0,0.0,0.0],"evs":[0.0,-2.43156,-4.89548]},"T3o":{"weight":1.0,"played":[1.0,0.0,0.0],"evs":[0.0,-2.42226,-4.82593]},"J3o":{"weight":1.0,"played":[1.0,0.0,0.0],"evs":[0.0,-2.28511,-4.6082]},"Q3o":{"weight":1.0,"played":[1.0,0.0,0.0],"evs":[0.0,-2.16914,-4.28585]},"K3o":{"weight":1.0,"played":[1.0,0.0,0.0],"evs":[0.0,-2.07857,-3.67609]},"A3o":{"weight":1.0,"played":[1.0,0.0,0.0],"evs":[0.0,-1.45078,-1.95088]},"42s":{"weight":1.0,"played":[1.0,0.0,0.0],"evs":[0.0,-1.98427,-3.86096]},"43s":{"weight":1.0,"played":[1.0,0.0,0.0],"evs":[0.0,-1.87265,-3.62535]},"44":{"weight":1.0,"played":[1.0,0.0,0.0],"evs":[0.0,-0.89935,-1.08458]},"54o":{"weight":1.0,"played":[1.0,0.0,0.0],"evs":[0.0,-2.06407,-4.01305]},"64o":{"weight":1.0,"played":[1.0,0.0,0.0],"evs":[0.0,-2.15782,-4.24179]},"74o":{"weight":1.0,"played":[1.0,0.0,0.0],"evs":[0.0,-2.24071,-4.43955]},"84o":{"weight":1.0,"played":[1.0,0.0,0.0],"evs":[0.0,-2.3492,-4.67597]},"94o":{"weight":1.0,"played":[1.0,0.0,0.0],"evs":[0.0,-2.41225,-4.86736]},"T4o":{"weight":1.0,"played":[1.0,0.0,0.0],"evs":[0.0,-2.38205,-4.73199]},"J4o":{"weight":1.0,"played":[1.0,0.0,0.0],"evs":[0.0,-2.25548,-4.5207]},"Q4o":{"weight":1.0,"played":[1.0,0.0,0.0],"evs":[0.0,-2.13654,-4.18843]},"K4o":{"weight":1.0,"played":[1.0,0.0,0.0],"evs":[0.0,-2.03065,-3.55975]},"A4o":{"weight":1.0,"played":[1.0,0.0,0.0],"evs":[0.0,-1.36995,-1.81516]},"52s":{"weight":1.0,"played":[1.0,0.0,0.0],"evs":[0.0,-1.94638,-3.77076]},"53s":{"weight":1.0,"played":[1.0,0.0,0.0],"evs":[0.0,-1.80132,-3.49974]},"54s":{"weight":1.0,"played":[1.0,0.0,0.0],"evs":[0.0,-1.62146,-3.19814]},"55":{"weight":1.0,"played":[1.0,0.0,0.0],"evs":[0.0,-0.56898,-0.72543]},"65o":{"weight":1.0,"played":[1.0,0.0,0.0],"evs":[0.0,-1.99352,-3.89683]},"75o":{"weight":1.0,"played":[1.0,0.0,0.0],"evs":[0.0,-2.07056,-4.08391]},"85o":{"weight":1.0,"played":[1.0,0.0,0.0],"evs":[0.0,-2.18502,-4.29293]},"95o":{"weight":1.0,"played":[1.0,0.0,0.0],"evs":[0.0,-2.26219,-4.48738]},"T5o":{"weight":1.0,"played":[1.0,0.0,0.0],"evs":[0.0,-2.35065,-4.68635]},"J5o":{"weight":1.0,"played":[1.0,0.0,0.0],"evs":[0.0,-2.20976,-4.39949]},"Q5o":{"weight":1.0,"played":[1.0,0.0,0.0],"evs":[0.0,-2.09036,-4.05328]},"K5o":{"weight":1.0,"played":[1.0,0.0,0.0],"evs":[0.0,-1.97489,-3.44757]},"A5o":{"weight":1.0,"played":[1.0,0.0,0.0],"evs":[0.0,-1.24593,-1.63182]},"62s":{"weight":1.0,"played":[1.0,0.0,0.0],"evs":[0.0,-2.07501,-4.03803]},"63s":{"weight":1.0,"played":[1.0,0.0,0.0],"evs":[0.0,-1.93276,-3.74542]},"64s":{"weight":1.0,"played":[1.0,0.0,0.0],"evs":[0.0,-1.7482,-3.4373]},"65s":{"weight":1.0,"played":[1.0,0.0,0.0],"evs":[0.0,-1.54367,-3.08234]},"66":{"weight":1.0,"played":[1.0,0.0,0.0],"evs":[0.0,-0.34008,-0.44922]},"76o":{"weight":1.0,"played":[1.0,0.0,0.0],"evs":[0.0,-1.9297,-3.77903]},"86o":{"weight":1.0,"played":[1.0,0.0,0.0],"evs":[0.0,-2.01595,-3.99179]},"96o":{"weight":1.0,"played":[1.0,0.0,0.0],"evs":[0.0,-2.12576,-4.18448]},"T6o":{"weight":1.0,"played":[1.0,0.0,0.0],"evs":[0.0,-2.22433,-4.37293]},"J6o":{"weight":1.0,"played":[1.0,0.0,0.0],"evs":[0.0,-2.183,-4.40638]},"Q6o":{"weight":1.0,"played":[1.0,0.0,0.0],"evs":[0.0,-2.05427,-3.99735]},"K6o":{"weight":1.0,"played":[1.0,0.0,0.0],"evs":[0.0,-1.9295,-3.3018]},"A6o":{"weight":1.0,"played":[1.0,0.0,0.0],"evs":[0.0,-1.35618,-1.70777]},"72s":{"weight":1.0,"played":[1.0,0.0,0.0],"evs":[0.0,-2.12937,-4.21097]},"73s":{"weight":1.0,"played":[1.0,0.0,0.0],"evs":[0.0,-2.01702,-3.93115]},"74s":{"weight":1.0,"played":[1.0,0.0,0.0],"evs":[0.0,-1.8501,-3.60192]},"75s":{"weight":1.0,"played":[1.0,0.0,0.0],"evs":[0.0,-1.66461,-3.27161]},"76s":{"weight":1.0,"played":[1.0,0.0,0.0],"evs":[0.0,-1.46609,-2.96827]},"77":{"weight":1.0,"played":[0.9776,0.0073,0.0151],"evs":[0.0,-0.06734,-0.01896]},"87o":{"weight":1.0,"played":[1.0,0.0,0.0],"evs":[0.0,-1.90047,-3.73345]},"97o":{"weight":1.0,"played":[1.0,0.0,0.0],"evs":[0.0,-1.96375,-3.9133]},"T7o":{"weight":1.0,"played":[1.0,0.0,0.0],"evs":[0.0,-2.06152,-4.07626]},"J7o":{"weight":1.0,"played":[1.0,0.0,0.0],"evs":[0.0,-2.04506,-4.10561]},"Q7o":{"weight":1.0,"played":[1.0,0.0,0.0],"evs":[0.0,-2.01977,-3.98936]},"K7o":{"weight":1.0,"played":[1.0,0.0,0.0],"evs":[0.0,-1.87796,-3.18444]},"A7o":{"weight":1.0,"played":[1.0,0.0,0.0],"evs":[0.0,-1.1058,-1.32334]},"82s":{"weight":1.0,"played":[1.0,0.0,0.0],"evs":[0.0,-2.06075,-4.07854]},"83s":{"weight":1.0,"played":[1.0,0.0,0.0],"evs":[0.0,-2.09505,-4.13831]},"84s":{"weight":1.0,"played":[1.0,0.0,0.0],"evs":[0.0,-1.95087,-3.82737]},"85s":{"weight":1.0,"played":[1.0,0.0,0.0],"evs":[0.0,-1.75504,-3.43992]},"86s":{"weight":1.0,"played":[1.0,0.0,0.0],"evs":[0.0,-1.58589,-3.16957]},"87s":{"weight":1.0,"played":[1.0,0.0,0.0],"evs":[0.0,-1.43302,-2.91439]},"88":{"weight":1.0,"played":[0.0,0.0014,0.9986],"evs":[0.0,0.40405,0.43302]},"98o":{"weight":1.0,"played":[1.0,0.0,0.0],"evs":[0.0,-1.85755,-3.66932]},"T8o":{"weight":1.0,"played":[1.0,0.0,0.0],"evs":[0.0,-1.90054,-3.78252]},"J8o":{"weight":1.0,"played":[1.0,0.0,0.0],"evs":[0.0,-1.88963,-3.83629]},"Q8o":{"weight":1.0,"played":[1.0,0.0,0.0],"evs":[0.0,-1.8691,-3.67397]},"K8o":{"weight":1.0,"played":[1.0,0.0,0.0],"evs":[0.0,-1.78903,-2.93957]},"A8o":{"weight":1.0,"played":[1.0,0.0,0.0],"evs":[0.0,-0.79457,-0.86511]},"92s":{"weight":1.0,"played":[1.0,0.0,0.0],"evs":[0.0,-2.04192,-4.02969]},"93s":{"weight":1.0,"played":[1.0,0.0,0.0],"evs":[0.0,-2.03778,-3.99711]},"94s":{"weight":1.0,"played":[1.0,0.0,0.0],"evs":[0.0,-2.03153,-4.01307]},"95s":{"weight":1.0,"played":[1.0,0.0,0.0],"evs":[0.0,-1.87494,-3.66145]},"96s":{"weight":1.0,"played":[1.0,0.0,0.0],"evs":[0.0,-1.72987,-3.37836]},"97s":{"weight":1.0,"played":[1.0,0.0,0.0],"evs":[0.0,-1.51712,-3.08661]},"98s":{"weight":1.0,"played":[1.0,0.0,0.0],"evs":[0.0,-1.41337,-2.8966]},"99":{"weight":1.0,"played":[0.0,0.0015,0.9985],"evs":[0.0,0.91119,0.91826]},"T9o":{"weight":1.0,"played":[1.0,0.0,0.0],"evs":[0.0,-1.75922,-3.50265]},"J9o":{"weight":1.0,"played":[1.0,0.0,0.0],"evs":[0.0,-1.72112,-3.47977]},"Q9o":{"weight":1.0,"played":[1.0,0.0,0.0],"evs":[0.0,-1.71255,-3.26808]},"K9o":{"weight":1.0,"played":[1.0,0.0,0.0],"evs":[0.0,-1.58196,-2.37218]},"A9o":{"weight":1.0,"played":[1.0,0.0,0.0],"evs":[0.0,-0.46456,-0.4306]},"T2s":{"weight":1.0,"played":[1.0,0.0,0.0],"evs":[0.0,-2.0305,-4.00466]},