{"player":2,"street":0,"children":3,"sequence":[{"player":0,"type":"R","amount":10000000,"street":0},{"player":1,"type":"F","amount":0,"street":0}],"actions":[{"type":"F","amount":0,"node":25},{"type":"C","amount":10000000},{"type":"R","amount":42250000,"node":35}],"hands":{"22":{"weight":1.0,"played":[1.0,0.0,0.0],"evs":[0.0,-0.78364,-0.91567]},"32o":{"weight":1.0,"played":[1.0,0.0,0.0],"evs":[0.0,-1.69216,-3.45669]},"42o":{"weight":1.0,"played":[1.0,0.0,0.0],"evs":[0.0,-1.6096,-3.31463]},"52o":{"weight":1.0,"played":[1.0,0.0,0.0],"evs":[0.0,-1.56763,-3.20229]},"62o":{"weight":1.0,"played":[1.0,0.0,0.0],"evs":[0.0,-1.68782,-3.36465]},"72o":{"weight":1.0,"played":[1.0,0.0,0.0],"evs":[0.0,-1.77479,-3.42645]},"82o":{"weight":1.0,"played":[1.0,0.0,0.0],"evs":[0.0,-1.74179,-3.27716]},"92o":{"weight":1.0,"played":[1.0,0.0,0.0],"evs":[0.0,-1.71536,-3.16006]},"T2o":{"weight":1.0,"played":[1.0,0.0,0.0],"evs":[0.0,-1.69675,-2.99214]},"J2o":{"weight":1.0,"played":[1.0,0.0,0.0],"evs":[0.0,-1.59427,-2.65161]},"Q2o":{"weight":1.0,"played":[1.0,0.0,0.0],"evs":[0.0,-1.47065,-2.24226]},"K2o":{"weight":1.0,"played":[1.0,0.0,0.0],"evs":[0.0,-1.37345,-1.94848]},"A2o":{"weight":1.0,"played":[1.0,0.0,0.0],"evs":[0.0,-1.0801,-1.18474]},"32s":{"weight":1.0,"played":[1.0,0.0,0.0],"evs":[0.0,-1.33396,-2.72458]},"33":{"weight":1.0,"played":[1.0,0.0,0.0],"evs":[0.0,-0.66163,-0.63505]},"43o":{"weight":1.0,"played":[1.0,0.0,0.0],"evs":[0.0,-1.46878,-3.0175]},"53o":{"weight":1.0,"played":[1.0,0.0,0.0],"evs":[0.0,-1.41064,-2.91327]},"63o":{"weight":1.0,"played":[1.0,0.0,0.0],"evs":[0.0,-1.51974,-3.07819]},"73o":{"weight":1.0,"played":[1.0,0.0,0.0],"evs":[0.0,-1.63369,-3.13011]},"83o":{"weight":1.0,"played":[1.0,0.0,0.0],"evs":[0.0,-1.74936,-3.25054]},"93o":{"weight":1.0,"played":[1.0,0.0,0.0],"evs":[0.0,-1.70627,-3.06005]},"T3o":{"weight":1.0,"played":[1.0,0.0,0.0],"evs":[0.0,-1.66975,-2.89887]},"J3o":{"weight":1.0,"played":[1.0,0.0,0.0],"evs":[0.0,-1.57867,-2.53417]},"Q3o":{"weight":1.0,"played":[1.0,0.0,0.0],"evs":[0.0,-1.45185,-2.15145]},"K3o":{"weight":1.0,"played":[1.0,0.0,0.0],"evs":[0.0,-1.33359,-1.81569]},"A3o":{"weight":1.0,"played":[1.0,0.0,0.0],"evs":[0.0,-1.00529,-1.05706]},"42s":{"weight":1.0,"played":[1.0,0.0,0.0],"evs":[0.0,-1.27125,-2.61692]},"43s":{"weight":1.0,"played":[1.0,0.0,0.0],"evs":[0.0,-1.12866,-2.36497]},"44":{"weight":1.0,"played":[1.0,0.0,0.0],"evs":[0.0,-0.43461,-0.35132]},"54o":{"weight":1.0,"played":[1.0,0.0,0.0],"evs":[0.0,-1.25,-2.60441]},"64o":{"weight":1.0,"played":[1.0,0.0,0.0],"evs":[0.0,-1.3407,-2.75809]},"74o":{"weight":1.0,"played":[1.0,0.0,0.0],"evs":[0.0,-1.44643,-2.79381]},"84o":{"weight":1.0,"played":[1.0,0.0,0.0],"evs":[0.0,-1.56564,-2.93909]},"94o":{"weight":1.0,"played":[1.0,0.0,0.0],"evs":[0.0,-1.67052,-3.0028]},"T4o":{"weight":1.0,"played":[1.0,0.0,0.0],"evs":[0.0,-1.62422,-2.78097]},"J4o":{"weight":1.0,"played":[1.0,0.0,0.0],"evs":[0.0,-1.51842,-2.43477]},"Q4o":{"weight":1.0,"played":[1.0,0.0,0.0],"evs":[0.0,-1.38348,-2.00801]},"K4o":{"weight":1.0,"played":[1.0,0.0,0.0],"evs":[0.0,-1.28095,-1.72172]},"A4o":{"weight":1.0,"played":[1.0,0.0,0.0],"evs":[0.0,-0.90732,-0.93285]},"52s":{"weight":1.0,"played":[1.0,0.0,0.0],"evs":[0.0,-1.20499,-2.4745]},"53s":{"weight":1.0,"played":[1.0,0.0,0.0],"evs":[0.0,-1.06727,-2.19507]},"54s":{"weight":1.0,"played":[1.0,0.0,0.0],"evs":[0.0,-0.88343,-1.92434]},"55":{"weight":1.0,"played":[0.4663,0.0,0.5337],"evs":[0.0,-0.20685,0.01382]},"65o":{"weight":1.0,"played":[1.0,0.0,0.0],"evs":[0.0,-1.16257,-2.42944]},"75o":{"weight":1.0,"played":[1.0,0.0,0.0],"evs":[0.0,-1.25849,-2.46575]},"85o":{"weight":1.0,"played":[1.0,0.0,0.0],"evs":[0.0,-1.37981,-2.58574]},"95o":{"weight":1.0,"played":[1.0,0.0,0.0],"evs":[0.0,-1.4896,-2.66368]},"T5o":{"weight":1.0,"played":[1.0,0.0,0.0],"evs":[0.0,-1.59507,-2.70111]},"J5o":{"weight":1.0,"played":[1.0,0.0,0.0],"evs":[0.0,-1.48195,-2.28825]},"Q5o":{"weight":1.0,"played":[1.0,0.0,0.0],"evs":[0.0,-1.33813,-1.87947]},"K5o":{"weight":1.0,"played":[1.0,0.0,0.0],"evs":[0.0,-1.23038,-1.58199]},"A5o":{"weight":1.0,"played":[1.0,0.0,0.0],"evs":[0.0,-0.79423,-0.79838]},"62s":{"weight":1.0,"played":[1.0,0.0,0.0],"evs":[0.0,-1.30594,-2.63634]},"63s":{"weight":1.0,"played":[1.0,0.0,0.0],"evs":[0.0,-1.1783,-2.38387]},"64s":{"weight":1.0,"played":[1.0,0.0,0.0],"evs":[0.0,-0.97901,-2.08339]},"65s":{"weight":1.0,"played":[1.0,0.0,0.0],"evs":[0.0,-0.82058,-1.79492]},"66":{"weight":1.0,"played":[0.0,0.0,1.0],"evs":[0.0,8.5E-4,0.32694]},"76o":{"weight":1.0,"played":[1.0,0.0,0.0],"evs":[0.0,-1.10559,-2.20246]},"86o":{"weight":1.0,"played":[1.0,0.0,0.0],"evs":[0.0,-1.21459,-2.33011]},"96o":{"weight":1.0,"played":[1.0,0.0,0.0],"evs":[0.0,-1.32065,-2.38754]},"T6o":{"weight":1.0,"played":[1.0,0.0,0.0],"evs":[0.0,-1.45134,-2.42511]},"J6o":{"weight":1.0,"played":[1.0,0.0,0.0],"evs":[0.0,-1.45314,-2.24461]},"Q6o":{"weight":1.0,"played":[1.0,0.0,0.0],"evs":[0.0,-1.30825,-1.77635]},"K6o":{"weight":1.0,"played":[1.0,0.0,0.0],"evs":[0.0,-1.17401,-1.48426]},"A6o":{"weight":1.0,"played":[1.0,0.0,0.0],"evs":[0.0,-0.88964,-0.93732]},"72s":{"weight":1.0,"played":[1.0,0.0,0.0],"evs":[0.0,-1.42689,-2.70793]},"73s":{"weight":1.0,"played":[1.0,0.0,0.0],"evs":[0.0,-1.26368,-2.4354]},"74s":{"weight":1.0,"played":[1.0,0.0,0.0],"evs":[0.0,-1.07892,-2.11947]},"75s":{"weight":1.0,"played":[1.0,0.0,0.0],"evs":[0.0,-0.9063,-1.79869]},"76s":{"weight":1.0,"played":[1.0,0.0,0.0],"evs":[0.0,-0.73099,-1.52835]},"77":{"weight":1.0,"played":[0.0,0.0,1.0],"evs":[0.0,0.30857,0.84736]},"87o":{"weight":1.0,"played":[1.0,0.0,0.0],"evs":[0.0,-1.08814,-2.04513]},"97o":{"weight":1.0,"played":[1.0,0.0,0.0],"evs":[0.0,-1.16346,-2.08186]},"T7o":{"weight":1.0,"played":[1.0,0.0,0.0],"evs":[0.0,-1.27868,-2.10782]},"J7o":{"weight":1.0,"played":[1.0,0.0,0.0],"evs":[0.0,-1.28502,-1.92887]},"Q7o":{"weight":1.0,"played":[1.0,0.0,0.0],"evs":[0.0,-1.26384,-1.68799]},"K7o":{"weight":1.0,"played":[1.0,0.0,0.0],"evs":[0.0,-1.11292,-1.37128]},"A7o":{"weight":1.0,"played":[1.0,0.0,0.0],"evs":[0.0,-0.74859,-0.6963]},"82s":{"weight":1.0,"played":[1.0,0.0,0.0],"evs":[0.0,-1.3793,-2.5684]},"83s":{"weight":1.0,"played":[1.0,0.0,0.0],"evs":[0.0,-1.3734,-2.52833]},"84s":{"weight":1.0,"played":[1.0,0.0,0.0],"evs":[0.0,-1.2021,-2.25561]},"85s":{"weight":1.0,"played":[1.0,0.0,0.0],"evs":[0.0,-0.99376,-1.91903]},"86s":{"weight":1.0,"played":[1.0,0.0,0.0],"evs":[0.0,-0.84382,-1.67267]},"87s":{"weight":1.0,"played":[1.0,0.0,0.0],"evs":[0.0,-0.7187,-1.37677]},"88":{"weight":1.0,"played":[0.0,0.0,1.0],"evs":[0.0,0.65653,1.19836]},"98o":{"weight":1.0,"played":[1.0,0.0,0.0],"evs":[0.0,-1.07654,-1.89246]},"T8o":{"weight":1.0,"played":[1.0,0.0,0.0],"evs":[0.0,-1.12643,-1.86137]},"J8o":{"weight":1.0,"played":[1.0,0.0,0.0],"evs":[0.0,-1.14753,-1.67103]},"Q8o":{"weight":1.0,"played":[1.0,0.0,0.0],"evs":[0.0,-1.08908,-1.44944]},"K8o":{"weight":1.0,"played":[1.0,0.0,0.0],"evs":[0.0,-1.01804,-1.30912]},"A8o":{"weight":1.0,"played":[1.0,0.0,0.0],"evs":[0.0,-0.58173,-0.64201]},"92s":{"weight":1.0,"played":[1.0,0.0,0.0],"evs":[0.0,-1.36471,-2.44576]},"93s":{"weight":1.0,"played":[1.0,0.0,0.0],"evs":[0.0,-1.33612,-2.33953]},"94s":{"weight":1.0,"played":[1.0,0.0,0.0],"evs":[0.0,-1.31131,-2.28119]},"95s":{"weight":1.0,"played":[1.0,0.0,0.0],"evs":[0.0,-1.13641,-1.99316]},"96s":{"weight":1.0,"played":[1.0,0.0,0.0],"evs":[0.0,-0.96872,-1.73068]},"97s":{"weight":1.0,"played":[1.0,0.0,0.0],"evs":[0.0,-0.81249,-1.45108]},"98s":{"weight":1.0,"played":[1.0,0.0,0.0],"evs":[0.0,-0.70344,-1.24939]},"99":{"weight":1.0,"played":[0.0,0.0,1.0],"evs":[0.0,0.9269,1.5458]},"T9o":{"weight":1.0,"played":[1.0,0.0,0.0],"evs":[0.0,-0.98849,-1.60437]},"J9o":{"weight":1.0,"played":[1.0,0.0,0.0],"evs":[0.0,-0.96463,-1.37468]},"Q9o":{"weight":1.0,"played":[1.0,0.0,0.0],"evs":[0.0,-0.91589,-1.13622]},"K9o":{"weight":1.0,"played":[1.0,0.0,0.0],"evs":[0.0,-0.82126,-1.03898]},"A9o":{"weight":1.0,"played":[1.0,0.0,0.0],"evs":[0.0,-0.42881,-0.53852]},"T2s":{"weight":1.0,"played":[1.0,0.0,0.0],