{"player":3,"street":0,"children":2,"sequence":[{"player":0,"type":"R","amount":75750000,"street":0},{"player":1,"type":"C","amount":25250000,"street":0},{"player":2,"type":"C","amount":42250000,"street":0}],"actions":[{"type":"F","amount":0,"node":70},{"type":"C","amount":73250000,"node":71}],"hands":{"22":{"weight":1.0,"played":[0.9999,1.0E-4],"evs":[0.0,-7.19637]},"32o":{"weight":1.0,"played":[1.0,0.0],"evs":[0.0,-12.28878]},"42o":{"weight":1.0,"played":[1.0,0.0],"evs":[0.0,-11.72389]},"52o":{"weight":1.0,"played":[0.9999,1.0E-4],"evs":[0.0,-12.22826]},"62o":{"weight":1.0,"played":[1.0,0.0],"evs":[0.0,-11.33171]},"72o":{"weight":1.0,"played":[1.0,0.0],"evs":[0.0,-11.87015]},"82o":{"weight":1.0,"played":[1.0,0.0],"evs":[0.0,-12.78032]},"92o":{"weight":1.0,"played":[1.0,0.0],"evs":[0.0,-10.82294]},"T2o":{"weight":1.0,"played":[1.0,0.0],"evs":[0.0,-11.56176]},"J2o":{"weight":1.0,"played":[1.0,0.0],"evs":[0.0,-11.65973]},"Q2o":{"weight":1.0,"played":[1.0,0.0],"evs":[0.0,-12.13595]},"K2o":{"weight":1.0,"played":[1.0,0.0],"evs":[0.0,-10.40364]},"A2o":{"weight":1.0,"played":[0.9992,8.0E-4],"evs":[0.0,-8.53804]},"32s":{"weight":1.0,"played":[0.9999,1.0E-4],"evs":[0.0,-10.39017]},"33":{"weight":1.0,"played":[0.9999,1.0E-4],"evs":[0.0,-7.81587]},"43o":{"weight":1.0,"played":[1.0,0.0],"evs":[0.0,-10.95976]},"53o":{"weight":1.0,"played":[1.0,0.0],"evs":[0.0,-10.57667]},"63o":{"weight":1.0,"played":[1.0,0.0],"evs":[0.0,-11.07637]},"73o":{"weight":1.0,"played":[0.9999,1.0E-4],"evs":[0.0,-10.23949]},"83o":{"weight":1.0,"played":[1.0,0.0],"evs":[0.0,-11.66246]},"93o":{"weight":1.0,"played":[1.0,0.0],"evs":[0.0,-12.00039]},"T3o":{"weight":1.0,"played":[1.0,0.0],"evs":[0.0,-13.11682]},"J3o":{"weight":1.0,"played":[1.0,0.0],"evs":[0.0,-12.49108]},"Q3o":{"weight":1.0,"played":[1.0,0.0],"evs":[0.0,-10.35424]},"K3o":{"weight":1.0,"played":[1.0,0.0],"evs":[0.0,-9.44465]},"A3o":{"weight":1.0,"played":[1.0,0.0],"evs":[0.0,-8.66383]},"42s":{"weight":1.0,"played":[0.9999,1.0E-4],"evs":[0.0,-9.64212]},"43s":{"weight":1.0,"played":[1.0,0.0],"evs":[0.0,-10.65684]},"44":{"weight":1.0,"played":[1.0,0.0],"evs":[0.0,-7.34497]},"54o":{"weight":1.0,"played":[0.9999,1.0E-4],"evs":[0.0,-8.72716]},"64o":{"weight":1.0,"played":[1.0,0.0],"evs":[0.0,-10.15188]},"74o":{"weight":1.0,"played":[1.0,0.0],"evs":[0.0,-9.88882]},"84o":{"weight":1.0,"played":[1.0,0.0],"evs":[0.0,-11.24343]},"94o":{"weight":1.0,"played":[1.0,0.0],"evs":[0.0,-11.79589]},"T4o":{"weight":1.0,"played":[0.9999,1.0E-4],"evs":[0.0,-11.98708]},"J4o":{"weight":1.0,"played":[1.0,0.0],"evs":[0.0,-11.62957]},"Q4o":{"weight":1.0,"played":[0.9999,1.0E-4],"evs":[0.0,-10.09371]},"K4o":{"weight":1.0,"played":[0.9999,1.0E-4],"evs":[0.0,-10.31451]},"A4o":{"weight":1.0,"played":[1.0,0.0],"evs":[0.0,-8.42036]},"52s":{"weight":1.0,"played":[0.9998,2.0E-4],"evs":[0.0,-7.46819]},"53s":{"weight":1.0,"played":[0.9984,0.0016],"evs":[0.0,-10.48589]},"54s":{"weight":1.0,"played":[0.9877,0.0123],"evs":[0.0,-7.9188]},"55":{"weight":1.0,"played":[0.9976,0.0024],"evs":[0.0,-4.99106]},"65o":{"weight":1.0,"played":[0.9999,1.0E-4],"evs":[0.0,-8.86471]},"75o":{"weight":1.0,"played":[1.0,0.0],"evs":[0.0,-9.13773]},"85o":{"weight":1.0,"played":[1.0,0.0],"evs":[0.0,-9.96031]},"95o":{"weight":1.0,"played":[1.0,0.0],"evs":[0.0,-11.49742]},"T5o":{"weight":1.0,"played":[0.9998,2.0E-4],"evs":[0.0,-9.60623]},"J5o":{"weight":1.0,"played":[1.0,0.0],"evs":[0.0,-9.45095]},"Q5o":{"weight":1.0,"played":[1.0,0.0],"evs":[0.0,-10.84496]},"K5o":{"weight":1.0,"played":[1.0,0.0],"evs":[0.0,-10.78907]},"A5o":{"weight":1.0,"played":[1.0,0.0],"evs":[0.0,-7.32729]},"62s":{"weight":1.0,"played":[0.9998,2.0E-4],"evs":[0.0,-8.83397]},"63s":{"weight":1.0,"played":[0.9998,2.0E-4],"evs":[0.0,-7.29482]},"64s":{"weight":1.0,"played":[0.9987,0.0013],"evs":[0.0,-6.63157]},"65s":{"weight":1.0,"played":[1.0,0.0],"evs":[0.0,-4.56617]},"66":{"weight":1.0,"played":[0.9999,1.0E-4],"evs":[0.0,-3.38761]},"76o":{"weight":1.0,"played":[1.0,0.0],"evs":[0.0,-8.65504]},"86o":{"weight":1.0,"played":[1.0,0.0],"evs":[0.0,-8.79583]},"96o":{"weight":1.0,"played":[1.0,0.0],"evs":[0.0,-9.97119]},"T6o":{"weight":1.0,"played":[1.0,0.0],"evs":[0.0,-9.94506]},"J6o":{"weight":1.0,"played":[1.0,0.0],"evs":[0.0,-10.3765]},"Q6o":{"weight":1.0,"played":[0.9996,4.0E-4],"evs":[0.0,-9.67916]},"K6o":{"weight":1.0,"played":[1.0,0.0],"evs":[0.0,-9.96713]},"A6o":{"weight":1.0,"played":[0.9981,0.0019],"evs":[0.0,-7.20727]},"72s":{"weight":1.0,"played":[1.0,0.0],"evs":[0.0,-9.09967]},"73s":{"weight":1.0,"played":[1.0,0.0],"evs":[0.0,-8.77597]},"74s":{"weight":1.0,"played":[0.9996,4.0E-4],"evs":[0.0,-7.73728]},"75s":{"weight":1.0,"played":[0.9999,1.0E-4],"evs":[0.0,-8.05123]},"76s":{"weight":1.0,"played":[0.9918,0.0082],"evs":[0.0,-8.10668]},"77":{"weight":1.0,"played":[0.9902,0.0098],"evs":[0.0,-3.46207]},"87o":{"weight":1.0,"played":[1.0,0.0],"evs":[0.0,-8.85915]},"97o":{"weight":1.0,"played":[1.0,0.0],"evs":[0.0,-8.94346]},"T7o":{"weight":1.0,"played":[1.0,0.0],"evs":[0.0,-9.99265]},"J7o":{"weight":1.0,"played":[1.0,0.0],"evs":[0.0,-10.05842]},"Q7o":{"weight":1.0,"played":[1.0,0.0],"evs":[0.0,-10.03612]},"K7o":{"weight":1.0,"played":[1.0,0.0],"evs":[0.0,-9.43756]},"A7o":{"weight":1.0,"played":[1.0,0.0],"evs":[0.0,-6.7112]},"82s":{"weight":1.0,"played":[0.9999,1.0E-4],"evs":[0.0,-10.47846]},"83s":{"weight":1.0,"played":[0.9999,1.0E-4],"evs":[0.0,-10.02771]},"84s":{"weight":1.0,"played":[1.0,0.0],"evs":[0.0,-10.43281]},"85s":{"weight":1.0,"played":[0.9999,1.0E-4],"evs":[0.0,-8.86471]},"86s":{"weight":1.0,"played":[0.9876,0.0124],"evs":[0.0,-5.76493]},"87s":{"weight":1.0,"played":[0.9997,3.0E-4],"evs":[0.0,-7.0601]},"88":{"weight":1.0,"played":[0.9379,0.0621],"evs":[0.0,-1.88961]},"98o":{"weight":1.0,"played":[1.0,0.0],"evs":[0.0,-10.42896]},"T8o":{"weight":1.0,"played":[1.0,0.0],"evs":[0.0,-9.76902]},"J8o":{"weight":1.0,"played":[0.9999,1.0E-4],"evs":[0.0,-10.53649]},"Q8o":{"weight":1.0,"played":[1.0,0.0],"evs":[0.0,-10.69122]},"K8o":{"weight":1.0,"played":[1.0,0.0],"evs":[0.0,-9.957]},"A8o":{"weight":1.0,"played":[1.0,0.0],"evs":[0.0,-6.57708]},"92s":{"weight":1.0,"played":[1.0,0.0],"evs":[0.0,-9.31857]},"93s":{"weight":1.0,"played":[0.9999,1.0E-4],"evs":[0.0,-10.8215]},"94s":{"weight":1.0,"played":[0.9999,1.0E-4],"evs":[0.0,-11.82952]},"95s":{"weight":1.0,"played":[0.9999,1.0E-4],"evs":[0.0,-8.65236]},"96s":{"weight":1.0,"played":[0.9996,4.0E-4],"evs":[0.0,-8.39802]},"97s":{"weight":1.0,"played":[0.9978,0.0022],"evs":[0.0,-8.77535]},"98s":{"weight":1.0,"played":[0.9989,0.0011],"evs":[0.0,-9.10755]},"99":{"weight":1.0,"played":[0.9562,0.0438],"evs":[0.0,-0.96059]},"T9o":{"weight":1.0,"played":[0.9999,1.0E-4],"evs":[0.0,-9.75144]},"J9o":{"weight":1.0,"played":[1.0,0.0],"evs":[0.0,-10.07501]},"Q9o":{"weight":1.0,"played":[1.0,0.0],"evs":[0.0,-8.78102]},"K9o":{"weight":1.0,"played":[1.0,0.0],"evs":[0.0,-8.9629]},"A9o":{"weight":1.0,"played":[1.0,0.0],"evs":[0.0,-5.11514]},"T2s":{"weight":1.0,"played":[0.9997,3.0E-4],"evs":[0.0,-9.85556]},"T3s":{"weight":1.0,"played":[0.9999,1.0E-4],"evs":[0.0,-8.89146]},"T4s":{"weight":1.0,"played":[1.0,0.0],"evs":[0.0,-10.12408]},"T5s":{"weight":1.0,"played":[0.9999,1.0E-4],"evs":[0.0,-10.50393]},"T6s":{"weight":1.0,"played":[1.0,0.0],"evs":[0.0,-6.95089]},"T7s":{"weight":1.0,"played":[0.9991,9.0E-4],"evs":[0.0,-10.8455]},"T8s":{"weight":1.0,"played":[0.9869,0.0131],"evs":[0.0,-6.63575]},"T9s":{"weight":1.0,"played":[0.9995,5.0E-4],"evs":[0.0,-5.96562]},"TT":{"weight":1.0,"played":[0.5424,0.4576],"evs":[0.0,-0.25192]},"JTo":{"weight":1.0,"played":[0.9999,1.0E-4],"evs":[0.0,-7.82194]},"QTo":{"weight":1.0,"played":[1.0,0.0],"evs":[0.0,-7.41299]},"KTo":{"weight":1.0,"played":[0.9996,4.0E-4],"evs":[0.0,-9.36373]},"ATo":{"weight":1.0,"played":[0.9988,0.0012],"evs":[0.0,-4.82393]},"J2s":{"weight":1.0,"played":[1.0,0.0],"evs":[0.0,-7.3966]},"J3s":{"weight":1.0,"played":[0.9985,0.0015],"evs":[0.0,-8.58757]},"J4s":{"weight":1.0,"played":[0.9996,4.0E-4],"evs":[0.0,-11.13059]},"J5s":{"weight":1.0,