{"player":2,"street":0,"children":3,"sequence":[{"player":0,"type":"F","amount":0,"street":0},{"player":1,"type":"F","amount":0,"street":0}],"actions":[{"type":"F","amount":0},{"type":"C","amount":200000,"node":3},{"type":"R","amount":3340000,"node":5}],"hands":{"22":{"weight":1.0,"played":[0.0,0.0,1.0],"evs":[0.0,1.37834,2.01157]},"32o":{"weight":1.0,"played":[1.0,0.0,0.0],"evs":[0.0,-0.14907,-0.53483]},"42o":{"weight":1.0,"played":[1.0,0.0,0.0],"evs":[0.0,-0.13296,-0.42786]},"52o":{"weight":1.0,"played":[1.0,0.0,0.0],"evs":[0.0,-0.08921,-0.32988]},"62o":{"weight":1.0,"played":[1.0,0.0,0.0],"evs":[0.0,-0.12236,-0.42876]},"72o":{"weight":1.0,"played":[1.0,0.0,0.0],"evs":[0.0,-0.14236,-0.5049]},"82o":{"weight":1.0,"played":[1.0,0.0,0.0],"evs":[0.0,-0.0898,-0.37691]},"92o":{"weight":1.0,"played":[1.0,0.0,0.0],"evs":[0.0,-0.04784,-0.2699]},"T2o":{"weight":1.0,"played":[0.9987,0.0013,0.0],"evs":[0.0,-0.03745,-0.18181]},"J2o":{"weight":1.0,"played":[0.0,0.9997,3.0E-4],"evs":[0.0,0.05011,-0.02704]},"Q2o":{"weight":1.0,"played":[0.0,0.467,0.533],"evs":[0.0,0.2755,0.28099]},"K2o":{"weight":1.0,"played":[0.0,0.0,1.0],"evs":[0.0,0.75314,1.02092]},"A2o":{"weight":1.0,"played":[0.0,0.0,1.0],"evs":[0.0,1.83189,2.24786]},"32s":{"weight":1.0,"played":[2.0E-4,0.985,0.0149],"evs":[0.0,0.10432,0.01551]},"33":{"weight":1.0,"played":[0.0,0.0,1.0],"evs":[0.0,1.75882,2.28474]},"43o":{"weight":1.0,"played":[0.9996,4.0E-4,0.0],"evs":[0.0,-0.04606,-0.19594]},"53o":{"weight":1.0,"played":[0.4216,0.5784,0.0],"evs":[0.0,0.00558,-0.09459]},"63o":{"weight":1.0,"played":[0.998,0.002,0.0],"evs":[0.0,-0.03913,-0.20057]},"73o":{"weight":1.0,"played":[1.0,0.0,0.0],"evs":[0.0,-0.06604,-0.2633]},"83o":{"weight":1.0,"played":[1.0,0.0,0.0],"evs":[0.0,-0.0727,-0.33128]},"93o":{"weight":1.0,"played":[0.9991,9.0E-4,0.0],"evs":[0.0,-0.02418,-0.20606]},"T3o":{"weight":1.0,"played":[0.6007,0.3992,1.0E-4],"evs":[0.0,0.00131,-0.09082]},"J3o":{"weight":1.0,"played":[0.0,0.9905,0.0095],"evs":[0.0,0.09135,0.055]},"Q3o":{"weight":1.0,"played":[0.0,8.0E-4,0.9992],"evs":[0.0,0.31443,0.36857]},"K3o":{"weight":1.0,"played":[0.0,0.0,1.0],"evs":[0.0,0.86045,1.08934]},"A3o":{"weight":1.0,"played":[0.0,0.0,1.0],"evs":[0.0,1.93566,2.34814]},"42s":{"weight":1.0,"played":[0.0,0.7551,0.2448],"evs":[0.0,0.13003,0.1387]},"43s":{"weight":1.0,"played":[0.0,0.0,1.0],"evs":[0.0,0.18589,0.32841]},"44":{"weight":1.0,"played":[0.0,0.0,1.0],"evs":[0.0,2.10102,2.5777]},"54o":{"weight":1.0,"played":[0.0,3.0E-4,0.9997],"evs":[0.0,0.08472,0.14455]},"64o":{"weight":1.0,"played":[0.0,0.4266,0.5734],"evs":[0.0,0.03872,0.04355]},"74o":{"weight":1.0,"played":[0.0,0.9964,0.0036],"evs":[0.0,0.0177,-4.0E-4]},"84o":{"weight":1.0,"played":[0.1841,0.8159,0.0],"evs":[0.0,7.0E-5,-0.08915]},"94o":{"weight":1.0,"played":[0.995,0.005,0.0],"evs":[0.0,-0.0258,-0.14795]},"T4o":{"weight":1.0,"played":[0.0,1.0,0.0],"evs":[0.0,0.00644,-0.01338]},"J4o":{"weight":1.0,"played":[0.0,0.0199,0.9801],"evs":[0.0,0.10925,0.13515]},"Q4o":{"weight":1.0,"played":[0.0,2.0E-4,0.9998],"evs":[0.0,0.34772,0.451]},"K4o":{"weight":1.0,"played":[0.0,0.0,1.0],"evs":[0.0,0.95379,1.18987]},"A4o":{"weight":1.0,"played":[0.0,0.0,1.0],"evs":[0.0,2.04001,2.4485]},"52s":{"weight":1.0,"played":[0.0,0.0016,0.9984],"evs":[0.0,0.16322,0.2188]},"53s":{"weight":1.0,"played":[0.0,0.0,1.0],"evs":[0.0,0.2573,0.44037]},"54s":{"weight":1.0,"played":[0.0,0.0,1.0],"evs":[0.0,0.32317,0.69216]},"55":{"weight":1.0,"played":[0.0,0.0,1.0],"evs":[0.0,2.41564,2.89199]},"65o":{"weight":1.0,"played":[0.0,0.0,1.0],"evs":[0.0,0.17097,0.29201]},"75o":{"weight":1.0,"played":[0.0,2.0E-4,0.9998],"evs":[0.0,0.15422,0.23856]},"85o":{"weight":1.0,"played":[0.0,0.0227,0.9773],"evs":[0.0,0.13689,0.15706]},"95o":{"weight":1.0,"played":[0.0,0.4782,0.5218],"evs":[0.0,0.11291,0.10853]},"T5o":{"weight":1.0,"played":[0.0,0.9083,0.0917],"evs":[0.0,0.07096,0.05581]},"J5o":{"weight":1.0,"played":[0.0,1.0E-4,0.9999],"evs":[0.0,0.16882,0.2162]},"Q5o":{"weight":1.0,"played":[0.0,0.0,1.0],"evs":[0.0,0.40222,0.56455]},"K5o":{"weight":1.0,"played":[0.0,0.0,1.0],"evs":[0.0,1.08502,1.32412]},"A5o":{"weight":1.0,"played":[0.0,0.0,1.0],"evs":[0.0,2.14217,2.55503]},"62s":{"weight":1.0,"played":[0.0,0.9994,6.0E-4],"evs":[0.0,0.13467,0.1065]},"63s":{"weight":1.0,"played":[0.0,0.0,1.0],"evs":[0.0,0.21846,0.33804]},"64s":{"weight":1.0,"played":[0.0,0.0,1.0],"evs":[0.0,0.29333,0.57512]},"65s":{"weight":1.0,"played":[0.0,0.0,1.0],"evs":[0.0,0.42754,0.78544]},"66":{"weight":1.0,"played":[0.0,0.0,1.0],"evs":[0.0,2.76196,3.18715]},"76o":{"weight":1.0,"played":[0.0,0.0,1.0],"evs":[0.0,0.3012,0.48382]},"86o":{"weight":1.0,"played":[0.0,1.0E-4,0.9999],"evs":[0.0,0.30401,0.41904]},"96o":{"weight":1.0,"played":[0.0,0.0,1.0],"evs":[0.0,0.29101,0.36443]},"T6o":{"weight":1.0,"played":[0.0,1.0E-4,0.9999],"evs":[0.0,0.25176,0.31307]},"J6o":{"weight":1.0,"played":[0.0,0.0063,0.9937],"evs":[0.0,0.26396,0.28835]},"Q6o":{"weight":1.0,"played":[0.0,0.0,1.0],"evs":[0.0,0.4851,0.65833]},"K6o":{"weight":1.0,"played":[0.0,0.0,1.0],"evs":[0.0,1.28069,1.48789]},"A6o":{"weight":1.0,"played":[0.0,0.0,1.0],"evs":[0.0,2.21817,2.61715]},"72s":{"weight":1.0,"played":[1.0E-4,0.9999,1.0E-4],"evs":[0.0,0.11802,0.06939]},"73s":{"weight":1.0,"played":[0.0,1.0E-4,0.9999],"evs":[0.0,0.20162,0.27921]},"74s":{"weight":1.0,"played":[0.0,0.0,1.0],"evs":[0.0,0.279,0.52319]},"75s":{"weight":1.0,"played":[0.0,0.0,1.0],"evs":[0.0,0.49068,0.75933]},"76s":{"weight":1.0,"played":[0.0,0.0,1.0],"evs":[0.0,0.74636,0.97707]},"77":{"weight":1.0,"played":[0.0,1.0E-4,0.9999],"evs":[0.0,3.24294,3.49641]},"87o":{"weight":1.0,"played":[0.0,0.0,1.0],"evs":[0.0,0.46706,0.62379]},"97o":{"weight":1.0,"played":[0.0,0.0,1.0],"evs":[0.0,0.43259,0.56608]},"T7o":{"weight":1.0,"played":[0.0,0.0,1.0],"evs":[0.0,0.38603,0.52238]},"J7o":{"weight":1.0,"played":[0.0,1.0E-4,0.9999],"evs":[0.0,0.4263,0.53028]},"Q7o":{"weight":1.0,"played":[0.0,0.0,1.0],"evs":[0.0,0.59192,0.73475]},"K7o":{"weight":1.0,"played":[0.0,0.0,1.0],"evs":[0.0,1.48445,1.69712]},"A7o":{"weight":1.0,"played":[0.0,0.0,1.0],"evs":[0.0,2.42293,2.84737]},"82s":{"weight":1.0,"played":[0.0,0.7638,0.2362],"evs":[0.0,0.1713,0.15666]},"83s":{"weight":1.0,"played":[0.0,0.1046,0.8954],"evs":[0.0,0.19763,0.22152]},"84s":{"weight":1.0,"played":[0.0,1.0E-4,0.9999],"evs":[0.0,0.26155,0.44988]},"85s":{"weight":1.0,"played":[0.0,0.0,1.0],"evs":[0.0,0.45752,0.69518]},"86s":{"weight":1.0,"played":[0.0,0.0,1.0],"evs":[0.0,0.72369,0.93053]},"87s":{"weight":1.0,"played":[0.0,0.0,1.0],"evs":[0.0,0.99778,1.09208]},"88":{"weight":1.0,"played":[0.0,1.0E-4,0.9999],"evs":[0.0,3.67103,3.87254]},"98o":{"weight":1.0,"played":[0.0,0.0,1.0],"evs":[0.0,0.72204,0.78568]},"T8o":{"weight":1.0,"played":[0.0,0.0,1.0],"evs":[0.0,0.70113,0.75349]},"J8o":{"weight":1.0,"played":[0.0,0.0,1.0],"evs":[0.0,0.70282,0.79493]},"Q8o":{"weight":1.0,"played":[0.0,0.0,1.0],"evs":[0.0,0.98697,1.05692]},"K8o":{"weight":1.0,"played":[0.0,0.0,1.0],"evs":[0.0,1.67418,1.92273]},"A8o":{"weight":1.0,"played":[0.0,0.0,1.0],"evs":[0.0,2.64863,3.10747]},"92s":{"weight":1.0,"played":[0.0,0.0318,0.9682],"evs":[0.0,0.20567,0.27612]},"93s":{"weight":1.0,"played":[0.0,1.0E-4,0.9999],"evs":[0.0,0.24218,0.35048]},"94s":{"weight":1.0,"played":[0.0,0.0,1.0],"evs":[0.0,0.24372,0.38101]},"95s":{"weight":1.0,"played":[0.0,0.0,1.0],"evs":[0.0,0.35902,0.57517]},"96s":{"weight":1.0,"played":[0.0,0.0,1.0],"evs":[0.0,0.66965,0.85216]},"97s":{"weight":1.0,"played":[0.0,0.0,1.0],"evs":[0.0,0.96796,1.05613]},"98s":{"weight":1.0,"played":[0.0,0.0081,0.9919],"evs":[0.0,1.24097,1.24577]},"99":{"weight":1.0,"played":[0.0,6.0E-4,0.9994],"evs":[0.0,4.09581,4.26583]},"T9o":{"weight":1.0,"played":[0.0,5.0E-4,0.9995],"evs":[0.0,1.012,1.05095]},"J9o":{"weight":1.0,"played":[0.0,2.0E-4,0.9998],"evs":[0.0,1.02455,1.10913]},"Q9o":{"weight":1.0,"played":[0.0,0.0,1.0],"evs":[0.0,1.3479,1.43327]},"K9o":{"weight":1.0,"played":[0.0,0.0,1.0],"evs":[0.0,2.06625,2.32125]},"A9o":{"weight":1.0,"played":[0.0,0.0,1.0],