{"player":1,"street":0,"children":2,"sequence":[{"player":0,"type":"R","amount":9620000,"street":0}],"actions":[{"type":"F","amount":0,"node":62},{"type":"C","amount":9620000,"node":65}],"hands":{"22":{"weight":1.0,"played":[1.0,0.0],"evs":[0.0,-10.6059]},"32o":{"weight":1.0,"played":[1.0,0.0],"evs":[0.0,-19.20452]},"42o":{"weight":1.0,"played":[1.0,0.0],"evs":[0.0,-18.28745]},"52o":{"weight":1.0,"played":[1.0,0.0],"evs":[0.0,-17.5729]},"62o":{"weight":1.0,"played":[1.0,0.0],"evs":[0.0,-17.94448]},"72o":{"weight":1.0,"played":[1.0,0.0],"evs":[0.0,-17.55858]},"82o":{"weight":1.0,"played":[1.0,0.0],"evs":[0.0,-16.77272]},"92o":{"weight":1.0,"played":[1.0,0.0],"evs":[0.0,-16.90917]},"T2o":{"weight":1.0,"played":[1.0,0.0],"evs":[0.0,-16.00217]},"J2o":{"weight":1.0,"played":[1.0,0.0],"evs":[0.0,-15.99035]},"Q2o":{"weight":1.0,"played":[1.0,0.0],"evs":[0.0,-15.07482]},"K2o":{"weight":1.0,"played":[1.0,0.0],"evs":[0.0,-13.41033]},"A2o":{"weight":1.0,"played":[1.0,0.0],"evs":[0.0,-9.47024]},"32s":{"weight":1.0,"played":[1.0,0.0],"evs":[0.0,-16.91071]},"33":{"weight":1.0,"played":[1.0,0.0],"evs":[0.0,-6.03906]},"43o":{"weight":1.0,"played":[1.0,0.0],"evs":[0.0,-15.80925]},"53o":{"weight":1.0,"played":[1.0,0.0],"evs":[0.0,-15.2155]},"63o":{"weight":1.0,"played":[1.0,0.0],"evs":[0.0,-15.42395]},"73o":{"weight":1.0,"played":[1.0,0.0],"evs":[0.0,-14.87861]},"83o":{"weight":1.0,"played":[1.0,0.0],"evs":[0.0,-15.16422]},"93o":{"weight":1.0,"played":[1.0,0.0],"evs":[0.0,-15.07675]},"T3o":{"weight":1.0,"played":[1.0,0.0],"evs":[0.0,-14.17467]},"J3o":{"weight":1.0,"played":[1.0,0.0],"evs":[0.0,-14.19089]},"Q3o":{"weight":1.0,"played":[1.0,0.0],"evs":[0.0,-13.4808]},"K3o":{"weight":1.0,"played":[1.0,0.0],"evs":[0.0,-11.83366]},"A3o":{"weight":1.0,"played":[1.0,0.0],"evs":[0.0,-8.26835]},"42s":{"weight":1.0,"played":[1.0,0.0],"evs":[0.0,-16.12293]},"43s":{"weight":1.0,"played":[1.0,0.0],"evs":[0.0,-13.73848]},"44":{"weight":1.0,"played":[1.0,0.0],"evs":[0.0,-3.70639]},"54o":{"weight":1.0,"played":[1.0,0.0],"evs":[0.0,-13.8277]},"64o":{"weight":1.0,"played":[1.0,0.0],"evs":[0.0,-13.85589]},"74o":{"weight":1.0,"played":[1.0,0.0],"evs":[0.0,-13.50975]},"84o":{"weight":1.0,"played":[1.0,0.0],"evs":[0.0,-13.65991]},"94o":{"weight":1.0,"played":[1.0,0.0],"evs":[0.0,-14.20329]},"T4o":{"weight":1.0,"played":[1.0,0.0],"evs":[0.0,-13.24547]},"J4o":{"weight":1.0,"played":[1.0,0.0],"evs":[0.0,-13.30316]},"Q4o":{"weight":1.0,"played":[1.0,0.0],"evs":[0.0,-12.4993]},"K4o":{"weight":1.0,"played":[1.0,0.0],"evs":[0.0,-10.97634]},"A4o":{"weight":1.0,"played":[1.0,0.0],"evs":[0.0,-7.50498]},"52s":{"weight":1.0,"played":[1.0,0.0],"evs":[0.0,-15.4318]},"53s":{"weight":1.0,"played":[1.0,0.0],"evs":[0.0,-13.23428]},"54s":{"weight":1.0,"played":[1.0,0.0],"evs":[0.0,-12.03119]},"55":{"weight":1.0,"played":[1.0,0.0],"evs":[0.0,-2.41645]},"65o":{"weight":1.0,"played":[1.0,0.0],"evs":[0.0,-12.77659]},"75o":{"weight":1.0,"played":[1.0,0.0],"evs":[0.0,-12.287]},"85o":{"weight":1.0,"played":[1.0,0.0],"evs":[0.0,-12.5617]},"95o":{"weight":1.0,"played":[1.0,0.0],"evs":[0.0,-13.12227]},"T5o":{"weight":1.0,"played":[1.0,0.0],"evs":[0.0,-12.78874]},"J5o":{"weight":1.0,"played":[1.0,0.0],"evs":[0.0,-12.57134]},"Q5o":{"weight":1.0,"played":[1.0,0.0],"evs":[0.0,-11.87445]},"K5o":{"weight":1.0,"played":[1.0,0.0],"evs":[0.0,-10.43289]},"A5o":{"weight":1.0,"played":[1.0,0.0],"evs":[0.0,-6.93465]},"62s":{"weight":1.0,"played":[1.0,0.0],"evs":[0.0,-15.71566]},"63s":{"weight":1.0,"played":[1.0,0.0],"evs":[0.0,-13.48782]},"64s":{"weight":1.0,"played":[1.0,0.0],"evs":[0.0,-12.0138]},"65s":{"weight":1.0,"played":[1.0,0.0],"evs":[0.0,-10.95654]},"66":{"weight":1.0,"played":[0.1673,0.8327],"evs":[0.0,0.1007]},"76o":{"weight":1.0,"played":[1.0,0.0],"evs":[0.0,-11.14501]},"86o":{"weight":1.0,"played":[1.0,0.0],"evs":[0.0,-11.49541]},"96o":{"weight":1.0,"played":[1.0,0.0],"evs":[0.0,-12.12863]},"T6o":{"weight":1.0,"played":[1.0,0.0],"evs":[0.0,-11.84767]},"J6o":{"weight":1.0,"played":[1.0,0.0],"evs":[0.0,-12.30337]},"Q6o":{"weight":1.0,"played":[1.0,0.0],"evs":[0.0,-11.49649]},"K6o":{"weight":1.0,"played":[1.0,0.0],"evs":[0.0,-9.83091]},"A6o":{"weight":1.0,"played":[1.0,0.0],"evs":[0.0,-6.54844]},"72s":{"weight":1.0,"played":[1.0,0.0],"evs":[0.0,-15.28646]},"73s":{"weight":1.0,"played":[1.0,0.0],"evs":[0.0,-12.89953]},"74s":{"weight":1.0,"played":[1.0,0.0],"evs":[0.0,-11.43179]},"75s":{"weight":1.0,"played":[1.0,0.0],"evs":[0.0,-10.38706]},"76s":{"weight":1.0,"played":[1.0,0.0],"evs":[0.0,-9.50849]},"77":{"weight":1.0,"played":[0.0,1.0],"evs":[0.0,4.21043]},"87o":{"weight":1.0,"played":[1.0,0.0],"evs":[0.0,-9.89197]},"97o":{"weight":1.0,"played":[1.0,0.0],"evs":[0.0,-10.52717]},"T7o":{"weight":1.0,"played":[1.0,0.0],"evs":[0.0,-10.22038]},"J7o":{"weight":1.0,"played":[1.0,0.0],"evs":[0.0,-10.6212]},"Q7o":{"weight":1.0,"played":[1.0,0.0],"evs":[0.0,-10.53546]},"K7o":{"weight":1.0,"played":[1.0,0.0],"evs":[0.0,-8.70904]},"A7o":{"weight":1.0,"played":[1.0,0.0],"evs":[0.0,-4.93162]},"82s":{"weight":1.0,"played":[1.0,0.0],"evs":[0.0,-14.58416]},"83s":{"weight":1.0,"played":[1.0,0.0],"evs":[0.0,-13.06946]},"84s":{"weight":1.0,"played":[1.0,0.0],"evs":[0.0,-11.72938]},"85s":{"weight":1.0,"played":[1.0,0.0],"evs":[0.0,-10.70521]},"86s":{"weight":1.0,"played":[1.0,0.0],"evs":[0.0,-9.75316]},"87s":{"weight":1.0,"played":[1.0,0.0],"evs":[0.0,-8.30535]},"88":{"weight":1.0,"played":[0.0,1.0],"evs":[0.0,5.66098]},"98o":{"weight":1.0,"played":[1.0,0.0],"evs":[0.0,-9.21176]},"T8o":{"weight":1.0,"played":[1.0,0.0],"evs":[0.0,-9.10438]},"J8o":{"weight":1.0,"played":[1.0,0.0],"evs":[0.0,-9.51432]},"Q8o":{"weight":1.0,"played":[1.0,0.0],"evs":[0.0,-9.28889]},"K8o":{"weight":1.0,"played":[1.0,0.0],"evs":[0.0,-8.25735]},"A8o":{"weight":1.0,"played":[1.0,0.0],"evs":[0.0,-4.15809]},"92s":{"weight":1.0,"played":[1.0,0.0],"evs":[0.0,-14.84625]},"93s":{"weight":1.0,"played":[1.0,0.0],"evs":[0.0,-12.90928]},"94s":{"weight":1.0,"played":[1.0,0.0],"evs":[0.0,-12.23735]},"95s":{"weight":1.0,"played":[1.0,0.0],"evs":[0.0,-11.06238]},"96s":{"weight":1.0,"played":[1.0,0.0],"evs":[0.0,-10.35852]},"97s":{"weight":1.0,"played":[1.0,0.0],"evs":[0.0,-8.78004]},"98s":{"weight":1.0,"played":[1.0,0.0],"evs":[0.0,-7.22853]},"99":{"weight":1.0,"played":[0.0,1.0],"evs":[0.0,6.96191]},"T9o":{"weight":1.0,"played":[1.0,0.0],"evs":[0.0,-8.35459]},"J9o":{"weight":1.0,"played":[1.0,0.0],"evs":[0.0,-8.72287]},"Q9o":{"weight":1.0,"played":[1.0,0.0],"evs":[0.0,-7.68126]},"K9o":{"weight":1.0,"played":[1.0,0.0],"evs":[0.0,-6.89983]},"A9o":{"weight":1.0,"played":[1.0,0.0],"evs":[0.0,-3.20323]},"T2s":{"weight":1.0,"played":[1.0,0.0],"evs":[0.0,-13.80262]},"T3s":{"weight":1.0,"played":[1.0,0.0],"evs":[0.0,-12.21328]},"T4s":{"weight":1.0,"played":[1.0,0.0],"evs":[0.0,-11.35692]},"T5s":{"weight":1.0,"played":[1.0,0.0],"evs":[0.0,-10.88002]},"T6s":{"weight":1.0,"played":[1.0,0.0],"evs":[0.0,-9.90308]},"T7s":{"weight":1.0,"played":[1.0,0.0],"evs":[0.0,-8.54151]},"T8s":{"weight":1.0,"played":[1.0,0.0],"evs":[0.0,-7.5142]},"T9s":{"weight":1.0,"played":[1.0,0.0],"evs":[0.0,-6.58353]},"TT":{"weight":1.0,"played":[0.0,1.0],"evs":[0.0,7.98984]},"JTo":{"weight":1.0,"played":[1.0,0.0],"evs":[0.0,-7.46344]},"QTo":{"weight":1.0,"played":[1.0,0.0],"evs":[0.0,-6.41342]},"KTo":{"weight":1.0,"played":[1.0,0.0],"evs":[0.0,-6.24481]},"ATo":{"weight":1.0,"played":[1.0,0.0],"evs":[0.0,-2.51134]},"J2s":{"weight":1.0,"played":[1.0,0.0],"evs":[0.0,-13.73278]},"J3s":{"weight":1.0,"played":[1.0,0.0],"evs":[0.0,-12.29983]},"J4s":{"weight":1.0,"played":[1.0,0.0],"evs":[0.0,-11.23118]},"J5s":{"weight":1.0,"played":[1.0,0.0],"evs":[0.0,-10.79537]},"J6s":{"weight":1.0,"played":[1.0,0.0],"evs":[0.0,-10.42092]},"J7s":{"weight":1.0,"played":[1.0,0.0],"evs":[0.0,-8.8639]},"J8s":{"weight":1.0,"played":[1.0,0.0],"evs":[0.0,-7.7908]},"J9s":{"weight":1.0,"played":[1.0,0.0],"evs":[0.0,-7.16817]},"JTs":{"weight":1.0,"played":[1.0,0.0],"evs":[0.0,-5.99976]},"JJ":{"weight":1.0,"played":[0.0,1.0],"evs":[0.0,9.88777]},