{"player":3,"street":0,"children":2,"sequence":[{"player":0,"type":"R","amount":200000,"street":0},{"player":1,"type":"C","amount":200000,"street":0},{"player":2,"type":"C","amount":200000,"street":0}],"actions":[{"type":"F","amount":0,"node":537},{"type":"R","amount":1463000,"node":571}],"hands":{"22":{"weight":1.0,"played":[0.9984,0.0016],"evs":[0.0,-3.29798]},"32o":{"weight":1.0,"played":[0.9997,3.0E-4],"evs":[0.0,-7.3246]},"42o":{"weight":1.0,"played":[1.0,0.0],"evs":[0.0,-5.87347]},"52o":{"weight":1.0,"played":[0.9977,0.0023],"evs":[0.0,-5.37542]},"62o":{"weight":1.0,"played":[0.9995,5.0E-4],"evs":[0.0,-7.39907]},"72o":{"weight":1.0,"played":[1.0,0.0],"evs":[0.0,-7.39308]},"82o":{"weight":1.0,"played":[0.998,0.002],"evs":[0.0,-5.89918]},"92o":{"weight":1.0,"played":[0.9999,1.0E-4],"evs":[0.0,-6.00548]},"T2o":{"weight":1.0,"played":[0.9999,1.0E-4],"evs":[0.0,-6.75163]},"J2o":{"weight":1.0,"played":[0.9999,1.0E-4],"evs":[0.0,-6.29719]},"Q2o":{"weight":1.0,"played":[1.0,0.0],"evs":[0.0,-7.43108]},"K2o":{"weight":1.0,"played":[0.9992,8.0E-4],"evs":[0.0,-4.27356]},"A2o":{"weight":1.0,"played":[0.983,0.017],"evs":[0.0,-3.98535]},"32s":{"weight":1.0,"played":[0.9841,0.0159],"evs":[0.0,-2.55982]},"33":{"weight":1.0,"played":[0.9317,0.0683],"evs":[0.0,0.09369]},"43o":{"weight":1.0,"played":[0.9998,2.0E-4],"evs":[0.0,-5.14751]},"53o":{"weight":1.0,"played":[0.9831,0.0169],"evs":[0.0,-5.31055]},"63o":{"weight":1.0,"played":[0.9999,1.0E-4],"evs":[0.0,-4.96103]},"73o":{"weight":1.0,"played":[1.0,0.0],"evs":[0.0,-5.99862]},"83o":{"weight":1.0,"played":[0.9997,3.0E-4],"evs":[0.0,-6.3825]},"93o":{"weight":1.0,"played":[0.9998,2.0E-4],"evs":[0.0,-7.31573]},"T3o":{"weight":1.0,"played":[0.9941,0.0059],"evs":[0.0,-5.90298]},"J3o":{"weight":1.0,"played":[1.0,0.0],"evs":[0.0,-7.03197]},"Q3o":{"weight":1.0,"played":[0.9999,1.0E-4],"evs":[0.0,-6.50501]},"K3o":{"weight":1.0,"played":[0.9968,0.0032],"evs":[0.0,-5.46372]},"A3o":{"weight":1.0,"played":[0.9945,0.0055],"evs":[0.0,-5.56897]},"42s":{"weight":1.0,"played":[0.9651,0.0349],"evs":[0.0,-3.35904]},"43s":{"weight":1.0,"played":[0.9953,0.0047],"evs":[0.0,-4.65961]},"44":{"weight":1.0,"played":[0.4475,0.5525],"evs":[0.0,-0.47267]},"54o":{"weight":1.0,"played":[0.988,0.012],"evs":[0.0,-4.36018]},"64o":{"weight":1.0,"played":[0.9993,7.0E-4],"evs":[0.0,-3.15459]},"74o":{"weight":1.0,"played":[1.0,0.0],"evs":[0.0,-4.03224]},"84o":{"weight":1.0,"played":[0.9921,0.0079],"evs":[0.0,-5.00874]},"94o":{"weight":1.0,"played":[0.9998,2.0E-4],"evs":[0.0,-5.96914]},"T4o":{"weight":1.0,"played":[0.9988,0.0012],"evs":[0.0,-4.41689]},"J4o":{"weight":1.0,"played":[0.9999,1.0E-4],"evs":[0.0,-6.67412]},"Q4o":{"weight":1.0,"played":[0.9998,2.0E-4],"evs":[0.0,-5.96636]},"K4o":{"weight":1.0,"played":[0.9967,0.0033],"evs":[0.0,-5.53486]},"A4o":{"weight":1.0,"played":[0.9914,0.0086],"evs":[0.0,-3.77134]},"52s":{"weight":1.0,"played":[0.9996,4.0E-4],"evs":[0.0,-6.41266]},"53s":{"weight":1.0,"played":[0.5076,0.4924],"evs":[0.0,-0.16942]},"54s":{"weight":1.0,"played":[0.7389,0.2611],"evs":[0.0,-3.1289]},"55":{"weight":1.0,"played":[0.8097,0.1903],"evs":[0.0,-3.69689]},"65o":{"weight":1.0,"played":[0.9923,0.0077],"evs":[0.0,-4.04391]},"75o":{"weight":1.0,"played":[0.7374,0.2626],"evs":[0.0,-2.99248]},"85o":{"weight":1.0,"played":[0.9874,0.0126],"evs":[0.0,-4.27334]},"95o":{"weight":1.0,"played":[0.9972,0.0028],"evs":[0.0,-6.07798]},"T5o":{"weight":1.0,"played":[0.998,0.002],"evs":[0.0,-6.22187]},"J5o":{"weight":1.0,"played":[0.9997,3.0E-4],"evs":[0.0,-6.07005]},"Q5o":{"weight":1.0,"played":[1.0,0.0],"evs":[0.0,-6.00447]},"K5o":{"weight":1.0,"played":[0.9999,1.0E-4],"evs":[0.0,-5.4412]},"A5o":{"weight":1.0,"played":[0.9973,0.0027],"evs":[0.0,-5.49593]},"62s":{"weight":1.0,"played":[0.9732,0.0268],"evs":[0.0,-3.69734]},"63s":{"weight":1.0,"played":[0.9953,0.0047],"evs":[0.0,-1.76445]},"64s":{"weight":1.0,"played":[0.9684,0.0316],"evs":[0.0,-2.97038]},"65s":{"weight":1.0,"played":[0.0082,0.9918],"evs":[0.0,2.79517]},"66":{"weight":1.0,"played":[0.4482,0.5518],"evs":[0.0,-2.10148]},"76o":{"weight":1.0,"played":[0.9847,0.0153],"evs":[0.0,-3.38884]},"86o":{"weight":1.0,"played":[0.9967,0.0033],"evs":[0.0,-3.63805]},"96o":{"weight":1.0,"played":[0.996,0.004],"evs":[0.0,-4.16538]},"T6o":{"weight":1.0,"played":[0.9942,0.0058],"evs":[0.0,-4.5997]},"J6o":{"weight":1.0,"played":[0.9992,8.0E-4],"evs":[0.0,-5.3798]},"Q6o":{"weight":1.0,"played":[0.9984,0.0016],"evs":[0.0,-5.4707]},"K6o":{"weight":1.0,"played":[0.9958,0.0042],"evs":[0.0,-5.53544]},"A6o":{"weight":1.0,"played":[0.9793,0.0207],"evs":[0.0,-6.70256]},"72s":{"weight":1.0,"played":[0.9992,8.0E-4],"evs":[0.0,-3.33282]},"73s":{"weight":1.0,"played":[1.0,0.0],"evs":[0.0,-2.78056]},"74s":{"weight":1.0,"played":[0.9914,0.0086],"evs":[0.0,-2.34274]},"75s":{"weight":1.0,"played":[0.9189,0.0811],"evs":[0.0,-1.55345]},"76s":{"weight":1.0,"played":[0.6653,0.3347],"evs":[0.0,-0.99518]},"77":{"weight":1.0,"played":[0.1355,0.8645],"evs":[0.0,0.37138]},"87o":{"weight":1.0,"played":[0.9869,0.0131],"evs":[0.0,-4.29151]},"97o":{"weight":1.0,"played":[0.9962,0.0038],"evs":[0.0,-3.5621]},"T7o":{"weight":1.0,"played":[0.995,0.005],"evs":[0.0,-5.08671]},"J7o":{"weight":1.0,"played":[1.0,0.0],"evs":[0.0,-4.5356]},"Q7o":{"weight":1.0,"played":[0.9977,0.0023],"evs":[0.0,-5.24465]},"K7o":{"weight":1.0,"played":[1.0,0.0],"evs":[0.0,-4.19291]},"A7o":{"weight":1.0,"played":[0.9865,0.0135],"evs":[0.0,-4.35887]},"82s":{"weight":1.0,"played":[0.8271,0.1729],"evs":[0.0,-3.34664]},"83s":{"weight":1.0,"played":[0.963,0.037],"evs":[0.0,-2.50151]},"84s":{"weight":1.0,"played":[0.9253,0.0747],"evs":[0.0,-3.24905]},"85s":{"weight":1.0,"played":[0.1718,0.8282],"evs":[0.0,-0.43338]},"86s":{"weight":1.0,"played":[0.7462,0.2538],"evs":[0.0,-0.33174]},"87s":{"weight":1.0,"played":[0.3123,0.6877],"evs":[0.0,-0.20839]},"88":{"weight":1.0,"played":[0.111,0.889],"evs":[0.0,1.87576]},"98o":{"weight":1.0,"played":[0.9988,0.0012],"evs":[0.0,-3.16312]},"T8o":{"weight":1.0,"played":[0.945,0.055],"evs":[0.0,-1.9244]},"J8o":{"weight":1.0,"played":[0.9955,0.0045],"evs":[0.0,-5.71633]},"Q8o":{"weight":1.0,"played":[1.0,0.0],"evs":[0.0,-4.48095]},"K8o":{"weight":1.0,"played":[0.9965,0.0035],"evs":[0.0,-3.40953]},"A8o":{"weight":1.0,"played":[0.9834,0.0166],"evs":[0.0,-4.94572]},"92s":{"weight":1.0,"played":[0.9886,0.0114],"evs":[0.0,-4.83579]},"93s":{"weight":1.0,"played":[0.9579,0.0421],"evs":[0.0,-4.26876]},"94s":{"weight":1.0,"played":[0.9856,0.0144],"evs":[0.0,-3.1031]},"95s":{"weight":1.0,"played":[0.9901,0.0099],"evs":[0.0,-2.94838]},"96s":{"weight":1.0,"played":[0.9965,0.0035],"evs":[0.0,-2.53873]},"97s":{"weight":1.0,"played":[0.9868,0.0132],"evs":[0.0,-2.25945]},"98s":{"weight":1.0,"played":[0.8678,0.1322],"evs":[0.0,-2.29616]},"99":{"weight":1.0,"played":[0.1699,0.8301],"evs":[0.0,4.79053]},"T9o":{"weight":1.0,"played":[0.5135,0.4865],"evs":[0.0,-0.71355]},"J9o":{"weight":1.0,"played":[1.0,0.0],"evs":[0.0,-3.68879]},"Q9o":{"weight":1.0,"played":[0.9988,0.0012],"evs":[0.0,-5.50144]},"K9o":{"weight":1.0,"played":[0.9558,0.0442],"evs":[0.0,-3.10404]},"A9o":{"weight":1.0,"played":[0.9801,0.0199],"evs":[0.0,-3.75765]},"T2s":{"weight":1.0,"played":[0.9796,0.0204],"evs":[0.0,-4.64794]},"T3s":{"weight":1.0,"played":[0.9298,0.0702],"evs":[0.0,-6.0365]},"T4s":{"weight":1.0,"played":[0.986,0.014],"evs":[0.0,-4.9035]},"T5s":{"weight":1.0,"played":[0.9982,0.0018],"evs":[0.0,-5.91282]},"T6s":{"weight":1.0,"played":[0.6776,0.3224],"evs":[0.0,-0.86359]},"T7s":{"weight":1.0,"played":[0.4526,0.5474],"evs":[0.0,-1.00149]},"T8s":{"weight":1.0,"played":[0.5605,0.4395],"evs":[0.0,-2.35985]},"T9s":{"weight":1.0,"played":[0.0159,0.9841],"evs":[0.0,3.47669]},"TT":{"weight":1.0,"played":[8.0E-4,0.9992],"evs":[0.0,8.3884]},"JTo":{"weight":1.0,"played":[0.9984,0.0016],"evs":[0.0,-2.50912]},"QTo":{"weight":1.0,"played":[0.9933,0.0067],"evs":[0.0,-3.05074]},"KTo":{"weight":1.0,"played":[0.997,0.003],"evs":[0.0,-3.35318]},"ATo":{"weight":1.0,"played":[0.9907,0.0093],