{"player":1,"street":0,"children":3,"sequence":[{"player":0,"type":"R","amount":24250000,"street":0}],"actions":[{"type":"F","amount":0,"node":4},{"type":"C","amount":21750000,"node":5},{"type":"R","amount":27750000,"node":7}],"hands":{"22":{"weight":1.0,"played":[0.0,0.9015,0.0985],"evs":[0.0,0.6488,0.64782]},"32o":{"weight":1.0,"played":[1.0,0.0,0.0],"evs":[0.0,-1.58082,-1.58167]},"42o":{"weight":1.0,"played":[1.0,0.0,0.0],"evs":[0.0,-1.46206,-1.46259]},"52o":{"weight":1.0,"played":[1.0,0.0,0.0],"evs":[0.0,-1.356,-1.35674]},"62o":{"weight":1.0,"played":[1.0,0.0,0.0],"evs":[0.0,-1.49226,-1.49525]},"72o":{"weight":1.0,"played":[1.0,0.0,0.0],"evs":[0.0,-1.63447,-1.62917]},"82o":{"weight":1.0,"played":[1.0,0.0,0.0],"evs":[0.0,-1.51048,-1.50416]},"92o":{"weight":1.0,"played":[1.0,0.0,0.0],"evs":[0.0,-1.51399,-1.50385]},"T2o":{"weight":1.0,"played":[1.0,0.0,0.0],"evs":[0.0,-1.43973,-1.43086]},"J2o":{"weight":1.0,"played":[1.0,0.0,0.0],"evs":[0.0,-1.32148,-1.30929]},"Q2o":{"weight":1.0,"played":[1.0,0.0,0.0],"evs":[0.0,-1.22365,-1.21579]},"K2o":{"weight":1.0,"played":[1.0,0.0,0.0],"evs":[0.0,-0.8964,-0.89903]},"A2o":{"weight":1.0,"played":[0.0,0.3,0.7],"evs":[0.0,0.11998,0.11417]},"32s":{"weight":1.0,"played":[1.0,0.0,0.0],"evs":[0.0,-0.95698,-0.95902]},"33":{"weight":1.0,"played":[0.0,0.8548,0.1452],"evs":[0.0,0.92847,0.92804]},"43o":{"weight":1.0,"played":[1.0,0.0,0.0],"evs":[0.0,-1.20182,-1.2027]},"53o":{"weight":1.0,"played":[1.0,0.0,0.0],"evs":[0.0,-1.08656,-1.0879]},"63o":{"weight":1.0,"played":[1.0,0.0,0.0],"evs":[0.0,-1.22604,-1.22797]},"73o":{"weight":1.0,"played":[1.0,0.0,0.0],"evs":[0.0,-1.37789,-1.37303]},"83o":{"weight":1.0,"played":[1.0,0.0,0.0],"evs":[0.0,-1.48631,-1.47974]},"93o":{"weight":1.0,"played":[1.0,0.0,0.0],"evs":[0.0,-1.43273,-1.42303]},"T3o":{"weight":1.0,"played":[1.0,0.0,0.0],"evs":[0.0,-1.35001,-1.34157]},"J3o":{"weight":1.0,"played":[1.0,0.0,0.0],"evs":[0.0,-1.23866,-1.22652]},"Q3o":{"weight":1.0,"played":[1.0,0.0,0.0],"evs":[0.0,-1.13319,-1.12572]},"K3o":{"weight":1.0,"played":[1.0,0.0,0.0],"evs":[0.0,-0.81493,-0.81806]},"A3o":{"weight":1.0,"played":[0.0,0.3268,0.6732],"evs":[0.0,0.21639,0.21079]},"42s":{"weight":1.0,"played":[1.0,0.0,0.0],"evs":[0.0,-0.86344,-0.86287]},"43s":{"weight":1.0,"played":[1.0,0.0,0.0],"evs":[0.0,-0.6136,-0.61126]},"44":{"weight":1.0,"played":[0.0,0.7251,0.2749],"evs":[0.0,1.23824,1.24209]},"54o":{"weight":1.0,"played":[1.0,0.0,0.0],"evs":[0.0,-0.81134,-0.81215]},"64o":{"weight":1.0,"played":[1.0,0.0,0.0],"evs":[0.0,-0.94302,-0.94587]},"74o":{"weight":1.0,"played":[1.0,0.0,0.0],"evs":[0.0,-1.08938,-1.08465]},"84o":{"weight":1.0,"played":[1.0,0.0,0.0],"evs":[0.0,-1.20099,-1.1956]},"94o":{"weight":1.0,"played":[1.0,0.0,0.0],"evs":[0.0,-1.37403,-1.3646]},"T4o":{"weight":1.0,"played":[1.0,0.0,0.0],"evs":[0.0,-1.24813,-1.24017]},"J4o":{"weight":1.0,"played":[1.0,0.0,0.0],"evs":[0.0,-1.13206,-1.11997]},"Q4o":{"weight":1.0,"played":[1.0,0.0,0.0],"evs":[0.0,-1.03133,-1.02418]},"K4o":{"weight":1.0,"played":[1.0,0.0,0.0],"evs":[0.0,-0.71189,-0.71499]},"A4o":{"weight":1.0,"played":[0.0,0.1628,0.8372],"evs":[0.0,0.33541,0.33366]},"52s":{"weight":1.0,"played":[1.0,0.0,0.0],"evs":[0.0,-0.75077,-0.75161]},"53s":{"weight":1.0,"played":[1.0,0.0,0.0],"evs":[0.0,-0.49553,-0.49687]},"54s":{"weight":1.0,"played":[1.0,0.0,0.0],"evs":[0.0,-0.24345,-0.24357]},"55":{"weight":1.0,"played":[0.0,0.5649,0.4351],"evs":[0.0,1.60439,1.61355]},"65o":{"weight":1.0,"played":[1.0,0.0,0.0],"evs":[0.0,-0.67825,-0.67929]},"75o":{"weight":1.0,"played":[1.0,0.0,0.0],"evs":[0.0,-0.81468,-0.80958]},"85o":{"weight":1.0,"played":[1.0,0.0,0.0],"evs":[0.0,-0.91633,-0.90988]},"95o":{"weight":1.0,"played":[1.0,0.0,0.0],"evs":[0.0,-1.09396,-1.08327]},"T5o":{"weight":1.0,"played":[1.0,0.0,0.0],"evs":[0.0,-1.17757,-1.16714]},"J5o":{"weight":1.0,"played":[1.0,0.0,0.0],"evs":[0.0,-1.03778,-1.02454]},"Q5o":{"weight":1.0,"played":[1.0,0.0,0.0],"evs":[0.0,-0.92621,-0.91861]},"K5o":{"weight":1.0,"played":[1.0,0.0,0.0],"evs":[0.0,-0.60202,-0.60357]},"A5o":{"weight":1.0,"played":[0.0,0.2086,0.7914],"evs":[0.0,0.5063,0.50368]},"62s":{"weight":1.0,"played":[1.0,0.0,0.0],"evs":[0.0,-0.8749,-0.8737]},"63s":{"weight":1.0,"played":[1.0,0.0,0.0],"evs":[0.0,-0.62443,-0.62476]},"64s":{"weight":1.0,"played":[1.0,0.0,0.0],"evs":[0.0,-0.36416,-0.36603]},"65s":{"weight":1.0,"played":[1.0,0.0,0.0],"evs":[0.0,-0.11732,-0.1164]},"66":{"weight":1.0,"played":[0.0,0.5225,0.4775],"evs":[0.0,1.9362,1.95238]},"76o":{"weight":1.0,"played":[1.0,0.0,0.0],"evs":[0.0,-0.55431,-0.5495]},"86o":{"weight":1.0,"played":[1.0,0.0,0.0],"evs":[0.0,-0.65134,-0.64541]},"96o":{"weight":1.0,"played":[1.0,0.0,0.0],"evs":[0.0,-0.82022,-0.81056]},"T6o":{"weight":1.0,"played":[1.0,0.0,0.0],"evs":[0.0,-0.9052,-0.89709]},"J6o":{"weight":1.0,"played":[1.0,0.0,0.0],"evs":[0.0,-0.97558,-0.96406]},"Q6o":{"weight":1.0,"played":[1.0,0.0,0.0],"evs":[0.0,-0.82084,-0.81463]},"K6o":{"weight":1.0,"played":[1.0,0.0,0.0],"evs":[0.0,-0.49322,-0.49411]},"A6o":{"weight":1.0,"played":[0.0,0.1192,0.8808],"evs":[0.0,0.52844,0.53037]},"72s":{"weight":1.0,"played":[1.0,0.0,0.0],"evs":[0.0,-1.00766,-1.00231]},"73s":{"weight":1.0,"played":[1.0,0.0,0.0],"evs":[0.0,-0.76716,-0.7617]},"74s":{"weight":1.0,"played":[1.0,0.0,0.0],"evs":[0.0,-0.49307,-0.48708]},"75s":{"weight":1.0,"played":[1.0,0.0,0.0],"evs":[0.0,-0.23671,-0.22951]},"76s":{"weight":1.0,"played":[0.2218,0.4258,0.3523],"evs":[0.0,-0.00358,0.00227]},"77":{"weight":1.0,"played":[0.0,0.5039,0.4961],"evs":[0.0,2.25623,2.27826]},"87o":{"weight":1.0,"played":[1.0,0.0,0.0],"evs":[0.0,-0.46201,-0.44666]},"97o":{"weight":1.0,"played":[1.0,0.0,0.0],"evs":[0.0,-0.60668,-0.59043]},"T7o":{"weight":1.0,"played":[1.0,0.0,0.0],"evs":[0.0,-0.68427,-0.66928]},"J7o":{"weight":1.0,"played":[1.0,0.0,0.0],"evs":[0.0,-0.76648,-0.74889]},"Q7o":{"weight":1.0,"played":[1.0,0.0,0.0],"evs":[0.0,-0.81266,-0.80212]},"K7o":{"weight":1.0,"played":[1.0,0.0,0.0],"evs":[0.0,-0.41315,-0.40879]},"A7o":{"weight":1.0,"played":[0.0,0.0255,0.9745],"evs":[0.0,0.83448,0.83916]},"82s":{"weight":1.0,"played":[1.0,0.0,0.0],"evs":[0.0,-0.91111,-0.90329]},"83s":{"weight":1.0,"played":[1.0,0.0,0.0],"evs":[0.0,-0.85405,-0.84599]},"84s":{"weight":1.0,"played":[1.0,0.0,0.0],"evs":[0.0,-0.60408,-0.59618]},"85s":{"weight":1.0,"played":[1.0,0.0,0.0],"evs":[0.0,-0.33391,-0.32574]},"86s":{"weight":1.0,"played":[1.0,0.0,0.0],"evs":[0.0,-0.09141,-0.08409]},"87s":{"weight":1.0,"played":[0.0,0.3108,0.6892],"evs":[0.0,0.09061,0.1074]},"88":{"weight":1.0,"played":[0.0,0.508,0.492],"evs":[0.0,2.64621,2.66884]},"98o":{"weight":1.0,"played":[1.0,0.0,0.0],"evs":[0.0,-0.3843,-0.3696]},"T8o":{"weight":1.0,"played":[1.0,0.0,0.0],"evs":[0.0,-0.44247,-0.42614]},"J8o":{"weight":1.0,"played":[1.0,0.0,0.0],"evs":[0.0,-0.52091,-0.50015]},"Q8o":{"weight":1.0,"played":[1.0,0.0,0.0],"evs":[0.0,-0.57209,-0.55957]},"K8o":{"weight":1.0,"played":[1.0,0.0,0.0],"evs":[0.0,-0.33488,-0.32952]},"A8o":{"weight":1.0,"played":[0.0,0.1751,0.8249],"evs":[0.0,1.15724,1.16611]},"92s":{"weight":1.0,"played":[1.0,0.0,0.0],"evs":[0.0,-0.87953,-0.8671]},"93s":{"weight":1.0,"played":[1.0,0.0,0.0],"evs":[0.0,-0.80101,-0.78882]},"94s":{"weight":1.0,"played":[1.0,0.0,0.0],"evs":[0.0,-0.74652,-0.7361]},"95s":{"weight":1.0,"played":[1.0,0.0,0.0],"evs":[0.0,-0.49048,-0.47802]},"96s":{"weight":1.0,"played":[1.0,0.0,0.0],"evs":[0.0,-0.23884,-0.22722]},"97s":{"weight":1.0,"played":[0.9771,0.0015,0.0213],"evs":[0.0,-0.02719,-0.00887]},"98s":{"weight":1.0,"played":[0.0,0.4647,0.5353],"evs":[0.0,0.17779,0.19511]},"99":{"weight":1.0,"played":[0.0,0.3418,0.6582],"evs":[0.0,3.07367,3.09228]},"T9o":{"weight":1.0,"played":[1.0,0.0,0.0],"evs":[0.0,-0.26083,-0.23995]},"J9o":{"weight":1.0,"played":[1.0,0.0,0.0],"evs":[0.0,-0.32044,-0.29872]},"Q9o":{"weight":1.0,"played":[1.0,0.0,0.0],"evs":[0.0,-0.35003,-0.33861]},"K9o":{"weight":1.0,"played":[1.0E-4,0.1622,0.8377],"evs":[0.0,0.01058,0.0123]},"A9o":{"weight":1.0,"played":[0.0,0.1448,0.8552],"evs":[0.0,1.57069,1.57107]},