{"player":0,"street":0,"children":4,"sequence":[],"actions":[{"type":"F","amount":0,"node":1},{"type":"C","amount":100000},{"type":"R","amount":200000},{"type":"R","amount":1245000,"node":31}],"hands":{"22":{"weight":1.0,"played":[0.0,0.0,6.0E-4,0.9994],"evs":[0.0,2.19262,2.24924,2.26344]},"32o":{"weight":1.0,"played":[1.0,0.0,0.0,0.0],"evs":[0.0,-1.15008,-2.21881,-3.49747]},"42o":{"weight":1.0,"played":[1.0,0.0,0.0,0.0],"evs":[0.0,-1.1231,-2.13904,-3.19429]},"52o":{"weight":1.0,"played":[1.0,0.0,0.0,0.0],"evs":[0.0,-1.0963,-2.05224,-2.9245]},"62o":{"weight":1.0,"played":[1.0,0.0,0.0,0.0],"evs":[0.0,-1.12311,-2.18166,-3.40816]},"72o":{"weight":1.0,"played":[1.0,0.0,0.0,0.0],"evs":[0.0,-1.13416,-2.21364,-3.78423]},"82o":{"weight":1.0,"played":[1.0,0.0,0.0,0.0],"evs":[0.0,-1.08875,-2.13942,-3.45351]},"92o":{"weight":1.0,"played":[1.0,0.0,0.0,0.0],"evs":[0.0,-1.03834,-2.0601,-3.24505]},"T2o":{"weight":1.0,"played":[1.0,0.0,0.0,0.0],"evs":[0.0,-0.96003,-1.91726,-2.83811]},"J2o":{"weight":1.0,"played":[1.0,0.0,0.0,0.0],"evs":[0.0,-0.86432,-1.7113,-2.39344]},"Q2o":{"weight":1.0,"played":[1.0,0.0,0.0,0.0],"evs":[0.0,-0.64401,-1.333,-1.70907]},"K2o":{"weight":1.0,"played":[1.0,0.0,0.0,0.0],"evs":[0.0,-0.29518,-0.62083,-0.58493]},"A2o":{"weight":1.0,"played":[0.0,0.0,0.0,1.0],"evs":[0.0,1.77648,1.83342,1.9825]},"32s":{"weight":1.0,"played":[1.0,0.0,0.0,0.0],"evs":[0.0,-0.84561,-1.40478,-1.65725]},"33":{"weight":1.0,"played":[0.0,0.0,0.0,1.0],"evs":[0.0,2.80039,2.90141,3.05519]},"43o":{"weight":1.0,"played":[1.0,0.0,0.0,0.0],"evs":[0.0,-1.04965,-1.88468,-2.46587]},"53o":{"weight":1.0,"played":[1.0,0.0,0.0,0.0],"evs":[0.0,-0.98017,-1.70626,-2.16113]},"63o":{"weight":1.0,"played":[1.0,0.0,0.0,0.0],"evs":[0.0,-1.05195,-1.96742,-2.64117]},"73o":{"weight":1.0,"played":[1.0,0.0,0.0,0.0],"evs":[0.0,-1.06702,-2.08779,-3.03734]},"83o":{"weight":1.0,"played":[1.0,0.0,0.0,0.0],"evs":[0.0,-1.06545,-2.11806,-3.34929]},"93o":{"weight":1.0,"played":[1.0,0.0,0.0,0.0],"evs":[0.0,-1.00662,-2.00732,-3.01227]},"T3o":{"weight":1.0,"played":[1.0,0.0,0.0,0.0],"evs":[0.0,-0.92206,-1.84127,-2.61068]},"J3o":{"weight":1.0,"played":[1.0,0.0,0.0,0.0],"evs":[0.0,-0.80935,-1.622,-2.1562]},"Q3o":{"weight":1.0,"played":[1.0,0.0,0.0,0.0],"evs":[0.0,-0.56759,-1.22311,-1.47123]},"K3o":{"weight":1.0,"played":[1.0,0.0,0.0,0.0],"evs":[0.0,-0.16759,-0.418,-0.33617]},"A3o":{"weight":1.0,"played":[0.0,0.0,0.0,1.0],"evs":[0.0,2.03719,2.10968,2.28275]},"42s":{"weight":1.0,"played":[1.0,0.0,0.0,0.0],"evs":[0.0,-0.75851,-1.19517,-1.37204]},"43s":{"weight":1.0,"played":[1.0,0.0,0.0,0.0],"evs":[0.0,-0.40554,-0.65974,-0.70704]},"44":{"weight":1.0,"played":[0.0,0.0,0.0,1.0],"evs":[0.0,3.49774,3.63727,3.9039]},"54o":{"weight":1.0,"played":[1.0,0.0,0.0,0.0],"evs":[0.0,-0.79152,-1.25404,-1.42717]},"64o":{"weight":1.0,"played":[1.0,0.0,0.0,0.0],"evs":[0.0,-0.90705,-1.5525,-1.85126]},"74o":{"weight":1.0,"played":[1.0,0.0,0.0,0.0],"evs":[0.0,-0.97854,-1.78166,-2.24094]},"84o":{"weight":1.0,"played":[1.0,0.0,0.0,0.0],"evs":[0.0,-0.98552,-1.91137,-2.56374]},"94o":{"weight":1.0,"played":[1.0,0.0,0.0,0.0],"evs":[0.0,-0.97361,-1.94767,-2.85275]},"T4o":{"weight":1.0,"played":[1.0,0.0,0.0,0.0],"evs":[0.0,-0.86753,-1.72813,-2.3388]},"J4o":{"weight":1.0,"played":[1.0,0.0,0.0,0.0],"evs":[0.0,-0.73586,-1.50082,-1.88215]},"Q4o":{"weight":1.0,"played":[1.0,0.0,0.0,0.0],"evs":[0.0,-0.48742,-1.04712,-1.19326]},"K4o":{"weight":1.0,"played":[0.9801,0.0185,0.0,0.0014],"evs":[0.0,-0.03385,-0.18694,-0.03753]},"A4o":{"weight":1.0,"played":[0.0,0.0,0.0,1.0],"evs":[0.0,2.30374,2.39672,2.59581]},"52s":{"weight":1.0,"played":[1.0,0.0,0.0,0.0],"evs":[0.0,-0.64445,-0.98425,-1.1164]},"53s":{"weight":1.0,"played":[1.0,0.0,0.0,0.0],"evs":[0.0,-0.21866,-0.35832,-0.39813]},"54s":{"weight":1.0,"played":[0.0,0.1872,0.0,0.8128],"evs":[0.0,0.26477,0.22722,0.26853]},"55":{"weight":1.0,"played":[0.0,0.0,0.0,1.0],"evs":[0.0,4.33934,4.53587,4.84006]},"65o":{"weight":1.0,"played":[1.0,0.0,0.0,0.0],"evs":[0.0,-0.6971,-1.01964,-1.14712]},"75o":{"weight":1.0,"played":[1.0,0.0,0.0,0.0],"evs":[0.0,-0.82295,-1.31725,-1.47889]},"85o":{"weight":1.0,"played":[1.0,0.0,0.0,0.0],"evs":[0.0,-0.86677,-1.52916,-1.77932]},"95o":{"weight":1.0,"played":[1.0,0.0,0.0,0.0],"evs":[0.0,-0.87274,-1.63918,-2.07275]},"T5o":{"weight":1.0,"played":[1.0,0.0,0.0,0.0],"evs":[0.0,-0.82526,-1.63226,-2.16928]},"J5o":{"weight":1.0,"played":[1.0,0.0,0.0,0.0],"evs":[0.0,-0.66625,-1.35678,-1.61678]},"Q5o":{"weight":1.0,"played":[1.0,0.0,0.0,0.0],"evs":[0.0,-0.39046,-0.84441,-0.8962]},"K5o":{"weight":1.0,"played":[0.0,0.0,0.0,1.0],"evs":[0.0,0.17728,0.11125,0.28267]},"A5o":{"weight":1.0,"played":[0.0,0.0,0.0,1.0],"evs":[0.0,2.702,2.80861,3.0111]},"62s":{"weight":1.0,"played":[1.0,0.0,0.0,0.0],"evs":[0.0,-0.84211,-1.33503,-1.56319]},"63s":{"weight":1.0,"played":[1.0,0.0,0.0,0.0],"evs":[0.0,-0.52622,-0.76768,-0.86479]},"64s":{"weight":1.0,"played":[0.9997,2.0E-4,0.0,0.0],"evs":[0.0,-0.05454,-0.1268,-0.11957]},"65s":{"weight":1.0,"played":[0.0,6.0E-4,5.0E-4,0.9989],"evs":[0.0,0.47641,0.50558,0.55686]},"66":{"weight":1.0,"played":[0.0,0.0,0.0,1.0],"evs":[0.0,5.23461,5.45,5.75974]},"76o":{"weight":1.0,"played":[1.0,0.0,0.0,0.0],"evs":[0.0,-0.57327,-0.75999,-0.79883]},"86o":{"weight":1.0,"played":[1.0,0.0,0.0,0.0],"evs":[0.0,-0.69501,-1.02166,-1.06717]},"96o":{"weight":1.0,"played":[1.0,0.0,0.0,0.0],"evs":[0.0,-0.71582,-1.225,-1.34033]},"T6o":{"weight":1.0,"played":[1.0,0.0,0.0,0.0],"evs":[0.0,-0.67227,-1.26976,-1.45116]},"J6o":{"weight":1.0,"played":[1.0,0.0,0.0,0.0],"evs":[0.0,-0.61185,-1.2563,-1.45919]},"Q6o":{"weight":1.0,"played":[1.0,0.0,0.0,0.0],"evs":[0.0,-0.28115,-0.63158,-0.6179]},"K6o":{"weight":1.0,"played":[0.0,0.0,0.0,1.0],"evs":[0.0,0.4753,0.47531,0.63869]},"A6o":{"weight":1.0,"played":[0.0,0.0,0.0,1.0],"evs":[0.0,2.70265,2.80073,2.99652]},"72s":{"weight":1.0,"played":[1.0,0.0,0.0,0.0],"evs":[0.0,-0.92625,-1.60199,-1.91592]},"73s":{"weight":1.0,"played":[1.0,0.0,0.0,0.0],"evs":[0.0,-0.74711,-1.1029,-1.22404]},"74s":{"weight":1.0,"played":[1.0,0.0,0.0,0.0],"evs":[0.0,-0.3644,-0.49893,-0.48258]},"75s":{"weight":1.0,"played":[0.0,0.0014,0.0,0.9986],"evs":[0.0,0.15712,0.17031,0.22319]},"76s":{"weight":1.0,"played":[0.0,1.0E-4,3.0E-4,0.9996],"evs":[0.0,0.7069,0.80278,0.85149]},"77":{"weight":1.0,"played":[0.0,0.0,0.0,1.0],"evs":[0.0,6.25842,6.41294,6.73324]},"87o":{"weight":1.0,"played":[1.0,0.0,0.0,0.0],"evs":[0.0,-0.39395,-0.4755,-0.4627]},"97o":{"weight":1.0,"played":[1.0,0.0,0.0,0.0],"evs":[0.0,-0.47403,-0.68913,-0.6796]},"T7o":{"weight":1.0,"played":[1.0,0.0,0.0,0.0],"evs":[0.0,-0.43549,-0.74813,-0.75141]},"J7o":{"weight":1.0,"played":[1.0,0.0,0.0,0.0],"evs":[0.0,-0.39533,-0.75965,-0.7612]},"Q7o":{"weight":1.0,"played":[1.0,0.0,0.0,0.0],"evs":[0.0,-0.18305,-0.49193,-0.45513]},"K7o":{"weight":1.0,"played":[0.0,0.0,0.0,1.0],"evs":[0.0,0.82945,0.82817,1.01074]},"A7o":{"weight":1.0,"played":[0.0,0.0,0.0,1.0],"evs":[0.0,3.38946,3.47245,3.68544]},"82s":{"weight":1.0,"played":[1.0,0.0,0.0,0.0],"evs":[0.0,-0.84597,-1.43188,-1.59817]},"83s":{"weight":1.0,"played":[1.0,0.0,0.0,0.0],"evs":[0.0,-0.80961,-1.37002,-1.50937]},"84s":{"weight":1.0,"played":[1.0,0.0,0.0,0.0],"evs":[0.0,-0.5394,-0.80184,-0.7826]},"85s":{"weight":1.0,"played":[0.9971,0.001,0.0,0.0019],"evs":[0.0,-0.08404,-0.12777,-0.06583]},"86s":{"weight":1.0,"played":[0.0,0.0,0.0,1.0],"evs":[0.0,0.46147,0.53072,0.60892]},"87s":{"weight":1.0,"played":[0.0,0.0,1.0E-4,0.9999],"evs":[0.0,1.00775,1.08538,1.16793]},"88":{"weight":1.0,"played":[0.0,0.0,0.0,1.0],"evs":[0.0,7.52918,7.61244,7.93449]},"98o":{"weight":1.0,"played":[0.9968,2.0E-4,0.0,0.003],"evs":[0.0,-0.09017,-0.09949,-0.0311]},"T8o":{"weight":1.0,"played":[0.4787,0.0098,0.0,0.5115],"evs":[0.0,-0.02631,-0.06533,-8.8E-4]},"J8o":{"weight":1.0,"played":[0.0021,0.0118,0.0,0.9861],"evs":[0.0,0.00385,-0.0605,0.00898]},"Q8o":{"weight":1.0,"played":[0.0,0.0,0.0,1.0],"evs":[0.0,0.29413,0.24626,0.37437]},"K8o":{"weight":1.0,"played":[0.0,0.0,0.0,1.0],"evs":[0.0,1.23517,1.26425,1.42372]},