{"player":2,"street":0,"children":3,"sequence":[{"player":0,"type":"F","amount":0,"street":0},{"player":1,"type":"R","amount":24020000,"street":0}],"actions":[{"type":"F","amount":0,"node":18},{"type":"C","amount":24020000,"node":25},{"type":"R","amount":26780000,"node":37}],"hands":{"22":{"weight":1.0,"played":[1.0,0.0,0.0],"evs":[0.0,-1.53878,-1.53488]},"32o":{"weight":1.0,"played":[1.0,0.0,0.0],"evs":[0.0,-5.07474,-5.07776]},"42o":{"weight":1.0,"played":[1.0,0.0,0.0],"evs":[0.0,-4.89765,-4.90059]},"52o":{"weight":1.0,"played":[1.0,0.0,0.0],"evs":[0.0,-4.76555,-4.76918]},"62o":{"weight":1.0,"played":[1.0,0.0,0.0],"evs":[0.0,-5.011,-5.01576]},"72o":{"weight":1.0,"played":[1.0,0.0,0.0],"evs":[0.0,-5.19118,-5.19528]},"82o":{"weight":1.0,"played":[1.0,0.0,0.0],"evs":[0.0,-5.03591,-5.0387]},"92o":{"weight":1.0,"played":[1.0,0.0,0.0],"evs":[0.0,-5.0185,-5.02075]},"T2o":{"weight":1.0,"played":[1.0,0.0,0.0],"evs":[0.0,-4.92506,-4.92602]},"J2o":{"weight":1.0,"played":[1.0,0.0,0.0],"evs":[0.0,-4.7454,-4.74762]},"Q2o":{"weight":1.0,"played":[1.0,0.0,0.0],"evs":[0.0,-4.38661,-4.38877]},"K2o":{"weight":1.0,"played":[1.0,0.0,0.0],"evs":[0.0,-3.82955,-3.8307]},"A2o":{"weight":1.0,"played":[1.0,0.0,0.0],"evs":[0.0,-1.94928,-1.94919]},"32s":{"weight":1.0,"played":[1.0,0.0,0.0],"evs":[0.0,-4.18361,-4.18582]},"33":{"weight":1.0,"played":[1.0,0.0,0.0],"evs":[0.0,-1.10397,-1.10081]},"43o":{"weight":1.0,"played":[1.0,0.0,0.0],"evs":[0.0,-4.49626,-4.49868]},"53o":{"weight":1.0,"played":[1.0,0.0,0.0],"evs":[0.0,-4.3355,-4.33777]},"63o":{"weight":1.0,"played":[1.0,0.0,0.0],"evs":[0.0,-4.59945,-4.60419]},"73o":{"weight":1.0,"played":[1.0,0.0,0.0],"evs":[0.0,-4.7778,-4.7816]},"83o":{"weight":1.0,"played":[1.0,0.0,0.0],"evs":[0.0,-4.96312,-4.96638]},"93o":{"weight":1.0,"played":[1.0,0.0,0.0],"evs":[0.0,-4.87407,-4.87547]},"T3o":{"weight":1.0,"played":[1.0,0.0,0.0],"evs":[0.0,-4.77282,-4.77403]},"J3o":{"weight":1.0,"played":[1.0,0.0,0.0],"evs":[0.0,-4.58561,-4.58734]},"Q3o":{"weight":1.0,"played":[1.0,0.0,0.0],"evs":[0.0,-4.24312,-4.24434]},"K3o":{"weight":1.0,"played":[1.0,0.0,0.0],"evs":[0.0,-3.67682,-3.67769]},"A3o":{"weight":1.0,"played":[1.0,0.0,0.0],"evs":[0.0,-1.77397,-1.77458]},"42s":{"weight":1.0,"played":[1.0,0.0,0.0],"evs":[0.0,-3.99326,-3.99602]},"43s":{"weight":1.0,"played":[1.0,0.0,0.0],"evs":[0.0,-3.6559,-3.65706]},"44":{"weight":1.0,"played":[1.0,0.0,0.0],"evs":[0.0,-0.59182,-0.58879]},"54o":{"weight":1.0,"played":[1.0,0.0,0.0],"evs":[0.0,-3.93095,-3.93316]},"64o":{"weight":1.0,"played":[1.0,0.0,0.0],"evs":[0.0,-4.18355,-4.18633]},"74o":{"weight":1.0,"played":[1.0,0.0,0.0],"evs":[0.0,-4.3593,-4.36268]},"84o":{"weight":1.0,"played":[1.0,0.0,0.0],"evs":[0.0,-4.54087,-4.54327]},"94o":{"weight":1.0,"played":[1.0,0.0,0.0],"evs":[0.0,-4.7874,-4.7891]},"T4o":{"weight":1.0,"played":[1.0,0.0,0.0],"evs":[0.0,-4.62326,-4.6235]},"J4o":{"weight":1.0,"played":[1.0,0.0,0.0],"evs":[0.0,-4.41692,-4.41849]},"Q4o":{"weight":1.0,"played":[1.0,0.0,0.0],"evs":[0.0,-4.091,-4.09183]},"K4o":{"weight":1.0,"played":[1.0,0.0,0.0],"evs":[0.0,-3.52368,-3.52497]},"A4o":{"weight":1.0,"played":[1.0,0.0,0.0],"evs":[0.0,-1.63673,-1.63619]},"52s":{"weight":1.0,"played":[1.0,0.0,0.0],"evs":[0.0,-3.8774,-3.88029]},"53s":{"weight":1.0,"played":[1.0,0.0,0.0],"evs":[0.0,-3.51154,-3.51284]},"54s":{"weight":1.0,"played":[1.0,0.0,0.0],"evs":[0.0,-3.14505,-3.14568]},"55":{"weight":1.0,"played":[1.0,0.0,0.0],"evs":[0.0,-0.13951,-0.13637]},"65o":{"weight":1.0,"played":[1.0,0.0,0.0],"evs":[0.0,-3.7958,-3.79835]},"75o":{"weight":1.0,"played":[1.0,0.0,0.0],"evs":[0.0,-3.96288,-3.96469]},"85o":{"weight":1.0,"played":[1.0,0.0,0.0],"evs":[0.0,-4.15043,-4.15194]},"95o":{"weight":1.0,"played":[1.0,0.0,0.0],"evs":[0.0,-4.37582,-4.37747]},"T5o":{"weight":1.0,"played":[1.0,0.0,0.0],"evs":[0.0,-4.52885,-4.53036]},"J5o":{"weight":1.0,"played":[1.0,0.0,0.0],"evs":[0.0,-4.28155,-4.2817]},"Q5o":{"weight":1.0,"played":[1.0,0.0,0.0],"evs":[0.0,-3.93425,-3.93555]},"K5o":{"weight":1.0,"played":[1.0,0.0,0.0],"evs":[0.0,-3.38139,-3.38107]},"A5o":{"weight":1.0,"played":[1.0,0.0,0.0],"evs":[0.0,-1.39603,-1.39482]},"62s":{"weight":1.0,"played":[1.0,0.0,0.0],"evs":[0.0,-4.11047,-4.11469]},"63s":{"weight":1.0,"played":[1.0,0.0,0.0],"evs":[0.0,-3.728,-3.72981]},"64s":{"weight":1.0,"played":[1.0,0.0,0.0],"evs":[0.0,-3.34743,-3.34859]},"65s":{"weight":1.0,"played":[1.0,0.0,0.0],"evs":[0.0,-3.00082,-3.00392]},"66":{"weight":1.0,"played":[0.0,0.2906,0.7094],"evs":[0.0,0.2424,0.24419]},"76o":{"weight":1.0,"played":[1.0,0.0,0.0],"evs":[0.0,-3.62372,-3.62657]},"86o":{"weight":1.0,"played":[1.0,0.0,0.0],"evs":[0.0,-3.80162,-3.80313]},"96o":{"weight":1.0,"played":[1.0,0.0,0.0],"evs":[0.0,-4.03207,-4.03275]},"T6o":{"weight":1.0,"played":[1.0,0.0,0.0],"evs":[0.0,-4.18738,-4.1883]},"J6o":{"weight":1.0,"played":[1.0,0.0,0.0],"evs":[0.0,-4.24122,-4.24268]},"Q6o":{"weight":1.0,"played":[1.0,0.0,0.0],"evs":[0.0,-3.8509,-3.85179]},"K6o":{"weight":1.0,"played":[1.0,0.0,0.0],"evs":[0.0,-3.24594,-3.24637]},"A6o":{"weight":1.0,"played":[1.0,0.0,0.0],"evs":[0.0,-1.38051,-1.37895]},"72s":{"weight":1.0,"played":[1.0,0.0,0.0],"evs":[0.0,-4.27864,-4.28112]},"73s":{"weight":1.0,"played":[1.0,0.0,0.0],"evs":[0.0,-3.86561,-3.86883]},"74s":{"weight":1.0,"played":[1.0,0.0,0.0],"evs":[0.0,-3.49506,-3.49659]},"75s":{"weight":1.0,"played":[1.0,0.0,0.0],"evs":[0.0,-3.14245,-3.14334]},"76s":{"weight":1.0,"played":[1.0,0.0,0.0],"evs":[0.0,-2.82734,-2.82812]},"77":{"weight":1.0,"played":[0.0,0.0231,0.9769],"evs":[0.0,0.69438,0.69507]},"87o":{"weight":1.0,"played":[1.0,0.0,0.0],"evs":[0.0,-3.49509,-3.4967]},"97o":{"weight":1.0,"played":[1.0,0.0,0.0],"evs":[0.0,-3.71937,-3.72085]},"T7o":{"weight":1.0,"played":[1.0,0.0,0.0],"evs":[0.0,-3.84054,-3.84138]},"J7o":{"weight":1.0,"played":[1.0,0.0,0.0],"evs":[0.0,-3.91272,-3.91307]},"Q7o":{"weight":1.0,"played":[1.0,0.0,0.0],"evs":[0.0,-3.81796,-3.81933]},"K7o":{"weight":1.0,"played":[1.0,0.0,0.0],"evs":[0.0,-3.12387,-3.12393]},"A7o":{"weight":1.0,"played":[1.0,0.0,0.0],"evs":[0.0,-0.95485,-0.95502]},"82s":{"weight":1.0,"played":[1.0,0.0,0.0],"evs":[0.0,-4.14077,-4.14287]},"83s":{"weight":1.0,"played":[1.0,0.0,0.0],"evs":[0.0,-4.09303,-4.09366]},"84s":{"weight":1.0,"played":[1.0,0.0,0.0],"evs":[0.0,-3.69882,-3.70146]},"85s":{"weight":1.0,"played":[1.0,0.0,0.0],"evs":[0.0,-3.29005,-3.28929]},"86s":{"weight":1.0,"played":[1.0,0.0,0.0],"evs":[0.0,-2.9506,-2.95173]},"87s":{"weight":1.0,"played":[1.0,0.0,0.0],"evs":[0.0,-2.67669,-2.67682]},"88":{"weight":1.0,"played":[0.0,0.1885,0.8115],"evs":[0.0,1.18816,1.18796]},"98o":{"weight":1.0,"played":[1.0,0.0,0.0],"evs":[0.0,-3.43752,-3.43671]},"T8o":{"weight":1.0,"played":[1.0,0.0,0.0],"evs":[0.0,-3.52224,-3.52218]},"J8o":{"weight":1.0,"played":[1.0,0.0,0.0],"evs":[0.0,-3.60555,-3.60545]},"Q8o":{"weight":1.0,"played":[1.0,0.0,0.0],"evs":[0.0,-3.45352,-3.45347]},"K8o":{"weight":1.0,"played":[1.0,0.0,0.0],"evs":[0.0,-2.98734,-2.9874]},"A8o":{"weight":1.0,"played":[1.0,0.0,0.0],"evs":[0.0,-0.4935,-0.49161]},"92s":{"weight":1.0,"played":[1.0,0.0,0.0],"evs":[0.0,-4.10191,-4.10412]},"93s":{"weight":1.0,"played":[1.0,0.0,0.0],"evs":[0.0,-3.94586,-3.94691]},"94s":{"weight":1.0,"played":[1.0,0.0,0.0],"evs":[0.0,-3.85419,-3.8553]},"95s":{"weight":1.0,"played":[1.0,0.0,0.0],"evs":[0.0,-3.49417,-3.49397]},"96s":{"weight":1.0,"played":[1.0,0.0,0.0],"evs":[0.0,-3.19628,-3.19822]},"97s":{"weight":1.0,"played":[1.0,0.0,0.0],"evs":[0.0,-2.86233,-2.86352]},"98s":{"weight":1.0,"played":[1.0,0.0,0.0],"evs":[0.0,-2.62422,-2.623]},"99":{"weight":1.0,"played":[0.0,0.319,0.681],"evs":[0.0,1.84555,1.84519]},"T9o":{"weight":1.0,"played":[1.0,0.0,0.0],"evs":[0.0,-3.22852,-3.22817]},"J9o":{"weight":1.0,"played":[1.0,0.0,0.0],"evs":[0.0,-3.2861,-3.28684]},"Q9o":{"weight":1.0,"played":[1.0,0.0,0.0],"evs":[0.0,-3.08098,-3.08044]},"K9o":{"weight":1.0,"played":[1.0,0.0,0.0],"evs":[0.0,-2.45985,-2.45908]},"A9o":{"weight":1.0,"played":[3.0E-4,0.3066,0.6931],"evs":[0.0,0.0765,0.0774]},"T2s":{"weight":1.0,