{"player":2,"street":0,"children":3,"sequence":[{"player":0,"type":"R","amount":935000,"street":0},{"player":1,"type":"F","amount":0,"street":0}],"actions":[{"type":"F","amount":0,"node":27},{"type":"C","amount":885000,"node":28},{"type":"R","amount":2295000,"node":30}],"hands":{"22":{"weight":1.0,"played":[0.0,0.0228,0.9772],"evs":[0.0,1.60656,1.62161]},"32o":{"weight":1.0,"played":[1.0,0.0,0.0],"evs":[0.0,-4.16937,-4.17378]},"42o":{"weight":1.0,"played":[1.0,0.0,0.0],"evs":[0.0,-3.84053,-3.842]},"52o":{"weight":1.0,"played":[1.0,0.0,0.0],"evs":[0.0,-3.54048,-3.53868]},"62o":{"weight":1.0,"played":[1.0,0.0,0.0],"evs":[0.0,-3.84241,-3.84385]},"72o":{"weight":1.0,"played":[1.0,0.0,0.0],"evs":[0.0,-4.19773,-4.20324]},"82o":{"weight":1.0,"played":[1.0,0.0,0.0],"evs":[0.0,-3.88123,-3.88279]},"92o":{"weight":1.0,"played":[1.0,0.0,0.0],"evs":[0.0,-3.78964,-3.79347]},"T2o":{"weight":1.0,"played":[1.0,0.0,0.0],"evs":[0.0,-3.63153,-3.6266]},"J2o":{"weight":1.0,"played":[1.0,0.0,0.0],"evs":[0.0,-3.46792,-3.47]},"Q2o":{"weight":1.0,"played":[1.0,0.0,0.0],"evs":[0.0,-3.19743,-3.19661]},"K2o":{"weight":1.0,"played":[1.0,0.0,0.0],"evs":[0.0,-2.52942,-2.51531]},"A2o":{"weight":1.0,"played":[0.9999,0.0,1.0E-4],"evs":[0.0,-0.51409,-0.51321]},"32s":{"weight":1.0,"played":[1.0,0.0,0.0],"evs":[0.0,-2.63106,-2.63179]},"33":{"weight":1.0,"played":[0.0,0.0738,0.9262],"evs":[0.0,2.23401,2.24234]},"43o":{"weight":1.0,"played":[1.0,0.0,0.0],"evs":[0.0,-3.28779,-3.29219]},"53o":{"weight":1.0,"played":[1.0,0.0,0.0],"evs":[0.0,-2.96006,-2.95907]},"63o":{"weight":1.0,"played":[1.0,0.0,0.0],"evs":[0.0,-3.27243,-3.27643]},"73o":{"weight":1.0,"played":[1.0,0.0,0.0],"evs":[0.0,-3.59334,-3.60068]},"83o":{"weight":1.0,"played":[1.0,0.0,0.0],"evs":[0.0,-3.87655,-3.88014]},"93o":{"weight":1.0,"played":[1.0,0.0,0.0],"evs":[0.0,-3.66174,-3.66718]},"T3o":{"weight":1.0,"played":[1.0,0.0,0.0],"evs":[0.0,-3.48436,-3.48855]},"J3o":{"weight":1.0,"played":[1.0,0.0,0.0],"evs":[0.0,-3.34357,-3.34544]},"Q3o":{"weight":1.0,"played":[1.0,0.0,0.0],"evs":[0.0,-3.02932,-3.02954]},"K3o":{"weight":1.0,"played":[1.0,0.0,0.0],"evs":[0.0,-2.4354,-2.43003]},"A3o":{"weight":1.0,"played":[0.9994,0.0,6.0E-4],"evs":[0.0,-0.25021,-0.25069]},"42s":{"weight":1.0,"played":[1.0,0.0,0.0],"evs":[0.0,-2.2802,-2.27849]},"43s":{"weight":1.0,"played":[1.0,0.0,0.0],"evs":[0.0,-1.7808,-1.77908]},"44":{"weight":1.0,"played":[0.0,3.0E-4,0.9997],"evs":[0.0,3.14706,3.14686]},"54o":{"weight":1.0,"played":[1.0,0.0,0.0],"evs":[0.0,-2.23754,-2.23844]},"64o":{"weight":1.0,"played":[1.0,0.0,0.0],"evs":[0.0,-2.51557,-2.52042]},"74o":{"weight":1.0,"played":[1.0,0.0,0.0],"evs":[0.0,-2.84528,-2.85088]},"84o":{"weight":1.0,"played":[1.0,0.0,0.0],"evs":[0.0,-3.13755,-3.14001]},"94o":{"weight":1.0,"played":[1.0,0.0,0.0],"evs":[0.0,-3.49981,-3.50708]},"T4o":{"weight":1.0,"played":[1.0,0.0,0.0],"evs":[0.0,-3.23283,-3.23375]},"J4o":{"weight":1.0,"played":[1.0,0.0,0.0],"evs":[0.0,-3.05809,-3.06085]},"Q4o":{"weight":1.0,"played":[1.0,0.0,0.0],"evs":[0.0,-2.74541,-2.74589]},"K4o":{"weight":1.0,"played":[1.0,0.0,0.0],"evs":[0.0,-2.13019,-2.12361]},"A4o":{"weight":1.0,"played":[0.0095,0.2847,0.7058],"evs":[0.0,0.08461,0.08451]},"52s":{"weight":1.0,"played":[1.0,0.0,0.0],"evs":[0.0,-2.00099,-1.9936]},"53s":{"weight":1.0,"played":[1.0,0.0,0.0],"evs":[0.0,-1.48691,-1.4903]},"54s":{"weight":1.0,"played":[1.0,0.0,0.0],"evs":[0.0,-0.80787,-0.80588]},"55":{"weight":1.0,"played":[0.0,0.0022,0.9978],"evs":[0.0,4.10269,4.10946]},"65o":{"weight":1.0,"played":[1.0,0.0,0.0],"evs":[0.0,-1.79385,-1.79621]},"75o":{"weight":1.0,"played":[1.0,0.0,0.0],"evs":[0.0,-2.146,-2.14717]},"85o":{"weight":1.0,"played":[1.0,0.0,0.0],"evs":[0.0,-2.37722,-2.37965]},"95o":{"weight":1.0,"played":[1.0,0.0,0.0],"evs":[0.0,-2.706,-2.70786]},"T5o":{"weight":1.0,"played":[1.0,0.0,0.0],"evs":[0.0,-3.02994,-3.02979]},"J5o":{"weight":1.0,"played":[1.0,0.0,0.0],"evs":[0.0,-2.74118,-2.74311]},"Q5o":{"weight":1.0,"played":[1.0,0.0,0.0],"evs":[0.0,-2.44595,-2.44626]},"K5o":{"weight":1.0,"played":[1.0,0.0,0.0],"evs":[0.0,-1.84061,-1.82979]},"A5o":{"weight":1.0,"played":[0.0,0.0016,0.9984],"evs":[0.0,0.50039,0.50563]},"62s":{"weight":1.0,"played":[1.0,0.0,0.0],"evs":[0.0,-2.27953,-2.28408]},"63s":{"weight":1.0,"played":[1.0,0.0,0.0],"evs":[0.0,-1.78029,-1.78505]},"64s":{"weight":1.0,"played":[1.0,0.0,0.0],"evs":[0.0,-1.06723,-1.07411]},"65s":{"weight":1.0,"played":[0.9999,0.0,0.0],"evs":[0.0,-0.36521,-0.36073]},"66":{"weight":1.0,"played":[0.0,2.0E-4,0.9998],"evs":[0.0,4.99859,5.01134]},"76o":{"weight":1.0,"played":[1.0,0.0,0.0],"evs":[0.0,-1.47804,-1.48093]},"86o":{"weight":1.0,"played":[1.0,0.0,0.0],"evs":[0.0,-1.70095,-1.70308]},"96o":{"weight":1.0,"played":[1.0,0.0,0.0],"evs":[0.0,-2.0413,-2.04402]},"T6o":{"weight":1.0,"played":[1.0,0.0,0.0],"evs":[0.0,-2.3343,-2.33159]},"J6o":{"weight":1.0,"played":[1.0,0.0,0.0],"evs":[0.0,-2.60984,-2.61199]},"Q6o":{"weight":1.0,"played":[1.0,0.0,0.0],"evs":[0.0,-2.1728,-2.16943]},"K6o":{"weight":1.0,"played":[1.0,0.0,0.0],"evs":[0.0,-1.56117,-1.55177]},"A6o":{"weight":1.0,"played":[0.0,0.0615,0.9385],"evs":[0.0,0.46519,0.47061]},"72s":{"weight":1.0,"played":[1.0,0.0,0.0],"evs":[0.0,-2.55846,-2.56117]},"73s":{"weight":1.0,"played":[1.0,0.0,0.0],"evs":[0.0,-2.02661,-2.03207]},"74s":{"weight":1.0,"played":[1.0,0.0,0.0],"evs":[0.0,-1.36936,-1.3759]},"75s":{"weight":1.0,"played":[1.0,0.0,0.0],"evs":[0.0,-0.66633,-0.67043]},"76s":{"weight":1.0,"played":[0.9966,0.0014,0.0019],"evs":[0.0,-0.09794,-0.09654]},"77":{"weight":1.0,"played":[0.0,0.0017,0.9983],"evs":[0.0,5.83831,5.84677]},"87o":{"weight":1.0,"played":[1.0,0.0,0.0],"evs":[0.0,-1.17364,-1.17242]},"97o":{"weight":1.0,"played":[1.0,0.0,0.0],"evs":[0.0,-1.48123,-1.48678]},"T7o":{"weight":1.0,"played":[1.0,0.0,0.0],"evs":[0.0,-1.70536,-1.70648]},"J7o":{"weight":1.0,"played":[1.0,0.0,0.0],"evs":[0.0,-2.02553,-2.02749]},"Q7o":{"weight":1.0,"played":[1.0,0.0,0.0],"evs":[0.0,-2.11661,-2.11857]},"K7o":{"weight":1.0,"played":[1.0,0.0,0.0],"evs":[0.0,-1.38592,-1.37721]},"A7o":{"weight":1.0,"played":[0.0,0.2834,0.7166],"evs":[0.0,1.2356,1.23475]},"82s":{"weight":1.0,"played":[1.0,0.0,0.0],"evs":[0.0,-2.27281,-2.2708]},"83s":{"weight":1.0,"played":[1.0,0.0,0.0],"evs":[0.0,-2.35576,-2.35373]},"84s":{"weight":1.0,"played":[1.0,0.0,0.0],"evs":[0.0,-1.62753,-1.62964]},"85s":{"weight":1.0,"played":[1.0,0.0,0.0],"evs":[0.0,-0.96911,-0.97305]},"86s":{"weight":1.0,"played":[0.9995,5.0E-4,1.0E-4],"evs":[0.0,-0.30568,-0.31002]},"87s":{"weight":1.0,"played":[0.001,0.6969,0.3021],"evs":[0.0,0.29337,0.2929]},"88":{"weight":1.0,"played":[0.0,9.0E-4,0.9991],"evs":[0.0,6.79567,6.81983]},"98o":{"weight":1.0,"played":[1.0,0.0,0.0],"evs":[0.0,-0.9171,-0.91542]},"T8o":{"weight":1.0,"played":[1.0,0.0,0.0],"evs":[0.0,-1.1419,-1.14127]},"J8o":{"weight":1.0,"played":[1.0,0.0,0.0],"evs":[0.0,-1.44701,-1.44493]},"Q8o":{"weight":1.0,"played":[1.0,0.0,0.0],"evs":[0.0,-1.59138,-1.58847]},"K8o":{"weight":1.0,"played":[1.0,0.0,0.0],"evs":[0.0,-1.2852,-1.27264]},"A8o":{"weight":1.0,"played":[0.0,0.1041,0.8959],"evs":[0.0,2.10527,2.11058]},"92s":{"weight":1.0,"played":[1.0,0.0,0.0],"evs":[0.0,-2.18128,-2.19032]},"93s":{"weight":1.0,"played":[1.0,0.0,0.0],"evs":[0.0,-2.05155,-2.05171]},"94s":{"weight":1.0,"played":[1.0,0.0,0.0],"evs":[0.0,-1.94154,-1.94658]},"95s":{"weight":1.0,"played":[1.0,0.0,0.0],"evs":[0.0,-1.31724,-1.32177]},"96s":{"weight":1.0,"played":[1.0,0.0,0.0],"evs":[0.0,-0.61424,-0.61423]},"97s":{"weight":1.0,"played":[0.4574,0.2291,0.3135],"evs":[0.0,-0.00596,-0.00871]},"98s":{"weight":1.0,"played":[2.0E-4,0.3751,0.6247],"evs":[0.0,0.47335,0.47107]},"99":{"weight":1.0,"played":[0.0,0.0013,0.9987],"evs":[0.0,7.83036,7.84559]},"T9o":{"weight":1.0,"played":[1.0,0.0,0.0],"evs":[0.0,-0.60645,-0.60153]},"J9o":{"weight":1.0,"played":[1.0,0.0,0.0],"evs":[0.0,-0.89739,-0.89563]},"Q9o":{"weight":1.0,"played":[1.0,0.0,0.0],"evs":[0.0,-0.98857,-0.99296]},"K9o":{"weight":1.0,"played":[0.9999,0.0,0.0],"evs":[0.0,-0.60037,-0.58795]},