{"player":2,"street":0,"children":3,"sequence":[{"player":0,"type":"R","amount":935000,"street":0},{"player":1,"type":"C","amount":935000,"street":0}],"actions":[{"type":"F","amount":0,"node":32},{"type":"C","amount":885000,"node":34},{"type":"R","amount":2295000,"node":37}],"hands":{"22":{"weight":1.0,"played":[0.1218,0.0985,0.7797],"evs":[0.0,0.81399,0.8854]},"32o":{"weight":1.0,"played":[1.0,0.0,0.0],"evs":[0.0,-5.29528,-5.69041]},"42o":{"weight":1.0,"played":[1.0,0.0,0.0],"evs":[0.0,-4.93396,-5.30297]},"52o":{"weight":1.0,"played":[1.0,0.0,0.0],"evs":[0.0,-4.65529,-5.05823]},"62o":{"weight":1.0,"played":[1.0,0.0,0.0],"evs":[0.0,-4.81568,-5.14478]},"72o":{"weight":1.0,"played":[1.0,0.0,0.0],"evs":[0.0,-5.62237,-5.88035]},"82o":{"weight":1.0,"played":[1.0,0.0,0.0],"evs":[0.0,-5.00321,-5.2444]},"92o":{"weight":1.0,"played":[1.0,0.0,0.0],"evs":[0.0,-5.428,-5.66065]},"T2o":{"weight":1.0,"played":[1.0,0.0,0.0],"evs":[0.0,-5.38748,-5.4132]},"J2o":{"weight":1.0,"played":[1.0,0.0,0.0],"evs":[0.0,-5.21264,-5.30147]},"Q2o":{"weight":1.0,"played":[1.0,0.0,0.0],"evs":[0.0,-4.55758,-4.8023]},"K2o":{"weight":1.0,"played":[1.0,0.0,0.0],"evs":[0.0,-4.62809,-4.72957]},"A2o":{"weight":1.0,"played":[0.9998,1.0E-4,0.0],"evs":[0.0,-3.69352,-3.65218]},"32s":{"weight":1.0,"played":[1.0,0.0,0.0],"evs":[0.0,-3.0305,-3.32932]},"33":{"weight":1.0,"played":[2.0E-4,0.2429,0.7568],"evs":[0.0,2.05209,2.14027]},"43o":{"weight":1.0,"played":[1.0,0.0,0.0],"evs":[0.0,-4.08977,-4.32402]},"53o":{"weight":1.0,"played":[1.0,0.0,0.0],"evs":[0.0,-4.12054,-4.47638]},"63o":{"weight":1.0,"played":[1.0,0.0,0.0],"evs":[0.0,-3.94581,-4.23474]},"73o":{"weight":1.0,"played":[1.0,0.0,0.0],"evs":[0.0,-4.61316,-4.88594]},"83o":{"weight":1.0,"played":[1.0,0.0,0.0],"evs":[0.0,-5.41143,-5.76008]},"93o":{"weight":1.0,"played":[1.0,0.0,0.0],"evs":[0.0,-5.20847,-5.51191]},"T3o":{"weight":1.0,"played":[1.0,0.0,0.0],"evs":[0.0,-5.29571,-5.44221]},"J3o":{"weight":1.0,"played":[1.0,0.0,0.0],"evs":[0.0,-5.10816,-5.21934]},"Q3o":{"weight":1.0,"played":[1.0,0.0,0.0],"evs":[0.0,-4.81461,-4.99343]},"K3o":{"weight":1.0,"played":[1.0,0.0,0.0],"evs":[0.0,-4.79266,-4.83979]},"A3o":{"weight":1.0,"played":[0.9999,1.0E-4,1.0E-4],"evs":[0.0,-3.46452,-3.43221]},"42s":{"weight":1.0,"played":[1.0,0.0,0.0],"evs":[0.0,-3.00311,-3.16555]},"43s":{"weight":1.0,"played":[0.9992,5.0E-4,3.0E-4],"evs":[0.0,-1.84136,-2.10155]},"44":{"weight":1.0,"played":[0.0,0.0304,0.9696],"evs":[0.0,2.87779,2.94052]},"54o":{"weight":1.0,"played":[1.0,0.0,0.0],"evs":[0.0,-2.74589,-2.99183]},"64o":{"weight":1.0,"played":[1.0,0.0,0.0],"evs":[0.0,-2.52852,-2.67669]},"74o":{"weight":1.0,"played":[1.0,0.0,0.0],"evs":[0.0,-3.53564,-3.71495]},"84o":{"weight":1.0,"played":[1.0,0.0,0.0],"evs":[0.0,-3.99971,-4.24091]},"94o":{"weight":1.0,"played":[1.0,0.0,0.0],"evs":[0.0,-4.79894,-4.91338]},"T4o":{"weight":1.0,"played":[1.0,0.0,0.0],"evs":[0.0,-4.30807,-4.40427]},"J4o":{"weight":1.0,"played":[1.0,0.0,0.0],"evs":[0.0,-4.13079,-4.14742]},"Q4o":{"weight":1.0,"played":[1.0,0.0,0.0],"evs":[0.0,-4.18608,-4.28405]},"K4o":{"weight":1.0,"played":[1.0,0.0,0.0],"evs":[0.0,-3.86853,-3.85067]},"A4o":{"weight":1.0,"played":[0.9993,1.0E-4,6.0E-4],"evs":[0.0,-3.04155,-3.10255]},"52s":{"weight":1.0,"played":[0.998,0.0015,5.0E-4],"evs":[0.0,-3.1213,-3.3755]},"53s":{"weight":1.0,"played":[0.9981,0.0,0.0019],"evs":[0.0,-1.57688,-1.71312]},"54s":{"weight":1.0,"played":[0.9257,0.0478,0.0265],"evs":[0.0,-0.34219,-0.5083]},"55":{"weight":1.0,"played":[0.0,0.0129,0.9871],"evs":[0.0,3.88691,4.07323]},"65o":{"weight":1.0,"played":[1.0,0.0,0.0],"evs":[0.0,-1.90818,-2.10616]},"75o":{"weight":1.0,"played":[1.0,0.0,0.0],"evs":[0.0,-2.4878,-2.59586]},"85o":{"weight":1.0,"played":[1.0,0.0,0.0],"evs":[0.0,-2.80635,-2.97468]},"95o":{"weight":1.0,"played":[1.0,0.0,0.0],"evs":[0.0,-4.07182,-4.21838]},"T5o":{"weight":1.0,"played":[1.0,0.0,0.0],"evs":[0.0,-4.34636,-4.4263]},"J5o":{"weight":1.0,"played":[0.9999,0.0,1.0E-4],"evs":[0.0,-4.05486,-4.06489]},"Q5o":{"weight":1.0,"played":[0.9999,0.0,1.0E-4],"evs":[0.0,-3.7088,-3.78299]},"K5o":{"weight":1.0,"played":[0.9999,0.0,1.0E-4],"evs":[0.0,-3.80368,-3.8439]},"A5o":{"weight":1.0,"played":[0.9987,0.0013,0.0],"evs":[0.0,-2.23585,-2.23123]},"62s":{"weight":1.0,"played":[0.9998,1.0E-4,1.0E-4],"evs":[0.0,-2.33269,-2.49743]},"63s":{"weight":1.0,"played":[0.9977,9.0E-4,0.0014],"evs":[0.0,-1.54786,-1.87909]},"64s":{"weight":1.0,"played":[0.8682,0.1081,0.0238],"evs":[0.0,-0.73027,-0.94558]},"65s":{"weight":1.0,"played":[0.368,0.2942,0.3378],"evs":[0.0,0.13593,0.05778]},"66":{"weight":1.0,"played":[0.0,0.0162,0.9838],"evs":[0.0,6.01726,6.09315]},"76o":{"weight":1.0,"played":[1.0,0.0,0.0],"evs":[0.0,-1.19054,-1.24523]},"86o":{"weight":1.0,"played":[1.0,0.0,0.0],"evs":[0.0,-1.86332,-1.90697]},"96o":{"weight":1.0,"played":[1.0,0.0,0.0],"evs":[0.0,-2.73187,-2.90175]},"T6o":{"weight":1.0,"played":[0.9999,0.0,0.0],"evs":[0.0,-3.19146,-3.18186]},"J6o":{"weight":1.0,"played":[1.0,0.0,0.0],"evs":[0.0,-3.57974,-3.56531]},"Q6o":{"weight":1.0,"played":[1.0,0.0,0.0],"evs":[0.0,-2.95492,-2.97755]},"K6o":{"weight":1.0,"played":[1.0,0.0,0.0],"evs":[0.0,-2.6396,-2.73055]},"A6o":{"weight":1.0,"played":[0.9999,1.0E-4,0.0],"evs":[0.0,-2.58237,-2.49022]},"72s":{"weight":1.0,"played":[1.0,0.0,0.0],"evs":[0.0,-3.04163,-3.14682]},"73s":{"weight":1.0,"played":[1.0,0.0,0.0],"evs":[0.0,-2.20981,-2.44205]},"74s":{"weight":1.0,"played":[0.9997,2.0E-4,1.0E-4],"evs":[0.0,-1.00541,-1.21325]},"75s":{"weight":1.0,"played":[0.4768,0.2903,0.2329],"evs":[0.0,-0.23142,-0.28234]},"76s":{"weight":1.0,"played":[0.1249,0.3442,0.5309],"evs":[0.0,0.83348,0.89857]},"77":{"weight":1.0,"played":[0.0,0.069,0.931],"evs":[0.0,6.98481,7.11371]},"87o":{"weight":1.0,"played":[0.9998,1.0E-4,1.0E-4],"evs":[0.0,-1.19037,-1.1658]},"97o":{"weight":1.0,"played":[1.0,0.0,0.0],"evs":[0.0,-1.88723,-1.89746]},"T7o":{"weight":1.0,"played":[1.0,0.0,0.0],"evs":[0.0,-2.28731,-2.2823]},"J7o":{"weight":1.0,"played":[1.0,0.0,0.0],"evs":[0.0,-2.96141,-2.95328]},"Q7o":{"weight":1.0,"played":[1.0,0.0,0.0],"evs":[0.0,-3.1808,-3.1561]},"K7o":{"weight":1.0,"played":[0.9999,1.0E-4,1.0E-4],"evs":[0.0,-2.94719,-2.93404]},"A7o":{"weight":1.0,"played":[0.9994,3.0E-4,3.0E-4],"evs":[0.0,-1.58602,-1.46981]},"82s":{"weight":1.0,"played":[0.9996,3.0E-4,1.0E-4],"evs":[0.0,-2.32547,-2.56252]},"83s":{"weight":1.0,"played":[0.9997,2.0E-4,1.0E-4],"evs":[0.0,-2.636,-2.84361]},"84s":{"weight":1.0,"played":[0.997,0.002,9.0E-4],"evs":[0.0,-1.70116,-1.9054]},"85s":{"weight":1.0,"played":[0.9999,1.0E-4,0.0],"evs":[0.0,-1.43367,-1.45142]},"86s":{"weight":1.0,"played":[0.2288,0.5351,0.2361],"evs":[0.0,0.2178,0.13567]},"87s":{"weight":1.0,"played":[8.0E-4,0.8942,0.105],"evs":[0.0,0.7248,0.68335]},"88":{"weight":1.0,"played":[0.0,0.0123,0.9877],"evs":[0.0,8.39314,8.43604]},"98o":{"weight":1.0,"played":[1.0,0.0,0.0],"evs":[0.0,-1.04817,-1.03382]},"T8o":{"weight":1.0,"played":[1.0,0.0,0.0],"evs":[0.0,-1.49198,-1.4587]},"J8o":{"weight":1.0,"played":[0.9999,0.0,0.0],"evs":[0.0,-1.96289,-1.8898]},"Q8o":{"weight":1.0,"played":[0.9998,0.0,2.0E-4],"evs":[0.0,-2.3159,-2.34423]},"K8o":{"weight":1.0,"played":[1.0,0.0,0.0],"evs":[0.0,-2.8847,-2.84835]},"A8o":{"weight":1.0,"played":[0.9056,0.0101,0.0844],"evs":[0.0,-0.43033,-0.36075]},"92s":{"weight":1.0,"played":[1.0,0.0,0.0],"evs":[0.0,-2.78436,-2.87528]},"93s":{"weight":1.0,"played":[1.0,0.0,0.0],"evs":[0.0,-2.90736,-3.11532]},"94s":{"weight":1.0,"played":[1.0,0.0,0.0],"evs":[0.0,-2.40913,-2.50101]},"95s":{"weight":1.0,"played":[0.9991,5.0E-4,4.0E-4],"evs":[0.0,-2.17061,-2.28104]},"96s":{"weight":1.0,"played":[0.9426,0.0285,0.029],"evs":[0.0,-0.42537,-0.38004]},"97s":{"weight":1.0,"played":[0.1532,0.7461,0.1006],"evs":[0.0,0.46443,0.34086]},"98s":{"weight":1.0,"played":[0.0016,0.1661,0.8322],"evs":[0.0,1.09698,1.16409]},"99":{"weight":1.0,"played":[0.0,0.1394,0.8606],"evs":[0.0,10.11545,10.21255]},"T9o":{"weight":1.0,"played":[0.9999,0.0,0.0],"evs":[0.0,-0.81218,-0.81537]},"J9o":{"weight":1.0,