{"player":2,"street":0,"children":3,"sequence":[{"player":0,"type":"R","amount":1740000,"street":0},{"player":1,"type":"F","amount":0,"street":0}],"actions":[{"type":"F","amount":0,"node":31},{"type":"C","amount":1740000,"node":36},{"type":"R","amount":2340000,"node":45}],"hands":{"22":{"weight":1.0,"played":[1.0,0.0,0.0],"evs":[0.0,-1.55916,-1.55273]},"32o":{"weight":1.0,"played":[1.0,0.0,0.0],"evs":[0.0,-4.0187,-4.16179]},"42o":{"weight":1.0,"played":[1.0,0.0,0.0],"evs":[0.0,-3.97095,-4.11283]},"52o":{"weight":1.0,"played":[1.0,0.0,0.0],"evs":[0.0,-3.85353,-3.98717]},"62o":{"weight":1.0,"played":[1.0,0.0,0.0],"evs":[0.0,-4.04785,-4.18741]},"72o":{"weight":1.0,"played":[1.0,0.0,0.0],"evs":[0.0,-4.18488,-4.32433]},"82o":{"weight":1.0,"played":[1.0,0.0,0.0],"evs":[0.0,-4.12665,-4.2544]},"92o":{"weight":1.0,"played":[1.0,0.0,0.0],"evs":[0.0,-3.99437,-4.11423]},"T2o":{"weight":1.0,"played":[1.0,0.0,0.0],"evs":[0.0,-3.88622,-3.98543]},"J2o":{"weight":1.0,"played":[1.0,0.0,0.0],"evs":[0.0,-3.84485,-3.92321]},"Q2o":{"weight":1.0,"played":[1.0,0.0,0.0],"evs":[0.0,-3.60951,-3.67314]},"K2o":{"weight":1.0,"played":[1.0,0.0,0.0],"evs":[0.0,-3.44501,-3.4774]},"A2o":{"weight":1.0,"played":[1.0,0.0,0.0],"evs":[0.0,-2.44517,-2.43633]},"32s":{"weight":1.0,"played":[1.0,0.0,0.0],"evs":[0.0,-3.25834,-3.37767]},"33":{"weight":1.0,"played":[1.0,0.0,0.0],"evs":[0.0,-1.38689,-1.3785]},"43o":{"weight":1.0,"played":[1.0,0.0,0.0],"evs":[0.0,-3.66377,-3.78934]},"53o":{"weight":1.0,"played":[1.0,0.0,0.0],"evs":[0.0,-3.52218,-3.63891]},"63o":{"weight":1.0,"played":[1.0,0.0,0.0],"evs":[0.0,-3.69806,-3.82481]},"73o":{"weight":1.0,"played":[1.0,0.0,0.0],"evs":[0.0,-3.88981,-4.01338]},"83o":{"weight":1.0,"played":[1.0,0.0,0.0],"evs":[0.0,-4.0851,-4.21554]},"93o":{"weight":1.0,"played":[1.0,0.0,0.0],"evs":[0.0,-3.92918,-4.03658]},"T3o":{"weight":1.0,"played":[1.0,0.0,0.0],"evs":[0.0,-3.80668,-3.89998]},"J3o":{"weight":1.0,"played":[1.0,0.0,0.0],"evs":[0.0,-3.72238,-3.79957]},"Q3o":{"weight":1.0,"played":[1.0,0.0,0.0],"evs":[0.0,-3.54748,-3.60044]},"K3o":{"weight":1.0,"played":[1.0,0.0,0.0],"evs":[0.0,-3.32085,-3.34173]},"A3o":{"weight":1.0,"played":[1.0,0.0,0.0],"evs":[0.0,-2.37383,-2.36141]},"42s":{"weight":1.0,"played":[1.0,0.0,0.0],"evs":[0.0,-3.23562,-3.3454]},"43s":{"weight":1.0,"played":[1.0,0.0,0.0],"evs":[0.0,-2.91471,-3.01667]},"44":{"weight":1.0,"played":[1.0,0.0,0.0],"evs":[0.0,-1.1601,-1.15429]},"54o":{"weight":1.0,"played":[1.0,0.0,0.0],"evs":[0.0,-3.23766,-3.3442]},"64o":{"weight":1.0,"played":[1.0,0.0,0.0],"evs":[0.0,-3.4095,-3.52428]},"74o":{"weight":1.0,"played":[1.0,0.0,0.0],"evs":[0.0,-3.60001,-3.70831]},"84o":{"weight":1.0,"played":[1.0,0.0,0.0],"evs":[0.0,-3.81733,-3.92805]},"94o":{"weight":1.0,"played":[1.0,0.0,0.0],"evs":[0.0,-3.91993,-4.02482]},"T4o":{"weight":1.0,"played":[1.0,0.0,0.0],"evs":[0.0,-3.7495,-3.8319]},"J4o":{"weight":1.0,"played":[1.0,0.0,0.0],"evs":[0.0,-3.70712,-3.77403]},"Q4o":{"weight":1.0,"played":[1.0,0.0,0.0],"evs":[0.0,-3.47133,-3.51875]},"K4o":{"weight":1.0,"played":[1.0,0.0,0.0],"evs":[0.0,-3.26105,-3.28057]},"A4o":{"weight":1.0,"played":[1.0,0.0,0.0],"evs":[0.0,-2.27392,-2.25918]},"52s":{"weight":1.0,"played":[1.0,0.0,0.0],"evs":[0.0,-3.03908,-3.13938]},"53s":{"weight":1.0,"played":[1.0,0.0,0.0],"evs":[0.0,-2.76068,-2.8574]},"54s":{"weight":1.0,"played":[1.0,0.0,0.0],"evs":[0.0,-2.5125,-2.60231]},"55":{"weight":1.0,"played":[1.0,0.0,0.0],"evs":[0.0,-0.83152,-0.81657]},"65o":{"weight":1.0,"played":[1.0,0.0,0.0],"evs":[0.0,-3.10281,-3.20415]},"75o":{"weight":1.0,"played":[1.0,0.0,0.0],"evs":[0.0,-3.27582,-3.37948]},"85o":{"weight":1.0,"played":[1.0,0.0,0.0],"evs":[0.0,-3.48957,-3.58553]},"95o":{"weight":1.0,"played":[1.0,0.0,0.0],"evs":[0.0,-3.61821,-3.70914]},"T5o":{"weight":1.0,"played":[1.0,0.0,0.0],"evs":[0.0,-3.72617,-3.80022]},"J5o":{"weight":1.0,"played":[1.0,0.0,0.0],"evs":[0.0,-3.60186,-3.66311]},"Q5o":{"weight":1.0,"played":[1.0,0.0,0.0],"evs":[0.0,-3.38348,-3.42138]},"K5o":{"weight":1.0,"played":[1.0,0.0,0.0],"evs":[0.0,-3.16382,-3.17369]},"A5o":{"weight":1.0,"played":[1.0,0.0,0.0],"evs":[0.0,-2.12639,-2.10872]},"62s":{"weight":1.0,"played":[1.0,0.0,0.0],"evs":[0.0,-3.2193,-3.32594]},"63s":{"weight":1.0,"played":[1.0,0.0,0.0],"evs":[0.0,-2.94497,-3.04153]},"64s":{"weight":1.0,"played":[1.0,0.0,0.0],"evs":[0.0,-2.67907,-2.77286]},"65s":{"weight":1.0,"played":[1.0,0.0,0.0],"evs":[0.0,-2.38151,-2.4628]},"66":{"weight":1.0,"played":[0.9999,1.0E-4,0.0],"evs":[0.0,-0.31045,-0.30011]},"76o":{"weight":1.0,"played":[1.0,0.0,0.0],"evs":[0.0,-2.96352,-3.04948]},"86o":{"weight":1.0,"played":[1.0,0.0,0.0],"evs":[0.0,-3.1779,-3.26247]},"96o":{"weight":1.0,"played":[1.0,0.0,0.0],"evs":[0.0,-3.25941,-3.33943]},"T6o":{"weight":1.0,"played":[1.0,0.0,0.0],"evs":[0.0,-3.36595,-3.43676]},"J6o":{"weight":1.0,"played":[1.0,0.0,0.0],"evs":[0.0,-3.51867,-3.57928]},"Q6o":{"weight":1.0,"played":[1.0,0.0,0.0],"evs":[0.0,-3.28314,-3.32573]},"K6o":{"weight":1.0,"played":[1.0,0.0,0.0],"evs":[0.0,-3.05397,-3.0642]},"A6o":{"weight":1.0,"played":[1.0,0.0,0.0],"evs":[0.0,-2.23738,-2.23098]},"72s":{"weight":1.0,"played":[1.0,0.0,0.0],"evs":[0.0,-3.41255,-3.52329]},"73s":{"weight":1.0,"played":[1.0,0.0,0.0],"evs":[0.0,-3.09776,-3.18839]},"74s":{"weight":1.0,"played":[1.0,0.0,0.0],"evs":[0.0,-2.80736,-2.88307]},"75s":{"weight":1.0,"played":[1.0,0.0,0.0],"evs":[0.0,-2.55421,-2.63317]},"76s":{"weight":1.0,"played":[1.0,0.0,0.0],"evs":[0.0,-2.22428,-2.28928]},"77":{"weight":1.0,"played":[0.0,0.1207,0.8793],"evs":[0.0,0.11669,0.13831]},"87o":{"weight":1.0,"played":[1.0,0.0,0.0],"evs":[0.0,-2.88154,-2.95453]},"97o":{"weight":1.0,"played":[1.0,0.0,0.0],"evs":[0.0,-2.99423,-3.06663]},"T7o":{"weight":1.0,"played":[1.0,0.0,0.0],"evs":[0.0,-3.07658,-3.13671]},"J7o":{"weight":1.0,"played":[1.0,0.0,0.0],"evs":[0.0,-3.21137,-3.266]},"Q7o":{"weight":1.0,"played":[1.0,0.0,0.0],"evs":[0.0,-3.25238,-3.28321]},"K7o":{"weight":1.0,"played":[1.0,0.0,0.0],"evs":[0.0,-2.92435,-2.9261]},"A7o":{"weight":1.0,"played":[1.0,0.0,0.0],"evs":[0.0,-2.01958,-2.00382]},"82s":{"weight":1.0,"played":[1.0,0.0,0.0],"evs":[0.0,-3.3675,-3.46541]},"83s":{"weight":1.0,"played":[1.0,0.0,0.0],"evs":[0.0,-3.27921,-3.37789]},"84s":{"weight":1.0,"played":[1.0,0.0,0.0],"evs":[0.0,-3.01889,-3.1029]},"85s":{"weight":1.0,"played":[1.0,0.0,0.0],"evs":[0.0,-2.73811,-2.81331]},"86s":{"weight":1.0,"played":[1.0,0.0,0.0],"evs":[0.0,-2.41788,-2.48811]},"87s":{"weight":1.0,"played":[1.0,0.0,0.0],"evs":[0.0,-2.16239,-2.22371]},"88":{"weight":1.0,"played":[0.0,0.4174,0.5826],"evs":[0.0,0.64637,0.65801]},"98o":{"weight":1.0,"played":[1.0,0.0,0.0],"evs":[0.0,-2.76492,-2.82848]},"T8o":{"weight":1.0,"played":[1.0,0.0,0.0],"evs":[0.0,-2.8552,-2.90623]},"J8o":{"weight":1.0,"played":[1.0,0.0,0.0],"evs":[0.0,-3.01809,-3.06433]},"Q8o":{"weight":1.0,"played":[1.0,0.0,0.0],"evs":[0.0,-3.02662,-3.05743]},"K8o":{"weight":1.0,"played":[1.0,0.0,0.0],"evs":[0.0,-3.01398,-3.01436]},"A8o":{"weight":1.0,"played":[1.0,0.0,0.0],"evs":[0.0,-1.69053,-1.68286]},"92s":{"weight":1.0,"played":[1.0,0.0,0.0],"evs":[0.0,-3.18683,-3.27942]},"93s":{"weight":1.0,"played":[1.0,0.0,0.0],"evs":[0.0,-3.13561,-3.22507]},"94s":{"weight":1.0,"played":[1.0,0.0,0.0],"evs":[0.0,-3.12987,-3.21008]},"95s":{"weight":1.0,"played":[1.0,0.0,0.0],"evs":[0.0,-2.83594,-2.90589]},"96s":{"weight":1.0,"played":[1.0,0.0,0.0],"evs":[0.0,-2.50909,-2.5734]},"97s":{"weight":1.0,"played":[1.0,0.0,0.0],"evs":[0.0,-2.23998,-2.2935]},"98s":{"weight":1.0,"played":[1.0,0.0,0.0],"evs":[0.0,-2.05593,-2.10119]},"99":{"weight":1.0,"played":[0.0,0.2762,0.7238],"evs":[0.0,1.35339,1.3663]},"T9o":{"weight":1.0,"played":[1.0,0.0,0.0],"evs":[0.0,-2.49524,-2.5315]},"J9o":{"weight":1.0,"played":[1.0,0.0,0.0],"evs":[0.0,-2.67901,-2.71792]},"Q9o":{"weight":1.0,"played":[1.0,0.0,0.0],"evs":[0.0,-2.64675,-2.66764]},"K9o":{"weight":1.0,"played":[1.0,0.0,0.0],"evs":[0.0,-2.63068,-2.617]},"A9o":{"weight":1.0,"played":[1.0,0.0,0.0],"evs":[0.0,-1.13141,-1.11769]},"T2s":{"weight":1.0,