{"equityUnit":"TABLE_EQUITY_PERCENT","conversionFactors":{"toUSD":13.161328,"toRegularPrizePercent":0.42278603},"preHandEquity":[26.51014,18.55793,19.31249,24.15409,11.46535],"bubbleFactors":[[-1.0,1.03,0.983,1.043,0.828],[1.265,-1.0,1.25,1.26,0.862],[1.275,1.092,-1.0,1.27,0.859],[1.336,1.048,1.001,-1.0,0.837],[1.154,1.144,1.145,1.151,-1.0]]}