{"player":1,"street":0,"children":2,"sequence":[{"player":0,"type":"F","amount":0,"street":0},{"player":1,"type":"C","amount":2500000,"street":0},{"player":2,"type":"R","amount":28250000,"street":0}],"actions":[{"type":"F","amount":0},{"type":"C","amount":23250000}],"hands":{"22":{"weight":0.0,"played":[0.0,1.0],"evs":[0.0,2.63111]},"32o":{"weight":0.0,"played":[1.0,0.0],"evs":[0.0,-1.61199]},"42o":{"weight":0.0,"played":[1.0,0.0],"evs":[0.0,-1.43655]},"52o":{"weight":0.0,"played":[1.0,0.0],"evs":[0.0,-1.16727]},"62o":{"weight":0.0,"played":[1.0,0.0],"evs":[0.0,-1.47031]},"72o":{"weight":0.0,"played":[1.0,0.0],"evs":[0.0,-1.49967]},"82o":{"weight":0.0,"played":[1.0,0.0],"evs":[0.0,-1.17674]},"92o":{"weight":0.0,"played":[1.0,0.0],"evs":[0.0,-1.04772]},"T2o":{"weight":0.0,"played":[1.0,0.0],"evs":[0.0,-0.75256]},"J2o":{"weight":0.0895,"played":[1.0,0.0],"evs":[0.0,-0.37424]},"Q2o":{"weight":0.0,"played":[0.0,1.0],"evs":[0.0,0.44946]},"K2o":{"weight":0.0,"played":[0.0,1.0],"evs":[0.0,1.77698]},"A2o":{"weight":0.0,"played":[0.0,1.0],"evs":[0.0,3.28746]},"32s":{"weight":0.0022,"played":[1.0,0.0],"evs":[0.0,-0.83835]},"33":{"weight":0.0,"played":[0.0,1.0],"evs":[0.0,3.2928]},"43o":{"weight":0.0,"played":[1.0,0.0],"evs":[0.0,-1.07522]},"53o":{"weight":0.0,"played":[1.0,0.0],"evs":[0.0,-0.78282]},"63o":{"weight":0.0,"played":[1.0,0.0],"evs":[0.0,-1.09637]},"73o":{"weight":0.0,"played":[1.0,0.0],"evs":[0.0,-1.09589]},"83o":{"weight":0.0,"played":[1.0,0.0],"evs":[0.0,-1.07169]},"93o":{"weight":0.0,"played":[1.0,0.0],"evs":[0.0,-0.94739]},"T3o":{"weight":9.0E-4,"played":[1.0,0.0],"evs":[0.0,-0.60385]},"J3o":{"weight":0.0,"played":[0.9997,3.0E-4],"evs":[0.0,-0.1777]},"Q3o":{"weight":0.0,"played":[1.0E-4,0.9999],"evs":[0.0,0.67066]},"K3o":{"weight":0.0,"played":[0.0,1.0],"evs":[0.0,2.03311]},"A3o":{"weight":0.0,"played":[0.0,1.0],"evs":[0.0,3.499]},"42s":{"weight":0.0516,"played":[1.0,0.0],"evs":[0.0,-0.66407]},"43s":{"weight":0.0018,"played":[0.9998,2.0E-4],"evs":[0.0,-0.3019]},"44":{"weight":0.0,"played":[0.0,1.0],"evs":[0.0,3.8817]},"54o":{"weight":0.0153,"played":[1.0,0.0],"evs":[0.0,-0.40461]},"64o":{"weight":0.0163,"played":[1.0,0.0],"evs":[0.0,-0.65874]},"74o":{"weight":0.0,"played":[1.0,0.0],"evs":[0.0,-0.70731]},"84o":{"weight":2.0E-4,"played":[1.0,0.0],"evs":[0.0,-0.66176]},"94o":{"weight":1.0E-4,"played":[1.0,0.0],"evs":[0.0,-0.77454]},"T4o":{"weight":0.1002,"played":[1.0,0.0],"evs":[0.0,-0.43072]},"J4o":{"weight":0.0,"played":[0.0608,0.9392],"evs":[0.0,0.03068]},"Q4o":{"weight":0.0,"played":[0.0,1.0],"evs":[0.0,0.86836]},"K4o":{"weight":0.0,"played":[0.0,1.0],"evs":[0.0,2.19867]},"A4o":{"weight":0.0,"played":[0.0,1.0],"evs":[0.0,3.68083]},"52s":{"weight":0.0053,"played":[1.0,0.0],"evs":[0.0,-0.37261]},"53s":{"weight":0.0,"played":[0.9606,0.0394],"evs":[0.0,-0.0452]},"54s":{"weight":0.0,"played":[0.0,1.0],"evs":[0.0,0.33521]},"55":{"weight":0.0,"played":[0.0,1.0],"evs":[0.0,4.35376]},"65o":{"weight":0.0,"played":[1.0,0.0],"evs":[0.0,-0.12916]},"75o":{"weight":0.0018,"played":[1.0,0.0],"evs":[0.0,-0.16153]},"85o":{"weight":0.0698,"played":[1.0,0.0],"evs":[0.0,-0.15617]},"95o":{"weight":0.0533,"played":[1.0,0.0],"evs":[0.0,-0.26332]},"T5o":{"weight":0.0359,"played":[1.0,0.0],"evs":[0.0,-0.20988]},"J5o":{"weight":0.0,"played":[0.0,1.0],"evs":[0.0,0.2488]},"Q5o":{"weight":0.0,"played":[0.0,1.0],"evs":[0.0,1.06635]},"K5o":{"weight":0.0,"played":[0.0,1.0],"evs":[0.0,2.29677]},"A5o":{"weight":0.0,"played":[0.0,1.0],"evs":[0.0,3.72136]},"62s":{"weight":0.0657,"played":[1.0,0.0],"evs":[0.0,-0.65587]},"63s":{"weight":3.0E-4,"played":[1.0,0.0],"evs":[0.0,-0.34011]},"64s":{"weight":0.0,"played":[0.0371,0.9629],"evs":[0.0,0.05759]},"65s":{"weight":0.0,"played":[0.0,1.0],"evs":[0.0,0.58281]},"66":{"weight":0.0,"played":[0.0,1.0],"evs":[0.0,4.79487]},"76o":{"weight":0.0,"played":[0.4066,0.5934],"evs":[0.0,0.01238]},"86o":{"weight":0.0,"played":[0.5675,0.4325],"evs":[0.0,-0.00401]},"96o":{"weight":0.0,"played":[0.9769,0.0231],"evs":[0.0,-0.05681]},"T6o":{"weight":0.0,"played":[0.0341,0.9659],"evs":[0.0,0.02106]},"J6o":{"weight":0.0,"played":[1.0E-4,0.9999],"evs":[0.0,0.32325]},"Q6o":{"weight":0.0,"played":[0.0,1.0],"evs":[0.0,1.23613]},"K6o":{"weight":0.0,"played":[0.0,1.0],"evs":[0.0,2.57514]},"A6o":{"weight":0.0,"played":[0.0,1.0],"evs":[0.0,3.84457]},"72s":{"weight":0.0045,"played":[1.0,0.0],"evs":[0.0,-0.68246]},"73s":{"weight":0.1093,"played":[1.0,0.0],"evs":[0.0,-0.33467]},"74s":{"weight":0.0,"played":[0.3237,0.6763],"evs":[0.0,0.04675]},"75s":{"weight":0.0,"played":[1.0E-4,0.9999],"evs":[0.0,0.51468]},"76s":{"weight":1.0E-4,"played":[0.0,1.0],"evs":[0.0,0.70269]},"77":{"weight":0.0,"played":[0.0,1.0],"evs":[0.0,5.32987]},"87o":{"weight":0.0029,"played":[0.0,1.0],"evs":[0.0,0.32152]},"97o":{"weight":0.0,"played":[0.0,1.0],"evs":[0.0,0.28574]},"T7o":{"weight":0.0,"played":[0.0,1.0],"evs":[0.0,0.41584]},"J7o":{"weight":0.0,"played":[0.0,1.0],"evs":[0.0,0.81757]},"Q7o":{"weight":0.0,"played":[0.0,1.0],"evs":[0.0,1.46958]},"K7o":{"weight":0.0,"played":[0.0,1.0],"evs":[0.0,2.84845]},"A7o":{"weight":0.0,"played":[0.0,1.0],"evs":[0.0,4.13438]},"82s":{"weight":0.2073,"played":[1.0,0.0],"evs":[0.0,-0.39414]},"83s":{"weight":0.01,"played":[1.0,0.0],"evs":[0.0,-0.35299]},"84s":{"weight":0.0,"played":[0.1384,0.8616],"evs":[0.0,0.07611]},"85s":{"weight":0.0,"played":[0.0,1.0],"evs":[0.0,0.5513]},"86s":{"weight":0.0,"played":[0.0,1.0],"evs":[0.0,0.76907]},"87s":{"weight":0.0016,"played":[0.0,1.0],"evs":[0.0,0.99702]},"88":{"weight":1.0E-4,"played":[0.0,1.0],"evs":[0.0,5.78323]},"98o":{"weight":0.0076,"played":[0.0,1.0],"evs":[0.0,0.71671]},"T8o":{"weight":2.0E-4,"played":[0.0,1.0],"evs":[0.0,0.85698]},"J8o":{"weight":0.0,"played":[0.0,1.0],"evs":[0.0,1.26518]},"Q8o":{"weight":0.0,"played":[0.0,1.0],"evs":[0.0,1.97761]},"K8o":{"weight":0.0,"played":[0.0,1.0],"evs":[0.0,3.05778]},"A8o":{"weight":0.0,"played":[0.0,1.0],"evs":[0.0,4.38481]},"92s":{"weight":0.0016,"played":[1.0,0.0],"evs":[0.0,-0.28375]},"93s":{"weight":1.0E-4,"played":[0.9994,6.0E-4],"evs":[0.0,-0.14896]},"94s":{"weight":0.0,"played":[0.9043,0.0957],"evs":[0.0,-0.02205]},"95s":{"weight":6.0E-4,"played":[0.0,1.0],"evs":[0.0,0.44807]},"96s":{"weight":1.0E-4,"played":[0.0,1.0],"evs":[0.0,0.64884]},"97s":{"weight":0.037,"played":[1.0E-4,0.9999],"evs":[0.0,1.00965]},"98s":{"weight":0.0552,"played":[0.0,1.0],"evs":[0.0,1.32909]},"99":{"weight":5.0E-4,"played":[0.0,1.0],"evs":[0.0,6.12695]},"T9o":{"weight":0.0,"played":[0.0,1.0],"evs":[0.0,1.22687]},"J9o":{"weight":0.0,"played":[0.0,1.0],"evs":[0.0,1.63607]},"Q9o":{"weight":0.0,"played":[0.0,1.0],"evs":[0.0,2.51472]},"K9o":{"weight":0.0,"played":[0.0,1.0],"evs":[0.0,3.54077]},"A9o":{"weight":0.0,"played":[0.0,1.0],"evs":[0.0,4.65329]},"T2s":{"weight":0.0,"played":[0.8964,0.1036],"evs":[0.0,-0.06493]},"T3s":{"weight":0.0,"played":[0.0213,0.9787],"evs":[0.0,0.13822]},"T4s":{"weight":0.0,"played":[0.0,1.0],"evs":[0.0,0.28043]},"T5s":{"weight":6.0E-4,"played":[0.0,1.0],"evs":[0.0,0.49769]},"T6s":{"weight":2.0E-4,"played":[0.0,1.0],"evs":[0.0,0.72909]},"T7s":{"weight":0.0621,"played":[0.0,1.0],"evs":[0.0,1.06048]},"T8s":{"weight":0.0474,"played":[0.0,1.0],"evs":[0.0,1.4426]},"T9s":{"weight":0.0143,"played":[0.0,1.0],"evs":[0.0,1.84387]},"TT":{"weight":0.0021,"played":[0.0,1.0],"evs":[0.0,6.46267]},"JTo":{"weight":0.0,"played":[0.0,1.0],"evs":[0.0,2.16866]},"QTo":{"weight":0.0,"played":[0.0,1.0],"evs":[0.0,3.03798]},"KTo":{"weight":0.0,"played":[0.0,1.0],"evs":[0.0,3.99146]},"ATo":{"weight":0.0,"played":[0.0,1.0],"evs":[0.0,5.06112]},"J2s":{"weight":0.0,"played":[1.0E-4,0.9999],"evs":[0.0,0.31139]},"J3s":{"weight":1.0E-4,"played":[0.0,1.0],"evs":[0.0,0.4838]},"J4s":{"weight":0.0,"played":[1.0E-4,0.9999],"evs":[0.0,0.67625]},"J5s":{"weight":4.0E-4,"played":[0.0,1.0],"evs":[0.0,0.91435]},"J6s":{"weight":0.0,"played":[0.0,1.0],"evs":[0.0,0.99862]},"J7s":{"weight":0.0,"played":[0.0,1.0],"evs":[0.0,1.43118]},"J8s":{"weight":0.0,"played":[0.0,1.0],"evs":[0.0,1.88166]},