{"equityUnit":"TABLE_EQUITY_PERCENT","conversionFactors":{"toUSD":2.777463,"toRegularPrizePercent":0.07438305},"preHandEquity":[28.64927,15.55973,16.31405,7.73302,15.2361,16.50783],"bubbleFactors":[[-1.0,0.872,0.879,0.586,0.806,0.881],[1.032,-1.0,1.031,0.592,0.811,1.031],[1.033,0.876,-1.0,0.592,0.811,1.033],[1.016,1.016,1.016,-1.0,1.016,1.016],[1.031,1.031,1.031,0.592,-1.0,1.031],[1.034,0.876,0.884,0.592,0.81,-1.0]]}