{"player":0,"street":0,"children":3,"sequence":[],"actions":[{"type":"F","amount":0,"node":1},{"type":"R","amount":10000000,"node":23},{"type":"R","amount":75750000,"node":57}],"hands":{"22":{"weight":1.0,"played":[1.0,0.0,0.0],"evs":[0.0,-0.20483,-0.26483]},"32o":{"weight":1.0,"played":[1.0,0.0,0.0],"evs":[0.0,-1.08089,-1.93352]},"42o":{"weight":1.0,"played":[1.0,0.0,0.0],"evs":[0.0,-1.0347,-1.86953]},"52o":{"weight":1.0,"played":[1.0,0.0,0.0],"evs":[0.0,-0.97447,-1.77974]},"62o":{"weight":1.0,"played":[1.0,0.0,0.0],"evs":[0.0,-1.01333,-1.8879]},"72o":{"weight":1.0,"played":[1.0,0.0,0.0],"evs":[0.0,-1.02102,-1.95014]},"82o":{"weight":1.0,"played":[1.0,0.0,0.0],"evs":[0.0,-0.95774,-1.77966]},"92o":{"weight":1.0,"played":[1.0,0.0,0.0],"evs":[0.0,-0.8944,-1.6079]},"T2o":{"weight":1.0,"played":[1.0,0.0,0.0],"evs":[0.0,-0.78021,-1.39192]},"J2o":{"weight":1.0,"played":[1.0,0.0,0.0],"evs":[0.0,-0.64418,-1.17278]},"Q2o":{"weight":1.0,"played":[1.0,0.0,0.0],"evs":[0.0,-0.48292,-0.91114]},"K2o":{"weight":1.0,"played":[1.0,0.0,0.0],"evs":[0.0,-0.31225,-0.62334]},"A2o":{"weight":1.0,"played":[0.9998,2.0E-4,0.0],"evs":[0.0,-0.02512,-0.18519]},"32s":{"weight":1.0,"played":[1.0,0.0,0.0],"evs":[0.0,-0.86887,-1.50765]},"33":{"weight":1.0,"played":[1.0,0.0,0.0],"evs":[0.0,-0.03285,-0.05196]},"43o":{"weight":1.0,"played":[1.0,0.0,0.0],"evs":[0.0,-0.92594,-1.67048]},"53o":{"weight":1.0,"played":[1.0,0.0,0.0],"evs":[0.0,-0.86273,-1.58405]},"63o":{"weight":1.0,"played":[1.0,0.0,0.0],"evs":[0.0,-0.90956,-1.68471]},"73o":{"weight":1.0,"played":[1.0,0.0,0.0],"evs":[0.0,-0.92654,-1.74193]},"83o":{"weight":1.0,"played":[1.0,0.0,0.0],"evs":[0.0,-0.92426,-1.72522]},"93o":{"weight":1.0,"played":[1.0,0.0,0.0],"evs":[0.0,-0.8472,-1.51747]},"T3o":{"weight":1.0,"played":[1.0,0.0,0.0],"evs":[0.0,-0.73719,-1.31698]},"J3o":{"weight":1.0,"played":[1.0,0.0,0.0],"evs":[0.0,-0.59906,-1.09513]},"Q3o":{"weight":1.0,"played":[1.0,0.0,0.0],"evs":[0.0,-0.43188,-0.82695]},"K3o":{"weight":1.0,"played":[1.0,0.0,0.0],"evs":[0.0,-0.25588,-0.53186]},"A3o":{"weight":1.0,"played":[0.0,1.0,0.0],"evs":[0.0,0.0257,-0.09771]},"42s":{"weight":1.0,"played":[1.0,0.0,0.0],"evs":[0.0,-0.81443,-1.43556]},"43s":{"weight":1.0,"played":[1.0,0.0,0.0],"evs":[0.0,-0.70774,-1.25243]},"44":{"weight":1.0,"played":[0.0,0.0394,0.9606],"evs":[0.0,0.15458,0.16346]},"54o":{"weight":1.0,"played":[1.0,0.0,0.0],"evs":[0.0,-0.75427,-1.39756]},"64o":{"weight":1.0,"played":[1.0,0.0,0.0],"evs":[0.0,-0.79841,-1.48878]},"74o":{"weight":1.0,"played":[1.0,0.0,0.0],"evs":[0.0,-0.82276,-1.54812]},"84o":{"weight":1.0,"played":[1.0,0.0,0.0],"evs":[0.0,-0.82649,-1.52681]},"94o":{"weight":1.0,"played":[1.0,0.0,0.0],"evs":[0.0,-0.81189,-1.48034]},"T4o":{"weight":1.0,"played":[1.0,0.0,0.0],"evs":[0.0,-0.68618,-1.23821]},"J4o":{"weight":1.0,"played":[1.0,0.0,0.0],"evs":[0.0,-0.54393,-1.00684]},"Q4o":{"weight":1.0,"played":[1.0,0.0,0.0],"evs":[0.0,-0.37447,-0.75011]},"K4o":{"weight":1.0,"played":[1.0,0.0,0.0],"evs":[0.0,-0.19941,-0.45898]},"A4o":{"weight":1.0,"played":[0.0,1.0,0.0],"evs":[0.0,0.08781,-0.02254]},"52s":{"weight":1.0,"played":[1.0,0.0,0.0],"evs":[0.0,-0.75588,-1.35886]},"53s":{"weight":1.0,"played":[1.0,0.0,0.0],"evs":[0.0,-0.64386,-1.17746]},"54s":{"weight":1.0,"played":[1.0,0.0,0.0],"evs":[0.0,-0.54313,-0.99764]},"55":{"weight":1.0,"played":[0.0,0.1514,0.8486],"evs":[0.0,0.38411,0.38825]},"65o":{"weight":1.0,"played":[1.0,0.0,0.0],"evs":[0.0,-0.67699,-1.30066]},"75o":{"weight":1.0,"played":[1.0,0.0,0.0],"evs":[0.0,-0.69672,-1.34852]},"85o":{"weight":1.0,"played":[1.0,0.0,0.0],"evs":[0.0,-0.70474,-1.32518]},"95o":{"weight":1.0,"played":[1.0,0.0,0.0],"evs":[0.0,-0.69524,-1.26712]},"T5o":{"weight":1.0,"played":[1.0,0.0,0.0],"evs":[0.0,-0.6325,-1.17644]},"J5o":{"weight":1.0,"played":[1.0,0.0,0.0],"evs":[0.0,-0.4751,-0.92022]},"Q5o":{"weight":1.0,"played":[1.0,0.0,0.0],"evs":[0.0,-0.30522,-0.65995]},"K5o":{"weight":1.0,"played":[1.0,0.0,0.0],"evs":[0.0,-0.12882,-0.36915]},"A5o":{"weight":1.0,"played":[0.0,1.0,0.0],"evs":[0.0,0.15745,0.06394]},"62s":{"weight":1.0,"played":[1.0,0.0,0.0],"evs":[0.0,-0.8001,-1.45103]},"63s":{"weight":1.0,"played":[1.0,0.0,0.0],"evs":[0.0,-0.69168,-1.26441]},"64s":{"weight":1.0,"played":[1.0,0.0,0.0],"evs":[0.0,-0.58663,-1.08507]},"65s":{"weight":1.0,"played":[1.0,0.0,0.0],"evs":[0.0,-0.47025,-0.91375]},"66":{"weight":1.0,"played":[0.0,0.1521,0.8479],"evs":[0.0,0.55814,0.55722]},"76o":{"weight":1.0,"played":[1.0,0.0,0.0],"evs":[0.0,-0.59758,-1.18555]},"86o":{"weight":1.0,"played":[1.0,0.0,0.0],"evs":[0.0,-0.60369,-1.16775]},"96o":{"weight":1.0,"played":[1.0,0.0,0.0],"evs":[0.0,-0.5946,-1.09854]},"T6o":{"weight":1.0,"played":[1.0,0.0,0.0],"evs":[0.0,-0.54425,-1.01285]},"J6o":{"weight":1.0,"played":[1.0,0.0,0.0],"evs":[0.0,-0.44696,-0.88995]},"Q6o":{"weight":1.0,"played":[1.0,0.0,0.0],"evs":[0.0,-0.26326,-0.60346]},"K6o":{"weight":1.0,"played":[1.0,0.0,0.0],"evs":[0.0,-0.08758,-0.31233]},"A6o":{"weight":1.0,"played":[0.0,1.0,0.0],"evs":[0.0,0.14196,8.4E-4]},"72s":{"weight":1.0,"played":[1.0,0.0,0.0],"evs":[0.0,-0.82391,-1.51664]},"73s":{"weight":1.0,"played":[1.0,0.0,0.0],"evs":[0.0,-0.71292,-1.31961]},"74s":{"weight":1.0,"played":[1.0,0.0,0.0],"evs":[0.0,-0.61213,-1.14337]},"75s":{"weight":1.0,"played":[1.0,0.0,0.0],"evs":[0.0,-0.48451,-0.9532]},"76s":{"weight":1.0,"played":[1.0,0.0,0.0],"evs":[0.0,-0.39532,-0.80773]},"77":{"weight":1.0,"played":[0.0,0.9989,0.0011],"evs":[0.0,0.78764,0.74634]},"87o":{"weight":1.0,"played":[1.0,0.0,0.0],"evs":[0.0,-0.51073,-1.01969]},"97o":{"weight":1.0,"played":[1.0,0.0,0.0],"evs":[0.0,-0.49617,-0.94143]},"T7o":{"weight":1.0,"played":[1.0,0.0,0.0],"evs":[0.0,-0.43735,-0.84573]},"J7o":{"weight":1.0,"played":[1.0,0.0,0.0],"evs":[0.0,-0.34531,-0.73244]},"Q7o":{"weight":1.0,"played":[1.0,0.0,0.0],"evs":[0.0,-0.23077,-0.5756]},"K7o":{"weight":1.0,"played":[1.0,0.0,0.0],"evs":[0.0,-0.03853,-0.25968]},"A7o":{"weight":1.0,"played":[0.0,1.0,0.0],"evs":[0.0,0.2034,0.07352]},"82s":{"weight":1.0,"played":[1.0,0.0,0.0],"evs":[0.0,-0.75179,-1.3501]},"83s":{"weight":1.0,"played":[1.0,0.0,0.0],"evs":[0.0,-0.72491,-1.31646]},"84s":{"weight":1.0,"played":[1.0,0.0,0.0],"evs":[0.0,-0.61334,-1.13118]},"85s":{"weight":1.0,"played":[1.0,0.0,0.0],"evs":[0.0,-0.49055,-0.93426]},"86s":{"weight":1.0,"played":[1.0,0.0,0.0],"evs":[0.0,-0.39375,-0.77735]},"87s":{"weight":1.0,"played":[1.0,0.0,0.0],"evs":[0.0,-0.31079,-0.63491]},"88":{"weight":1.0,"played":[0.0,0.0023,0.9977],"evs":[0.0,1.03232,1.0346]},"98o":{"weight":1.0,"played":[1.0,0.0,0.0],"evs":[0.0,-0.39707,-0.76313]},"T8o":{"weight":1.0,"played":[1.0,0.0,0.0],"evs":[0.0,-0.3274,-0.64635]},"J8o":{"weight":1.0,"played":[1.0,0.0,0.0],"evs":[0.0,-0.22928,-0.52943]},"Q8o":{"weight":1.0,"played":[1.0,0.0,0.0],"evs":[0.0,-0.11703,-0.37141]},"K8o":{"weight":1.0,"played":[0.202,0.798,0.0],"evs":[0.0,0.00523,-0.18873]},"A8o":{"weight":1.0,"played":[0.0,1.0,0.0],"evs":[0.0,0.26405,0.17871]},"92s":{"weight":1.0,"played":[1.0,0.0,0.0],"evs":[0.0,-0.68639,-1.18517]},"93s":{"weight":1.0,"played":[1.0,0.0,0.0],"evs":[0.0,-0.64447,-1.11374]},"94s":{"weight":1.0,"played":[1.0,0.0,0.0],"evs":[0.0,-0.61226,-1.07317]},"95s":{"weight":1.0,"played":[1.0,0.0,0.0],"evs":[0.0,-0.48477,-0.87098]},"96s":{"weight":1.0,"played":[1.0,0.0,0.0],"evs":[0.0,-0.39213,-0.71686]},"97s":{"weight":1.0,"played":[1.0,0.0,0.0],"evs":[0.0,-0.29791,-0.57399]},"98s":{"weight":1.0,"played":[1.0,0.0,0.0],"evs":[0.0,-0.20458,-0.3981]},"99":{"weight":1.0,"played":[0.0,0.085,0.915],"evs":[0.0,1.40548,1.40808]},"T9o":{"weight":1.0,"played":[1.0,0.0,0.0],"evs":[0.0,-0.21678,-0.43234]},"J9o":{"weight":1.0,"played":[1.0,0.0,0.0],"evs":[0.0,-0.12379,-0.32442]},"Q9o":{"weight":1.0,"played":[0.9956,0.0044,0.0],"evs":[0.0,-0.00761,-0.1738]},"K9o":{"weight":1.0,"played":[0.0,1.0,0.0],"evs":[0.0,0.12052,0.02563]},"A9o":{"weight":1.0,"played":[0.0,1.0,0.0],"evs":[0.0,0.33802,0.29166]},"T2s":{"weight":1.0,"played":[1.0,0.0,0.0],"evs":[0.0,-0.58178,-0.98976]},"T3s":{"weight":1.0,"played":[1.0,0.0,0.0],