{"player":2,"street":0,"children":3,"sequence":[{"player":0,"type":"R","amount":2570000,"street":0},{"player":1,"type":"F","amount":0,"street":0}],"actions":[{"type":"F","amount":0,"node":909},{"type":"C","amount":2570000,"node":916},{"type":"R","amount":6970000,"node":927}],"hands":{"22":{"weight":1.0,"played":[1.0,0.0,0.0],"evs":[0.0,-0.52562,-0.58471]},"32o":{"weight":1.0,"played":[1.0,0.0,0.0],"evs":[0.0,-3.03576,-3.29417]},"42o":{"weight":1.0,"played":[1.0,0.0,0.0],"evs":[0.0,-2.8986,-3.15366]},"52o":{"weight":1.0,"played":[1.0,0.0,0.0],"evs":[0.0,-2.68581,-2.92507]},"62o":{"weight":1.0,"played":[1.0,0.0,0.0],"evs":[0.0,-2.74291,-3.00456]},"72o":{"weight":1.0,"played":[1.0,0.0,0.0],"evs":[0.0,-2.75966,-3.06368]},"82o":{"weight":1.0,"played":[1.0,0.0,0.0],"evs":[0.0,-2.47863,-2.76569]},"92o":{"weight":1.0,"played":[1.0,0.0,0.0],"evs":[0.0,-2.38238,-2.63257]},"T2o":{"weight":1.0,"played":[1.0,0.0,0.0],"evs":[0.0,-2.60083,-2.83679]},"J2o":{"weight":1.0,"played":[1.0,0.0,0.0],"evs":[0.0,-2.5175,-2.72547]},"Q2o":{"weight":1.0,"played":[1.0,0.0,0.0],"evs":[0.0,-2.43496,-2.63902]},"K2o":{"weight":1.0,"played":[1.0,0.0,0.0],"evs":[0.0,-2.06739,-2.23262]},"A2o":{"weight":1.0,"played":[1.0,0.0,0.0],"evs":[0.0,-1.42603,-1.56288]},"32s":{"weight":1.0,"played":[1.0,0.0,0.0],"evs":[0.0,-2.26632,-2.4227]},"33":{"weight":1.0,"played":[1.0,0.0,0.0],"evs":[0.0,-0.41718,-0.47583]},"43o":{"weight":1.0,"played":[1.0,0.0,0.0],"evs":[0.0,-2.62281,-2.82971]},"53o":{"weight":1.0,"played":[1.0,0.0,0.0],"evs":[0.0,-2.41448,-2.61684]},"63o":{"weight":1.0,"played":[1.0,0.0,0.0],"evs":[0.0,-2.44606,-2.67838]},"73o":{"weight":1.0,"played":[1.0,0.0,0.0],"evs":[0.0,-2.47388,-2.74677]},"83o":{"weight":1.0,"played":[1.0,0.0,0.0],"evs":[0.0,-2.46437,-2.75203]},"93o":{"weight":1.0,"played":[1.0,0.0,0.0],"evs":[0.0,-2.29452,-2.53905]},"T3o":{"weight":1.0,"played":[1.0,0.0,0.0],"evs":[0.0,-2.52045,-2.74276]},"J3o":{"weight":1.0,"played":[1.0,0.0,0.0],"evs":[0.0,-2.43368,-2.63333]},"Q3o":{"weight":1.0,"played":[1.0,0.0,0.0],"evs":[0.0,-2.35806,-2.54036]},"K3o":{"weight":1.0,"played":[1.0,0.0,0.0],"evs":[0.0,-2.00108,-2.16024]},"A3o":{"weight":1.0,"played":[1.0,0.0,0.0],"evs":[0.0,-1.32986,-1.45863]},"42s":{"weight":1.0,"played":[1.0,0.0,0.0],"evs":[0.0,-2.10333,-2.24033]},"43s":{"weight":1.0,"played":[1.0,0.0,0.0],"evs":[0.0,-1.86873,-1.96997]},"44":{"weight":1.0,"played":[0.566,0.4108,0.0231],"evs":[0.0,-0.01083,-0.03828]},"54o":{"weight":1.0,"played":[1.0,0.0,0.0],"evs":[0.0,-2.13551,-2.29329]},"64o":{"weight":1.0,"played":[1.0,0.0,0.0],"evs":[0.0,-2.17453,-2.36387]},"74o":{"weight":1.0,"played":[1.0,0.0,0.0],"evs":[0.0,-2.20976,-2.43901]},"84o":{"weight":1.0,"played":[1.0,0.0,0.0],"evs":[0.0,-2.1858,-2.43453]},"94o":{"weight":1.0,"played":[1.0,0.0,0.0],"evs":[0.0,-2.27615,-2.51975]},"T4o":{"weight":1.0,"played":[1.0,0.0,0.0],"evs":[0.0,-2.44911,-2.66807]},"J4o":{"weight":1.0,"played":[1.0,0.0,0.0],"evs":[0.0,-2.35402,-2.54002]},"Q4o":{"weight":1.0,"played":[1.0,0.0,0.0],"evs":[0.0,-2.29016,-2.47056]},"K4o":{"weight":1.0,"played":[1.0,0.0,0.0],"evs":[0.0,-1.91441,-2.06602]},"A4o":{"weight":1.0,"played":[1.0,0.0,0.0],"evs":[0.0,-1.23496,-1.34935]},"52s":{"weight":1.0,"played":[1.0,0.0,0.0],"evs":[0.0,-1.95611,-2.09952]},"53s":{"weight":1.0,"played":[1.0,0.0,0.0],"evs":[0.0,-1.67564,-1.7588]},"54s":{"weight":1.0,"played":[1.0,0.0,0.0],"evs":[0.0,-1.42632,-1.48836]},"55":{"weight":1.0,"played":[0.0,0.8848,0.1152],"evs":[0.0,0.74972,0.72633]},"65o":{"weight":1.0,"played":[1.0,0.0,0.0],"evs":[0.0,-1.80928,-1.96226]},"75o":{"weight":1.0,"played":[1.0,0.0,0.0],"evs":[0.0,-1.81557,-2.00407]},"85o":{"weight":1.0,"played":[1.0,0.0,0.0],"evs":[0.0,-1.80012,-2.01326]},"95o":{"weight":1.0,"played":[1.0,0.0,0.0],"evs":[0.0,-1.89309,-2.10224]},"T5o":{"weight":1.0,"played":[1.0,0.0,0.0],"evs":[0.0,-2.32952,-2.54386]},"J5o":{"weight":1.0,"played":[1.0,0.0,0.0],"evs":[0.0,-2.17626,-2.35449]},"Q5o":{"weight":1.0,"played":[1.0,0.0,0.0],"evs":[0.0,-2.0893,-2.26225]},"K5o":{"weight":1.0,"played":[1.0,0.0,0.0],"evs":[0.0,-1.72088,-1.86292]},"A5o":{"weight":1.0,"played":[1.0,0.0,0.0],"evs":[0.0,-0.9929,-1.09635]},"62s":{"weight":1.0,"played":[1.0,0.0,0.0],"evs":[0.0,-1.9443,-2.10907]},"63s":{"weight":1.0,"played":[1.0,0.0,0.0],"evs":[0.0,-1.69274,-1.81032]},"64s":{"weight":1.0,"played":[1.0,0.0,0.0],"evs":[0.0,-1.45344,-1.55183]},"65s":{"weight":1.0,"played":[1.0,0.0,0.0],"evs":[0.0,-1.1093,-1.17063]},"66":{"weight":1.0,"played":[0.0,0.9366,0.0634],"evs":[0.0,1.50267,1.4947]},"76o":{"weight":1.0,"played":[1.0,0.0,0.0],"evs":[0.0,-1.36755,-1.52303]},"86o":{"weight":1.0,"played":[1.0,0.0,0.0],"evs":[0.0,-1.34499,-1.52011]},"96o":{"weight":1.0,"played":[1.0,0.0,0.0],"evs":[0.0,-1.47518,-1.64657]},"T6o":{"weight":1.0,"played":[1.0,0.0,0.0],"evs":[0.0,-1.88459,-2.06943]},"J6o":{"weight":1.0,"played":[1.0,0.0,0.0],"evs":[0.0,-1.99343,-2.16845]},"Q6o":{"weight":1.0,"played":[1.0,0.0,0.0],"evs":[0.0,-1.82775,-1.99457]},"K6o":{"weight":1.0,"played":[1.0,0.0,0.0],"evs":[0.0,-1.47161,-1.60117]},"A6o":{"weight":1.0,"played":[1.0,0.0,0.0],"evs":[0.0,-0.98902,-1.13619]},"72s":{"weight":1.0,"played":[1.0,0.0,0.0],"evs":[0.0,-1.97415,-2.17811]},"73s":{"weight":1.0,"played":[1.0,0.0,0.0],"evs":[0.0,-1.72853,-1.90172]},"74s":{"weight":1.0,"played":[1.0,0.0,0.0],"evs":[0.0,-1.46952,-1.60041]},"75s":{"weight":1.0,"played":[1.0,0.0,0.0],"evs":[0.0,-1.11985,-1.21488]},"76s":{"weight":1.0,"played":[1.0,0.0,0.0],"evs":[0.0,-0.69987,-0.76125]},"77":{"weight":1.0,"played":[0.0,0.3083,0.6917],"evs":[0.0,2.38864,2.39498]},"87o":{"weight":1.0,"played":[1.0,0.0,0.0],"evs":[0.0,-0.99757,-1.15842]},"97o":{"weight":1.0,"played":[1.0,0.0,0.0],"evs":[0.0,-1.10152,-1.25453]},"T7o":{"weight":1.0,"played":[1.0,0.0,0.0],"evs":[0.0,-1.47831,-1.63772]},"J7o":{"weight":1.0,"played":[1.0,0.0,0.0],"evs":[0.0,-1.5991,-1.75614]},"Q7o":{"weight":1.0,"played":[1.0,0.0,0.0],"evs":[0.0,-1.69358,-1.86575]},"K7o":{"weight":1.0,"played":[1.0,0.0,0.0],"evs":[0.0,-1.30112,-1.43543]},"A7o":{"weight":1.0,"played":[1.0,0.0,0.0],"evs":[0.0,-0.70544,-0.84586]},"82s":{"weight":1.0,"played":[1.0,0.0,0.0],"evs":[0.0,-1.70336,-1.89096]},"83s":{"weight":1.0,"played":[1.0,0.0,0.0],"evs":[0.0,-1.7204,-1.90314]},"84s":{"weight":1.0,"played":[1.0,0.0,0.0],"evs":[0.0,-1.4299,-1.57956]},"85s":{"weight":1.0,"played":[1.0,0.0,0.0],"evs":[0.0,-1.08583,-1.19872]},"86s":{"weight":1.0,"played":[1.0,0.0,0.0],"evs":[0.0,-0.66211,-0.74551]},"87s":{"weight":1.0,"played":[1.0,0.0,0.0],"evs":[0.0,-0.35043,-0.40399]},"88":{"weight":1.0,"played":[0.0,0.6946,0.3054],"evs":[0.0,3.31731,3.31815]},"98o":{"weight":1.0,"played":[1.0,0.0,0.0],"evs":[0.0,-0.6851,-0.8271]},"T8o":{"weight":1.0,"played":[1.0,0.0,0.0],"evs":[0.0,-1.03465,-1.15506]},"J8o":{"weight":1.0,"played":[1.0,0.0,0.0],"evs":[0.0,-1.14115,-1.26914]},"Q8o":{"weight":1.0,"played":[1.0,0.0,0.0],"evs":[0.0,-1.27086,-1.40641]},"K8o":{"weight":1.0,"played":[1.0,0.0,0.0],"evs":[0.0,-1.13028,-1.26791]},"A8o":{"weight":1.0,"played":[1.0,0.0,0.0],"evs":[0.0,-0.4288,-0.56474]},"92s":{"weight":1.0,"played":[1.0,0.0,0.0],"evs":[0.0,-1.62063,-1.76251]},"93s":{"weight":1.0,"played":[1.0,0.0,0.0],"evs":[0.0,-1.56052,-1.7153]},"94s":{"weight":1.0,"played":[1.0,0.0,0.0],"evs":[0.0,-1.53083,-1.66293]},"95s":{"weight":1.0,"played":[1.0,0.0,0.0],"evs":[0.0,-1.17722,-1.29124]},"96s":{"weight":1.0,"played":[1.0,0.0,0.0],"evs":[0.0,-0.77207,-0.83901]},"97s":{"weight":1.0,"played":[1.0,0.0,0.0],"evs":[0.0,-0.41802,-0.47824]},"98s":{"weight":1.0,"played":[0.9817,0.018,3.0E-4],"evs":[0.0,-0.05509,-0.09883]},"99":{"weight":1.0,"played":[0.0,0.7754,0.2246],"evs":[0.0,3.82097,3.81788]},"T9o":{"weight":1.0,"played":[1.0,0.0,0.0],"evs":[0.0,-0.73212,-0.80834]},"J9o":{"weight":1.0,"played":[1.0,0.0,0.0],"evs":[0.0,-0.85494,-0.92807]},"Q9o":{"weight":1.0,"played":[1.0,0.0,0.0],"evs":[0.0,-0.96697,-1.06182]},"K9o":{"weight":1.0,"played":[1.0,0.0,0.0],"evs":[0.0,-0.81734,-0.90869]},"A9o":{"weight":1.0,"played":[1.0,0.0,0.0],"evs":[0.0,-0.30255,-0.4038]},