{"player":3,"street":0,"children":2,"sequence":[{"player":0,"type":"R","amount":2570000,"street":0},{"player":1,"type":"C","amount":2570000,"street":0},{"player":2,"type":"C","amount":2570000,"street":0}],"actions":[{"type":"F","amount":0,"node":950},{"type":"R","amount":6970000,"node":953}],"hands":{"22":{"weight":1.0,"played":[0.994,0.006],"evs":[0.0,-8.47189]},"32o":{"weight":1.0,"played":[0.9982,0.0018],"evs":[0.0,-12.3594]},"42o":{"weight":1.0,"played":[0.9994,6.0E-4],"evs":[0.0,-16.10015]},"52o":{"weight":1.0,"played":[1.0,0.0],"evs":[0.0,-12.23543]},"62o":{"weight":1.0,"played":[0.9977,0.0023],"evs":[0.0,-8.93355]},"72o":{"weight":1.0,"played":[0.9996,4.0E-4],"evs":[0.0,-11.83969]},"82o":{"weight":1.0,"played":[0.9961,0.0039],"evs":[0.0,-13.79591]},"92o":{"weight":1.0,"played":[1.0,0.0],"evs":[0.0,-11.04753]},"T2o":{"weight":1.0,"played":[0.9998,2.0E-4],"evs":[0.0,-12.8966]},"J2o":{"weight":1.0,"played":[0.9998,2.0E-4],"evs":[0.0,-12.19329]},"Q2o":{"weight":1.0,"played":[0.9998,2.0E-4],"evs":[0.0,-11.11186]},"K2o":{"weight":1.0,"played":[1.0,0.0],"evs":[0.0,-8.12475]},"A2o":{"weight":1.0,"played":[0.9995,5.0E-4],"evs":[0.0,-14.41446]},"32s":{"weight":1.0,"played":[0.9047,0.0953],"evs":[0.0,-11.0911]},"33":{"weight":1.0,"played":[0.9986,0.0014],"evs":[0.0,-9.46135]},"43o":{"weight":1.0,"played":[0.9981,0.0019],"evs":[0.0,-8.69189]},"53o":{"weight":1.0,"played":[0.9997,3.0E-4],"evs":[0.0,-13.03546]},"63o":{"weight":1.0,"played":[0.9934,0.0066],"evs":[0.0,-11.63677]},"73o":{"weight":1.0,"played":[0.998,0.002],"evs":[0.0,-9.43129]},"83o":{"weight":1.0,"played":[1.0,0.0],"evs":[0.0,-14.07945]},"93o":{"weight":1.0,"played":[0.9959,0.0041],"evs":[0.0,-8.12639]},"T3o":{"weight":1.0,"played":[0.9997,3.0E-4],"evs":[0.0,-10.79045]},"J3o":{"weight":1.0,"played":[1.0,0.0],"evs":[0.0,-9.88281]},"Q3o":{"weight":1.0,"played":[0.9978,0.0022],"evs":[0.0,-12.28726]},"K3o":{"weight":1.0,"played":[0.9921,0.0079],"evs":[0.0,-11.12952]},"A3o":{"weight":1.0,"played":[0.9977,0.0023],"evs":[0.0,-11.89444]},"42s":{"weight":1.0,"played":[0.9895,0.0105],"evs":[0.0,-9.51814]},"43s":{"weight":1.0,"played":[0.9954,0.0046],"evs":[0.0,-12.39377]},"44":{"weight":1.0,"played":[0.999,0.001],"evs":[0.0,-3.61092]},"54o":{"weight":1.0,"played":[0.998,0.002],"evs":[0.0,-11.66927]},"64o":{"weight":1.0,"played":[0.9999,1.0E-4],"evs":[0.0,-11.61423]},"74o":{"weight":1.0,"played":[0.9978,0.0022],"evs":[0.0,-8.96414]},"84o":{"weight":1.0,"played":[0.9955,0.0045],"evs":[0.0,-9.07256]},"94o":{"weight":1.0,"played":[0.9991,9.0E-4],"evs":[0.0,-11.1734]},"T4o":{"weight":1.0,"played":[0.9995,5.0E-4],"evs":[0.0,-10.35138]},"J4o":{"weight":1.0,"played":[1.0,0.0],"evs":[0.0,-12.87582]},"Q4o":{"weight":1.0,"played":[1.0,0.0],"evs":[0.0,-11.32623]},"K4o":{"weight":1.0,"played":[0.9994,6.0E-4],"evs":[0.0,-9.99443]},"A4o":{"weight":1.0,"played":[0.9841,0.0159],"evs":[0.0,-13.40501]},"52s":{"weight":1.0,"played":[0.9953,0.0047],"evs":[0.0,-11.94832]},"53s":{"weight":1.0,"played":[0.996,0.004],"evs":[0.0,-4.05278]},"54s":{"weight":1.0,"played":[0.9186,0.0814],"evs":[0.0,-1.18321]},"55":{"weight":1.0,"played":[0.7624,0.2376],"evs":[0.0,-4.58886]},"65o":{"weight":1.0,"played":[0.9999,1.0E-4],"evs":[0.0,-6.17688]},"75o":{"weight":1.0,"played":[0.9942,0.0058],"evs":[0.0,-8.85088]},"85o":{"weight":1.0,"played":[0.9926,0.0074],"evs":[0.0,-11.0843]},"95o":{"weight":1.0,"played":[0.9966,0.0034],"evs":[0.0,-11.24708]},"T5o":{"weight":1.0,"played":[0.9998,2.0E-4],"evs":[0.0,-13.168]},"J5o":{"weight":1.0,"played":[0.9999,1.0E-4],"evs":[0.0,-11.56424]},"Q5o":{"weight":1.0,"played":[1.0,0.0],"evs":[0.0,-15.10283]},"K5o":{"weight":1.0,"played":[0.9983,0.0017],"evs":[0.0,-7.39604]},"A5o":{"weight":1.0,"played":[0.9851,0.0149],"evs":[0.0,-10.18249]},"62s":{"weight":1.0,"played":[0.9067,0.0933],"evs":[0.0,-4.46064]},"63s":{"weight":1.0,"played":[0.9989,0.0011],"evs":[0.0,-12.61773]},"64s":{"weight":1.0,"played":[0.9861,0.0139],"evs":[0.0,-9.06742]},"65s":{"weight":1.0,"played":[0.9986,0.0014],"evs":[0.0,-3.17504]},"66":{"weight":1.0,"played":[0.9959,0.0041],"evs":[0.0,-7.88754]},"76o":{"weight":1.0,"played":[0.9961,0.0039],"evs":[0.0,-9.63317]},"86o":{"weight":1.0,"played":[0.9822,0.0178],"evs":[0.0,-14.98536]},"96o":{"weight":1.0,"played":[0.9978,0.0022],"evs":[0.0,-11.41786]},"T6o":{"weight":1.0,"played":[0.9952,0.0048],"evs":[0.0,-10.76881]},"J6o":{"weight":1.0,"played":[0.9995,5.0E-4],"evs":[0.0,-9.217]},"Q6o":{"weight":1.0,"played":[0.9881,0.0119],"evs":[0.0,-15.31749]},"K6o":{"weight":1.0,"played":[0.9994,6.0E-4],"evs":[0.0,-6.95851]},"A6o":{"weight":1.0,"played":[0.9949,0.0051],"evs":[0.0,-11.77522]},"72s":{"weight":1.0,"played":[1.0,0.0],"evs":[0.0,-5.04551]},"73s":{"weight":1.0,"played":[1.0,0.0],"evs":[0.0,-9.91192]},"74s":{"weight":1.0,"played":[0.998,0.002],"evs":[0.0,-13.2889]},"75s":{"weight":1.0,"played":[0.9058,0.0942],"evs":[0.0,-3.41144]},"76s":{"weight":1.0,"played":[0.6302,0.3698],"evs":[0.0,-3.08063]},"77":{"weight":1.0,"played":[0.4531,0.5469],"evs":[0.0,-0.77738]},"87o":{"weight":1.0,"played":[0.9983,0.0017],"evs":[0.0,-7.78487]},"97o":{"weight":1.0,"played":[0.9986,0.0014],"evs":[0.0,-7.94162]},"T7o":{"weight":1.0,"played":[0.9999,1.0E-4],"evs":[0.0,-8.77505]},"J7o":{"weight":1.0,"played":[0.9964,0.0036],"evs":[0.0,-11.82206]},"Q7o":{"weight":1.0,"played":[0.9879,0.0121],"evs":[0.0,-13.9161]},"K7o":{"weight":1.0,"played":[0.9999,1.0E-4],"evs":[0.0,-10.08502]},"A7o":{"weight":1.0,"played":[0.9971,0.0029],"evs":[0.0,-13.91063]},"82s":{"weight":1.0,"played":[0.9829,0.0171],"evs":[0.0,-12.85593]},"83s":{"weight":1.0,"played":[0.9967,0.0033],"evs":[0.0,-11.2387]},"84s":{"weight":1.0,"played":[0.989,0.011],"evs":[0.0,-12.15966]},"85s":{"weight":1.0,"played":[0.8582,0.1418],"evs":[0.0,-2.32087]},"86s":{"weight":1.0,"played":[0.9365,0.0635],"evs":[0.0,-12.71579]},"87s":{"weight":1.0,"played":[0.9447,0.0553],"evs":[0.0,-6.44948]},"88":{"weight":1.0,"played":[0.4288,0.5712],"evs":[0.0,-1.07179]},"98o":{"weight":1.0,"played":[0.9973,0.0027],"evs":[0.0,-8.1412]},"T8o":{"weight":1.0,"played":[0.9991,9.0E-4],"evs":[0.0,-6.22473]},"J8o":{"weight":1.0,"played":[1.0,0.0],"evs":[0.0,-6.96647]},"Q8o":{"weight":1.0,"played":[1.0,0.0],"evs":[0.0,-10.60392]},"K8o":{"weight":1.0,"played":[0.9997,3.0E-4],"evs":[0.0,-12.2107]},"A8o":{"weight":1.0,"played":[0.9996,4.0E-4],"evs":[0.0,-15.45696]},"92s":{"weight":1.0,"played":[0.9907,0.0093],"evs":[0.0,-9.80934]},"93s":{"weight":1.0,"played":[0.9952,0.0048],"evs":[0.0,-10.669]},"94s":{"weight":1.0,"played":[0.9942,0.0058],"evs":[0.0,-12.21265]},"95s":{"weight":1.0,"played":[0.9862,0.0138],"evs":[0.0,-4.88406]},"96s":{"weight":1.0,"played":[0.7157,0.2843],"evs":[0.0,-4.37377]},"97s":{"weight":1.0,"played":[0.983,0.017],"evs":[0.0,-10.15786]},"98s":{"weight":1.0,"played":[0.9931,0.0069],"evs":[0.0,-9.10676]},"99":{"weight":1.0,"played":[0.4329,0.5671],"evs":[0.0,-2.56371]},"T9o":{"weight":1.0,"played":[0.9983,0.0017],"evs":[0.0,-5.38863]},"J9o":{"weight":1.0,"played":[0.9955,0.0045],"evs":[0.0,-5.67111]},"Q9o":{"weight":1.0,"played":[0.9999,1.0E-4],"evs":[0.0,-8.8725]},"K9o":{"weight":1.0,"played":[0.9956,0.0044],"evs":[0.0,-9.80425]},"A9o":{"weight":1.0,"played":[0.9961,0.0039],"evs":[0.0,-5.57207]},"T2s":{"weight":1.0,"played":[0.9963,0.0037],"evs":[0.0,-8.77514]},"T3s":{"weight":1.0,"played":[0.9736,0.0264],"evs":[0.0,-8.78279]},"T4s":{"weight":1.0,"played":[0.9995,5.0E-4],"evs":[0.0,-7.08781]},"T5s":{"weight":1.0,"played":[0.991,0.009],"evs":[0.0,-8.64912]},"T6s":{"weight":1.0,"played":[0.9474,0.0526],"evs":[0.0,-10.26646]},"T7s":{"weight":1.0,"played":[0.9903,0.0097],"evs":[0.0,-13.21761]},"T8s":{"weight":1.0,"played":[0.9821,0.0179],"evs":[0.0,-10.68395]},"T9s":{"weight":1.0,"played":[0.9935,0.0065],"evs":[0.0,-14.03252]},"TT":{"weight":1.0,"played":[0.3301,0.6699],"evs":[0.0,6.86557]},"JTo":{"weight":1.0,"played":[0.9997,3.0E-4],"evs":[0.0,-5.31682]},"QTo":{"weight":1.0,"played":[0.9997,3.0E-4],"evs":[0.0,-8.22028]},"KTo":{"weight":1.0,"played":[0.9914,0.0086],