{"player":2,"street":0,"children":3,"sequence":[{"player":0,"type":"F","amount":0,"street":0},{"player":1,"type":"R","amount":24020000,"street":0}],"actions":[{"type":"F","amount":0,"node":18},{"type":"C","amount":24020000,"node":25},{"type":"R","amount":26780000,"node":36}],"hands":{"22":{"weight":1.0,"played":[1.0,0.0,0.0],"evs":[0.0,-1.51423,-1.51382]},"32o":{"weight":1.0,"played":[1.0,0.0,0.0],"evs":[0.0,-5.08293,-5.08432]},"42o":{"weight":1.0,"played":[1.0,0.0,0.0],"evs":[0.0,-4.91831,-4.91969]},"52o":{"weight":1.0,"played":[1.0,0.0,0.0],"evs":[0.0,-4.7571,-4.75839]},"62o":{"weight":1.0,"played":[1.0,0.0,0.0],"evs":[0.0,-5.00351,-5.00495]},"72o":{"weight":1.0,"played":[1.0,0.0,0.0],"evs":[0.0,-5.19101,-5.19249]},"82o":{"weight":1.0,"played":[1.0,0.0,0.0],"evs":[0.0,-5.04695,-5.04786]},"92o":{"weight":1.0,"played":[1.0,0.0,0.0],"evs":[0.0,-5.03844,-5.03906]},"T2o":{"weight":1.0,"played":[1.0,0.0,0.0],"evs":[0.0,-4.9341,-4.93472]},"J2o":{"weight":1.0,"played":[1.0,0.0,0.0],"evs":[0.0,-4.7473,-4.74787]},"Q2o":{"weight":1.0,"played":[1.0,0.0,0.0],"evs":[0.0,-4.40295,-4.40341]},"K2o":{"weight":1.0,"played":[1.0,0.0,0.0],"evs":[0.0,-3.82859,-3.8287]},"A2o":{"weight":1.0,"played":[1.0,0.0,0.0],"evs":[0.0,-1.93986,-1.94018]},"32s":{"weight":1.0,"played":[1.0,0.0,0.0],"evs":[0.0,-4.19104,-4.19199]},"33":{"weight":1.0,"played":[1.0,0.0,0.0],"evs":[0.0,-1.05761,-1.05755]},"43o":{"weight":1.0,"played":[1.0,0.0,0.0],"evs":[0.0,-4.50077,-4.50205]},"53o":{"weight":1.0,"played":[1.0,0.0,0.0],"evs":[0.0,-4.35254,-4.35355]},"63o":{"weight":1.0,"played":[1.0,0.0,0.0],"evs":[0.0,-4.59238,-4.59354]},"73o":{"weight":1.0,"played":[1.0,0.0,0.0],"evs":[0.0,-4.78178,-4.78302]},"83o":{"weight":1.0,"played":[1.0,0.0,0.0],"evs":[0.0,-4.95446,-4.95536]},"93o":{"weight":1.0,"played":[1.0,0.0,0.0],"evs":[0.0,-4.87703,-4.87758]},"T3o":{"weight":1.0,"played":[1.0,0.0,0.0],"evs":[0.0,-4.76508,-4.7657]},"J3o":{"weight":1.0,"played":[1.0,0.0,0.0],"evs":[0.0,-4.58964,-4.59021]},"Q3o":{"weight":1.0,"played":[1.0,0.0,0.0],"evs":[0.0,-4.2454,-4.24569]},"K3o":{"weight":1.0,"played":[1.0,0.0,0.0],"evs":[0.0,-3.68094,-3.68122]},"A3o":{"weight":1.0,"played":[1.0,0.0,0.0],"evs":[0.0,-1.77627,-1.77658]},"42s":{"weight":1.0,"played":[1.0,0.0,0.0],"evs":[0.0,-4.03387,-4.03479]},"43s":{"weight":1.0,"played":[1.0,0.0,0.0],"evs":[0.0,-3.64445,-3.64494]},"44":{"weight":1.0,"played":[1.0,0.0,0.0],"evs":[0.0,-0.59449,-0.5945]},"54o":{"weight":1.0,"played":[1.0,0.0,0.0],"evs":[0.0,-3.94494,-3.94597]},"64o":{"weight":1.0,"played":[1.0,0.0,0.0],"evs":[0.0,-4.17719,-4.17833]},"74o":{"weight":1.0,"played":[1.0,0.0,0.0],"evs":[0.0,-4.35947,-4.36052]},"84o":{"weight":1.0,"played":[1.0,0.0,0.0],"evs":[0.0,-4.53784,-4.53842]},"94o":{"weight":1.0,"played":[1.0,0.0,0.0],"evs":[0.0,-4.77974,-4.78043]},"T4o":{"weight":1.0,"played":[1.0,0.0,0.0],"evs":[0.0,-4.61098,-4.61153]},"J4o":{"weight":1.0,"played":[1.0,0.0,0.0],"evs":[0.0,-4.42447,-4.42491]},"Q4o":{"weight":1.0,"played":[1.0,0.0,0.0],"evs":[0.0,-4.09438,-4.09488]},"K4o":{"weight":1.0,"played":[1.0,0.0,0.0],"evs":[0.0,-3.52532,-3.52543]},"A4o":{"weight":1.0,"played":[1.0,0.0,0.0],"evs":[0.0,-1.62884,-1.62916]},"52s":{"weight":1.0,"played":[1.0,0.0,0.0],"evs":[0.0,-3.89761,-3.89848]},"53s":{"weight":1.0,"played":[1.0,0.0,0.0],"evs":[0.0,-3.50227,-3.50322]},"54s":{"weight":1.0,"played":[1.0,0.0,0.0],"evs":[0.0,-3.12922,-3.13013]},"55":{"weight":1.0,"played":[0.9999,0.0,1.0E-4],"evs":[0.0,-0.1261,-0.12598]},"65o":{"weight":1.0,"played":[1.0,0.0,0.0],"evs":[0.0,-3.80495,-3.80587]},"75o":{"weight":1.0,"played":[1.0,0.0,0.0],"evs":[0.0,-3.96469,-3.96553]},"85o":{"weight":1.0,"played":[1.0,0.0,0.0],"evs":[0.0,-4.13959,-4.14001]},"95o":{"weight":1.0,"played":[1.0,0.0,0.0],"evs":[0.0,-4.37849,-4.3789]},"T5o":{"weight":1.0,"played":[1.0,0.0,0.0],"evs":[0.0,-4.53104,-4.53154]},"J5o":{"weight":1.0,"played":[1.0,0.0,0.0],"evs":[0.0,-4.2776,-4.27803]},"Q5o":{"weight":1.0,"played":[1.0,0.0,0.0],"evs":[0.0,-3.9457,-3.94599]},"K5o":{"weight":1.0,"played":[1.0,0.0,0.0],"evs":[0.0,-3.38442,-3.38436]},"A5o":{"weight":1.0,"played":[1.0,0.0,0.0],"evs":[0.0,-1.40708,-1.40722]},"62s":{"weight":1.0,"played":[1.0,0.0,0.0],"evs":[0.0,-4.12124,-4.12239]},"63s":{"weight":1.0,"played":[1.0,0.0,0.0],"evs":[0.0,-3.72719,-3.72802]},"64s":{"weight":1.0,"played":[1.0,0.0,0.0],"evs":[0.0,-3.34468,-3.3454]},"65s":{"weight":1.0,"played":[1.0,0.0,0.0],"evs":[0.0,-2.98213,-2.98268]},"66":{"weight":1.0,"played":[0.0,0.3486,0.6514],"evs":[0.0,0.2432,0.24323]},"76o":{"weight":1.0,"played":[1.0,0.0,0.0],"evs":[0.0,-3.63427,-3.63492]},"86o":{"weight":1.0,"played":[1.0,0.0,0.0],"evs":[0.0,-3.79135,-3.7917]},"96o":{"weight":1.0,"played":[1.0,0.0,0.0],"evs":[0.0,-4.03104,-4.03132]},"T6o":{"weight":1.0,"played":[1.0,0.0,0.0],"evs":[0.0,-4.19077,-4.19099]},"J6o":{"weight":1.0,"played":[1.0,0.0,0.0],"evs":[0.0,-4.25014,-4.25047]},"Q6o":{"weight":1.0,"played":[1.0,0.0,0.0],"evs":[0.0,-3.84223,-3.84262]},"K6o":{"weight":1.0,"played":[1.0,0.0,0.0],"evs":[0.0,-3.23874,-3.23903]},"A6o":{"weight":1.0,"played":[1.0,0.0,0.0],"evs":[0.0,-1.38207,-1.38205]},"72s":{"weight":1.0,"played":[1.0,0.0,0.0],"evs":[0.0,-4.28522,-4.28602]},"73s":{"weight":1.0,"played":[1.0,0.0,0.0],"evs":[0.0,-3.89582,-3.89653]},"74s":{"weight":1.0,"played":[1.0,0.0,0.0],"evs":[0.0,-3.49738,-3.49815]},"75s":{"weight":1.0,"played":[1.0,0.0,0.0],"evs":[0.0,-3.13344,-3.13417]},"76s":{"weight":1.0,"played":[1.0,0.0,0.0],"evs":[0.0,-2.82657,-2.82703]},"77":{"weight":1.0,"played":[0.0,0.538,0.462],"evs":[0.0,0.68848,0.68862]},"87o":{"weight":1.0,"played":[1.0,0.0,0.0],"evs":[0.0,-3.48405,-3.48444]},"97o":{"weight":1.0,"played":[1.0,0.0,0.0],"evs":[0.0,-3.70126,-3.70139]},"T7o":{"weight":1.0,"played":[1.0,0.0,0.0],"evs":[0.0,-3.8584,-3.85862]},"J7o":{"weight":1.0,"played":[1.0,0.0,0.0],"evs":[0.0,-3.92827,-3.92857]},"Q7o":{"weight":1.0,"played":[1.0,0.0,0.0],"evs":[0.0,-3.82017,-3.82043]},"K7o":{"weight":1.0,"played":[1.0,0.0,0.0],"evs":[0.0,-3.11426,-3.11436]},"A7o":{"weight":1.0,"played":[1.0,0.0,0.0],"evs":[0.0,-0.97026,-0.97029]},"82s":{"weight":1.0,"played":[1.0,0.0,0.0],"evs":[0.0,-4.13988,-4.14061]},"83s":{"weight":1.0,"played":[1.0,0.0,0.0],"evs":[0.0,-4.07188,-4.07223]},"84s":{"weight":1.0,"played":[1.0,0.0,0.0],"evs":[0.0,-3.6724,-3.67256]},"85s":{"weight":1.0,"played":[1.0,0.0,0.0],"evs":[0.0,-3.30842,-3.30879]},"86s":{"weight":1.0,"played":[1.0,0.0,0.0],"evs":[0.0,-2.97812,-2.97852]},"87s":{"weight":1.0,"played":[1.0,0.0,0.0],"evs":[0.0,-2.68615,-2.68621]},"88":{"weight":1.0,"played":[0.0,0.4067,0.5933],"evs":[0.0,1.21336,1.21362]},"98o":{"weight":1.0,"played":[1.0,0.0,0.0],"evs":[0.0,-3.42175,-3.42168]},"T8o":{"weight":1.0,"played":[1.0,0.0,0.0],"evs":[0.0,-3.52771,-3.52784]},"J8o":{"weight":1.0,"played":[1.0,0.0,0.0],"evs":[0.0,-3.59795,-3.59794]},"Q8o":{"weight":1.0,"played":[1.0,0.0,0.0],"evs":[0.0,-3.45604,-3.45603]},"K8o":{"weight":1.0,"played":[1.0,0.0,0.0],"evs":[0.0,-2.98842,-2.98824]},"A8o":{"weight":1.0,"played":[1.0,0.0,0.0],"evs":[0.0,-0.50122,-0.50108]},"92s":{"weight":1.0,"played":[1.0,0.0,0.0],"evs":[0.0,-4.13081,-4.13146]},"93s":{"weight":1.0,"played":[1.0,0.0,0.0],"evs":[0.0,-3.97621,-3.97654]},"94s":{"weight":1.0,"played":[1.0,0.0,0.0],"evs":[0.0,-3.89657,-3.89678]},"95s":{"weight":1.0,"played":[1.0,0.0,0.0],"evs":[0.0,-3.52217,-3.52256]},"96s":{"weight":1.0,"played":[1.0,0.0,0.0],"evs":[0.0,-3.1922,-3.19198]},"97s":{"weight":1.0,"played":[1.0,0.0,0.0],"evs":[0.0,-2.87823,-2.87831]},"98s":{"weight":1.0,"played":[1.0,0.0,0.0],"evs":[0.0,-2.62195,-2.62202]},"99":{"weight":1.0,"played":[0.0,0.4859,0.5141],"evs":[0.0,1.82578,1.82607]},"T9o":{"weight":1.0,"played":[1.0,0.0,0.0],"evs":[0.0,-3.23288,-3.23273]},"J9o":{"weight":1.0,"played":[1.0,0.0,0.0],"evs":[0.0,-3.27588,-3.27579]},"Q9o":{"weight":1.0,"played":[1.0,0.0,0.0],"evs":[0.0,-3.0916,-3.09152]},"K9o":{"weight":1.0,"played":[1.0,0.0,0.0],"evs":[0.0,-2.44274,-2.4427]},"A9o":{"weight":1.0,"played":[0.0,0.2455,0.7545],"evs":[0.0,0.07638,0.07639]},"T2s":{"weight":1.0,