{"equityUnit":"TABLE_EQUITY_PERCENT","conversionFactors":{"toUSD":19.644527,"toRegularPrizePercent":0.6310481},"preHandEquity":[31.27793,13.274,25.10705,11.50575,18.83527],"bubbleFactors":[[-1.0,0.969,1.142,0.855,0.936],[1.391,-1.0,1.365,1.019,1.328],[1.708,1.018,-1.0,0.895,1.034],[1.32,1.234,1.3,-1.0,1.269],[1.577,1.093,1.535,0.955,-1.0]]}