{"player":2,"street":0,"children":3,"sequence":[{"player":0,"type":"F","amount":0,"street":0},{"player":1,"type":"R","amount":400000,"street":0}],"actions":[{"type":"F","amount":0,"node":71},{"type":"C","amount":400000,"node":120},{"type":"R","amount":5230000,"node":217}],"hands":{"22":{"weight":1.0,"played":[0.9847,0.0153,0.0],"evs":[0.0,-0.01767,-0.16887]},"32o":{"weight":1.0,"played":[1.0,0.0,0.0],"evs":[0.0,-0.55421,-1.67579]},"42o":{"weight":1.0,"played":[1.0,0.0,0.0],"evs":[0.0,-0.52851,-1.62783]},"52o":{"weight":1.0,"played":[1.0,0.0,0.0],"evs":[0.0,-0.50761,-1.51696]},"62o":{"weight":1.0,"played":[1.0,0.0,0.0],"evs":[0.0,-0.58675,-1.66417]},"72o":{"weight":1.0,"played":[1.0,0.0,0.0],"evs":[0.0,-0.64164,-1.79975]},"82o":{"weight":1.0,"played":[1.0,0.0,0.0],"evs":[0.0,-0.6058,-1.65582]},"92o":{"weight":1.0,"played":[1.0,0.0,0.0],"evs":[0.0,-0.61509,-1.60968]},"T2o":{"weight":1.0,"played":[1.0,0.0,0.0],"evs":[0.0,-0.59039,-1.48935]},"J2o":{"weight":1.0,"played":[1.0,0.0,0.0],"evs":[0.0,-0.54494,-1.32309]},"Q2o":{"weight":1.0,"played":[1.0,0.0,0.0],"evs":[0.0,-0.50346,-1.18977]},"K2o":{"weight":1.0,"played":[1.0,0.0,0.0],"evs":[0.0,-0.43807,-0.99565]},"A2o":{"weight":1.0,"played":[1.0,0.0,0.0],"evs":[0.0,-0.34606,-0.57137]},"32s":{"weight":1.0,"played":[1.0,0.0,0.0],"evs":[0.0,-0.30655,-1.11874]},"33":{"weight":1.0,"played":[8.0E-4,0.9992,0.0],"evs":[0.0,0.03652,-0.10647]},"43o":{"weight":1.0,"played":[1.0,0.0,0.0],"evs":[0.0,-0.44047,-1.43491]},"53o":{"weight":1.0,"played":[1.0,0.0,0.0],"evs":[0.0,-0.40786,-1.32569]},"63o":{"weight":1.0,"played":[1.0,0.0,0.0],"evs":[0.0,-0.48711,-1.45644]},"73o":{"weight":1.0,"played":[1.0,0.0,0.0],"evs":[0.0,-0.56629,-1.56049]},"83o":{"weight":1.0,"played":[1.0,0.0,0.0],"evs":[0.0,-0.59751,-1.65072]},"93o":{"weight":1.0,"played":[1.0,0.0,0.0],"evs":[0.0,-0.58057,-1.53445]},"T3o":{"weight":1.0,"played":[1.0,0.0,0.0],"evs":[0.0,-0.55847,-1.44464]},"J3o":{"weight":1.0,"played":[1.0,0.0,0.0],"evs":[0.0,-0.52466,-1.28545]},"Q3o":{"weight":1.0,"played":[1.0,0.0,0.0],"evs":[0.0,-0.47765,-1.13399]},"K3o":{"weight":1.0,"played":[1.0,0.0,0.0],"evs":[0.0,-0.41327,-0.94244]},"A3o":{"weight":1.0,"played":[1.0,0.0,0.0],"evs":[0.0,-0.2994,-0.51352]},"42s":{"weight":1.0,"played":[1.0,0.0,0.0],"evs":[0.0,-0.2843,-1.08593]},"43s":{"weight":1.0,"played":[1.0,0.0,0.0],"evs":[0.0,-0.17726,-0.86837]},"44":{"weight":1.0,"played":[5.0E-4,0.9995,0.0],"evs":[0.0,0.09544,-0.03316]},"54o":{"weight":1.0,"played":[1.0,0.0,0.0],"evs":[0.0,-0.33142,-1.13023]},"64o":{"weight":1.0,"played":[1.0,0.0,0.0],"evs":[0.0,-0.39274,-1.25317]},"74o":{"weight":1.0,"played":[1.0,0.0,0.0],"evs":[0.0,-0.4703,-1.36815]},"84o":{"weight":1.0,"played":[1.0,0.0,0.0],"evs":[0.0,-0.52107,-1.46449]},"94o":{"weight":1.0,"played":[1.0,0.0,0.0],"evs":[0.0,-0.57302,-1.54637]},"T4o":{"weight":1.0,"played":[1.0,0.0,0.0],"evs":[0.0,-0.52716,-1.39306]},"J4o":{"weight":1.0,"played":[1.0,0.0,0.0],"evs":[0.0,-0.50063,-1.22928]},"Q4o":{"weight":1.0,"played":[1.0,0.0,0.0],"evs":[0.0,-0.45742,-1.1026]},"K4o":{"weight":1.0,"played":[1.0,0.0,0.0],"evs":[0.0,-0.39079,-0.90833]},"A4o":{"weight":1.0,"played":[1.0,0.0,0.0],"evs":[0.0,-0.26137,-0.47457]},"52s":{"weight":1.0,"played":[1.0,0.0,0.0],"evs":[0.0,-0.24133,-0.98552]},"53s":{"weight":1.0,"played":[1.0,0.0,0.0],"evs":[0.0,-0.15498,-0.78927]},"54s":{"weight":1.0,"played":[1.0,0.0,0.0],"evs":[0.0,-0.07376,-0.63013]},"55":{"weight":1.0,"played":[0.0,1.0,0.0],"evs":[0.0,0.20473,0.11328]},"65o":{"weight":1.0,"played":[1.0,0.0,0.0],"evs":[0.0,-0.28359,-1.02875]},"75o":{"weight":1.0,"played":[1.0,0.0,0.0],"evs":[0.0,-0.3513,-1.15559]},"85o":{"weight":1.0,"played":[1.0,0.0,0.0],"evs":[0.0,-0.41926,-1.22752]},"95o":{"weight":1.0,"played":[1.0,0.0,0.0],"evs":[0.0,-0.48022,-1.32382]},"T5o":{"weight":1.0,"played":[1.0,0.0,0.0],"evs":[0.0,-0.51808,-1.37375]},"J5o":{"weight":1.0,"played":[1.0,0.0,0.0],"evs":[0.0,-0.46703,-1.16788]},"Q5o":{"weight":1.0,"played":[1.0,0.0,0.0],"evs":[0.0,-0.42647,-1.02064]},"K5o":{"weight":1.0,"played":[1.0,0.0,0.0],"evs":[0.0,-0.35063,-0.82436]},"A5o":{"weight":1.0,"played":[1.0,0.0,0.0],"evs":[0.0,-0.20962,-0.39294]},"62s":{"weight":1.0,"played":[1.0,0.0,0.0],"evs":[0.0,-0.33893,-1.10491]},"63s":{"weight":1.0,"played":[1.0,0.0,0.0],"evs":[0.0,-0.23427,-0.90388]},"64s":{"weight":1.0,"played":[1.0,0.0,0.0],"evs":[0.0,-0.12478,-0.71323]},"65s":{"weight":1.0,"played":[0.8631,0.1369,0.0],"evs":[0.0,-0.01955,-0.50329]},"66":{"weight":1.0,"played":[0.0,0.933,0.067],"evs":[0.0,0.44304,0.40546]},"76o":{"weight":1.0,"played":[1.0,0.0,0.0],"evs":[0.0,-0.27239,-0.9265]},"86o":{"weight":1.0,"played":[1.0,0.0,0.0],"evs":[0.0,-0.31805,-1.00239]},"96o":{"weight":1.0,"played":[1.0,0.0,0.0],"evs":[0.0,-0.38682,-1.08951]},"T6o":{"weight":1.0,"played":[1.0,0.0,0.0],"evs":[0.0,-0.43857,-1.15024]},"J6o":{"weight":1.0,"played":[1.0,0.0,0.0],"evs":[0.0,-0.46387,-1.13329]},"Q6o":{"weight":1.0,"played":[1.0,0.0,0.0],"evs":[0.0,-0.40576,-0.93572]},"K6o":{"weight":1.0,"played":[1.0,0.0,0.0],"evs":[0.0,-0.33833,-0.75345]},"A6o":{"weight":1.0,"played":[1.0,0.0,0.0],"evs":[0.0,-0.25583,-0.51646]},"72s":{"weight":1.0,"played":[1.0,0.0,0.0],"evs":[0.0,-0.3743,-1.23377]},"73s":{"weight":1.0,"played":[1.0,0.0,0.0],"evs":[0.0,-0.30267,-1.03226]},"74s":{"weight":1.0,"played":[1.0,0.0,0.0],"evs":[0.0,-0.20157,-0.82913]},"75s":{"weight":1.0,"played":[1.0,0.0,0.0],"evs":[0.0,-0.09201,-0.62872]},"76s":{"weight":1.0,"played":[0.5861,0.4139,0.0],"evs":[0.0,-0.00488,-0.40901]},"77":{"weight":1.0,"played":[0.0,0.5655,0.4345],"evs":[0.0,0.69989,0.69968]},"87o":{"weight":1.0,"played":[1.0,0.0,0.0],"evs":[0.0,-0.26589,-0.81058]},"97o":{"weight":1.0,"played":[1.0,0.0,0.0],"evs":[0.0,-0.29092,-0.88663]},"T7o":{"weight":1.0,"played":[1.0,0.0,0.0],"evs":[0.0,-0.34239,-0.93002]},"J7o":{"weight":1.0,"played":[1.0,0.0,0.0],"evs":[0.0,-0.37225,-0.9263]},"Q7o":{"weight":1.0,"played":[1.0,0.0,0.0],"evs":[0.0,-0.38897,-0.92709]},"K7o":{"weight":1.0,"played":[1.0,0.0,0.0],"evs":[0.0,-0.31348,-0.68562]},"A7o":{"weight":1.0,"played":[1.0,0.0,0.0],"evs":[0.0,-0.19731,-0.40765]},"82s":{"weight":1.0,"played":[1.0,0.0,0.0],"evs":[0.0,-0.34545,-1.09588]},"83s":{"weight":1.0,"played":[1.0,0.0,0.0],"evs":[0.0,-0.32402,-1.07876]},"84s":{"weight":1.0,"played":[1.0,0.0,0.0],"evs":[0.0,-0.25465,-0.92283]},"85s":{"weight":1.0,"played":[1.0,0.0,0.0],"evs":[0.0,-0.14739,-0.69541]},"86s":{"weight":1.0,"played":[0.9988,0.0012,0.0],"evs":[0.0,-0.03987,-0.48372]},"87s":{"weight":1.0,"played":[0.0092,0.9908,0.0],"evs":[0.0,0.01862,-0.32044]},"88":{"weight":1.0,"played":[0.0,0.4662,0.5338],"evs":[0.0,1.09491,1.09245]},"98o":{"weight":1.0,"played":[1.0,0.0,0.0],"evs":[0.0,-0.2377,-0.70167]},"T8o":{"weight":1.0,"played":[1.0,0.0,0.0],"evs":[0.0,-0.25788,-0.71094]},"J8o":{"weight":1.0,"played":[1.0,0.0,0.0],"evs":[0.0,-0.28439,-0.70512]},"Q8o":{"weight":1.0,"played":[1.0,0.0,0.0],"evs":[0.0,-0.30314,-0.7102]},"K8o":{"weight":1.0,"played":[1.0,0.0,0.0],"evs":[0.0,-0.28502,-0.64054]},"A8o":{"weight":1.0,"played":[1.0,0.0,0.0],"evs":[0.0,-0.11386,-0.34564]},"92s":{"weight":1.0,"played":[1.0,0.0,0.0],"evs":[0.0,-0.34074,-1.03166]},"93s":{"weight":1.0,"played":[1.0,0.0,0.0],"evs":[0.0,-0.325,-0.99832]},"94s":{"weight":1.0,"played":[1.0,0.0,0.0],"evs":[0.0,-0.31533,-1.00677]},"95s":{"weight":1.0,"played":[1.0,0.0,0.0],"evs":[0.0,-0.22003,-0.77834]},"96s":{"weight":1.0,"played":[1.0,0.0,0.0],"evs":[0.0,-0.11907,-0.56581]},"97s":{"weight":1.0,"played":[0.9992,8.0E-4,0.0],"evs":[0.0,-0.03889,-0.37024]},"98s":{"weight":1.0,"played":[0.0073,0.9927,0.0],"evs":[0.0,0.04022,-0.21378]},"99":{"weight":1.0,"played":[0.0,0.0048,0.9952],"evs":[0.0,1.51667,1.54494]},"T9o":{"weight":1.0,"played":[1.0,0.0,0.0],"evs":[0.0,-0.16014,-0.4955]},"J9o":{"weight":1.0,"played":[1.0,0.0,0.0],"evs":[0.0,-0.19872,-0.50795]},"Q9o":{"weight":1.0,"played":[1.0,0.0,0.0],"evs":[0.0,-0.21378,-0.52618]},"K9o":{"weight":1.0,"played":[1.0,0.0,0.0],"evs":[0.0,-0.19967,-0.47511]},"A9o":{"weight":1.0,"played":[0.7537,0.2463,0.0],