{"player":1,"street":0,"children":3,"sequence":[{"player":0,"type":"R","amount":3200000,"street":0}],"actions":[{"type":"F","amount":0,"node":292},{"type":"C","amount":3200000,"node":322},{"type":"R","amount":10045000,"node":364}],"hands":{"22":{"weight":1.0,"played":[1.0,0.0,0.0],"evs":[0.0,-1.34175,-3.20957]},"32o":{"weight":1.0,"played":[1.0,0.0,0.0],"evs":[0.0,-2.19098,-7.08995]},"42o":{"weight":1.0,"played":[1.0,0.0,0.0],"evs":[0.0,-2.1534,-6.99027]},"52o":{"weight":1.0,"played":[1.0,0.0,0.0],"evs":[0.0,-2.1627,-6.97191]},"62o":{"weight":1.0,"played":[1.0,0.0,0.0],"evs":[0.0,-2.19063,-7.12367]},"72o":{"weight":1.0,"played":[1.0,0.0,0.0],"evs":[0.0,-2.24998,-7.31918]},"82o":{"weight":1.0,"played":[1.0,0.0,0.0],"evs":[0.0,-2.11913,-6.98597]},"92o":{"weight":1.0,"played":[1.0,0.0,0.0],"evs":[0.0,-2.13686,-7.08656]},"T2o":{"weight":1.0,"played":[1.0,0.0,0.0],"evs":[0.0,-2.0967,-7.03664]},"J2o":{"weight":1.0,"played":[1.0,0.0,0.0],"evs":[0.0,-1.83883,-6.51751]},"Q2o":{"weight":1.0,"played":[1.0,0.0,0.0],"evs":[0.0,-1.80339,-6.49125]},"K2o":{"weight":1.0,"played":[1.0,0.0,0.0],"evs":[0.0,-1.67863,-5.61964]},"A2o":{"weight":1.0,"played":[1.0,0.0,0.0],"evs":[0.0,-1.43922,-3.61031]},"32s":{"weight":1.0,"played":[1.0,0.0,0.0],"evs":[0.0,-1.87789,-5.97386]},"33":{"weight":1.0,"played":[1.0,0.0,0.0],"evs":[0.0,-1.18445,-2.80851]},"43o":{"weight":1.0,"played":[1.0,0.0,0.0],"evs":[0.0,-1.99886,-6.51743]},"53o":{"weight":1.0,"played":[1.0,0.0,0.0],"evs":[0.0,-1.98447,-6.45812]},"63o":{"weight":1.0,"played":[1.0,0.0,0.0],"evs":[0.0,-2.00253,-6.61262]},"73o":{"weight":1.0,"played":[1.0,0.0,0.0],"evs":[0.0,-2.08017,-6.83932]},"83o":{"weight":1.0,"played":[1.0,0.0,0.0],"evs":[0.0,-2.06711,-6.88637]},"93o":{"weight":1.0,"played":[1.0,0.0,0.0],"evs":[0.0,-2.07334,-6.89199]},"T3o":{"weight":1.0,"played":[1.0,0.0,0.0],"evs":[0.0,-2.04673,-6.86378]},"J3o":{"weight":1.0,"played":[1.0,0.0,0.0],"evs":[0.0,-1.79567,-6.3639]},"Q3o":{"weight":1.0,"played":[1.0,0.0,0.0],"evs":[0.0,-1.75284,-6.30701]},"K3o":{"weight":1.0,"played":[1.0,0.0,0.0],"evs":[0.0,-1.62489,-5.45342]},"A3o":{"weight":1.0,"played":[1.0,0.0,0.0],"evs":[0.0,-1.35156,-3.42956]},"42s":{"weight":1.0,"played":[1.0,0.0,0.0],"evs":[0.0,-1.85656,-5.89732]},"43s":{"weight":1.0,"played":[1.0,0.0,0.0],"evs":[0.0,-1.68311,-5.44898]},"44":{"weight":1.0,"played":[1.0,0.0,0.0],"evs":[0.0,-0.99513,-2.3889]},"54o":{"weight":1.0,"played":[1.0,0.0,0.0],"evs":[0.0,-1.84483,-6.08322]},"64o":{"weight":1.0,"played":[1.0,0.0,0.0],"evs":[0.0,-1.87542,-6.24734]},"74o":{"weight":1.0,"played":[1.0,0.0,0.0],"evs":[0.0,-1.95076,-6.46041]},"84o":{"weight":1.0,"played":[1.0,0.0,0.0],"evs":[0.0,-1.95072,-6.53288]},"94o":{"weight":1.0,"played":[1.0,0.0,0.0],"evs":[0.0,-2.06392,-6.94232]},"T4o":{"weight":1.0,"played":[1.0,0.0,0.0],"evs":[0.0,-2.03769,-6.81359]},"J4o":{"weight":1.0,"played":[1.0,0.0,0.0],"evs":[0.0,-1.77701,-6.31015]},"Q4o":{"weight":1.0,"played":[1.0,0.0,0.0],"evs":[0.0,-1.74657,-6.26881]},"K4o":{"weight":1.0,"played":[1.0,0.0,0.0],"evs":[0.0,-1.58196,-5.31037]},"A4o":{"weight":1.0,"played":[1.0,0.0,0.0],"evs":[0.0,-1.32118,-3.24285]},"52s":{"weight":1.0,"played":[1.0,0.0,0.0],"evs":[0.0,-1.85581,-5.87682]},"53s":{"weight":1.0,"played":[1.0,0.0,0.0],"evs":[0.0,-1.67956,-5.41271]},"54s":{"weight":1.0,"played":[1.0,0.0,0.0],"evs":[0.0,-1.54993,-5.0693]},"55":{"weight":1.0,"played":[1.0,0.0,0.0],"evs":[0.0,-0.75264,-1.87575]},"65o":{"weight":1.0,"played":[1.0,0.0,0.0],"evs":[0.0,-1.77242,-5.91666]},"75o":{"weight":1.0,"played":[1.0,0.0,0.0],"evs":[0.0,-1.83588,-6.10872]},"85o":{"weight":1.0,"played":[1.0,0.0,0.0],"evs":[0.0,-1.83454,-6.17618]},"95o":{"weight":1.0,"played":[1.0,0.0,0.0],"evs":[0.0,-1.97371,-6.60808]},"T5o":{"weight":1.0,"played":[1.0,0.0,0.0],"evs":[0.0,-2.05738,-6.88648]},"J5o":{"weight":1.0,"played":[1.0,0.0,0.0],"evs":[0.0,-1.81051,-6.31967]},"Q5o":{"weight":1.0,"played":[1.0,0.0,0.0],"evs":[0.0,-1.76866,-6.25666]},"K5o":{"weight":1.0,"played":[1.0,0.0,0.0],"evs":[0.0,-1.61615,-5.32476]},"A5o":{"weight":1.0,"played":[1.0,0.0,0.0],"evs":[0.0,-1.22993,-2.96471]},"62s":{"weight":1.0,"played":[1.0,0.0,0.0],"evs":[0.0,-1.87874,-6.02266]},"63s":{"weight":1.0,"played":[1.0,0.0,0.0],"evs":[0.0,-1.68932,-5.5537]},"64s":{"weight":1.0,"played":[1.0,0.0,0.0],"evs":[0.0,-1.58221,-5.21661]},"65s":{"weight":1.0,"played":[1.0,0.0,0.0],"evs":[0.0,-1.47471,-4.92211]},"66":{"weight":1.0,"played":[1.0,0.0,0.0],"evs":[0.0,-0.47253,-1.23362]},"76o":{"weight":1.0,"played":[1.0,0.0,0.0],"evs":[0.0,-1.61968,-5.54292]},"86o":{"weight":1.0,"played":[1.0,0.0,0.0],"evs":[0.0,-1.62966,-5.61605]},"96o":{"weight":1.0,"played":[1.0,0.0,0.0],"evs":[0.0,-1.76544,-6.03657]},"T6o":{"weight":1.0,"played":[1.0,0.0,0.0],"evs":[0.0,-1.86897,-6.28678]},"J6o":{"weight":1.0,"played":[1.0,0.0,0.0],"evs":[0.0,-1.70709,-6.10674]},"Q6o":{"weight":1.0,"played":[1.0,0.0,0.0],"evs":[0.0,-1.64691,-5.97548]},"K6o":{"weight":1.0,"played":[1.0,0.0,0.0],"evs":[0.0,-1.46446,-4.90175]},"A6o":{"weight":1.0,"played":[1.0,0.0,0.0],"evs":[0.0,-1.23528,-2.93083]},"72s":{"weight":1.0,"played":[1.0,0.0,0.0],"evs":[0.0,-1.94262,-6.20932]},"73s":{"weight":1.0,"played":[1.0,0.0,0.0],"evs":[0.0,-1.76059,-5.73835]},"74s":{"weight":1.0,"played":[1.0,0.0,0.0],"evs":[0.0,-1.62713,-5.38001]},"75s":{"weight":1.0,"played":[1.0,0.0,0.0],"evs":[0.0,-1.51931,-5.05914]},"76s":{"weight":1.0,"played":[1.0,0.0,0.0],"evs":[0.0,-1.28139,-4.49944]},"77":{"weight":1.0,"played":[1.0,0.0,0.0],"evs":[0.0,-0.12242,-0.43399]},"87o":{"weight":1.0,"played":[1.0,0.0,0.0],"evs":[0.0,-1.5065,-5.22353]},"97o":{"weight":1.0,"played":[1.0,0.0,0.0],"evs":[0.0,-1.60081,-5.60501]},"T7o":{"weight":1.0,"played":[1.0,0.0,0.0],"evs":[0.0,-1.6636,-5.77069]},"J7o":{"weight":1.0,"played":[1.0,0.0,0.0],"evs":[0.0,-1.54056,-5.63666]},"Q7o":{"weight":1.0,"played":[1.0,0.0,0.0],"evs":[0.0,-1.55763,-5.76384]},"K7o":{"weight":1.0,"played":[1.0,0.0,0.0],"evs":[0.0,-1.33054,-4.48784]},"A7o":{"weight":1.0,"played":[1.0,0.0,0.0],"evs":[0.0,-1.09459,-2.45006]},"82s":{"weight":1.0,"played":[1.0,0.0,0.0],"evs":[0.0,-1.80171,-5.88981]},"83s":{"weight":1.0,"played":[1.0,0.0,0.0],"evs":[0.0,-1.75398,-5.81718]},"84s":{"weight":1.0,"played":[1.0,0.0,0.0],"evs":[0.0,-1.6522,-5.46273]},"85s":{"weight":1.0,"played":[1.0,0.0,0.0],"evs":[0.0,-1.52912,-5.15606]},"86s":{"weight":1.0,"played":[1.0,0.0,0.0],"evs":[0.0,-1.32507,-4.63852]},"87s":{"weight":1.0,"played":[1.0,0.0,0.0],"evs":[0.0,-1.18015,-4.23295]},"88":{"weight":1.0,"played":[1.0E-4,0.6208,0.3792],"evs":[0.0,0.22585,0.23528]},"98o":{"weight":1.0,"played":[1.0,0.0,0.0],"evs":[0.0,-1.40883,-5.03244]},"T8o":{"weight":1.0,"played":[1.0,0.0,0.0],"evs":[0.0,-1.41437,-5.14798]},"J8o":{"weight":1.0,"played":[1.0,0.0,0.0],"evs":[0.0,-1.33003,-5.07071]},"Q8o":{"weight":1.0,"played":[1.0,0.0,0.0],"evs":[0.0,-1.3428,-5.05883]},"K8o":{"weight":1.0,"played":[1.0,0.0,0.0],"evs":[0.0,-1.24921,-4.27204]},"A8o":{"weight":1.0,"played":[1.0,0.0,0.0],"evs":[0.0,-1.01245,-2.28009]},"92s":{"weight":1.0,"played":[1.0,0.0,0.0],"evs":[0.0,-1.8234,-5.96237]},"93s":{"weight":1.0,"played":[1.0,0.0,0.0],"evs":[0.0,-1.77264,-5.84188]},"94s":{"weight":1.0,"played":[1.0,0.0,0.0],"evs":[0.0,-1.7703,-5.84006]},"95s":{"weight":1.0,"played":[1.0,0.0,0.0],"evs":[0.0,-1.67134,-5.5349]},"96s":{"weight":1.0,"played":[1.0,0.0,0.0],"evs":[0.0,-1.43538,-4.97575]},"97s":{"weight":1.0,"played":[1.0,0.0,0.0],"evs":[0.0,-1.27433,-4.5957]},"98s":{"weight":1.0,"played":[1.0,0.0,0.0],"evs":[0.0,-1.0933,-4.08782]},"99":{"weight":1.0,"played":[0.0,0.0,1.0],"evs":[0.0,0.57165,0.74438]},"T9o":{"weight":1.0,"played":[1.0,0.0,0.0],"evs":[0.0,-1.38755,-4.97521]},"J9o":{"weight":1.0,"played":[1.0,0.0,0.0],"evs":[0.0,-1.27873,-4.87216]},"Q9o":{"weight":1.0,"played":[1.0,0.0,0.0],"evs":[0.0,-1.27995,-4.79319]},"K9o":{"weight":1.0,"played":[1.0,0.0,0.0],"evs":[0.0,-1.24712,-4.06941]},"A9o":{"weight":1.0,"played":[1.0,0.0,0.0],"evs":[0.0,-0.87963,-1.738]},"T2s":{"weight":1.0,"played":[1.0,0.0,0.0],"evs":[0.0,-1.7744,-5.92272]},