{"player":1,"street":0,"children":3,"sequence":[{"player":0,"type":"C","amount":1600000,"street":0}],"actions":[{"type":"F","amount":0,"node":33},{"type":"C","amount":1600000,"node":130},{"type":"R","amount":10045000,"node":266}],"hands":{"22":{"weight":1.0,"played":[1.0,0.0,0.0],"evs":[0.0,-0.51001,-2.01765]},"32o":{"weight":1.0,"played":[1.0,0.0,0.0],"evs":[0.0,-1.0967,-4.7177]},"42o":{"weight":1.0,"played":[1.0,0.0,0.0],"evs":[0.0,-1.05984,-4.54068]},"52o":{"weight":1.0,"played":[1.0,0.0,0.0],"evs":[0.0,-1.01535,-4.34905]},"62o":{"weight":1.0,"played":[1.0,0.0,0.0],"evs":[0.0,-1.07325,-4.54226]},"72o":{"weight":1.0,"played":[1.0,0.0,0.0],"evs":[0.0,-1.14045,-4.7468]},"82o":{"weight":1.0,"played":[1.0,0.0,0.0],"evs":[0.0,-1.1083,-4.54614]},"92o":{"weight":1.0,"played":[1.0,0.0,0.0],"evs":[0.0,-1.10494,-4.43993]},"T2o":{"weight":1.0,"played":[1.0,0.0,0.0],"evs":[0.0,-1.04872,-4.13389]},"J2o":{"weight":1.0,"played":[1.0,0.0,0.0],"evs":[0.0,-1.01668,-3.87858]},"Q2o":{"weight":1.0,"played":[1.0,0.0,0.0],"evs":[0.0,-0.93177,-3.42077]},"K2o":{"weight":1.0,"played":[1.0,0.0,0.0],"evs":[0.0,-0.87818,-2.81131]},"A2o":{"weight":1.0,"played":[1.0,0.0,0.0],"evs":[0.0,-0.6571,-1.75155]},"32s":{"weight":1.0,"played":[1.0,0.0,0.0],"evs":[0.0,-0.87471,-3.92753]},"33":{"weight":1.0,"played":[1.0,0.0,0.0],"evs":[0.0,-0.42561,-1.56373]},"43o":{"weight":1.0,"played":[1.0,0.0,0.0],"evs":[0.0,-0.94867,-4.19167]},"53o":{"weight":1.0,"played":[1.0,0.0,0.0],"evs":[0.0,-0.89807,-3.98838]},"63o":{"weight":1.0,"played":[1.0,0.0,0.0],"evs":[0.0,-0.96234,-4.16512]},"73o":{"weight":1.0,"played":[1.0,0.0,0.0],"evs":[0.0,-1.04042,-4.37642]},"83o":{"weight":1.0,"played":[1.0,0.0,0.0],"evs":[0.0,-1.08682,-4.46447]},"93o":{"weight":1.0,"played":[1.0,0.0,0.0],"evs":[0.0,-1.07506,-4.30425]},"T3o":{"weight":1.0,"played":[1.0,0.0,0.0],"evs":[0.0,-1.02092,-3.99303]},"J3o":{"weight":1.0,"played":[1.0,0.0,0.0],"evs":[0.0,-0.9853,-3.73235]},"Q3o":{"weight":1.0,"played":[1.0,0.0,0.0],"evs":[0.0,-0.89952,-3.28115]},"K3o":{"weight":1.0,"played":[1.0,0.0,0.0],"evs":[0.0,-0.84386,-2.66406]},"A3o":{"weight":1.0,"played":[1.0,0.0,0.0],"evs":[0.0,-0.60092,-1.58186]},"42s":{"weight":1.0,"played":[1.0,0.0,0.0],"evs":[0.0,-0.83481,-3.76977]},"43s":{"weight":1.0,"played":[1.0,0.0,0.0],"evs":[0.0,-0.72078,-3.43316]},"44":{"weight":1.0,"played":[1.0,0.0,0.0],"evs":[0.0,-0.31255,-1.08565]},"54o":{"weight":1.0,"played":[1.0,0.0,0.0],"evs":[0.0,-0.78228,-3.60155]},"64o":{"weight":1.0,"played":[1.0,0.0,0.0],"evs":[0.0,-0.84156,-3.78343]},"74o":{"weight":1.0,"played":[1.0,0.0,0.0],"evs":[0.0,-0.93033,-3.98854]},"84o":{"weight":1.0,"played":[1.0,0.0,0.0],"evs":[0.0,-0.98732,-4.06719]},"94o":{"weight":1.0,"played":[1.0,0.0,0.0],"evs":[0.0,-1.05424,-4.205]},"T4o":{"weight":1.0,"played":[1.0,0.0,0.0],"evs":[0.0,-0.99449,-3.8333]},"J4o":{"weight":1.0,"played":[1.0,0.0,0.0],"evs":[0.0,-0.95495,-3.57251]},"Q4o":{"weight":1.0,"played":[1.0,0.0,0.0],"evs":[0.0,-0.86064,-3.10753]},"K4o":{"weight":1.0,"played":[1.0,0.0,0.0],"evs":[0.0,-0.81391,-2.51382]},"A4o":{"weight":1.0,"played":[1.0,0.0,0.0],"evs":[0.0,-0.55663,-1.43677]},"52s":{"weight":1.0,"played":[1.0,0.0,0.0],"evs":[0.0,-0.79225,-3.583]},"53s":{"weight":1.0,"played":[1.0,0.0,0.0],"evs":[0.0,-0.66592,-3.23421]},"54s":{"weight":1.0,"played":[1.0,0.0,0.0],"evs":[0.0,-0.55264,-2.87752]},"55":{"weight":1.0,"played":[1.0,0.0,0.0],"evs":[0.0,-0.15711,-0.52146]},"65o":{"weight":1.0,"played":[1.0,0.0,0.0],"evs":[0.0,-0.72876,-3.39611]},"75o":{"weight":1.0,"played":[1.0,0.0,0.0],"evs":[0.0,-0.80572,-3.57778]},"85o":{"weight":1.0,"played":[1.0,0.0,0.0],"evs":[0.0,-0.86615,-3.65595]},"95o":{"weight":1.0,"played":[1.0,0.0,0.0],"evs":[0.0,-0.95333,-3.78104]},"T5o":{"weight":1.0,"played":[1.0,0.0,0.0],"evs":[0.0,-0.96867,-3.70279]},"J5o":{"weight":1.0,"played":[1.0,0.0,0.0],"evs":[0.0,-0.91976,-3.37526]},"Q5o":{"weight":1.0,"played":[1.0,0.0,0.0],"evs":[0.0,-0.82548,-2.92105]},"K5o":{"weight":1.0,"played":[1.0,0.0,0.0],"evs":[0.0,-0.76597,-2.30061]},"A5o":{"weight":1.0,"played":[1.0,0.0,0.0],"evs":[0.0,-0.47645,-1.22059]},"62s":{"weight":1.0,"played":[1.0,0.0,0.0],"evs":[0.0,-0.85593,-3.75926]},"63s":{"weight":1.0,"played":[1.0,0.0,0.0],"evs":[0.0,-0.72236,-3.39583]},"64s":{"weight":1.0,"played":[1.0,0.0,0.0],"evs":[0.0,-0.60671,-3.04178]},"65s":{"weight":1.0,"played":[1.0,0.0,0.0],"evs":[0.0,-0.49214,-2.67805]},"66":{"weight":1.0,"played":[0.4418,0.5582,0.0],"evs":[0.0,-0.00283,-0.08021]},"76o":{"weight":1.0,"played":[1.0,0.0,0.0],"evs":[0.0,-0.7055,-3.267]},"86o":{"weight":1.0,"played":[1.0,0.0,0.0],"evs":[0.0,-0.75469,-3.32776]},"96o":{"weight":1.0,"played":[1.0,0.0,0.0],"evs":[0.0,-0.84169,-3.44603]},"T6o":{"weight":1.0,"played":[1.0,0.0,0.0],"evs":[0.0,-0.88205,-3.36272]},"J6o":{"weight":1.0,"played":[1.0,0.0,0.0],"evs":[0.0,-0.90062,-3.30939]},"Q6o":{"weight":1.0,"played":[1.0,0.0,0.0],"evs":[0.0,-0.79196,-2.80084]},"K6o":{"weight":1.0,"played":[1.0,0.0,0.0],"evs":[0.0,-0.73587,-2.16824]},"A6o":{"weight":1.0,"played":[1.0,0.0,0.0],"evs":[0.0,-0.5368,-1.34721]},"72s":{"weight":1.0,"played":[1.0,0.0,0.0],"evs":[0.0,-0.92715,-3.93835]},"73s":{"weight":1.0,"played":[1.0,0.0,0.0],"evs":[0.0,-0.80559,-3.58571]},"74s":{"weight":1.0,"played":[1.0,0.0,0.0],"evs":[0.0,-0.68908,-3.22261]},"75s":{"weight":1.0,"played":[1.0,0.0,0.0],"evs":[0.0,-0.55715,-2.83772]},"76s":{"weight":1.0,"played":[1.0,0.0,0.0],"evs":[0.0,-0.46398,-2.54731]},"77":{"weight":1.0,"played":[0.0,0.0141,0.9859],"evs":[0.0,0.29342,0.30361]},"87o":{"weight":1.0,"played":[1.0,0.0,0.0],"evs":[0.0,-0.68382,-3.08684]},"97o":{"weight":1.0,"played":[1.0,0.0,0.0],"evs":[0.0,-0.74888,-3.17065]},"T7o":{"weight":1.0,"played":[1.0,0.0,0.0],"evs":[0.0,-0.77845,-3.09276]},"J7o":{"weight":1.0,"played":[1.0,0.0,0.0],"evs":[0.0,-0.812,-3.03205]},"Q7o":{"weight":1.0,"played":[1.0,0.0,0.0],"evs":[0.0,-0.76485,-2.76821]},"K7o":{"weight":1.0,"played":[1.0,0.0,0.0],"evs":[0.0,-0.68549,-2.05887]},"A7o":{"weight":1.0,"played":[1.0,0.0,0.0],"evs":[0.0,-0.44454,-1.14284]},"82s":{"weight":1.0,"played":[1.0,0.0,0.0],"evs":[0.0,-0.88222,-3.74693]},"83s":{"weight":1.0,"played":[1.0,0.0,0.0],"evs":[0.0,-0.85705,-3.66584]},"84s":{"weight":1.0,"played":[1.0,0.0,0.0],"evs":[0.0,-0.749,-3.28826]},"85s":{"weight":1.0,"played":[1.0,0.0,0.0],"evs":[0.0,-0.61788,-2.91909]},"86s":{"weight":1.0,"played":[1.0,0.0,0.0],"evs":[0.0,-0.51165,-2.60478]},"87s":{"weight":1.0,"played":[1.0,0.0,0.0],"evs":[0.0,-0.43295,-2.38287]},"88":{"weight":1.0,"played":[0.0,0.0,1.0],"evs":[0.0,0.77856,0.91902]},"98o":{"weight":1.0,"played":[1.0,0.0,0.0],"evs":[0.0,-0.65521,-2.83348]},"T8o":{"weight":1.0,"played":[1.0,0.0,0.0],"evs":[0.0,-0.66257,-2.73558]},"J8o":{"weight":1.0,"played":[1.0,0.0,0.0],"evs":[0.0,-0.7019,-2.66295]},"Q8o":{"weight":1.0,"played":[1.0,0.0,0.0],"evs":[0.0,-0.67856,-2.39698]},"K8o":{"weight":1.0,"played":[1.0,0.0,0.0],"evs":[0.0,-0.62515,-1.85308]},"A8o":{"weight":1.0,"played":[1.0,0.0,0.0],"evs":[0.0,-0.35383,-0.86093]},"92s":{"weight":1.0,"played":[1.0,0.0,0.0],"evs":[0.0,-0.8657,-3.64583]},"93s":{"weight":1.0,"played":[1.0,0.0,0.0],"evs":[0.0,-0.83792,-3.52915]},"94s":{"weight":1.0,"played":[1.0,0.0,0.0],"evs":[0.0,-0.81987,-3.42626]},"95s":{"weight":1.0,"played":[1.0,0.0,0.0],"evs":[0.0,-0.70676,-3.02633]},"96s":{"weight":1.0,"played":[1.0,0.0,0.0],"evs":[0.0,-0.59336,-2.71084]},"97s":{"weight":1.0,"played":[1.0,0.0,0.0],"evs":[0.0,-0.48719,-2.4317]},"98s":{"weight":1.0,"played":[1.0,0.0,0.0],"evs":[0.0,-0.40425,-2.13829]},"99":{"weight":1.0,"played":[0.0,0.0,1.0],"evs":[0.0,1.22202,1.53231]},"T9o":{"weight":1.0,"played":[1.0,0.0,0.0],"evs":[0.0,-0.57278,-2.41087]},"J9o":{"weight":1.0,"played":[1.0,0.0,0.0],"evs":[0.0,-0.56509,-2.34069]},"Q9o":{"weight":1.0,"played":[1.0,0.0,0.0],"evs":[0.0,-0.51834,-2.06151]},"K9o":{"weight":1.0,"played":[1.0,0.0,0.0],"evs":[0.0,-0.47746,-1.50689]},"A9o":{"weight":1.0,"played":[1.0,0.0,0.0],"evs":[0.0,-0.23582,-0.70137]},"T2s":{"weight":1.0,"played":[1.0,0.0,0.0],"evs":[0.0,-0.82208,-3.36443]},