{"player":2,"street":0,"children":3,"sequence":[{"player":0,"type":"R","amount":15550000,"street":0},{"player":1,"type":"F","amount":0,"street":0}],"actions":[{"type":"F","amount":0,"node":46},{"type":"C","amount":15550000,"node":53},{"type":"R","amount":26780000,"node":65}],"hands":{"22":{"weight":1.0,"played":[1.0,0.0,0.0],"evs":[0.0,-0.43339,-0.41478]},"32o":{"weight":1.0,"played":[1.0,0.0,0.0],"evs":[0.0,-2.50269,-2.62291]},"42o":{"weight":1.0,"played":[1.0,0.0,0.0],"evs":[0.0,-2.46382,-2.58251]},"52o":{"weight":1.0,"played":[1.0,0.0,0.0],"evs":[0.0,-2.34744,-2.45376]},"62o":{"weight":1.0,"played":[1.0,0.0,0.0],"evs":[0.0,-2.46627,-2.59852]},"72o":{"weight":1.0,"played":[1.0,0.0,0.0],"evs":[0.0,-2.56319,-2.70664]},"82o":{"weight":1.0,"played":[1.0,0.0,0.0],"evs":[0.0,-2.46477,-2.58932]},"92o":{"weight":1.0,"played":[1.0,0.0,0.0],"evs":[0.0,-2.40666,-2.5175]},"T2o":{"weight":1.0,"played":[1.0,0.0,0.0],"evs":[0.0,-2.37354,-2.47076]},"J2o":{"weight":1.0,"played":[1.0,0.0,0.0],"evs":[0.0,-2.32858,-2.4214]},"Q2o":{"weight":1.0,"played":[1.0,0.0,0.0],"evs":[0.0,-2.19517,-2.28137]},"K2o":{"weight":1.0,"played":[1.0,0.0,0.0],"evs":[0.0,-1.94695,-2.00897]},"A2o":{"weight":1.0,"played":[1.0,0.0,0.0],"evs":[0.0,-0.9316,-0.98157]},"32s":{"weight":1.0,"played":[1.0,0.0,0.0],"evs":[0.0,-1.97658,-2.01902]},"33":{"weight":1.0,"played":[1.0,0.0,0.0],"evs":[0.0,-0.28555,-0.26984]},"43o":{"weight":1.0,"played":[1.0,0.0,0.0],"evs":[0.0,-2.25139,-2.33096]},"53o":{"weight":1.0,"played":[1.0,0.0,0.0],"evs":[0.0,-2.14507,-2.21751]},"63o":{"weight":1.0,"played":[1.0,0.0,0.0],"evs":[0.0,-2.25999,-2.36089]},"73o":{"weight":1.0,"played":[1.0,0.0,0.0],"evs":[0.0,-2.36856,-2.48119]},"83o":{"weight":1.0,"played":[1.0,0.0,0.0],"evs":[0.0,-2.45754,-2.57954]},"93o":{"weight":1.0,"played":[1.0,0.0,0.0],"evs":[0.0,-2.36106,-2.4679]},"T3o":{"weight":1.0,"played":[1.0,0.0,0.0],"evs":[0.0,-2.32742,-2.41888]},"J3o":{"weight":1.0,"played":[1.0,0.0,0.0],"evs":[0.0,-2.27839,-2.36261]},"Q3o":{"weight":1.0,"played":[1.0,0.0,0.0],"evs":[0.0,-2.13895,-2.22312]},"K3o":{"weight":1.0,"played":[1.0,0.0,0.0],"evs":[0.0,-1.89088,-1.95175]},"A3o":{"weight":1.0,"played":[1.0,0.0,0.0],"evs":[0.0,-0.88497,-0.93914]},"42s":{"weight":1.0,"played":[1.0,0.0,0.0],"evs":[0.0,-1.9454,-1.99106]},"43s":{"weight":1.0,"played":[1.0,0.0,0.0],"evs":[0.0,-1.7384,-1.75222]},"44":{"weight":1.0,"played":[0.6147,0.0028,0.3825],"evs":[0.0,-0.02595,-0.00868]},"54o":{"weight":1.0,"played":[1.0,0.0,0.0],"evs":[0.0,-1.9775,-2.02806]},"64o":{"weight":1.0,"played":[1.0,0.0,0.0],"evs":[0.0,-2.09374,-2.17278]},"74o":{"weight":1.0,"played":[1.0,0.0,0.0],"evs":[0.0,-2.19063,-2.27683]},"84o":{"weight":1.0,"played":[1.0,0.0,0.0],"evs":[0.0,-2.28481,-2.37951]},"94o":{"weight":1.0,"played":[1.0,0.0,0.0],"evs":[0.0,-2.39269,-2.49361]},"T4o":{"weight":1.0,"played":[1.0,0.0,0.0],"evs":[0.0,-2.30806,-2.39363]},"J4o":{"weight":1.0,"played":[1.0,0.0,0.0],"evs":[0.0,-2.26104,-2.33398]},"Q4o":{"weight":1.0,"played":[1.0,0.0,0.0],"evs":[0.0,-2.121,-2.19129]},"K4o":{"weight":1.0,"played":[1.0,0.0,0.0],"evs":[0.0,-1.87329,-1.9187]},"A4o":{"weight":1.0,"played":[1.0,0.0,0.0],"evs":[0.0,-0.79831,-0.83683]},"52s":{"weight":1.0,"played":[1.0,0.0,0.0],"evs":[0.0,-1.85082,-1.8832]},"53s":{"weight":1.0,"played":[1.0,0.0,0.0],"evs":[0.0,-1.64183,-1.64002]},"54s":{"weight":1.0,"played":[1.0,0.0,0.0],"evs":[0.0,-1.48309,-1.45756]},"55":{"weight":1.0,"played":[0.0,0.004,0.996],"evs":[0.0,0.31358,0.33429]},"65o":{"weight":1.0,"played":[1.0,0.0,0.0],"evs":[0.0,-1.84245,-1.88648]},"75o":{"weight":1.0,"played":[1.0,0.0,0.0],"evs":[0.0,-1.93992,-2.0011]},"85o":{"weight":1.0,"played":[1.0,0.0,0.0],"evs":[0.0,-2.03143,-2.09419]},"95o":{"weight":1.0,"played":[1.0,0.0,0.0],"evs":[0.0,-2.14188,-2.21163]},"T5o":{"weight":1.0,"played":[1.0,0.0,0.0],"evs":[0.0,-2.23915,-2.3198]},"J5o":{"weight":1.0,"played":[1.0,0.0,0.0],"evs":[0.0,-2.14639,-2.21369]},"Q5o":{"weight":1.0,"played":[1.0,0.0,0.0],"evs":[0.0,-2.02221,-2.08341]},"K5o":{"weight":1.0,"played":[1.0,0.0,0.0],"evs":[0.0,-1.77953,-1.82798]},"A5o":{"weight":1.0,"played":[1.0,0.0,0.0],"evs":[0.0,-0.64942,-0.68236]},"62s":{"weight":1.0,"played":[1.0,0.0,0.0],"evs":[0.0,-1.92826,-1.98827]},"63s":{"weight":1.0,"played":[1.0,0.0,0.0],"evs":[0.0,-1.73651,-1.75894]},"64s":{"weight":1.0,"played":[1.0,0.0,0.0],"evs":[0.0,-1.56234,-1.55906]},"65s":{"weight":1.0,"played":[1.0,0.0,0.0],"evs":[0.0,-1.33948,-1.31218]},"66":{"weight":1.0,"played":[0.0,0.0155,0.9845],"evs":[0.0,0.63667,0.64204]},"76o":{"weight":1.0,"played":[1.0,0.0,0.0],"evs":[0.0,-1.7066,-1.75185]},"86o":{"weight":1.0,"played":[1.0,0.0,0.0],"evs":[0.0,-1.79707,-1.84328]},"96o":{"weight":1.0,"played":[1.0,0.0,0.0],"evs":[0.0,-1.89224,-1.95104]},"T6o":{"weight":1.0,"played":[1.0,0.0,0.0],"evs":[0.0,-2.00143,-2.0611]},"J6o":{"weight":1.0,"played":[1.0,0.0,0.0],"evs":[0.0,-2.09976,-2.17584]},"Q6o":{"weight":1.0,"played":[1.0,0.0,0.0],"evs":[0.0,-1.92763,-1.99021]},"K6o":{"weight":1.0,"played":[1.0,0.0,0.0],"evs":[0.0,-1.67372,-1.71917]},"A6o":{"weight":1.0,"played":[1.0,0.0,0.0],"evs":[0.0,-0.61368,-0.67939]},"72s":{"weight":1.0,"played":[1.0,0.0,0.0],"evs":[0.0,-2.02662,-2.09896]},"73s":{"weight":1.0,"played":[1.0,0.0,0.0],"evs":[0.0,-1.83596,-1.88062]},"74s":{"weight":1.0,"played":[1.0,0.0,0.0],"evs":[0.0,-1.69444,-1.71082]},"75s":{"weight":1.0,"played":[1.0,0.0,0.0],"evs":[0.0,-1.43035,-1.41792]},"76s":{"weight":1.0,"played":[1.0,0.0,0.0],"evs":[0.0,-1.21903,-1.19816]},"77":{"weight":1.0,"played":[0.0,0.3663,0.6337],"evs":[0.0,1.00765,1.00745]},"87o":{"weight":1.0,"played":[1.0,0.0,0.0],"evs":[0.0,-1.5999,-1.62251]},"97o":{"weight":1.0,"played":[1.0,0.0,0.0],"evs":[0.0,-1.68759,-1.71582]},"T7o":{"weight":1.0,"played":[1.0,0.0,0.0],"evs":[0.0,-1.79077,-1.82108]},"J7o":{"weight":1.0,"played":[1.0,0.0,0.0],"evs":[0.0,-1.8863,-1.92874]},"Q7o":{"weight":1.0,"played":[1.0,0.0,0.0],"evs":[0.0,-1.92476,-1.98901]},"K7o":{"weight":1.0,"played":[1.0,0.0,0.0],"evs":[0.0,-1.60407,-1.63728]},"A7o":{"weight":1.0,"played":[1.0,0.0,0.0],"evs":[0.0,-0.34047,-0.38423]},"82s":{"weight":1.0,"played":[1.0,0.0,0.0],"evs":[0.0,-1.9274,-1.97664]},"83s":{"weight":1.0,"played":[1.0,0.0,0.0],"evs":[0.0,-1.93066,-1.97947]},"84s":{"weight":1.0,"played":[1.0,0.0,0.0],"evs":[0.0,-1.76293,-1.78999]},"85s":{"weight":1.0,"played":[1.0,0.0,0.0],"evs":[0.0,-1.5353,-1.52605]},"86s":{"weight":1.0,"played":[1.0,0.0,0.0],"evs":[0.0,-1.32264,-1.3001]},"87s":{"weight":1.0,"played":[1.0,0.0,0.0],"evs":[0.0,-1.08144,-1.06175]},"88":{"weight":1.0,"played":[0.0,6.0E-4,0.9994],"evs":[0.0,1.3876,1.38939]},"98o":{"weight":1.0,"played":[1.0,0.0,0.0],"evs":[0.0,-1.50932,-1.51124]},"T8o":{"weight":1.0,"played":[1.0,0.0,0.0],"evs":[0.0,-1.58563,-1.59044]},"J8o":{"weight":1.0,"played":[1.0,0.0,0.0],"evs":[0.0,-1.69924,-1.7089]},"Q8o":{"weight":1.0,"played":[1.0,0.0,0.0],"evs":[0.0,-1.73256,-1.75941]},"K8o":{"weight":1.0,"played":[1.0,0.0,0.0],"evs":[0.0,-1.54808,-1.56971]},"A8o":{"weight":1.0,"played":[0.947,0.0529,1.0E-4],"evs":[0.0,-0.00998,-0.03859]},"92s":{"weight":1.0,"played":[1.0,0.0,0.0],"evs":[0.0,-1.88614,-1.92298]},"93s":{"weight":1.0,"played":[1.0,0.0,0.0],"evs":[0.0,-1.83058,-1.85393]},"94s":{"weight":1.0,"played":[1.0,0.0,0.0],"evs":[0.0,-1.87038,-1.89986]},"95s":{"weight":1.0,"played":[1.0,0.0,0.0],"evs":[0.0,-1.63367,-1.6337]},"96s":{"weight":1.0,"played":[1.0,0.0,0.0],"evs":[0.0,-1.39082,-1.38243]},"97s":{"weight":1.0,"played":[1.0,0.0,0.0],"evs":[0.0,-1.20602,-1.18173]},"98s":{"weight":1.0,"played":[1.0,0.0,0.0],"evs":[0.0,-0.97631,-0.9551]},"99":{"weight":1.0,"played":[0.0,0.0062,0.9938],"evs":[0.0,1.8212,1.82686]},"T9o":{"weight":1.0,"played":[1.0,0.0,0.0],"evs":[0.0,-1.37955,-1.35445]},"J9o":{"weight":1.0,"played":[1.0,0.0,0.0],"evs":[0.0,-1.49138,-1.4684]},"Q9o":{"weight":1.0,"played":[1.0,0.0,0.0],"evs":[0.0,-1.48331,-1.4857]},"K9o":{"weight":1.0,"played":[1.0,0.0,0.0],"evs":[0.0,-1.28717,-1.28257]},"A9o":{"weight":1.0,"played":[0.0,0.6843,0.3157],"evs":[0.0,0.34775,0.34275]},