{"player":2,"street":0,"children":3,"sequence":[{"player":0,"type":"R","amount":15550000,"street":0},{"player":1,"type":"C","amount":15550000,"street":0}],"actions":[{"type":"F","amount":0,"node":73},{"type":"C","amount":15550000},{"type":"R","amount":26780000,"node":84}],"hands":{"22":{"weight":1.0,"played":[1.0,0.0,0.0],"evs":[0.0,-2.81334,-2.81785]},"32o":{"weight":1.0,"played":[1.0,0.0,0.0],"evs":[0.0,-3.78305,-5.24858]},"42o":{"weight":1.0,"played":[1.0,0.0,0.0],"evs":[0.0,-3.72404,-5.12618]},"52o":{"weight":1.0,"played":[1.0,0.0,0.0],"evs":[0.0,-3.66474,-5.03467]},"62o":{"weight":1.0,"played":[1.0,0.0,0.0],"evs":[0.0,-3.72359,-5.17914]},"72o":{"weight":1.0,"played":[1.0,0.0,0.0],"evs":[0.0,-3.88502,-5.49382]},"82o":{"weight":1.0,"played":[1.0,0.0,0.0],"evs":[0.0,-3.82234,-5.34836]},"92o":{"weight":1.0,"played":[1.0,0.0,0.0],"evs":[0.0,-3.83026,-5.31613]},"T2o":{"weight":1.0,"played":[1.0,0.0,0.0],"evs":[0.0,-3.69979,-5.1456]},"J2o":{"weight":1.0,"played":[1.0,0.0,0.0],"evs":[0.0,-3.6134,-5.01992]},"Q2o":{"weight":1.0,"played":[1.0,0.0,0.0],"evs":[0.0,-3.53425,-4.89288]},"K2o":{"weight":1.0,"played":[1.0,0.0,0.0],"evs":[0.0,-3.16949,-4.37048]},"A2o":{"weight":1.0,"played":[1.0,0.0,0.0],"evs":[0.0,-3.78078,-4.95709]},"32s":{"weight":1.0,"played":[1.0,0.0,0.0],"evs":[0.0,-3.14778,-4.18055]},"33":{"weight":1.0,"played":[1.0,0.0,0.0],"evs":[0.0,-2.72569,-2.76642]},"43o":{"weight":1.0,"played":[1.0,0.0,0.0],"evs":[0.0,-3.5502,-4.8326]},"53o":{"weight":1.0,"played":[1.0,0.0,0.0],"evs":[0.0,-3.39155,-4.57456]},"63o":{"weight":1.0,"played":[1.0,0.0,0.0],"evs":[0.0,-3.51917,-4.82254]},"73o":{"weight":1.0,"played":[1.0,0.0,0.0],"evs":[0.0,-3.71146,-5.10197]},"83o":{"weight":1.0,"played":[1.0,0.0,0.0],"evs":[0.0,-3.83794,-5.3802]},"93o":{"weight":1.0,"played":[1.0,0.0,0.0],"evs":[0.0,-3.76685,-5.18373]},"T3o":{"weight":1.0,"played":[1.0,0.0,0.0],"evs":[0.0,-3.69376,-5.08716]},"J3o":{"weight":1.0,"played":[1.0,0.0,0.0],"evs":[0.0,-3.52092,-4.84861]},"Q3o":{"weight":1.0,"played":[1.0,0.0,0.0],"evs":[0.0,-3.48342,-4.76856]},"K3o":{"weight":1.0,"played":[1.0,0.0,0.0],"evs":[0.0,-3.12745,-4.30284]},"A3o":{"weight":1.0,"played":[1.0,0.0,0.0],"evs":[0.0,-3.66088,-4.81427]},"42s":{"weight":1.0,"played":[1.0,0.0,0.0],"evs":[0.0,-3.11499,-4.18385]},"43s":{"weight":1.0,"played":[1.0,0.0,0.0],"evs":[0.0,-2.8927,-3.82156]},"44":{"weight":1.0,"played":[1.0,0.0,0.0],"evs":[0.0,-2.31361,-2.39892]},"54o":{"weight":1.0,"played":[1.0,0.0,0.0],"evs":[0.0,-3.15461,-4.21546]},"64o":{"weight":1.0,"played":[1.0,0.0,0.0],"evs":[0.0,-3.30643,-4.47838]},"74o":{"weight":1.0,"played":[1.0,0.0,0.0],"evs":[0.0,-3.50957,-4.72401]},"84o":{"weight":1.0,"played":[1.0,0.0,0.0],"evs":[0.0,-3.62192,-5.03826]},"94o":{"weight":1.0,"played":[1.0,0.0,0.0],"evs":[0.0,-3.85629,-5.30992]},"T4o":{"weight":1.0,"played":[1.0,0.0,0.0],"evs":[0.0,-3.63213,-5.02613]},"J4o":{"weight":1.0,"played":[1.0,0.0,0.0],"evs":[0.0,-3.57013,-4.86821]},"Q4o":{"weight":1.0,"played":[1.0,0.0,0.0],"evs":[0.0,-3.4664,-4.75773]},"K4o":{"weight":1.0,"played":[1.0,0.0,0.0],"evs":[0.0,-3.10507,-4.19576]},"A4o":{"weight":1.0,"played":[1.0,0.0,0.0],"evs":[0.0,-3.55045,-4.6884]},"52s":{"weight":1.0,"played":[1.0,0.0,0.0],"evs":[0.0,-3.0442,-3.99173]},"53s":{"weight":1.0,"played":[1.0,0.0,0.0],"evs":[0.0,-2.72765,-3.6158]},"54s":{"weight":1.0,"played":[1.0,0.0,0.0],"evs":[0.0,-2.55931,-3.37004]},"55":{"weight":1.0,"played":[1.0,0.0,0.0],"evs":[0.0,-2.00998,-2.16979]},"65o":{"weight":1.0,"played":[1.0,0.0,0.0],"evs":[0.0,-3.05274,-4.12555]},"75o":{"weight":1.0,"played":[1.0,0.0,0.0],"evs":[0.0,-3.21171,-4.31215]},"85o":{"weight":1.0,"played":[1.0,0.0,0.0],"evs":[0.0,-3.32282,-4.51396]},"95o":{"weight":1.0,"played":[1.0,0.0,0.0],"evs":[0.0,-3.50815,-4.75991]},"T5o":{"weight":1.0,"played":[1.0,0.0,0.0],"evs":[0.0,-3.54608,-4.97023]},"J5o":{"weight":1.0,"played":[1.0,0.0,0.0],"evs":[0.0,-3.49222,-4.73133]},"Q5o":{"weight":1.0,"played":[1.0,0.0,0.0],"evs":[0.0,-3.37071,-4.59748]},"K5o":{"weight":1.0,"played":[1.0,0.0,0.0],"evs":[0.0,-3.04504,-4.06108]},"A5o":{"weight":1.0,"played":[1.0,0.0,0.0],"evs":[0.0,-3.51017,-4.63532]},"62s":{"weight":1.0,"played":[1.0,0.0,0.0],"evs":[0.0,-3.23225,-4.3272]},"63s":{"weight":1.0,"played":[1.0,0.0,0.0],"evs":[0.0,-2.942,-3.996]},"64s":{"weight":1.0,"played":[1.0,0.0,0.0],"evs":[0.0,-2.72327,-3.59407]},"65s":{"weight":1.0,"played":[1.0,0.0,0.0],"evs":[0.0,-2.42085,-3.19522]},"66":{"weight":1.0,"played":[1.0,0.0,0.0],"evs":[0.0,-1.52925,-1.65141]},"76o":{"weight":1.0,"played":[1.0,0.0,0.0],"evs":[0.0,-2.94538,-3.91778]},"86o":{"weight":1.0,"played":[1.0,0.0,0.0],"evs":[0.0,-3.06873,-4.16603]},"96o":{"weight":1.0,"played":[1.0,0.0,0.0],"evs":[0.0,-3.29073,-4.44817]},"T6o":{"weight":1.0,"played":[1.0,0.0,0.0],"evs":[0.0,-3.34541,-4.54736]},"J6o":{"weight":1.0,"played":[1.0,0.0,0.0],"evs":[0.0,-3.39053,-4.65024]},"Q6o":{"weight":1.0,"played":[1.0,0.0,0.0],"evs":[0.0,-3.28175,-4.47423]},"K6o":{"weight":1.0,"played":[1.0,0.0,0.0],"evs":[0.0,-2.93871,-3.94669]},"A6o":{"weight":1.0,"played":[1.0,0.0,0.0],"evs":[0.0,-3.62413,-4.78935]},"72s":{"weight":1.0,"played":[1.0,0.0,0.0],"evs":[0.0,-3.29037,-4.44411]},"73s":{"weight":1.0,"played":[1.0,0.0,0.0],"evs":[0.0,-3.07305,-4.16581]},"74s":{"weight":1.0,"played":[1.0,0.0,0.0],"evs":[0.0,-2.8672,-3.77524]},"75s":{"weight":1.0,"played":[1.0,0.0,0.0],"evs":[0.0,-2.53476,-3.46062]},"76s":{"weight":1.0,"played":[1.0,0.0,0.0],"evs":[0.0,-2.25389,-3.05057]},"77":{"weight":1.0,"played":[0.9999,0.0,0.0],"evs":[0.0,-1.31707,-1.2947]},"87o":{"weight":1.0,"played":[1.0,0.0,0.0],"evs":[0.0,-2.85073,-3.77317]},"97o":{"weight":1.0,"played":[1.0,0.0,0.0],"evs":[0.0,-3.08787,-4.09774]},"T7o":{"weight":1.0,"played":[1.0,0.0,0.0],"evs":[0.0,-3.06254,-4.16291]},"J7o":{"weight":1.0,"played":[1.0,0.0,0.0],"evs":[0.0,-3.12156,-4.29199]},"Q7o":{"weight":1.0,"played":[1.0,0.0,0.0],"evs":[0.0,-3.16772,-4.38948]},"K7o":{"weight":1.0,"played":[1.0,0.0,0.0],"evs":[0.0,-2.86323,-3.84558]},"A7o":{"weight":1.0,"played":[1.0,0.0,0.0],"evs":[0.0,-3.58671,-4.65907]},"82s":{"weight":1.0,"played":[1.0,0.0,0.0],"evs":[0.0,-3.21627,-4.30843]},"83s":{"weight":1.0,"played":[1.0,0.0,0.0],"evs":[0.0,-3.19666,-4.31487]},"84s":{"weight":1.0,"played":[1.0,0.0,0.0],"evs":[0.0,-2.98625,-3.97028]},"85s":{"weight":1.0,"played":[1.0,0.0,0.0],"evs":[0.0,-2.71137,-3.61293]},"86s":{"weight":1.0,"played":[1.0,0.0,0.0],"evs":[0.0,-2.47374,-3.38968]},"87s":{"weight":1.0,"played":[1.0,0.0,0.0],"evs":[0.0,-2.23587,-3.1172]},"88":{"weight":1.0,"played":[0.938,0.0013,0.0607],"evs":[0.0,-0.64806,-0.4807]},"98o":{"weight":1.0,"played":[1.0,0.0,0.0],"evs":[0.0,-2.9195,-3.812]},"T8o":{"weight":1.0,"played":[1.0,0.0,0.0],"evs":[0.0,-2.87444,-3.88447]},"J8o":{"weight":1.0,"played":[1.0,0.0,0.0],"evs":[0.0,-2.95375,-4.0272]},"Q8o":{"weight":1.0,"played":[1.0,0.0,0.0],"evs":[0.0,-3.12128,-4.19197]},"K8o":{"weight":1.0,"played":[1.0,0.0,0.0],"evs":[0.0,-2.85372,-3.8397]},"A8o":{"weight":1.0,"played":[1.0,0.0,0.0],"evs":[0.0,-3.34889,-4.409]},"92s":{"weight":1.0,"played":[1.0,0.0,0.0],"evs":[0.0,-3.29804,-4.41499]},"93s":{"weight":1.0,"played":[1.0,0.0,0.0],"evs":[0.0,-3.29712,-4.2579]},"94s":{"weight":1.0,"played":[1.0,0.0,0.0],"evs":[0.0,-3.19814,-4.26551]},"95s":{"weight":1.0,"played":[1.0,0.0,0.0],"evs":[0.0,-2.8995,-3.83604]},"96s":{"weight":1.0,"played":[1.0,0.0,0.0],"evs":[0.0,-2.6266,-3.56382]},"97s":{"weight":1.0,"played":[1.0,0.0,0.0],"evs":[0.0,-2.36845,-3.148]},"98s":{"weight":1.0,"played":[1.0,0.0,0.0],"evs":[0.0,-2.04719,-2.7465]},"99":{"weight":1.0,"played":[0.0053,0.0091,0.9856],"evs":[0.0,0.07995,0.09152]},"T9o":{"weight":1.0,"played":[1.0,0.0,0.0],"evs":[0.0,-2.72058,-3.62117]},"J9o":{"weight":1.0,"played":[1.0,0.0,0.0],"evs":[0.0,-2.94936,-3.87652]},"Q9o":{"weight":1.0,"played":[1.0,0.0,0.0],"evs":[0.0,-2.99239,-3.9137]},"K9o":{"weight":1.0,"played":[1.0,0.0,0.0],"evs":[0.0,-2.76281,-3.5583]},"A9o":{"weight":1.0,"played":[1.0,0.0,0.0],"evs":[0.0,-3.1434,-4.0068]},"T2s":{"weight":1.0,"played":[1.0,0.0,0.0],