{"player":2,"street":0,"children":3,"sequence":[{"player":0,"type":"F","amount":0,"street":0},{"player":1,"type":"R","amount":7840000,"street":0}],"actions":[{"type":"F","amount":0,"node":63},{"type":"C","amount":7840000},{"type":"R","amount":11040000,"node":98}],"hands":{"22":{"weight":1.0,"played":[1.0,0.0,0.0],"evs":[0.0,-0.87415,-0.85074]},"32o":{"weight":1.0,"played":[1.0,0.0,0.0],"evs":[0.0,-2.14057,-2.28263]},"42o":{"weight":1.0,"played":[1.0,0.0,0.0],"evs":[0.0,-2.083,-2.22189]},"52o":{"weight":1.0,"played":[1.0,0.0,0.0],"evs":[0.0,-2.01116,-2.14401]},"62o":{"weight":1.0,"played":[1.0,0.0,0.0],"evs":[0.0,-2.11725,-2.25805]},"72o":{"weight":1.0,"played":[1.0,0.0,0.0],"evs":[0.0,-2.21571,-2.35984]},"82o":{"weight":1.0,"played":[1.0,0.0,0.0],"evs":[0.0,-2.16755,-2.29562]},"92o":{"weight":1.0,"played":[1.0,0.0,0.0],"evs":[0.0,-2.10846,-2.22021]},"T2o":{"weight":1.0,"played":[1.0,0.0,0.0],"evs":[0.0,-2.03963,-2.13641]},"J2o":{"weight":1.0,"played":[1.0,0.0,0.0],"evs":[0.0,-1.98381,-2.06865]},"Q2o":{"weight":1.0,"played":[1.0,0.0,0.0],"evs":[0.0,-1.88662,-1.94491]},"K2o":{"weight":1.0,"played":[1.0,0.0,0.0],"evs":[0.0,-1.73747,-1.75779]},"A2o":{"weight":1.0,"played":[1.0,0.0,0.0],"evs":[0.0,-1.2456,-1.24043]},"32s":{"weight":1.0,"played":[1.0,0.0,0.0],"evs":[0.0,-1.68368,-1.78612]},"33":{"weight":1.0,"played":[1.0,0.0,0.0],"evs":[0.0,-0.75811,-0.7331]},"43o":{"weight":1.0,"played":[1.0,0.0,0.0],"evs":[0.0,-1.91878,-2.03839]},"53o":{"weight":1.0,"played":[1.0,0.0,0.0],"evs":[0.0,-1.84489,-1.96351]},"63o":{"weight":1.0,"played":[1.0,0.0,0.0],"evs":[0.0,-1.95526,-2.07316]},"73o":{"weight":1.0,"played":[1.0,0.0,0.0],"evs":[0.0,-2.04783,-2.17128]},"83o":{"weight":1.0,"played":[1.0,0.0,0.0],"evs":[0.0,-2.15713,-2.28041]},"93o":{"weight":1.0,"played":[1.0,0.0,0.0],"evs":[0.0,-2.06887,-2.17554]},"T3o":{"weight":1.0,"played":[1.0,0.0,0.0],"evs":[0.0,-2.00919,-2.09663]},"J3o":{"weight":1.0,"played":[1.0,0.0,0.0],"evs":[0.0,-1.94707,-2.02653]},"Q3o":{"weight":1.0,"played":[1.0,0.0,0.0],"evs":[0.0,-1.84785,-1.90261]},"K3o":{"weight":1.0,"played":[1.0,0.0,0.0],"evs":[0.0,-1.69528,-1.71126]},"A3o":{"weight":1.0,"played":[1.0,0.0,0.0],"evs":[0.0,-1.19946,-1.19196]},"42s":{"weight":1.0,"played":[1.0,0.0,0.0],"evs":[0.0,-1.6267,-1.72825]},"43s":{"weight":1.0,"played":[1.0,0.0,0.0],"evs":[0.0,-1.47567,-1.57071]},"44":{"weight":1.0,"played":[1.0,0.0,0.0],"evs":[0.0,-0.61318,-0.60081]},"54o":{"weight":1.0,"played":[1.0,0.0,0.0],"evs":[0.0,-1.66742,-1.77432]},"64o":{"weight":1.0,"played":[1.0,0.0,0.0],"evs":[0.0,-1.76424,-1.87767]},"74o":{"weight":1.0,"played":[1.0,0.0,0.0],"evs":[0.0,-1.86409,-1.97578]},"84o":{"weight":1.0,"played":[1.0,0.0,0.0],"evs":[0.0,-1.98087,-2.08836]},"94o":{"weight":1.0,"played":[1.0,0.0,0.0],"evs":[0.0,-2.0425,-2.15052]},"T4o":{"weight":1.0,"played":[1.0,0.0,0.0],"evs":[0.0,-1.94632,-2.03289]},"J4o":{"weight":1.0,"played":[1.0,0.0,0.0],"evs":[0.0,-1.89148,-1.96618]},"Q4o":{"weight":1.0,"played":[1.0,0.0,0.0],"evs":[0.0,-1.79202,-1.84169]},"K4o":{"weight":1.0,"played":[1.0,0.0,0.0],"evs":[0.0,-1.64132,-1.65731]},"A4o":{"weight":1.0,"played":[1.0,0.0,0.0],"evs":[0.0,-1.12762,-1.12484]},"52s":{"weight":1.0,"played":[1.0,0.0,0.0],"evs":[0.0,-1.56718,-1.67203]},"53s":{"weight":1.0,"played":[1.0,0.0,0.0],"evs":[0.0,-1.39302,-1.48439]},"54s":{"weight":1.0,"played":[1.0,0.0,0.0],"evs":[0.0,-1.23058,-1.31278]},"55":{"weight":1.0,"played":[1.0,0.0,0.0],"evs":[0.0,-0.3925,-0.39905]},"65o":{"weight":1.0,"played":[1.0,0.0,0.0],"evs":[0.0,-1.5861,-1.68671]},"75o":{"weight":1.0,"played":[1.0,0.0,0.0],"evs":[0.0,-1.66985,-1.77273]},"85o":{"weight":1.0,"played":[1.0,0.0,0.0],"evs":[0.0,-1.78741,-1.88106]},"95o":{"weight":1.0,"played":[1.0,0.0,0.0],"evs":[0.0,-1.863,-1.95808]},"T5o":{"weight":1.0,"played":[1.0,0.0,0.0],"evs":[0.0,-1.92609,-2.01418]},"J5o":{"weight":1.0,"played":[1.0,0.0,0.0],"evs":[0.0,-1.82347,-1.8967]},"Q5o":{"weight":1.0,"played":[1.0,0.0,0.0],"evs":[0.0,-1.71403,-1.76574]},"K5o":{"weight":1.0,"played":[1.0,0.0,0.0],"evs":[0.0,-1.56473,-1.58573]},"A5o":{"weight":1.0,"played":[1.0,0.0,0.0],"evs":[0.0,-1.03244,-1.03392]},"62s":{"weight":1.0,"played":[1.0,0.0,0.0],"evs":[0.0,-1.6654,-1.7624]},"63s":{"weight":1.0,"played":[1.0,0.0,0.0],"evs":[0.0,-1.50153,-1.58776]},"64s":{"weight":1.0,"played":[1.0,0.0,0.0],"evs":[0.0,-1.32906,-1.41307]},"65s":{"weight":1.0,"played":[1.0,0.0,0.0],"evs":[0.0,-1.13372,-1.21412]},"66":{"weight":1.0,"played":[1.0,0.0,0.0],"evs":[0.0,-0.14448,-0.13562]},"76o":{"weight":1.0,"played":[1.0,0.0,0.0],"evs":[0.0,-1.4902,-1.57765]},"86o":{"weight":1.0,"played":[1.0,0.0,0.0],"evs":[0.0,-1.60151,-1.68462]},"96o":{"weight":1.0,"played":[1.0,0.0,0.0],"evs":[0.0,-1.67007,-1.7507]},"T6o":{"weight":1.0,"played":[1.0,0.0,0.0],"evs":[0.0,-1.73089,-1.79983]},"J6o":{"weight":1.0,"played":[1.0,0.0,0.0],"evs":[0.0,-1.79254,-1.86243]},"Q6o":{"weight":1.0,"played":[1.0,0.0,0.0],"evs":[0.0,-1.66823,-1.70864]},"K6o":{"weight":1.0,"played":[1.0,0.0,0.0],"evs":[0.0,-1.49938,-1.51332]},"A6o":{"weight":1.0,"played":[1.0,0.0,0.0],"evs":[0.0,-1.12185,-1.11489]},"72s":{"weight":1.0,"played":[1.0,0.0,0.0],"evs":[0.0,-1.74456,-1.84645]},"73s":{"weight":1.0,"played":[1.0,0.0,0.0],"evs":[0.0,-1.59294,-1.67952]},"74s":{"weight":1.0,"played":[1.0,0.0,0.0],"evs":[0.0,-1.41046,-1.49203]},"75s":{"weight":1.0,"played":[1.0,0.0,0.0],"evs":[0.0,-1.23487,-1.31425]},"76s":{"weight":1.0,"played":[1.0,0.0,0.0],"evs":[0.0,-1.06046,-1.12913]},"77":{"weight":1.0,"played":[0.0,0.0064,0.9936],"evs":[0.0,0.12132,0.14184]},"87o":{"weight":1.0,"played":[1.0,0.0,0.0],"evs":[0.0,-1.44346,-1.51476]},"97o":{"weight":1.0,"played":[1.0,0.0,0.0],"evs":[0.0,-1.4867,-1.55922]},"T7o":{"weight":1.0,"played":[1.0,0.0,0.0],"evs":[0.0,-1.5498,-1.61074]},"J7o":{"weight":1.0,"played":[1.0,0.0,0.0],"evs":[0.0,-1.61401,-1.67272]},"Q7o":{"weight":1.0,"played":[1.0,0.0,0.0],"evs":[0.0,-1.62781,-1.66578]},"K7o":{"weight":1.0,"played":[1.0,0.0,0.0],"evs":[0.0,-1.44848,-1.45682]},"A7o":{"weight":1.0,"played":[1.0,0.0,0.0],"evs":[0.0,-0.98354,-0.9779]},"82s":{"weight":1.0,"played":[1.0,0.0,0.0],"evs":[0.0,-1.71343,-1.80188]},"83s":{"weight":1.0,"played":[1.0,0.0,0.0],"evs":[0.0,-1.69317,-1.77972]},"84s":{"weight":1.0,"played":[1.0,0.0,0.0],"evs":[0.0,-1.53081,-1.61023]},"85s":{"weight":1.0,"played":[1.0,0.0,0.0],"evs":[0.0,-1.32451,-1.3976]},"86s":{"weight":1.0,"played":[1.0,0.0,0.0],"evs":[0.0,-1.15333,-1.217]},"87s":{"weight":1.0,"played":[1.0,0.0,0.0],"evs":[0.0,-1.01521,-1.07207]},"88":{"weight":1.0,"played":[0.0,0.0123,0.9877],"evs":[0.0,0.44029,0.4582]},"98o":{"weight":1.0,"played":[1.0,0.0,0.0],"evs":[0.0,-1.37081,-1.43218]},"T8o":{"weight":1.0,"played":[1.0,0.0,0.0],"evs":[0.0,-1.38661,-1.4412]},"J8o":{"weight":1.0,"played":[1.0,0.0,0.0],"evs":[0.0,-1.47239,-1.52309]},"Q8o":{"weight":1.0,"played":[1.0,0.0,0.0],"evs":[0.0,-1.49954,-1.5283]},"K8o":{"weight":1.0,"played":[1.0,0.0,0.0],"evs":[0.0,-1.45664,-1.46566]},"A8o":{"weight":1.0,"played":[1.0,0.0,0.0],"evs":[0.0,-0.81385,-0.80207]},"92s":{"weight":1.0,"played":[1.0,0.0,0.0],"evs":[0.0,-1.64775,-1.72892]},"93s":{"weight":1.0,"played":[1.0,0.0,0.0],"evs":[0.0,-1.60574,-1.68398]},"94s":{"weight":1.0,"played":[1.0,0.0,0.0],"evs":[0.0,-1.5843,-1.66414]},"95s":{"weight":1.0,"played":[1.0,0.0,0.0],"evs":[0.0,-1.4097,-1.48178]},"96s":{"weight":1.0,"played":[1.0,0.0,0.0],"evs":[0.0,-1.20459,-1.27186]},"97s":{"weight":1.0,"played":[1.0,0.0,0.0],"evs":[0.0,-1.04863,-1.10812]},"98s":{"weight":1.0,"played":[1.0,0.0,0.0],"evs":[0.0,-0.94331,-0.99009]},"99":{"weight":1.0,"played":[0.0,0.0011,0.9989],"evs":[0.0,0.86753,0.88643]},"T9o":{"weight":1.0,"played":[1.0,0.0,0.0],"evs":[0.0,-1.18904,-1.24172]},"J9o":{"weight":1.0,"played":[1.0,0.0,0.0],"evs":[0.0,-1.26761,-1.30577]},"Q9o":{"weight":1.0,"played":[1.0,0.0,0.0],"evs":[0.0,-1.28877,-1.30392]},"K9o":{"weight":1.0,"played":[1.0,0.0,0.0],"evs":[0.0,-1.23403,-1.23213]},"A9o":{"weight":1.0,"played":[1.0,0.0,0.0],"evs":[0.0,-0.51941,-0.49608]},"T2s":{"weight":1.0,"played":[1.0,0.0,0.0],