{"player":1,"street":0,"children":3,"sequence":[{"player":0,"type":"F","amount":0,"street":0}],"actions":[{"type":"F","amount":0},{"type":"C","amount":2500000},{"type":"R","amount":27750000,"node":2}],"hands":{"22":{"weight":1.0,"played":[0.0,0.0,1.0],"evs":[0.0,0.99098,1.46208]},"32o":{"weight":1.0,"played":[1.0,0.0,0.0],"evs":[0.0,-0.08993,-0.1247]},"42o":{"weight":1.0,"played":[1.0,0.0,0.0],"evs":[0.0,-0.04894,-0.0641]},"52o":{"weight":1.0,"played":[0.4943,0.0017,0.504],"evs":[0.0,-0.01064,4.5E-4]},"62o":{"weight":1.0,"played":[1.0,0.0,0.0],"evs":[0.0,-0.03941,-0.10021]},"72o":{"weight":1.0,"played":[1.0,0.0,0.0],"evs":[0.0,-0.07578,-0.15771]},"82o":{"weight":1.0,"played":[1.0,0.0,0.0],"evs":[0.0,-0.02674,-0.0798]},"92o":{"weight":1.0,"played":[0.9996,3.0E-4,2.0E-4],"evs":[0.0,-0.00667,-0.0172]},"T2o":{"weight":1.0,"played":[0.0,0.0026,0.9974],"evs":[0.0,0.07015,0.07732]},"J2o":{"weight":1.0,"played":[0.0,0.0,1.0],"evs":[0.0,0.22309,0.24396]},"Q2o":{"weight":1.0,"played":[0.0,0.0,1.0],"evs":[0.0,0.3902,0.58323]},"K2o":{"weight":1.0,"played":[0.0,0.0,1.0],"evs":[0.0,0.78065,1.06621]},"A2o":{"weight":1.0,"played":[0.0,0.0,1.0],"evs":[0.0,1.33879,1.72336]},"32s":{"weight":1.0,"played":[0.0,0.0,1.0],"evs":[0.0,0.05993,0.21652]},"33":{"weight":1.0,"played":[0.0,0.0,1.0],"evs":[0.0,1.21124,1.65738]},"43o":{"weight":1.0,"played":[0.0,0.0,1.0],"evs":[0.0,0.02046,0.08166]},"53o":{"weight":1.0,"played":[0.0,0.0,1.0],"evs":[0.0,0.06335,0.14972]},"63o":{"weight":1.0,"played":[0.0,1.0E-4,0.9999],"evs":[0.0,0.03418,0.05554]},"73o":{"weight":1.0,"played":[0.2562,0.0041,0.7398],"evs":[0.0,-0.00228,-4.5E-4]},"83o":{"weight":1.0,"played":[0.9989,0.0011,0.0],"evs":[0.0,-0.00766,-0.05468]},"93o":{"weight":1.0,"played":[0.0,1.0E-4,0.9999],"evs":[0.0,0.02335,0.03173]},"T3o":{"weight":1.0,"played":[0.0,0.0,1.0],"evs":[0.0,0.1034,0.12876]},"J3o":{"weight":1.0,"played":[0.0,0.0,1.0],"evs":[0.0,0.25072,0.29421]},"Q3o":{"weight":1.0,"played":[0.0,0.0,1.0],"evs":[0.0,0.46522,0.64972]},"K3o":{"weight":1.0,"played":[0.0,0.0,1.0],"evs":[0.0,0.85828,1.1441]},"A3o":{"weight":1.0,"played":[0.0,0.0,1.0],"evs":[0.0,1.41119,1.79151]},"42s":{"weight":1.0,"played":[0.0,0.0,1.0],"evs":[0.0,0.10137,0.27941]},"43s":{"weight":1.0,"played":[0.0,0.0,1.0],"evs":[0.0,0.16588,0.41314]},"44":{"weight":1.0,"played":[0.0,0.0,1.0],"evs":[0.0,1.45345,1.86575]},"54o":{"weight":1.0,"played":[0.0,0.0,1.0],"evs":[0.0,0.1428,0.30244]},"64o":{"weight":1.0,"played":[0.0,0.0,1.0],"evs":[0.0,0.12202,0.21529]},"74o":{"weight":1.0,"played":[0.0,0.0,1.0],"evs":[0.0,0.08976,0.15872]},"84o":{"weight":1.0,"played":[0.0,1.0E-4,0.9999],"evs":[0.0,0.08377,0.10298]},"94o":{"weight":1.0,"played":[0.0,0.0029,0.9971],"evs":[0.0,0.06331,0.06751]},"T4o":{"weight":1.0,"played":[0.0,0.0,1.0],"evs":[0.0,0.15053,0.18251]},"J4o":{"weight":1.0,"played":[0.0,0.0,1.0],"evs":[0.0,0.29531,0.35453]},"Q4o":{"weight":1.0,"played":[0.0,0.0,1.0],"evs":[0.0,0.52569,0.71008]},"K4o":{"weight":1.0,"played":[0.0,0.0,1.0],"evs":[0.0,0.92283,1.19719]},"A4o":{"weight":1.0,"played":[0.0,0.0,1.0],"evs":[0.0,1.493,1.85251]},"52s":{"weight":1.0,"played":[0.0,0.0,1.0],"evs":[0.0,0.13706,0.33066]},"53s":{"weight":1.0,"played":[0.0,0.0,1.0],"evs":[0.0,0.21185,0.46897]},"54s":{"weight":1.0,"played":[0.0,0.0,1.0],"evs":[0.0,0.36173,0.62153]},"55":{"weight":1.0,"played":[0.0,0.0,1.0],"evs":[0.0,1.72322,2.06323]},"65o":{"weight":1.0,"played":[0.0,0.0,1.0],"evs":[0.0,0.20646,0.36736]},"75o":{"weight":1.0,"played":[0.0,0.0,1.0],"evs":[0.0,0.18226,0.30679]},"85o":{"weight":1.0,"played":[0.0,0.0,1.0],"evs":[0.0,0.17744,0.25822]},"95o":{"weight":1.0,"played":[0.0,0.0,1.0],"evs":[0.0,0.15491,0.22259]},"T5o":{"weight":1.0,"played":[0.0,0.0,1.0],"evs":[0.0,0.19649,0.21999]},"J5o":{"weight":1.0,"played":[0.0,0.0,1.0],"evs":[0.0,0.34006,0.41743]},"Q5o":{"weight":1.0,"played":[0.0,0.0,1.0],"evs":[0.0,0.62967,0.78243]},"K5o":{"weight":1.0,"played":[0.0,0.0,1.0],"evs":[0.0,1.02648,1.27235]},"A5o":{"weight":1.0,"played":[0.0,0.0,1.0],"evs":[0.0,1.59247,1.92095]},"62s":{"weight":1.0,"played":[0.0,0.0,1.0],"evs":[0.0,0.11424,0.24502]},"63s":{"weight":1.0,"played":[0.0,0.0,1.0],"evs":[0.0,0.18169,0.38087]},"64s":{"weight":1.0,"played":[0.0,0.0,1.0],"evs":[0.0,0.32113,0.52997]},"65s":{"weight":1.0,"played":[0.0,0.0,1.0],"evs":[0.0,0.47786,0.67142]},"66":{"weight":1.0,"played":[0.0,0.0,1.0],"evs":[0.0,1.98936,2.24866]},"76o":{"weight":1.0,"played":[0.0,0.0,1.0],"evs":[0.0,0.31321,0.4401]},"86o":{"weight":1.0,"played":[0.0,0.0,1.0],"evs":[0.0,0.28976,0.39293]},"96o":{"weight":1.0,"played":[0.0,0.0,1.0],"evs":[0.0,0.26711,0.35199]},"T6o":{"weight":1.0,"played":[0.0,0.0,1.0],"evs":[0.0,0.28811,0.35744]},"J6o":{"weight":1.0,"played":[0.0,0.0,1.0],"evs":[0.0,0.37318,0.46413]},"Q6o":{"weight":1.0,"played":[0.0,0.0,1.0],"evs":[0.0,0.72061,0.87989]},"K6o":{"weight":1.0,"played":[0.0,0.0,1.0],"evs":[0.0,1.11424,1.37822]},"A6o":{"weight":1.0,"played":[0.0,0.0,1.0],"evs":[0.0,1.58451,1.94687]},"72s":{"weight":1.0,"played":[0.0,0.0,1.0],"evs":[0.0,0.0814,0.19001]},"73s":{"weight":1.0,"played":[0.0,0.0,1.0],"evs":[0.0,0.14979,0.33165]},"74s":{"weight":1.0,"played":[0.0,0.0,1.0],"evs":[0.0,0.30221,0.48219]},"75s":{"weight":1.0,"played":[0.0,0.0,1.0],"evs":[0.0,0.46089,0.61765]},"76s":{"weight":1.0,"played":[0.0,0.0,1.0],"evs":[0.0,0.6264,0.74876]},"77":{"weight":1.0,"played":[0.0,0.0,1.0],"evs":[0.0,2.28292,2.46287]},"87o":{"weight":1.0,"played":[0.0,0.0,1.0],"evs":[0.0,0.45688,0.52109]},"97o":{"weight":1.0,"played":[0.0,0.0,1.0],"evs":[0.0,0.45221,0.49461]},"T7o":{"weight":1.0,"played":[0.0,0.0,1.0],"evs":[0.0,0.46805,0.51029]},"J7o":{"weight":1.0,"played":[0.0,0.0,1.0],"evs":[0.0,0.56826,0.63872]},"Q7o":{"weight":1.0,"played":[0.0,0.0,1.0],"evs":[0.0,0.79989,0.96984]},"K7o":{"weight":1.0,"played":[0.0,0.0,1.0],"evs":[0.0,1.20398,1.49149]},"A7o":{"weight":1.0,"played":[0.0,0.0,1.0],"evs":[0.0,1.69605,2.07915]},"82s":{"weight":1.0,"played":[0.0,0.0,1.0],"evs":[0.0,0.12928,0.25996]},"83s":{"weight":1.0,"played":[0.0,0.0,1.0],"evs":[0.0,0.14677,0.28868]},"84s":{"weight":1.0,"played":[0.0,0.0,1.0],"evs":[0.0,0.2719,0.43856]},"85s":{"weight":1.0,"played":[0.0,0.0,1.0],"evs":[0.0,0.4374,0.57613]},"86s":{"weight":1.0,"played":[0.0,0.0,1.0],"evs":[0.0,0.5985,0.69356]},"87s":{"weight":1.0,"played":[0.0,0.0,1.0],"evs":[0.0,0.7618,0.81376]},"88":{"weight":1.0,"played":[0.0,0.0,1.0],"evs":[0.0,2.55645,2.7036]},"98o":{"weight":1.0,"played":[0.0,0.0,1.0],"evs":[0.0,0.61952,0.64192]},"T8o":{"weight":1.0,"played":[0.0,0.0,1.0],"evs":[0.0,0.65098,0.68631]},"J8o":{"weight":1.0,"played":[0.0,0.0,1.0],"evs":[0.0,0.76556,0.84259]},"Q8o":{"weight":1.0,"played":[0.0,0.0,1.0],"evs":[0.0,1.01788,1.18654]},"K8o":{"weight":1.0,"played":[0.0,0.0,1.0],"evs":[0.0,1.30563,1.61383]},"A8o":{"weight":1.0,"played":[0.0,0.0,1.0],"evs":[0.0,1.81536,2.21943]},"92s":{"weight":1.0,"played":[0.0,0.0,1.0],"evs":[0.0,0.15644,0.31641]},"93s":{"weight":1.0,"played":[0.0,0.0,1.0],"evs":[0.0,0.2187,0.37067]},"94s":{"weight":1.0,"played":[0.0,0.0,1.0],"evs":[0.0,0.25162,0.40192]},"95s":{"weight":1.0,"played":[0.0,0.0,1.0],"evs":[0.0,0.41976,0.54203]},"96s":{"weight":1.0,"played":[0.0,0.0,1.0],"evs":[0.0,0.59547,0.66874]},"97s":{"weight":1.0,"played":[0.0,1.0E-4,0.9999],"evs":[0.0,0.77132,0.7999]},"98s":{"weight":1.0,"played":[0.0,0.0017,0.9983],"evs":[0.0,0.92273,0.9286]},"99":{"weight":1.0,"played":[0.0,0.0,1.0],"evs":[0.0,2.8733,2.96924]},"T9o":{"weight":1.0,"played":[0.0,0.0,1.0],"evs":[0.0,0.84485,0.88314]},"J9o":{"weight":1.0,"played":[0.0,0.0,1.0],"evs":[0.0,0.96975,1.04627]},"Q9o":{"weight":1.0,"played":[0.0,0.0,1.0],"evs":[0.0,1.2323,1.38716]},"K9o":{"weight":1.0,"played":[0.0,0.0,1.0],"evs":[0.0,1.51353,1.82169]},"A9o":{"weight":1.0,"played":[0.0,0.0,1.0],"evs":[0.0,1.91493,2.34583]},"T2s":{"weight":1.0,"played":[0.0,0.0,1.0],"evs":[0.0,0.25459,0.40759]},"T3s":{"weight":1.0,"played":[0.0,0.0,1.0],"evs":[0.0,0.32059,0.45973]},"T4s":{"weight":1.0,"played":[0.0,0.0,1.0],"evs":[0.0,0.37463,0.50155]},"T5s":{"weight":1.0,