{"player":2,"street":0,"children":3,"sequence":[{"player":0,"type":"R","amount":24250000,"street":0},{"player":1,"type":"C","amount":21750000,"street":0}],"actions":[{"type":"F","amount":0},{"type":"C","amount":19250000},{"type":"R","amount":27750000,"node":6}],"hands":{"22":{"weight":1.0,"played":[0.0,2.0E-4,0.9997],"evs":[0.0,0.06077,0.06153]},"32o":{"weight":1.0,"played":[1.0,0.0,0.0],"evs":[0.0,-2.02871,-2.03645]},"42o":{"weight":1.0,"played":[1.0,0.0,0.0],"evs":[0.0,-1.80502,-1.81014]},"52o":{"weight":1.0,"played":[1.0,0.0,0.0],"evs":[0.0,-1.62497,-1.62801]},"62o":{"weight":1.0,"played":[1.0,0.0,0.0],"evs":[0.0,-1.7884,-1.79039]},"72o":{"weight":1.0,"played":[1.0,0.0,0.0],"evs":[0.0,-1.9613,-1.9594]},"82o":{"weight":1.0,"played":[1.0,0.0,0.0],"evs":[0.0,-1.80869,-1.80895]},"92o":{"weight":1.0,"played":[1.0,0.0,0.0],"evs":[0.0,-1.77652,-1.77851]},"T2o":{"weight":1.0,"played":[1.0,0.0,0.0],"evs":[0.0,-1.7046,-1.70446]},"J2o":{"weight":1.0,"played":[1.0,0.0,0.0],"evs":[0.0,-1.51522,-1.51498]},"Q2o":{"weight":1.0,"played":[1.0,0.0,0.0],"evs":[0.0,-1.41987,-1.41916]},"K2o":{"weight":1.0,"played":[1.0,0.0,0.0],"evs":[0.0,-1.24536,-1.24447]},"A2o":{"weight":1.0,"played":[1.0,0.0,0.0],"evs":[0.0,-0.7391,-0.73833]},"32s":{"weight":1.0,"played":[1.0,0.0,0.0],"evs":[0.0,-1.13656,-1.14038]},"33":{"weight":1.0,"played":[0.0,0.0,1.0],"evs":[0.0,0.59599,0.59711]},"43o":{"weight":1.0,"played":[1.0,0.0,0.0],"evs":[0.0,-1.39221,-1.39305]},"53o":{"weight":1.0,"played":[1.0,0.0,0.0],"evs":[0.0,-1.18986,-1.19097]},"63o":{"weight":1.0,"played":[1.0,0.0,0.0],"evs":[0.0,-1.33273,-1.3343]},"73o":{"weight":1.0,"played":[1.0,0.0,0.0],"evs":[0.0,-1.53188,-1.53185]},"83o":{"weight":1.0,"played":[1.0,0.0,0.0],"evs":[0.0,-1.72664,-1.72674]},"93o":{"weight":1.0,"played":[1.0,0.0,0.0],"evs":[0.0,-1.63373,-1.63488]},"T3o":{"weight":1.0,"played":[1.0,0.0,0.0],"evs":[0.0,-1.53412,-1.53332]},"J3o":{"weight":1.0,"played":[1.0,0.0,0.0],"evs":[0.0,-1.3346,-1.33378]},"Q3o":{"weight":1.0,"played":[1.0,0.0,0.0],"evs":[0.0,-1.25029,-1.24945]},"K3o":{"weight":1.0,"played":[1.0,0.0,0.0],"evs":[0.0,-1.054,-1.05319]},"A3o":{"weight":1.0,"played":[0.9997,1.0E-4,2.0E-4],"evs":[0.0,-0.52467,-0.5235]},"42s":{"weight":1.0,"played":[1.0,0.0,0.0],"evs":[0.0,-0.96546,-0.97015]},"43s":{"weight":1.0,"played":[1.0,0.0,0.0],"evs":[0.0,-0.56533,-0.5662]},"44":{"weight":1.0,"played":[0.0,0.0,1.0],"evs":[0.0,1.21873,1.21982]},"54o":{"weight":1.0,"played":[1.0,0.0,0.0],"evs":[0.0,-0.74196,-0.73266]},"64o":{"weight":1.0,"played":[1.0,0.0,0.0],"evs":[0.0,-0.86882,-0.87041]},"74o":{"weight":1.0,"played":[1.0,0.0,0.0],"evs":[0.0,-1.07689,-1.0775]},"84o":{"weight":1.0,"played":[1.0,0.0,0.0],"evs":[0.0,-1.24163,-1.24092]},"94o":{"weight":1.0,"played":[1.0,0.0,0.0],"evs":[0.0,-1.45762,-1.45916]},"T4o":{"weight":1.0,"played":[1.0,0.0,0.0],"evs":[0.0,-1.28242,-1.28173]},"J4o":{"weight":1.0,"played":[1.0,0.0,0.0],"evs":[0.0,-1.08847,-1.08772]},"Q4o":{"weight":1.0,"played":[1.0,0.0,0.0],"evs":[0.0,-0.96289,-0.96209]},"K4o":{"weight":1.0,"played":[1.0,0.0,0.0],"evs":[0.0,-0.84788,-0.84714]},"A4o":{"weight":1.0,"played":[0.9809,0.0083,0.0108],"evs":[0.0,-0.27495,-0.27441]},"52s":{"weight":1.0,"played":[1.0,0.0,0.0],"evs":[0.0,-0.78646,-0.78987]},"53s":{"weight":1.0,"played":[0.998,0.0011,9.0E-4],"evs":[0.0,-0.38158,-0.38228]},"54s":{"weight":1.0,"played":[0.0158,0.0305,0.9537],"evs":[0.0,0.05184,0.05542]},"55":{"weight":1.0,"played":[0.0,0.0,1.0],"evs":[0.0,1.72487,1.7255]},"65o":{"weight":1.0,"played":[1.0,0.0,0.0],"evs":[0.0,-0.46737,-0.46302]},"75o":{"weight":1.0,"played":[1.0,0.0,0.0],"evs":[0.0,-0.63105,-0.63063]},"85o":{"weight":1.0,"played":[1.0,0.0,0.0],"evs":[0.0,-0.79751,-0.79666]},"95o":{"weight":1.0,"played":[1.0,0.0,0.0],"evs":[0.0,-1.01848,-1.02093]},"T5o":{"weight":1.0,"played":[1.0,0.0,0.0],"evs":[0.0,-1.14521,-1.14451]},"J5o":{"weight":1.0,"played":[1.0,0.0,0.0],"evs":[0.0,-0.96584,-0.96502]},"Q5o":{"weight":1.0,"played":[1.0,0.0,0.0],"evs":[0.0,-0.85872,-0.85767]},"K5o":{"weight":1.0,"played":[1.0,0.0,0.0],"evs":[0.0,-0.66256,-0.66162]},"A5o":{"weight":1.0,"played":[0.1505,0.2757,0.5738],"evs":[0.0,8.0E-5,5.0E-4]},"62s":{"weight":1.0,"played":[1.0,0.0,0.0],"evs":[0.0,-0.93867,-0.942]},"63s":{"weight":1.0,"played":[0.9997,2.0E-4,2.0E-4],"evs":[0.0,-0.49625,-0.49803]},"64s":{"weight":1.0,"played":[0.3886,0.3956,0.2159],"evs":[0.0,-0.07533,-0.07644]},"65s":{"weight":1.0,"played":[0.0,0.645,0.355],"evs":[0.0,0.31946,0.32117]},"66":{"weight":1.0,"played":[0.0,0.0,1.0],"evs":[0.0,2.29679,2.29894]},"76o":{"weight":1.0,"played":[1.0,0.0,0.0],"evs":[0.0,-0.23604,-0.23429]},"86o":{"weight":1.0,"played":[1.0,0.0,0.0],"evs":[0.0,-0.40548,-0.40286]},"96o":{"weight":1.0,"played":[1.0,0.0,0.0],"evs":[0.0,-0.59404,-0.59363]},"T6o":{"weight":1.0,"played":[1.0,0.0,0.0],"evs":[0.0,-0.73896,-0.73829]},"J6o":{"weight":1.0,"played":[1.0,0.0,0.0],"evs":[0.0,-0.81713,-0.81665]},"Q6o":{"weight":1.0,"played":[1.0,0.0,0.0],"evs":[0.0,-0.63428,-0.63374]},"K6o":{"weight":1.0,"played":[1.0,0.0,0.0],"evs":[0.0,-0.4485,-0.44772]},"A6o":{"weight":1.0,"played":[0.2807,0.1643,0.555],"evs":[0.0,-0.03302,-0.03242]},"72s":{"weight":1.0,"played":[1.0,0.0,0.0],"evs":[0.0,-1.05129,-1.05014]},"73s":{"weight":1.0,"played":[1.0,0.0,0.0],"evs":[0.0,-0.64502,-0.64341]},"74s":{"weight":1.0,"played":[0.9981,9.0E-4,0.001],"evs":[0.0,-0.20475,-0.20508]},"75s":{"weight":1.0,"played":[2.0E-4,0.4512,0.5486],"evs":[0.0,0.17589,0.17753]},"76s":{"weight":1.0,"played":[0.0,0.1924,0.8076],"evs":[0.0,0.5302,0.53189]},"77":{"weight":1.0,"played":[0.0,0.0,1.0],"evs":[0.0,2.77725,2.77879]},"87o":{"weight":1.0,"played":[0.8638,0.0044,0.1318],"evs":[0.0,-0.08147,-0.07918]},"97o":{"weight":1.0,"played":[1.0,0.0,0.0],"evs":[0.0,-0.24939,-0.24807]},"T7o":{"weight":1.0,"played":[1.0,0.0,0.0],"evs":[0.0,-0.39245,-0.392]},"J7o":{"weight":1.0,"played":[1.0,0.0,0.0],"evs":[0.0,-0.45162,-0.45111]},"Q7o":{"weight":1.0,"played":[1.0,0.0,0.0],"evs":[0.0,-0.56329,-0.56261]},"K7o":{"weight":1.0,"played":[1.0,0.0,0.0],"evs":[0.0,-0.31843,-0.31769]},"A7o":{"weight":1.0,"played":[0.0,0.0,1.0],"evs":[0.0,0.32903,0.32977]},"82s":{"weight":1.0,"played":[1.0,0.0,0.0],"evs":[0.0,-0.93221,-0.93406]},"83s":{"weight":1.0,"played":[1.0,0.0,0.0],"evs":[0.0,-0.81872,-0.81875]},"84s":{"weight":1.0,"played":[0.9998,1.0E-4,2.0E-4],"evs":[0.0,-0.44764,-0.44774]},"85s":{"weight":1.0,"played":[0.3946,0.5737,0.0317],"evs":[0.0,0.01088,0.01053]},"86s":{"weight":1.0,"played":[0.0,0.3732,0.6268],"evs":[0.0,0.40913,0.41002]},"87s":{"weight":1.0,"played":[0.0,0.9387,0.0613],"evs":[0.0,0.70426,0.70317]},"88":{"weight":1.0,"played":[0.0,0.0,1.0],"evs":[0.0,3.44222,3.44418]},"98o":{"weight":1.0,"played":[0.7866,0.09,0.1234],"evs":[0.0,0.01888,0.02011]},"T8o":{"weight":1.0,"played":[0.9896,0.0017,0.0087],"evs":[0.0,-0.03671,-0.03544]},"J8o":{"weight":1.0,"played":[0.9999,0.0,0.0],"evs":[0.0,-0.15956,-0.15857]},"Q8o":{"weight":1.0,"played":[1.0,0.0,0.0],"evs":[0.0,-0.25507,-0.25484]},"K8o":{"weight":1.0,"played":[1.0,0.0,0.0],"evs":[0.0,-0.22992,-0.22905]},"A8o":{"weight":1.0,"played":[0.0,3.0E-4,0.9997],"evs":[0.0,0.65378,0.65496]},"92s":{"weight":1.0,"played":[1.0,0.0,0.0],"evs":[0.0,-0.83782,-0.83832]},"93s":{"weight":1.0,"played":[1.0,0.0,0.0],"evs":[0.0,-0.71654,-0.71778]},"94s":{"weight":1.0,"played":[1.0,0.0,0.0],"evs":[0.0,-0.59494,-0.59492]},"95s":{"weight":1.0,"played":[0.9818,0.0087,0.0095],"evs":[0.0,-0.17847,-0.17904]},"96s":{"weight":1.0,"played":[4.0E-4,0.4159,0.5837],"evs":[0.0,0.21705,0.21847]},"97s":{"weight":1.0,"played":[0.0,0.8138,0.1862],"evs":[0.0,0.61107,0.61086]},"98s":{"weight":1.0,"played":[0.0,0.0231,0.9769],"evs":[0.0,0.82201,0.82313]},"99":{"weight":1.0,"played":[0.0,0.0,1.0],"evs":[0.0,4.13324,4.13473]},"T9o":{"weight":1.0,"played":[0.382,0.1303,0.4877],"evs":[0.0,0.25556,0.2566]},"J9o":{"weight":1.0,"played":[0.6173,0.0772,0.3055],"evs":[0.0,0.19931,0.20018]},"Q9o":{"weight":1.0,"played":[0.7971,0.044,0.1589],"evs":[0.0,0.07961,0.08024]},"K9o":{"weight":1.0,