{"equityUnit":"TABLE_EQUITY_PERCENT","conversionFactors":{"toUSD":67.33,"toRegularPrizePercent":1.2615702},"preHandEquity":[11.46173,23.48108,8.6157,15.32835,32.49744,8.6157],"bubbleFactors":[[-1.0,2.008,0.374,1.797,2.065,0.429],[0.596,-1.0,0.229,0.998,2.009,0.27],[1.353,1.577,-1.0,1.497,1.592,0.53],[0.697,2.122,0.287,-1.0,2.251,0.334],[0.654,0.994,0.273,0.977,-1.0,0.318],[1.353,1.577,0.469,1.497,1.592,-1.0]]}