{"player":2,"street":0,"children":3,"sequence":[{"player":0,"type":"R","amount":200000,"street":0},{"player":1,"type":"C","amount":200000,"street":0}],"actions":[{"type":"F","amount":0,"node":581},{"type":"C","amount":200000,"node":789},{"type":"R","amount":1265000,"node":1009}],"hands":{"22":{"weight":1.0,"played":[1.0,0.0,0.0],"evs":[0.0,-0.2149,-1.68396]},"32o":{"weight":1.0,"played":[1.0,0.0,0.0],"evs":[0.0,-0.79752,-3.67667]},"42o":{"weight":1.0,"played":[1.0,0.0,0.0],"evs":[0.0,-0.77893,-3.51481]},"52o":{"weight":1.0,"played":[1.0,0.0,0.0],"evs":[0.0,-0.75226,-3.27206]},"62o":{"weight":1.0,"played":[1.0,0.0,0.0],"evs":[0.0,-0.84095,-3.50202]},"72o":{"weight":1.0,"played":[1.0,0.0,0.0],"evs":[0.0,-0.88196,-3.69332]},"82o":{"weight":1.0,"played":[1.0,0.0,0.0],"evs":[0.0,-0.86142,-3.59126]},"92o":{"weight":1.0,"played":[1.0,0.0,0.0],"evs":[0.0,-0.87877,-3.65272]},"T2o":{"weight":1.0,"played":[1.0,0.0,0.0],"evs":[0.0,-0.84127,-3.5534]},"J2o":{"weight":1.0,"played":[1.0,0.0,0.0],"evs":[0.0,-0.87786,-3.4402]},"Q2o":{"weight":1.0,"played":[1.0,0.0,0.0],"evs":[0.0,-0.77269,-3.11282]},"K2o":{"weight":1.0,"played":[1.0,0.0,0.0],"evs":[0.0,-0.76506,-2.77576]},"A2o":{"weight":1.0,"played":[1.0,0.0,0.0],"evs":[0.0,-0.67287,-1.8188]},"32s":{"weight":1.0,"played":[1.0,0.0,0.0],"evs":[0.0,-0.59387,-2.84783]},"33":{"weight":1.0,"played":[1.0,0.0,0.0],"evs":[0.0,-0.21621,-1.60282]},"43o":{"weight":1.0,"played":[1.0,0.0,0.0],"evs":[0.0,-0.70683,-3.21971]},"53o":{"weight":1.0,"played":[1.0,0.0,0.0],"evs":[0.0,-0.67332,-2.98325]},"63o":{"weight":1.0,"played":[1.0,0.0,0.0],"evs":[0.0,-0.74307,-3.20344]},"73o":{"weight":1.0,"played":[1.0,0.0,0.0],"evs":[0.0,-0.81325,-3.37814]},"83o":{"weight":1.0,"played":[1.0,0.0,0.0],"evs":[0.0,-0.87023,-3.61262]},"93o":{"weight":1.0,"played":[1.0,0.0,0.0],"evs":[0.0,-0.87538,-3.59227]},"T3o":{"weight":1.0,"played":[1.0,0.0,0.0],"evs":[0.0,-0.84023,-3.52581]},"J3o":{"weight":1.0,"played":[1.0,0.0,0.0],"evs":[0.0,-0.88166,-3.40846]},"Q3o":{"weight":1.0,"played":[1.0,0.0,0.0],"evs":[0.0,-0.79346,-3.08741]},"K3o":{"weight":1.0,"played":[1.0,0.0,0.0],"evs":[0.0,-0.76604,-2.72082]},"A3o":{"weight":1.0,"played":[1.0,0.0,0.0],"evs":[0.0,-0.6615,-1.77317]},"42s":{"weight":1.0,"played":[1.0,0.0,0.0],"evs":[0.0,-0.56634,-2.74507]},"43s":{"weight":1.0,"played":[1.0,0.0,0.0],"evs":[0.0,-0.51327,-2.44025]},"44":{"weight":1.0,"played":[1.0,0.0,0.0],"evs":[0.0,-0.17412,-1.25801]},"54o":{"weight":1.0,"played":[1.0,0.0,0.0],"evs":[0.0,-0.58485,-2.62135]},"64o":{"weight":1.0,"played":[1.0,0.0,0.0],"evs":[0.0,-0.65811,-2.82815]},"74o":{"weight":1.0,"played":[1.0,0.0,0.0],"evs":[0.0,-0.73505,-3.04706]},"84o":{"weight":1.0,"played":[1.0,0.0,0.0],"evs":[0.0,-0.80478,-3.25924]},"94o":{"weight":1.0,"played":[1.0,0.0,0.0],"evs":[0.0,-0.88084,-3.55712]},"T4o":{"weight":1.0,"played":[1.0,0.0,0.0],"evs":[0.0,-0.83869,-3.40419]},"J4o":{"weight":1.0,"played":[1.0,0.0,0.0],"evs":[0.0,-0.87138,-3.28911]},"Q4o":{"weight":1.0,"played":[1.0,0.0,0.0],"evs":[0.0,-0.7814,-2.97375]},"K4o":{"weight":1.0,"played":[1.0,0.0,0.0],"evs":[0.0,-0.75741,-2.59295]},"A4o":{"weight":1.0,"played":[1.0,0.0,0.0],"evs":[0.0,-0.61706,-1.60414]},"52s":{"weight":1.0,"played":[1.0,0.0,0.0],"evs":[0.0,-0.54576,-2.50843]},"53s":{"weight":1.0,"played":[1.0,0.0,0.0],"evs":[0.0,-0.4418,-2.16024]},"54s":{"weight":1.0,"played":[1.0,0.0,0.0],"evs":[0.0,-0.34204,-1.88197]},"55":{"weight":1.0,"played":[1.0,0.0,0.0],"evs":[0.0,-0.06588,-0.62718]},"65o":{"weight":1.0,"played":[1.0,0.0,0.0],"evs":[0.0,-0.55522,-2.3842]},"75o":{"weight":1.0,"played":[1.0,0.0,0.0],"evs":[0.0,-0.62148,-2.58508]},"85o":{"weight":1.0,"played":[1.0,0.0,0.0],"evs":[0.0,-0.69676,-2.78495]},"95o":{"weight":1.0,"played":[1.0,0.0,0.0],"evs":[0.0,-0.79554,-3.10003]},"T5o":{"weight":1.0,"played":[1.0,0.0,0.0],"evs":[0.0,-0.80643,-3.249]},"J5o":{"weight":1.0,"played":[1.0,0.0,0.0],"evs":[0.0,-0.85727,-3.08348]},"Q5o":{"weight":1.0,"played":[1.0,0.0,0.0],"evs":[0.0,-0.74033,-2.71487]},"K5o":{"weight":1.0,"played":[1.0,0.0,0.0],"evs":[0.0,-0.71292,-2.35739]},"A5o":{"weight":1.0,"played":[1.0,0.0,0.0],"evs":[0.0,-0.57553,-1.34586]},"62s":{"weight":1.0,"played":[1.0,0.0,0.0],"evs":[0.0,-0.63658,-2.70948]},"63s":{"weight":1.0,"played":[1.0,0.0,0.0],"evs":[0.0,-0.51927,-2.41448]},"64s":{"weight":1.0,"played":[1.0,0.0,0.0],"evs":[0.0,-0.41483,-2.0234]},"65s":{"weight":1.0,"played":[1.0,0.0,0.0],"evs":[0.0,-0.30465,-1.69338]},"66":{"weight":1.0,"played":[2.0E-4,0.9998,0.0],"evs":[0.0,0.01181,-0.21347]},"76o":{"weight":1.0,"played":[1.0,0.0,0.0],"evs":[0.0,-0.55913,-2.28525]},"86o":{"weight":1.0,"played":[1.0,0.0,0.0],"evs":[0.0,-0.6193,-2.43427]},"96o":{"weight":1.0,"played":[1.0,0.0,0.0],"evs":[0.0,-0.70901,-2.7469]},"T6o":{"weight":1.0,"played":[1.0,0.0,0.0],"evs":[0.0,-0.73214,-2.89697]},"J6o":{"weight":1.0,"played":[1.0,0.0,0.0],"evs":[0.0,-0.8436,-3.02054]},"Q6o":{"weight":1.0,"played":[1.0,0.0,0.0],"evs":[0.0,-0.74214,-2.6335]},"K6o":{"weight":1.0,"played":[1.0,0.0,0.0],"evs":[0.0,-0.70996,-2.26412]},"A6o":{"weight":1.0,"played":[1.0,0.0,0.0],"evs":[0.0,-0.65458,-1.55848]},"72s":{"weight":1.0,"played":[1.0,0.0,0.0],"evs":[0.0,-0.67938,-2.86957]},"73s":{"weight":1.0,"played":[1.0,0.0,0.0],"evs":[0.0,-0.60187,-2.58087]},"74s":{"weight":1.0,"played":[1.0,0.0,0.0],"evs":[0.0,-0.52928,-2.25493]},"75s":{"weight":1.0,"played":[1.0,0.0,0.0],"evs":[0.0,-0.38937,-1.81463]},"76s":{"weight":1.0,"played":[1.0,0.0,0.0],"evs":[0.0,-0.29779,-1.51434]},"77":{"weight":1.0,"played":[0.0,0.7784,0.2216],"evs":[0.0,0.17673,0.16044]},"87o":{"weight":1.0,"played":[1.0,0.0,0.0],"evs":[0.0,-0.53827,-2.19537]},"97o":{"weight":1.0,"played":[1.0,0.0,0.0],"evs":[0.0,-0.60757,-2.46328]},"T7o":{"weight":1.0,"played":[1.0,0.0,0.0],"evs":[0.0,-0.64339,-2.59071]},"J7o":{"weight":1.0,"played":[1.0,0.0,0.0],"evs":[0.0,-0.7582,-2.71344]},"Q7o":{"weight":1.0,"played":[1.0,0.0,0.0],"evs":[0.0,-0.70347,-2.58482]},"K7o":{"weight":1.0,"played":[1.0,0.0,0.0],"evs":[0.0,-0.66942,-2.16473]},"A7o":{"weight":1.0,"played":[1.0,0.0,0.0],"evs":[0.0,-0.6003,-1.37537]},"82s":{"weight":1.0,"played":[1.0,0.0,0.0],"evs":[0.0,-0.68713,-2.79823]},"83s":{"weight":1.0,"played":[1.0,0.0,0.0],"evs":[0.0,-0.6504,-2.81592]},"84s":{"weight":1.0,"played":[1.0,0.0,0.0],"evs":[0.0,-0.58091,-2.44417]},"85s":{"weight":1.0,"played":[1.0,0.0,0.0],"evs":[0.0,-0.48288,-2.01097]},"86s":{"weight":1.0,"played":[1.0,0.0,0.0],"evs":[0.0,-0.37434,-1.71662]},"87s":{"weight":1.0,"played":[1.0,0.0,0.0],"evs":[0.0,-0.26197,-1.41396]},"88":{"weight":1.0,"played":[0.0,0.0059,0.9941],"evs":[0.0,0.44146,0.67692]},"98o":{"weight":1.0,"played":[1.0,0.0,0.0],"evs":[0.0,-0.56431,-2.22676]},"T8o":{"weight":1.0,"played":[1.0,0.0,0.0],"evs":[0.0,-0.5706,-2.32753]},"J8o":{"weight":1.0,"played":[1.0,0.0,0.0],"evs":[0.0,-0.71053,-2.44614]},"Q8o":{"weight":1.0,"played":[1.0,0.0,0.0],"evs":[0.0,-0.6633,-2.36201]},"K8o":{"weight":1.0,"played":[1.0,0.0,0.0],"evs":[0.0,-0.68012,-2.1379]},"A8o":{"weight":1.0,"played":[1.0,0.0,0.0],"evs":[0.0,-0.55167,-1.27223]},"92s":{"weight":1.0,"played":[1.0,0.0,0.0],"evs":[0.0,-0.66856,-2.80813]},"93s":{"weight":1.0,"played":[1.0,0.0,0.0],"evs":[0.0,-0.66352,-2.7886]},"94s":{"weight":1.0,"played":[1.0,0.0,0.0],"evs":[0.0,-0.66333,-2.71703]},"95s":{"weight":1.0,"played":[1.0,0.0,0.0],"evs":[0.0,-0.58568,-2.33319]},"96s":{"weight":1.0,"played":[1.0,0.0,0.0],"evs":[0.0,-0.45856,-1.9786]},"97s":{"weight":1.0,"played":[1.0,0.0,0.0],"evs":[0.0,-0.36836,-1.71371]},"98s":{"weight":1.0,"played":[1.0,0.0,0.0],"evs":[0.0,-0.29656,-1.51391]},"99":{"weight":1.0,"played":[0.0,1.0E-4,0.9999],"evs":[0.0,0.65989,1.20721]},"T9o":{"weight":1.0,"played":[1.0,0.0,0.0],"evs":[0.0,-0.55837,-2.06457]},"J9o":{"weight":1.0,"played":[1.0,0.0,0.0],"evs":[0.0,-0.66998,-2.24395]},"Q9o":{"weight":1.0,"played":[1.0,0.0,0.0],"evs":[0.0,-0.60761,-2.08381]},"K9o":{"weight":1.0,"played":[1.0,0.0,0.0],"evs":[0.0,-0.61976,-1.80372]},"A9o":{"weight":1.0,"played":[1.0,0.0,0.0],"evs":[0.0,-0.41511,-1.02627]},"T2s":{"weight":1.0,