{"player":3,"street":0,"children":2,"sequence":[{"player":0,"type":"R","amount":800000,"street":0},{"player":1,"type":"R","amount":15940000,"street":0},{"player":2,"type":"C","amount":2540000,"street":0}],"actions":[{"type":"F","amount":0,"node":154},{"type":"C","amount":15740000,"node":157}],"hands":{"22":{"weight":1.0,"played":[1.0,0.0],"evs":[0.0,-7.76304]},"32o":{"weight":1.0,"played":[1.0,0.0],"evs":[0.0,-14.66988]},"42o":{"weight":1.0,"played":[1.0,0.0],"evs":[0.0,-14.23839]},"52o":{"weight":1.0,"played":[1.0,0.0],"evs":[0.0,-13.5842]},"62o":{"weight":1.0,"played":[1.0,0.0],"evs":[0.0,-13.97501]},"72o":{"weight":1.0,"played":[1.0,0.0],"evs":[0.0,-15.33207]},"82o":{"weight":1.0,"played":[1.0,0.0],"evs":[0.0,-14.95691]},"92o":{"weight":1.0,"played":[1.0,0.0],"evs":[0.0,-15.67853]},"T2o":{"weight":1.0,"played":[1.0,0.0],"evs":[0.0,-15.79999]},"J2o":{"weight":1.0,"played":[1.0,0.0],"evs":[0.0,-15.07897]},"Q2o":{"weight":1.0,"played":[1.0,0.0],"evs":[0.0,-14.90412]},"K2o":{"weight":1.0,"played":[1.0,0.0],"evs":[0.0,-13.91301]},"A2o":{"weight":1.0,"played":[1.0,0.0],"evs":[0.0,-10.52389]},"32s":{"weight":1.0,"played":[1.0,0.0],"evs":[0.0,-11.60799]},"33":{"weight":1.0,"played":[1.0,0.0],"evs":[0.0,-6.91897]},"43o":{"weight":1.0,"played":[1.0,0.0],"evs":[0.0,-13.31834]},"53o":{"weight":1.0,"played":[1.0,0.0],"evs":[0.0,-12.83564]},"63o":{"weight":1.0,"played":[1.0,0.0],"evs":[0.0,-13.1123]},"73o":{"weight":1.0,"played":[1.0,0.0],"evs":[0.0,-14.29683]},"83o":{"weight":1.0,"played":[1.0,0.0],"evs":[0.0,-14.79036]},"93o":{"weight":1.0,"played":[1.0,0.0],"evs":[0.0,-14.80521]},"T3o":{"weight":1.0,"played":[1.0,0.0],"evs":[0.0,-14.80632]},"J3o":{"weight":1.0,"played":[1.0,0.0],"evs":[0.0,-14.65051]},"Q3o":{"weight":1.0,"played":[1.0,0.0],"evs":[0.0,-14.80149]},"K3o":{"weight":1.0,"played":[1.0,0.0],"evs":[0.0,-13.74206]},"A3o":{"weight":1.0,"played":[1.0,0.0],"evs":[0.0,-10.4571]},"42s":{"weight":1.0,"played":[1.0,0.0],"evs":[0.0,-12.16256]},"43s":{"weight":1.0,"played":[1.0,0.0],"evs":[0.0,-11.46779]},"44":{"weight":1.0,"played":[1.0,0.0],"evs":[0.0,-5.96502]},"54o":{"weight":1.0,"played":[1.0,0.0],"evs":[0.0,-11.93254]},"64o":{"weight":1.0,"played":[1.0,0.0],"evs":[0.0,-12.22232]},"74o":{"weight":1.0,"played":[1.0,0.0],"evs":[0.0,-13.3174]},"84o":{"weight":1.0,"played":[1.0,0.0],"evs":[0.0,-13.69797]},"94o":{"weight":1.0,"played":[1.0,0.0],"evs":[0.0,-14.90349]},"T4o":{"weight":1.0,"played":[1.0,0.0],"evs":[0.0,-14.94871]},"J4o":{"weight":1.0,"played":[1.0,0.0],"evs":[0.0,-14.36473]},"Q4o":{"weight":1.0,"played":[1.0,0.0],"evs":[0.0,-14.18341]},"K4o":{"weight":1.0,"played":[1.0,0.0],"evs":[0.0,-13.19492]},"A4o":{"weight":1.0,"played":[1.0,0.0],"evs":[0.0,-9.77889]},"52s":{"weight":1.0,"played":[1.0,0.0],"evs":[0.0,-11.99472]},"53s":{"weight":1.0,"played":[1.0,0.0],"evs":[0.0,-11.02322]},"54s":{"weight":1.0,"played":[1.0,0.0],"evs":[0.0,-10.3125]},"55":{"weight":1.0,"played":[1.0,0.0],"evs":[0.0,-4.67469]},"65o":{"weight":1.0,"played":[1.0,0.0],"evs":[0.0,-11.4569]},"75o":{"weight":1.0,"played":[1.0,0.0],"evs":[0.0,-12.34973]},"85o":{"weight":1.0,"played":[1.0,0.0],"evs":[0.0,-12.86611]},"95o":{"weight":1.0,"played":[1.0,0.0],"evs":[0.0,-13.67162]},"T5o":{"weight":1.0,"played":[1.0,0.0],"evs":[0.0,-14.20971]},"J5o":{"weight":1.0,"played":[1.0,0.0],"evs":[0.0,-14.15402]},"Q5o":{"weight":1.0,"played":[1.0,0.0],"evs":[0.0,-14.00096]},"K5o":{"weight":1.0,"played":[1.0,0.0],"evs":[0.0,-13.24055]},"A5o":{"weight":1.0,"played":[1.0,0.0],"evs":[0.0,-9.38852]},"62s":{"weight":1.0,"played":[1.0,0.0],"evs":[0.0,-13.30477]},"63s":{"weight":1.0,"played":[1.0,0.0],"evs":[0.0,-11.56038]},"64s":{"weight":1.0,"played":[1.0,0.0],"evs":[0.0,-10.25146]},"65s":{"weight":1.0,"played":[1.0,0.0],"evs":[0.0,-9.28151]},"66":{"weight":1.0,"played":[1.0,0.0],"evs":[0.0,-4.69015]},"76o":{"weight":1.0,"played":[1.0,0.0],"evs":[0.0,-11.56795]},"86o":{"weight":1.0,"played":[1.0,0.0],"evs":[0.0,-12.03604]},"96o":{"weight":1.0,"played":[1.0,0.0],"evs":[0.0,-12.55662]},"T6o":{"weight":1.0,"played":[1.0,0.0],"evs":[0.0,-13.54308]},"J6o":{"weight":1.0,"played":[1.0,0.0],"evs":[0.0,-13.90677]},"Q6o":{"weight":1.0,"played":[1.0,0.0],"evs":[0.0,-13.16587]},"K6o":{"weight":1.0,"played":[1.0,0.0],"evs":[0.0,-12.6874]},"A6o":{"weight":1.0,"played":[1.0,0.0],"evs":[0.0,-10.39543]},"72s":{"weight":1.0,"played":[1.0,0.0],"evs":[0.0,-13.6643]},"73s":{"weight":1.0,"played":[1.0,0.0],"evs":[0.0,-12.76499]},"74s":{"weight":1.0,"played":[1.0,0.0],"evs":[0.0,-10.67512]},"75s":{"weight":1.0,"played":[1.0,0.0],"evs":[0.0,-10.80977]},"76s":{"weight":1.0,"played":[1.0,0.0],"evs":[0.0,-9.58001]},"77":{"weight":1.0,"played":[0.9997,3.0E-4],"evs":[0.0,-3.75524]},"87o":{"weight":1.0,"played":[1.0,0.0],"evs":[0.0,-11.42071]},"97o":{"weight":1.0,"played":[1.0,0.0],"evs":[0.0,-12.19604]},"T7o":{"weight":1.0,"played":[1.0,0.0],"evs":[0.0,-13.49238]},"J7o":{"weight":1.0,"played":[1.0,0.0],"evs":[0.0,-13.48336]},"Q7o":{"weight":1.0,"played":[1.0,0.0],"evs":[0.0,-14.19979]},"K7o":{"weight":1.0,"played":[1.0,0.0],"evs":[0.0,-12.80476]},"A7o":{"weight":1.0,"played":[1.0,0.0],"evs":[0.0,-8.96874]},"82s":{"weight":1.0,"played":[1.0,0.0],"evs":[0.0,-12.83062]},"83s":{"weight":1.0,"played":[1.0,0.0],"evs":[0.0,-12.97998]},"84s":{"weight":1.0,"played":[1.0,0.0],"evs":[0.0,-11.68381]},"85s":{"weight":1.0,"played":[1.0,0.0],"evs":[0.0,-11.01466]},"86s":{"weight":1.0,"played":[1.0,0.0],"evs":[0.0,-10.44122]},"87s":{"weight":1.0,"played":[1.0,0.0],"evs":[0.0,-10.02299]},"88":{"weight":1.0,"played":[0.9998,2.0E-4],"evs":[0.0,-3.04041]},"98o":{"weight":1.0,"played":[1.0,0.0],"evs":[0.0,-11.95738]},"T8o":{"weight":1.0,"played":[1.0,0.0],"evs":[0.0,-12.42562]},"J8o":{"weight":1.0,"played":[1.0,0.0],"evs":[0.0,-12.40525]},"Q8o":{"weight":1.0,"played":[1.0,0.0],"evs":[0.0,-12.82268]},"K8o":{"weight":1.0,"played":[1.0,0.0],"evs":[0.0,-12.44763]},"A8o":{"weight":1.0,"played":[1.0,0.0],"evs":[0.0,-9.22626]},"92s":{"weight":1.0,"played":[1.0,0.0],"evs":[0.0,-13.82064]},"93s":{"weight":1.0,"played":[1.0,0.0],"evs":[0.0,-12.60485]},"94s":{"weight":1.0,"played":[1.0,0.0],"evs":[0.0,-13.14335]},"95s":{"weight":1.0,"played":[1.0,0.0],"evs":[0.0,-12.38621]},"96s":{"weight":1.0,"played":[1.0,0.0],"evs":[0.0,-10.81719]},"97s":{"weight":1.0,"played":[1.0,0.0],"evs":[0.0,-9.89934]},"98s":{"weight":1.0,"played":[1.0,0.0],"evs":[0.0,-10.38447]},"99":{"weight":1.0,"played":[0.9962,0.0038],"evs":[0.0,-2.34016]},"T9o":{"weight":1.0,"played":[1.0,0.0],"evs":[0.0,-12.34475]},"J9o":{"weight":1.0,"played":[1.0,0.0],"evs":[0.0,-12.29387]},"Q9o":{"weight":1.0,"played":[1.0,0.0],"evs":[0.0,-12.60306]},"K9o":{"weight":1.0,"played":[1.0,0.0],"evs":[0.0,-11.80184]},"A9o":{"weight":1.0,"played":[1.0,0.0],"evs":[0.0,-8.79198]},"T2s":{"weight":1.0,"played":[1.0,0.0],"evs":[0.0,-12.96146]},"T3s":{"weight":1.0,"played":[1.0,0.0],"evs":[0.0,-12.87162]},"T4s":{"weight":1.0,"played":[1.0,0.0],"evs":[0.0,-13.35926]},"T5s":{"weight":1.0,"played":[1.0,0.0],"evs":[0.0,-12.8192]},"T6s":{"weight":1.0,"played":[1.0,0.0],"evs":[0.0,-12.04077]},"T7s":{"weight":1.0,"played":[1.0,0.0],"evs":[0.0,-11.60889]},"T8s":{"weight":1.0,"played":[1.0,0.0],"evs":[0.0,-10.10434]},"T9s":{"weight":1.0,"played":[1.0,0.0],"evs":[0.0,-9.72643]},"TT":{"weight":1.0,"played":[0.5526,0.4474],"evs":[0.0,-0.74707]},"JTo":{"weight":1.0,"played":[1.0,0.0],"evs":[0.0,-11.71045]},"QTo":{"weight":1.0,"played":[1.0,0.0],"evs":[0.0,-12.02957]},"KTo":{"weight":1.0,"played":[1.0,0.0],"evs":[0.0,-10.94757]},"ATo":{"weight":1.0,"played":[1.0,0.0],"evs":[0.0,-6.76686]},"J2s":{"weight":1.0,"played":[1.0,0.0],"evs":[0.0,-13.11196]},"J3s":{"weight":1.0,"played":[1.0,0.0],"evs":[0.0,-12.49874]},"J4s":{"weight":1.0,"played":[1.0,0.0],"evs":[0.0,-11.43805]},"J5s":{"weight":1.0,"played":[1.0,0.0],"evs":[0.0,-12.46216]},"J6s":{"weight":1.0,"played":[1.0,0.0],"evs":[0.0,-11.76285]},"J7s":{"weight":1.0,"played":[1.0,0.0],"evs":[0.0,-11.20158]},"J8s":{"weight":1.0,"played":[1.0,0.0],"evs":[0.0,-10.87095]},"J9s":{"weight":1.0,