{"player":1,"street":0,"children":3,"sequence":[{"player":0,"type":"R","amount":6100000,"street":0}],"actions":[{"type":"F","amount":0,"node":161},{"type":"C","amount":6100000,"node":172},{"type":"R","amount":15940000,"node":185}],"hands":{"22":{"weight":1.0,"played":[1.0,0.0,0.0],"evs":[0.0,-0.76757,-0.81643]},"32o":{"weight":1.0,"played":[1.0,0.0,0.0],"evs":[0.0,-3.61848,-3.78091]},"42o":{"weight":1.0,"played":[1.0,0.0,0.0],"evs":[0.0,-3.5543,-3.70103]},"52o":{"weight":1.0,"played":[1.0,0.0,0.0],"evs":[0.0,-3.4873,-3.63383]},"62o":{"weight":1.0,"played":[1.0,0.0,0.0],"evs":[0.0,-3.74961,-3.91853]},"72o":{"weight":1.0,"played":[1.0,0.0,0.0],"evs":[0.0,-3.91876,-4.11073]},"82o":{"weight":1.0,"played":[1.0,0.0,0.0],"evs":[0.0,-3.65355,-3.8376]},"92o":{"weight":1.0,"played":[1.0,0.0,0.0],"evs":[0.0,-3.60265,-3.79184]},"T2o":{"weight":1.0,"played":[1.0,0.0,0.0],"evs":[0.0,-3.65515,-3.8499]},"J2o":{"weight":1.0,"played":[1.0,0.0,0.0],"evs":[0.0,-3.66727,-3.8326]},"Q2o":{"weight":1.0,"played":[1.0,0.0,0.0],"evs":[0.0,-3.63884,-3.7765]},"K2o":{"weight":1.0,"played":[1.0,0.0,0.0],"evs":[0.0,-2.82218,-2.94249]},"A2o":{"weight":1.0,"played":[1.0,0.0,0.0],"evs":[0.0,-1.75716,-1.82488]},"32s":{"weight":1.0,"played":[1.0,0.0,0.0],"evs":[0.0,-2.92831,-3.02318]},"33":{"weight":1.0,"played":[1.0,0.0,0.0],"evs":[0.0,-0.68063,-0.71323]},"43o":{"weight":1.0,"played":[1.0,0.0,0.0],"evs":[0.0,-3.28539,-3.40664]},"53o":{"weight":1.0,"played":[1.0,0.0,0.0],"evs":[0.0,-3.21619,-3.32742]},"63o":{"weight":1.0,"played":[1.0,0.0,0.0],"evs":[0.0,-3.47785,-3.61248]},"73o":{"weight":1.0,"played":[1.0,0.0,0.0],"evs":[0.0,-3.63274,-3.79599]},"83o":{"weight":1.0,"played":[1.0,0.0,0.0],"evs":[0.0,-3.63859,-3.81589]},"93o":{"weight":1.0,"played":[1.0,0.0,0.0],"evs":[0.0,-3.51518,-3.697]},"T3o":{"weight":1.0,"played":[1.0,0.0,0.0],"evs":[0.0,-3.60431,-3.79314]},"J3o":{"weight":1.0,"played":[1.0,0.0,0.0],"evs":[0.0,-3.58069,-3.73784]},"Q3o":{"weight":1.0,"played":[1.0,0.0,0.0],"evs":[0.0,-3.57229,-3.70354]},"K3o":{"weight":1.0,"played":[1.0,0.0,0.0],"evs":[0.0,-2.74737,-2.86168]},"A3o":{"weight":1.0,"played":[1.0,0.0,0.0],"evs":[0.0,-1.69865,-1.7572]},"42s":{"weight":1.0,"played":[1.0,0.0,0.0],"evs":[0.0,-2.85998,-2.94422]},"43s":{"weight":1.0,"played":[1.0,0.0,0.0],"evs":[0.0,-2.60841,-2.68532]},"44":{"weight":1.0,"played":[1.0,0.0,0.0],"evs":[0.0,-0.5875,-0.61585]},"54o":{"weight":1.0,"played":[1.0,0.0,0.0],"evs":[0.0,-2.98135,-3.06572]},"64o":{"weight":1.0,"played":[1.0,0.0,0.0],"evs":[0.0,-3.22399,-3.33247]},"74o":{"weight":1.0,"played":[1.0,0.0,0.0],"evs":[0.0,-3.36795,-3.50488]},"84o":{"weight":1.0,"played":[1.0,0.0,0.0],"evs":[0.0,-3.37213,-3.52591]},"94o":{"weight":1.0,"played":[1.0,0.0,0.0],"evs":[0.0,-3.50971,-3.6874]},"T4o":{"weight":1.0,"played":[1.0,0.0,0.0],"evs":[0.0,-3.50466,-3.6799]},"J4o":{"weight":1.0,"played":[1.0,0.0,0.0],"evs":[0.0,-3.52517,-3.67258]},"Q4o":{"weight":1.0,"played":[1.0,0.0,0.0],"evs":[0.0,-3.48017,-3.61067]},"K4o":{"weight":1.0,"played":[1.0,0.0,0.0],"evs":[0.0,-2.67506,-2.78462]},"A4o":{"weight":1.0,"played":[1.0,0.0,0.0],"evs":[0.0,-1.6515,-1.70856]},"52s":{"weight":1.0,"played":[1.0,0.0,0.0],"evs":[0.0,-2.78989,-2.87554]},"53s":{"weight":1.0,"played":[1.0,0.0,0.0],"evs":[0.0,-2.55746,-2.6069]},"54s":{"weight":1.0,"played":[1.0,0.0,0.0],"evs":[0.0,-2.29302,-2.32471]},"55":{"weight":1.0,"played":[1.0,0.0,0.0],"evs":[0.0,-0.48172,-0.51031]},"65o":{"weight":1.0,"played":[1.0,0.0,0.0],"evs":[0.0,-2.98282,-3.0638]},"75o":{"weight":1.0,"played":[1.0,0.0,0.0],"evs":[0.0,-3.11656,-3.22548]},"85o":{"weight":1.0,"played":[1.0,0.0,0.0],"evs":[0.0,-3.11183,-3.24763]},"95o":{"weight":1.0,"played":[1.0,0.0,0.0],"evs":[0.0,-3.247,-3.39641]},"T5o":{"weight":1.0,"played":[1.0,0.0,0.0],"evs":[0.0,-3.51433,-3.68821]},"J5o":{"weight":1.0,"played":[1.0,0.0,0.0],"evs":[0.0,-3.46769,-3.61536]},"Q5o":{"weight":1.0,"played":[1.0,0.0,0.0],"evs":[0.0,-3.39816,-3.51945]},"K5o":{"weight":1.0,"played":[1.0,0.0,0.0],"evs":[0.0,-2.61801,-2.71602]},"A5o":{"weight":1.0,"played":[1.0,0.0,0.0],"evs":[0.0,-1.60835,-1.65056]},"62s":{"weight":1.0,"played":[1.0,0.0,0.0],"evs":[0.0,-3.0407,-3.13575]},"63s":{"weight":1.0,"played":[1.0,0.0,0.0],"evs":[0.0,-2.74843,-2.81441]},"64s":{"weight":1.0,"played":[1.0,0.0,0.0],"evs":[0.0,-2.54037,-2.59514]},"65s":{"weight":1.0,"played":[1.0,0.0,0.0],"evs":[0.0,-2.36932,-2.41209]},"66":{"weight":1.0,"played":[1.0,0.0,0.0],"evs":[0.0,-0.34155,-0.37307]},"76o":{"weight":1.0,"played":[1.0,0.0,0.0],"evs":[0.0,-2.94434,-3.02973]},"86o":{"weight":1.0,"played":[1.0,0.0,0.0],"evs":[0.0,-2.89743,-3.00504]},"96o":{"weight":1.0,"played":[1.0,0.0,0.0],"evs":[0.0,-3.0505,-3.18689]},"T6o":{"weight":1.0,"played":[1.0,0.0,0.0],"evs":[0.0,-3.30178,-3.45011]},"J6o":{"weight":1.0,"played":[1.0,0.0,0.0],"evs":[0.0,-3.49327,-3.64266]},"Q6o":{"weight":1.0,"played":[1.0,0.0,0.0],"evs":[0.0,-3.39768,-3.52157]},"K6o":{"weight":1.0,"played":[1.0,0.0,0.0],"evs":[0.0,-2.59747,-2.71019]},"A6o":{"weight":1.0,"played":[1.0,0.0,0.0],"evs":[0.0,-1.80222,-1.87079]},"72s":{"weight":1.0,"played":[1.0,0.0,0.0],"evs":[0.0,-3.19122,-3.32239]},"73s":{"weight":1.0,"played":[1.0,0.0,0.0],"evs":[0.0,-2.93808,-3.04706]},"74s":{"weight":1.0,"played":[1.0,0.0,0.0],"evs":[0.0,-2.67521,-2.74515]},"75s":{"weight":1.0,"played":[1.0,0.0,0.0],"evs":[0.0,-2.46283,-2.51106]},"76s":{"weight":1.0,"played":[1.0,0.0,0.0],"evs":[0.0,-2.29829,-2.34404]},"77":{"weight":1.0,"played":[0.0,0.9961,0.0039],"evs":[0.0,0.103,0.08146]},"87o":{"weight":1.0,"played":[1.0,0.0,0.0],"evs":[0.0,-2.66805,-2.75611]},"97o":{"weight":1.0,"played":[1.0,0.0,0.0],"evs":[0.0,-2.80863,-2.93285]},"T7o":{"weight":1.0,"played":[1.0,0.0,0.0],"evs":[0.0,-3.06777,-3.20893]},"J7o":{"weight":1.0,"played":[1.0,0.0,0.0],"evs":[0.0,-3.2775,-3.41793]},"Q7o":{"weight":1.0,"played":[1.0,0.0,0.0],"evs":[0.0,-3.41279,-3.54076]},"K7o":{"weight":1.0,"played":[1.0,0.0,0.0],"evs":[0.0,-2.56147,-2.67255]},"A7o":{"weight":1.0,"played":[1.0,0.0,0.0],"evs":[0.0,-1.67737,-1.74149]},"82s":{"weight":1.0,"played":[1.0,0.0,0.0],"evs":[0.0,-2.94524,-3.05741]},"83s":{"weight":1.0,"played":[1.0,0.0,0.0],"evs":[0.0,-2.93352,-3.06065]},"84s":{"weight":1.0,"played":[1.0,0.0,0.0],"evs":[0.0,-2.66561,-2.75125]},"85s":{"weight":1.0,"played":[1.0,0.0,0.0],"evs":[0.0,-2.45293,-2.52403]},"86s":{"weight":1.0,"played":[1.0,0.0,0.0],"evs":[0.0,-2.22663,-2.28238]},"87s":{"weight":1.0,"played":[1.0,0.0,0.0],"evs":[0.0,-2.01472,-2.04972]},"88":{"weight":1.0,"played":[0.0,0.4054,0.5946],"evs":[0.0,1.22477,1.22382]},"98o":{"weight":1.0,"played":[1.0,0.0,0.0],"evs":[0.0,-2.46267,-2.57648]},"T8o":{"weight":1.0,"played":[1.0,0.0,0.0],"evs":[0.0,-2.70312,-2.82778]},"J8o":{"weight":1.0,"played":[1.0,0.0,0.0],"evs":[0.0,-2.89136,-3.00511]},"Q8o":{"weight":1.0,"played":[1.0,0.0,0.0],"evs":[0.0,-3.02719,-3.14042]},"K8o":{"weight":1.0,"played":[1.0,0.0,0.0],"evs":[0.0,-2.37552,-2.46845]},"A8o":{"weight":1.0,"played":[1.0,0.0,0.0],"evs":[0.0,-1.4034,-1.47564]},"92s":{"weight":1.0,"played":[1.0,0.0,0.0],"evs":[0.0,-2.87127,-3.00352]},"93s":{"weight":1.0,"played":[1.0,0.0,0.0],"evs":[0.0,-2.83782,-2.95791]},"94s":{"weight":1.0,"played":[1.0,0.0,0.0],"evs":[0.0,-2.81494,-2.92316]},"95s":{"weight":1.0,"played":[1.0,0.0,0.0],"evs":[0.0,-2.55743,-2.63748]},"96s":{"weight":1.0,"played":[1.0,0.0,0.0],"evs":[0.0,-2.36441,-2.43849]},"97s":{"weight":1.0,"played":[1.0,0.0,0.0],"evs":[0.0,-2.13708,-2.19388]},"98s":{"weight":1.0,"played":[1.0,0.0,0.0],"evs":[0.0,-1.77365,-1.82181]},"99":{"weight":1.0,"played":[0.0,0.9433,0.0567],"evs":[0.0,1.91092,1.89763]},"T9o":{"weight":1.0,"played":[1.0,0.0,0.0],"evs":[0.0,-2.37761,-2.49481]},"J9o":{"weight":1.0,"played":[1.0,0.0,0.0],"evs":[0.0,-2.58107,-2.69184]},"Q9o":{"weight":1.0,"played":[1.0,0.0,0.0],"evs":[0.0,-2.73774,-2.84165]},"K9o":{"weight":1.0,"played":[1.0,0.0,0.0],"evs":[0.0,-2.10931,-2.20908]},"A9o":{"weight":1.0,"played":[1.0,0.0,0.0],"evs":[0.0,-1.06452,-1.13918]},"T2s":{"weight":1.0,"played":[1.0,0.0,0.0],"evs":[0.0,-2.9445,-3.07741]},