{"player":3,"street":0,"children":2,"sequence":[{"player":0,"type":"R","amount":6100000,"street":0},{"player":1,"type":"R","amount":15940000,"street":0},{"player":2,"type":"F","amount":0,"street":0}],"actions":[{"type":"F","amount":0,"node":187},{"type":"C","amount":15740000,"node":188}],"hands":{"22":{"weight":1.0,"played":[1.0,0.0],"evs":[0.0,-8.85878]},"32o":{"weight":1.0,"played":[1.0,0.0],"evs":[0.0,-15.32172]},"42o":{"weight":1.0,"played":[1.0,0.0],"evs":[0.0,-14.8984]},"52o":{"weight":1.0,"played":[1.0,0.0],"evs":[0.0,-14.74455]},"62o":{"weight":1.0,"played":[1.0,0.0],"evs":[0.0,-15.67273]},"72o":{"weight":1.0,"played":[1.0,0.0],"evs":[0.0,-16.53472]},"82o":{"weight":1.0,"played":[1.0,0.0],"evs":[0.0,-16.28351]},"92o":{"weight":1.0,"played":[1.0,0.0],"evs":[0.0,-15.88127]},"T2o":{"weight":1.0,"played":[1.0,0.0],"evs":[0.0,-16.08916]},"J2o":{"weight":1.0,"played":[1.0,0.0],"evs":[0.0,-15.77715]},"Q2o":{"weight":1.0,"played":[1.0,0.0],"evs":[0.0,-16.38689]},"K2o":{"weight":1.0,"played":[1.0,0.0],"evs":[0.0,-15.53737]},"A2o":{"weight":1.0,"played":[1.0,0.0],"evs":[0.0,-14.7311]},"32s":{"weight":1.0,"played":[1.0,0.0],"evs":[0.0,-13.31285]},"33":{"weight":1.0,"played":[1.0,0.0],"evs":[0.0,-8.59079]},"43o":{"weight":1.0,"played":[1.0,0.0],"evs":[0.0,-13.99233]},"53o":{"weight":1.0,"played":[1.0,0.0],"evs":[0.0,-13.9377]},"63o":{"weight":1.0,"played":[1.0,0.0],"evs":[0.0,-14.63097]},"73o":{"weight":1.0,"played":[1.0,0.0],"evs":[0.0,-15.71738]},"83o":{"weight":1.0,"played":[1.0,0.0],"evs":[0.0,-15.97403]},"93o":{"weight":1.0,"played":[1.0,0.0],"evs":[0.0,-15.72195]},"T3o":{"weight":1.0,"played":[1.0,0.0],"evs":[0.0,-15.91856]},"J3o":{"weight":1.0,"played":[1.0,0.0],"evs":[0.0,-15.54266]},"Q3o":{"weight":1.0,"played":[1.0,0.0],"evs":[0.0,-16.09322]},"K3o":{"weight":1.0,"played":[1.0,0.0],"evs":[0.0,-15.51749]},"A3o":{"weight":1.0,"played":[1.0,0.0],"evs":[0.0,-14.28399]},"42s":{"weight":1.0,"played":[1.0,0.0],"evs":[0.0,-12.64039]},"43s":{"weight":1.0,"played":[1.0,0.0],"evs":[0.0,-11.45514]},"44":{"weight":1.0,"played":[1.0,0.0],"evs":[0.0,-8.24803]},"54o":{"weight":1.0,"played":[1.0,0.0],"evs":[0.0,-13.07826]},"64o":{"weight":1.0,"played":[1.0,0.0],"evs":[0.0,-13.78369]},"74o":{"weight":1.0,"played":[1.0,0.0],"evs":[0.0,-14.56599]},"84o":{"weight":1.0,"played":[1.0,0.0],"evs":[0.0,-15.53726]},"94o":{"weight":1.0,"played":[1.0,0.0],"evs":[0.0,-15.85321]},"T4o":{"weight":1.0,"played":[1.0,0.0],"evs":[0.0,-15.57851]},"J4o":{"weight":1.0,"played":[1.0,0.0],"evs":[0.0,-15.47194]},"Q4o":{"weight":1.0,"played":[1.0,0.0],"evs":[0.0,-15.6117]},"K4o":{"weight":1.0,"played":[1.0,0.0],"evs":[0.0,-15.23489]},"A4o":{"weight":1.0,"played":[1.0,0.0],"evs":[0.0,-14.12977]},"52s":{"weight":1.0,"played":[1.0,0.0],"evs":[0.0,-12.94447]},"53s":{"weight":1.0,"played":[1.0,0.0],"evs":[0.0,-12.09313]},"54s":{"weight":1.0,"played":[1.0,0.0],"evs":[0.0,-11.43679]},"55":{"weight":1.0,"played":[1.0,0.0],"evs":[0.0,-8.09297]},"65o":{"weight":1.0,"played":[1.0,0.0],"evs":[0.0,-13.30674]},"75o":{"weight":1.0,"played":[1.0,0.0],"evs":[0.0,-13.82625]},"85o":{"weight":1.0,"played":[1.0,0.0],"evs":[0.0,-14.56822]},"95o":{"weight":1.0,"played":[1.0,0.0],"evs":[0.0,-14.97394]},"T5o":{"weight":1.0,"played":[1.0,0.0],"evs":[0.0,-15.60299]},"J5o":{"weight":1.0,"played":[1.0,0.0],"evs":[0.0,-14.87709]},"Q5o":{"weight":1.0,"played":[1.0,0.0],"evs":[0.0,-15.61719]},"K5o":{"weight":1.0,"played":[1.0,0.0],"evs":[0.0,-14.87903]},"A5o":{"weight":1.0,"played":[1.0,0.0],"evs":[0.0,-14.06929]},"62s":{"weight":1.0,"played":[1.0,0.0],"evs":[0.0,-13.24718]},"63s":{"weight":1.0,"played":[1.0,0.0],"evs":[0.0,-12.48326]},"64s":{"weight":1.0,"played":[1.0,0.0],"evs":[0.0,-11.69675]},"65s":{"weight":1.0,"played":[1.0,0.0],"evs":[0.0,-11.3636]},"66":{"weight":1.0,"played":[1.0,0.0],"evs":[0.0,-7.70381]},"76o":{"weight":1.0,"played":[1.0,0.0],"evs":[0.0,-13.48049]},"86o":{"weight":1.0,"played":[1.0,0.0],"evs":[0.0,-13.89087]},"96o":{"weight":1.0,"played":[1.0,0.0],"evs":[0.0,-14.05899]},"T6o":{"weight":1.0,"played":[1.0,0.0],"evs":[0.0,-15.07222]},"J6o":{"weight":1.0,"played":[1.0,0.0],"evs":[0.0,-15.20107]},"Q6o":{"weight":1.0,"played":[1.0,0.0],"evs":[0.0,-15.62581]},"K6o":{"weight":1.0,"played":[1.0,0.0],"evs":[0.0,-14.80537]},"A6o":{"weight":1.0,"played":[1.0,0.0],"evs":[0.0,-15.02576]},"72s":{"weight":1.0,"played":[1.0,0.0],"evs":[0.0,-14.4964]},"73s":{"weight":1.0,"played":[1.0,0.0],"evs":[0.0,-13.52415]},"74s":{"weight":1.0,"played":[1.0,0.0],"evs":[0.0,-12.66156]},"75s":{"weight":1.0,"played":[1.0,0.0],"evs":[0.0,-11.97217]},"76s":{"weight":1.0,"played":[1.0,0.0],"evs":[0.0,-11.35299]},"77":{"weight":1.0,"played":[1.0,0.0],"evs":[0.0,-7.67301]},"87o":{"weight":1.0,"played":[1.0,0.0],"evs":[0.0,-13.07145]},"97o":{"weight":1.0,"played":[1.0,0.0],"evs":[0.0,-13.89253]},"T7o":{"weight":1.0,"played":[1.0,0.0],"evs":[0.0,-14.45393]},"J7o":{"weight":1.0,"played":[1.0,0.0],"evs":[0.0,-14.76455]},"Q7o":{"weight":1.0,"played":[1.0,0.0],"evs":[0.0,-15.78337]},"K7o":{"weight":1.0,"played":[1.0,0.0],"evs":[0.0,-15.09479]},"A7o":{"weight":1.0,"played":[1.0,0.0],"evs":[0.0,-14.95633]},"82s":{"weight":1.0,"played":[1.0,0.0],"evs":[0.0,-14.63565]},"83s":{"weight":1.0,"played":[1.0,0.0],"evs":[0.0,-14.52799]},"84s":{"weight":1.0,"played":[1.0,0.0],"evs":[0.0,-13.27895]},"85s":{"weight":1.0,"played":[1.0,0.0],"evs":[0.0,-12.80097]},"86s":{"weight":1.0,"played":[1.0,0.0],"evs":[0.0,-11.48416]},"87s":{"weight":1.0,"played":[1.0,0.0],"evs":[0.0,-12.01922]},"88":{"weight":1.0,"played":[1.0,0.0],"evs":[0.0,-5.95489]},"98o":{"weight":1.0,"played":[1.0,0.0],"evs":[0.0,-13.3729]},"T8o":{"weight":1.0,"played":[1.0,0.0],"evs":[0.0,-13.93804]},"J8o":{"weight":1.0,"played":[1.0,0.0],"evs":[0.0,-14.28647]},"Q8o":{"weight":1.0,"played":[1.0,0.0],"evs":[0.0,-14.89189]},"K8o":{"weight":1.0,"played":[1.0,0.0],"evs":[0.0,-15.06198]},"A8o":{"weight":1.0,"played":[1.0,0.0],"evs":[0.0,-14.75356]},"92s":{"weight":1.0,"played":[1.0,0.0],"evs":[0.0,-13.77816]},"93s":{"weight":1.0,"played":[1.0,0.0],"evs":[0.0,-13.45933]},"94s":{"weight":1.0,"played":[1.0,0.0],"evs":[0.0,-13.35631]},"95s":{"weight":1.0,"played":[1.0,0.0],"evs":[0.0,-12.74701]},"96s":{"weight":1.0,"played":[1.0,0.0],"evs":[0.0,-12.39706]},"97s":{"weight":1.0,"played":[1.0,0.0],"evs":[0.0,-11.77861]},"98s":{"weight":1.0,"played":[1.0,0.0],"evs":[0.0,-11.85593]},"99":{"weight":1.0,"played":[0.9998,2.0E-4],"evs":[0.0,-4.66815]},"T9o":{"weight":1.0,"played":[1.0,0.0],"evs":[0.0,-13.12274]},"J9o":{"weight":1.0,"played":[1.0,0.0],"evs":[0.0,-13.3047]},"Q9o":{"weight":1.0,"played":[1.0,0.0],"evs":[0.0,-14.2292]},"K9o":{"weight":1.0,"played":[1.0,0.0],"evs":[0.0,-14.38867]},"A9o":{"weight":1.0,"played":[1.0,0.0],"evs":[0.0,-14.05114]},"T2s":{"weight":1.0,"played":[1.0,0.0],"evs":[0.0,-13.79887]},"T3s":{"weight":1.0,"played":[1.0,0.0],"evs":[0.0,-14.05226]},"T4s":{"weight":1.0,"played":[1.0,0.0],"evs":[0.0,-13.70946]},"T5s":{"weight":1.0,"played":[1.0,0.0],"evs":[0.0,-13.16485]},"T6s":{"weight":1.0,"played":[1.0,0.0],"evs":[0.0,-13.01439]},"T7s":{"weight":1.0,"played":[1.0,0.0],"evs":[0.0,-12.56032]},"T8s":{"weight":1.0,"played":[1.0,0.0],"evs":[0.0,-11.369]},"T9s":{"weight":1.0,"played":[1.0,0.0],"evs":[0.0,-11.49691]},"TT":{"weight":1.0,"played":[0.994,0.006],"evs":[0.0,-2.12793]},"JTo":{"weight":1.0,"played":[1.0,0.0],"evs":[0.0,-12.53706]},"QTo":{"weight":1.0,"played":[1.0,0.0],"evs":[0.0,-13.5389]},"KTo":{"weight":1.0,"played":[1.0,0.0],"evs":[0.0,-13.27753]},"ATo":{"weight":1.0,"played":[1.0,0.0],"evs":[0.0,-13.4048]},"J2s":{"weight":1.0,"played":[1.0,0.0],"evs":[0.0,-13.61472]},"J3s":{"weight":1.0,"played":[1.0,0.0],"evs":[0.0,-13.49668]},"J4s":{"weight":1.0,"played":[1.0,0.0],"evs":[0.0,-12.84293]},"J5s":{"weight":1.0,"played":[1.0,0.0],"evs":[0.0,-12.75934]},"J6s":{"weight":1.0,"played":[1.0,0.0],"evs":[0.0,-13.0115]},"J7s":{"weight":1.0,"played":[1.0,0.0],"evs":[0.0,-13.0826]},"J8s":{"weight":1.0,"played":[1.0,0.0],"evs":[0.0,-11.70881]},"J9s":{"weight":1.0,