{"player":1,"street":0,"children":3,"sequence":[{"player":0,"type":"F","amount":0,"street":0}],"actions":[{"type":"F","amount":0,"node":2},{"type":"R","amount":10000000,"node":12},{"type":"R","amount":75750000,"node":32}],"hands":{"22":{"weight":1.0,"played":[0.0,0.0,1.0],"evs":[0.0,0.25346,0.50281]},"32o":{"weight":1.0,"played":[1.0,0.0,0.0],"evs":[0.0,-0.4741,-0.71402]},"42o":{"weight":1.0,"played":[1.0,0.0,0.0],"evs":[0.0,-0.42996,-0.65649]},"52o":{"weight":1.0,"played":[1.0,0.0,0.0],"evs":[0.0,-0.39072,-0.60457]},"62o":{"weight":1.0,"played":[1.0,0.0,0.0],"evs":[0.0,-0.44908,-0.70951]},"72o":{"weight":1.0,"played":[1.0,0.0,0.0],"evs":[0.0,-0.46864,-0.78845]},"82o":{"weight":1.0,"played":[1.0,0.0,0.0],"evs":[0.0,-0.43682,-0.69235]},"92o":{"weight":1.0,"played":[1.0,0.0,0.0],"evs":[0.0,-0.41512,-0.64592]},"T2o":{"weight":1.0,"played":[1.0,0.0,0.0],"evs":[0.0,-0.36657,-0.58534]},"J2o":{"weight":1.0,"played":[1.0,0.0,0.0],"evs":[0.0,-0.31373,-0.50135]},"Q2o":{"weight":1.0,"played":[1.0,0.0,0.0],"evs":[0.0,-0.26321,-0.41824]},"K2o":{"weight":1.0,"played":[1.0,0.0,0.0],"evs":[0.0,-0.1442,-0.25587]},"A2o":{"weight":1.0,"played":[0.0,0.9738,0.0262],"evs":[0.0,0.3147,0.30996]},"32s":{"weight":1.0,"played":[1.0,0.0,0.0],"evs":[0.0,-0.26741,-0.39098]},"33":{"weight":1.0,"played":[0.0,0.0,1.0],"evs":[0.0,0.37915,0.61773]},"43o":{"weight":1.0,"played":[1.0,0.0,0.0],"evs":[0.0,-0.3241,-0.51218]},"53o":{"weight":1.0,"played":[1.0,0.0,0.0],"evs":[0.0,-0.28316,-0.45912]},"63o":{"weight":1.0,"played":[1.0,0.0,0.0],"evs":[0.0,-0.35357,-0.56728]},"73o":{"weight":1.0,"played":[1.0,0.0,0.0],"evs":[0.0,-0.38043,-0.63514]},"83o":{"weight":1.0,"played":[1.0,0.0,0.0],"evs":[0.0,-0.40182,-0.67476]},"93o":{"weight":1.0,"played":[1.0,0.0,0.0],"evs":[0.0,-0.37142,-0.59996]},"T3o":{"weight":1.0,"played":[1.0,0.0,0.0],"evs":[0.0,-0.32241,-0.5386]},"J3o":{"weight":1.0,"played":[1.0,0.0,0.0],"evs":[0.0,-0.26899,-0.4499]},"Q3o":{"weight":1.0,"played":[1.0,0.0,0.0],"evs":[0.0,-0.21406,-0.38187]},"K3o":{"weight":1.0,"played":[1.0,0.0,0.0],"evs":[0.0,-0.10773,-0.22733]},"A3o":{"weight":1.0,"played":[0.0,0.994,0.006],"evs":[0.0,0.36682,0.34943]},"42s":{"weight":1.0,"played":[1.0,0.0,0.0],"evs":[0.0,-0.22382,-0.31038]},"43s":{"weight":1.0,"played":[1.0,0.0,0.0],"evs":[0.0,-0.1241,-0.19144]},"44":{"weight":1.0,"played":[0.0,0.0,1.0],"evs":[0.0,0.5156,0.75706]},"54o":{"weight":1.0,"played":[1.0,0.0,0.0],"evs":[0.0,-0.19022,-0.31223]},"64o":{"weight":1.0,"played":[1.0,0.0,0.0],"evs":[0.0,-0.25181,-0.41959]},"74o":{"weight":1.0,"played":[1.0,0.0,0.0],"evs":[0.0,-0.28322,-0.50197]},"84o":{"weight":1.0,"played":[1.0,0.0,0.0],"evs":[0.0,-0.31231,-0.52979]},"94o":{"weight":1.0,"played":[1.0,0.0,0.0],"evs":[0.0,-0.34365,-0.57471]},"T4o":{"weight":1.0,"played":[1.0,0.0,0.0],"evs":[0.0,-0.27521,-0.48092]},"J4o":{"weight":1.0,"played":[1.0,0.0,0.0],"evs":[0.0,-0.2284,-0.40561]},"Q4o":{"weight":1.0,"played":[1.0,0.0,0.0],"evs":[0.0,-0.1794,-0.33342]},"K4o":{"weight":1.0,"played":[1.0,0.0,0.0],"evs":[0.0,-0.06662,-0.1766]},"A4o":{"weight":1.0,"played":[0.0,0.9864,0.0136],"evs":[0.0,0.40932,0.39437]},"52s":{"weight":1.0,"played":[1.0,0.0,0.0],"evs":[0.0,-0.18233,-0.27316]},"53s":{"weight":1.0,"played":[1.0,0.0,0.0],"evs":[0.0,-0.08265,-0.13391]},"54s":{"weight":1.0,"played":[0.4649,0.534,0.001],"evs":[0.0,0.00142,-0.00883]},"55":{"weight":1.0,"played":[0.0,0.0,1.0],"evs":[0.0,0.64455,0.88566]},"65o":{"weight":1.0,"played":[1.0,0.0,0.0],"evs":[0.0,-0.15699,-0.28028]},"75o":{"weight":1.0,"played":[1.0,0.0,0.0],"evs":[0.0,-0.1874,-0.35359]},"85o":{"weight":1.0,"played":[1.0,0.0,0.0],"evs":[0.0,-0.21361,-0.37916]},"95o":{"weight":1.0,"played":[1.0,0.0,0.0],"evs":[0.0,-0.24123,-0.42767]},"T5o":{"weight":1.0,"played":[1.0,0.0,0.0],"evs":[0.0,-0.25453,-0.45815]},"J5o":{"weight":1.0,"played":[1.0,0.0,0.0],"evs":[0.0,-0.18747,-0.37088]},"Q5o":{"weight":1.0,"played":[1.0,0.0,0.0],"evs":[0.0,-0.13605,-0.27682]},"K5o":{"weight":1.0,"played":[0.9956,0.0044,0.0],"evs":[0.0,-0.0108,-0.1243]},"A5o":{"weight":1.0,"played":[0.0,0.6815,0.3185],"evs":[0.0,0.46567,0.4646]},"62s":{"weight":1.0,"played":[1.0,0.0,0.0],"evs":[0.0,-0.24266,-0.35566]},"63s":{"weight":1.0,"played":[1.0,0.0,0.0],"evs":[0.0,-0.14624,-0.23747]},"64s":{"weight":1.0,"played":[0.9999,0.0,0.0],"evs":[0.0,-0.06348,-0.09778]},"65s":{"weight":1.0,"played":[2.0E-4,0.3385,0.6613],"evs":[0.0,0.02809,0.03106]},"66":{"weight":1.0,"played":[0.0,0.0,1.0],"evs":[0.0,0.77996,1.01004]},"76o":{"weight":1.0,"played":[1.0,0.0,0.0],"evs":[0.0,-0.12119,-0.23461]},"86o":{"weight":1.0,"played":[1.0,0.0,0.0],"evs":[0.0,-0.14405,-0.25571]},"96o":{"weight":1.0,"played":[1.0,0.0,0.0],"evs":[0.0,-0.17223,-0.30624]},"T6o":{"weight":1.0,"played":[1.0,0.0,0.0],"evs":[0.0,-0.17846,-0.33803]},"J6o":{"weight":1.0,"played":[1.0,0.0,0.0],"evs":[0.0,-0.18306,-0.35184]},"Q6o":{"weight":1.0,"played":[1.0,0.0,0.0],"evs":[0.0,-0.11595,-0.24363]},"K6o":{"weight":1.0,"played":[1.0E-4,0.9999,0.0],"evs":[0.0,0.00634,-0.08673]},"A6o":{"weight":1.0,"played":[0.0,0.9999,1.0E-4],"evs":[0.0,0.45716,0.41792]},"72s":{"weight":1.0,"played":[1.0,0.0,0.0],"evs":[0.0,-0.27402,-0.43156]},"73s":{"weight":1.0,"played":[1.0,0.0,0.0],"evs":[0.0,-0.18831,-0.31212]},"74s":{"weight":1.0,"played":[1.0,0.0,0.0],"evs":[0.0,-0.08811,-0.16904]},"75s":{"weight":1.0,"played":[0.8903,0.1097,0.0],"evs":[0.0,-0.00146,-0.04087]},"76s":{"weight":1.0,"played":[0.0,0.3434,0.6566],"evs":[0.0,0.06247,0.07524]},"77":{"weight":1.0,"played":[0.0,0.0,1.0],"evs":[0.0,1.01417,1.12835]},"87o":{"weight":1.0,"played":[1.0,0.0,0.0],"evs":[0.0,-0.06523,-0.15389]},"97o":{"weight":1.0,"played":[1.0,0.0,0.0],"evs":[0.0,-0.09112,-0.18399]},"T7o":{"weight":1.0,"played":[1.0,0.0,0.0],"evs":[0.0,-0.10075,-0.2128]},"J7o":{"weight":1.0,"played":[1.0,0.0,0.0],"evs":[0.0,-0.1027,-0.23605]},"Q7o":{"weight":1.0,"played":[1.0,0.0,0.0],"evs":[0.0,-0.10494,-0.24623]},"K7o":{"weight":1.0,"played":[0.0,1.0,0.0],"evs":[0.0,0.04095,-0.06941]},"A7o":{"weight":1.0,"played":[0.0,0.9938,0.0062],"evs":[0.0,0.55432,0.5362]},"82s":{"weight":1.0,"played":[1.0,0.0,0.0],"evs":[0.0,-0.23008,-0.35123]},"83s":{"weight":1.0,"played":[1.0,0.0,0.0],"evs":[0.0,-0.20293,-0.33743]},"84s":{"weight":1.0,"played":[1.0,0.0,0.0],"evs":[0.0,-0.10497,-0.19936]},"85s":{"weight":1.0,"played":[0.9727,0.0273,0.0],"evs":[0.0,-0.01355,-0.06338]},"86s":{"weight":1.0,"played":[0.0,0.1972,0.8028],"evs":[0.0,0.03836,0.05151]},"87s":{"weight":1.0,"played":[0.0,1.0E-4,0.9999],"evs":[0.0,0.11836,0.16201]},"88":{"weight":1.0,"played":[0.0,0.032,0.968],"evs":[0.0,1.35249,1.36492]},"98o":{"weight":1.0,"played":[0.6253,0.3747,0.0],"evs":[0.0,-0.00408,-0.06448]},"T8o":{"weight":1.0,"played":[0.3799,0.6201,0.0],"evs":[0.0,-0.00362,-0.07323]},"J8o":{"weight":1.0,"played":[0.8195,0.1805,0.0],"evs":[0.0,-0.00449,-0.0963]},"Q8o":{"weight":1.0,"played":[0.9479,0.0521,0.0],"evs":[0.0,-0.0075,-0.10471]},"K8o":{"weight":1.0,"played":[0.0,1.0,0.0],"evs":[0.0,0.08865,-0.02748]},"A8o":{"weight":1.0,"played":[0.0,0.8528,0.1472],"evs":[0.0,0.67719,0.67743]},"92s":{"weight":1.0,"played":[1.0,0.0,0.0],"evs":[0.0,-0.19923,-0.30811]},"93s":{"weight":1.0,"played":[1.0,0.0,0.0],"evs":[0.0,-0.17197,-0.2601]},"94s":{"weight":1.0,"played":[1.0,0.0,0.0],"evs":[0.0,-0.1476,-0.24887]},"95s":{"weight":1.0,"played":[1.0,0.0,0.0],"evs":[0.0,-0.05281,-0.1208]},"96s":{"weight":1.0,"played":[0.0075,0.9328,0.0597],"evs":[0.0,0.01782,0.00647]},"97s":{"weight":1.0,"played":[0.0,0.2302,0.7698],"evs":[0.0,0.09604,0.10962]},"98s":{"weight":1.0,"played":[0.0,1.0E-4,0.9999],"evs":[0.0,0.18229,0.23713]},"99":{"weight":1.0,"played":[0.0,1.0,0.0],"evs":[0.0,1.75598,1.62432]},"T9o":{"weight":1.0,"played":[0.0,0.9996,4.0E-4],"evs":[0.0,0.08634,0.0542]},"J9o":{"weight":1.0,"played":[0.0,1.0,0.0],"evs":[0.0,0.09447,0.03614]},"Q9o":{"weight":1.0,"played":[0.0,1.0,0.0],"evs":[0.0,0.09713,0.03967]},"K9o":{"weight":1.0,"played":[0.0,1.0,0.0],"evs":[0.0,0.22593,0.13915]},"A9o":{"weight":1.0,"played":[0.0,3.0E-4,0.9997],"evs":[0.0,0.8135,0.83106]},