{"player":1,"street":0,"children":3,"sequence":[{"player":0,"type":"R","amount":42250000,"street":0}],"actions":[{"type":"F","amount":0,"node":40},{"type":"C","amount":42250000,"node":47},{"type":"R","amount":79250000,"node":58}],"hands":{"22":{"weight":1.0,"played":[1.0,0.0,0.0],"evs":[0.0,-1.09545,-1.12014]},"32o":{"weight":1.0,"played":[1.0,0.0,0.0],"evs":[0.0,-4.35033,-4.46089]},"42o":{"weight":1.0,"played":[1.0,0.0,0.0],"evs":[0.0,-4.19554,-4.29521]},"52o":{"weight":1.0,"played":[1.0,0.0,0.0],"evs":[0.0,-4.10235,-4.20043]},"62o":{"weight":1.0,"played":[1.0,0.0,0.0],"evs":[0.0,-4.25183,-4.3606]},"72o":{"weight":1.0,"played":[1.0,0.0,0.0],"evs":[0.0,-4.47677,-4.6155]},"82o":{"weight":1.0,"played":[1.0,0.0,0.0],"evs":[0.0,-4.34045,-4.47254]},"92o":{"weight":1.0,"played":[1.0,0.0,0.0],"evs":[0.0,-4.29815,-4.43581]},"T2o":{"weight":1.0,"played":[1.0,0.0,0.0],"evs":[0.0,-4.11067,-4.22863]},"J2o":{"weight":1.0,"played":[1.0,0.0,0.0],"evs":[0.0,-4.02494,-4.12566]},"Q2o":{"weight":1.0,"played":[1.0,0.0,0.0],"evs":[0.0,-3.64731,-3.71674]},"K2o":{"weight":1.0,"played":[1.0,0.0,0.0],"evs":[0.0,-3.09036,-3.15316]},"A2o":{"weight":1.0,"played":[1.0,0.0,0.0],"evs":[0.0,-1.94225,-1.97111]},"32s":{"weight":1.0,"played":[1.0,0.0,0.0],"evs":[0.0,-3.5081,-3.56227]},"33":{"weight":1.0,"played":[1.0,0.0,0.0],"evs":[0.0,-0.67963,-0.68785]},"43o":{"weight":1.0,"played":[1.0,0.0,0.0],"evs":[0.0,-3.81635,-3.89397]},"53o":{"weight":1.0,"played":[1.0,0.0,0.0],"evs":[0.0,-3.68729,-3.76075]},"63o":{"weight":1.0,"played":[1.0,0.0,0.0],"evs":[0.0,-3.83992,-3.92196]},"73o":{"weight":1.0,"played":[1.0,0.0,0.0],"evs":[0.0,-4.10893,-4.22363]},"83o":{"weight":1.0,"played":[1.0,0.0,0.0],"evs":[0.0,-4.26221,-4.3892]},"93o":{"weight":1.0,"played":[1.0,0.0,0.0],"evs":[0.0,-4.16861,-4.29927]},"T3o":{"weight":1.0,"played":[1.0,0.0,0.0],"evs":[0.0,-3.95756,-4.07275]},"J3o":{"weight":1.0,"played":[1.0,0.0,0.0],"evs":[0.0,-3.84647,-3.93369]},"Q3o":{"weight":1.0,"played":[1.0,0.0,0.0],"evs":[0.0,-3.47619,-3.53561]},"K3o":{"weight":1.0,"played":[1.0,0.0,0.0],"evs":[0.0,-2.95781,-3.00891]},"A3o":{"weight":1.0,"played":[1.0,0.0,0.0],"evs":[0.0,-1.78582,-1.81187]},"42s":{"weight":1.0,"played":[1.0,0.0,0.0],"evs":[0.0,-3.33407,-3.37547]},"43s":{"weight":1.0,"played":[1.0,0.0,0.0],"evs":[0.0,-2.97535,-2.99295]},"44":{"weight":1.0,"played":[1.0,0.0,0.0],"evs":[0.0,-0.19099,-0.19747]},"54o":{"weight":1.0,"played":[1.0,0.0,0.0],"evs":[0.0,-3.31106,-3.3547]},"64o":{"weight":1.0,"played":[1.0,0.0,0.0],"evs":[0.0,-3.45266,-3.51486]},"74o":{"weight":1.0,"played":[1.0,0.0,0.0],"evs":[0.0,-3.72906,-3.8129]},"84o":{"weight":1.0,"played":[1.0,0.0,0.0],"evs":[0.0,-3.8591,-3.96025]},"94o":{"weight":1.0,"played":[1.0,0.0,0.0],"evs":[0.0,-4.07929,-4.20758]},"T4o":{"weight":1.0,"played":[1.0,0.0,0.0],"evs":[0.0,-3.80341,-3.90476]},"J4o":{"weight":1.0,"played":[1.0,0.0,0.0],"evs":[0.0,-3.68181,-3.76169]},"Q4o":{"weight":1.0,"played":[1.0,0.0,0.0],"evs":[0.0,-3.33503,-3.39183]},"K4o":{"weight":1.0,"played":[1.0,0.0,0.0],"evs":[0.0,-2.82422,-2.8726]},"A4o":{"weight":1.0,"played":[1.0,0.0,0.0],"evs":[0.0,-1.63167,-1.64765]},"52s":{"weight":1.0,"played":[1.0,0.0,0.0],"evs":[0.0,-3.27326,-3.3163]},"53s":{"weight":1.0,"played":[1.0,0.0,0.0],"evs":[0.0,-2.89986,-2.91643]},"54s":{"weight":1.0,"played":[1.0,0.0,0.0],"evs":[0.0,-2.49739,-2.48694]},"55":{"weight":1.0,"played":[1.0E-4,0.3053,0.6947],"evs":[0.0,0.29281,0.30086]},"65o":{"weight":1.0,"played":[1.0,0.0,0.0],"evs":[0.0,-3.12988,-3.16894]},"75o":{"weight":1.0,"played":[1.0,0.0,0.0],"evs":[0.0,-3.39946,-3.45495]},"85o":{"weight":1.0,"played":[1.0,0.0,0.0],"evs":[0.0,-3.54693,-3.62908]},"95o":{"weight":1.0,"played":[1.0,0.0,0.0],"evs":[0.0,-3.76767,-3.86804]},"T5o":{"weight":1.0,"played":[1.0,0.0,0.0],"evs":[0.0,-3.79541,-3.90481]},"J5o":{"weight":1.0,"played":[1.0,0.0,0.0],"evs":[0.0,-3.63527,-3.71812]},"Q5o":{"weight":1.0,"played":[1.0,0.0,0.0],"evs":[0.0,-3.25099,-3.30638]},"K5o":{"weight":1.0,"played":[1.0,0.0,0.0],"evs":[0.0,-2.71717,-2.769]},"A5o":{"weight":1.0,"played":[1.0,0.0,0.0],"evs":[0.0,-1.42002,-1.43211]},"62s":{"weight":1.0,"played":[1.0,0.0,0.0],"evs":[0.0,-3.38957,-3.44779]},"63s":{"weight":1.0,"played":[1.0,0.0,0.0],"evs":[0.0,-3.02682,-3.06162]},"64s":{"weight":1.0,"played":[1.0,0.0,0.0],"evs":[0.0,-2.65108,-2.66535]},"65s":{"weight":1.0,"played":[1.0,0.0,0.0],"evs":[0.0,-2.3378,-2.31714]},"66":{"weight":1.0,"played":[0.0,0.3665,0.6335],"evs":[0.0,0.75532,0.76142]},"76o":{"weight":1.0,"played":[1.0,0.0,0.0],"evs":[0.0,-2.94317,-2.98027]},"86o":{"weight":1.0,"played":[1.0,0.0,0.0],"evs":[0.0,-3.11377,-3.17822]},"96o":{"weight":1.0,"played":[1.0,0.0,0.0],"evs":[0.0,-3.30291,-3.38686]},"T6o":{"weight":1.0,"played":[1.0,0.0,0.0],"evs":[0.0,-3.35404,-3.44358]},"J6o":{"weight":1.0,"played":[1.0,0.0,0.0],"evs":[0.0,-3.48993,-3.5737]},"Q6o":{"weight":1.0,"played":[1.0,0.0,0.0],"evs":[0.0,-3.05637,-3.10645]},"K6o":{"weight":1.0,"played":[1.0,0.0,0.0],"evs":[0.0,-2.52993,-2.57361]},"A6o":{"weight":1.0,"played":[1.0,0.0,0.0],"evs":[0.0,-1.48774,-1.52433]},"72s":{"weight":1.0,"played":[1.0,0.0,0.0],"evs":[0.0,-3.62821,-3.69939]},"73s":{"weight":1.0,"played":[1.0,0.0,0.0],"evs":[0.0,-3.29183,-3.34245]},"74s":{"weight":1.0,"played":[1.0,0.0,0.0],"evs":[0.0,-2.87681,-2.90847]},"75s":{"weight":1.0,"played":[1.0,0.0,0.0],"evs":[0.0,-2.62212,-2.63046]},"76s":{"weight":1.0,"played":[1.0,0.0,0.0],"evs":[0.0,-2.21914,-2.20141]},"77":{"weight":1.0,"played":[0.0,0.0937,0.9063],"evs":[0.0,1.16093,1.16738]},"87o":{"weight":1.0,"played":[1.0,0.0,0.0],"evs":[0.0,-2.91484,-2.9646]},"97o":{"weight":1.0,"played":[1.0,0.0,0.0],"evs":[0.0,-3.09864,-3.17414]},"T7o":{"weight":1.0,"played":[1.0,0.0,0.0],"evs":[0.0,-3.13398,-3.21376]},"J7o":{"weight":1.0,"played":[1.0,0.0,0.0],"evs":[0.0,-3.24671,-3.31047]},"Q7o":{"weight":1.0,"played":[1.0,0.0,0.0],"evs":[0.0,-3.11599,-3.17414]},"K7o":{"weight":1.0,"played":[1.0,0.0,0.0],"evs":[0.0,-2.52982,-2.57209]},"A7o":{"weight":1.0,"played":[1.0,0.0,0.0],"evs":[0.0,-1.12304,-1.1518]},"82s":{"weight":1.0,"played":[1.0,0.0,0.0],"evs":[0.0,-3.50221,-3.56298]},"83s":{"weight":1.0,"played":[1.0,0.0,0.0],"evs":[0.0,-3.37659,-3.45236]},"84s":{"weight":1.0,"played":[1.0,0.0,0.0],"evs":[0.0,-3.00643,-3.05229]},"85s":{"weight":1.0,"played":[1.0,0.0,0.0],"evs":[0.0,-2.73379,-2.76418]},"86s":{"weight":1.0,"played":[1.0,0.0,0.0],"evs":[0.0,-2.30062,-2.31042]},"87s":{"weight":1.0,"played":[1.0,0.0,0.0],"evs":[0.0,-2.15167,-2.16004]},"88":{"weight":1.0,"played":[0.0,0.2128,0.7872],"evs":[0.0,1.67738,1.68263]},"98o":{"weight":1.0,"played":[1.0,0.0,0.0],"evs":[0.0,-2.76728,-2.83319]},"T8o":{"weight":1.0,"played":[1.0,0.0,0.0],"evs":[0.0,-2.80223,-2.86621]},"J8o":{"weight":1.0,"played":[1.0,0.0,0.0],"evs":[0.0,-2.90967,-2.96799]},"Q8o":{"weight":1.0,"played":[1.0,0.0,0.0],"evs":[0.0,-2.76413,-2.81334]},"K8o":{"weight":1.0,"played":[1.0,0.0,0.0],"evs":[0.0,-2.44219,-2.49547]},"A8o":{"weight":1.0,"played":[1.0,0.0,0.0],"evs":[0.0,-0.61889,-0.64959]},"92s":{"weight":1.0,"played":[1.0,0.0,0.0],"evs":[0.0,-3.45589,-3.54151]},"93s":{"weight":1.0,"played":[1.0,0.0,0.0],"evs":[0.0,-3.29297,-3.34994]},"94s":{"weight":1.0,"played":[1.0,0.0,0.0],"evs":[0.0,-3.25013,-3.31439]},"95s":{"weight":1.0,"played":[1.0,0.0,0.0],"evs":[0.0,-2.89917,-2.94032]},"96s":{"weight":1.0,"played":[1.0,0.0,0.0],"evs":[0.0,-2.49125,-2.51035]},"97s":{"weight":1.0,"played":[1.0,0.0,0.0],"evs":[0.0,-2.31365,-2.32795]},"98s":{"weight":1.0,"played":[1.0,0.0,0.0],"evs":[0.0,-2.00399,-2.01213]},"99":{"weight":1.0,"played":[0.0,0.0069,0.9931],"evs":[0.0,2.42171,2.42823]},"T9o":{"weight":1.0,"played":[1.0,0.0,0.0],"evs":[0.0,-2.46789,-2.51708]},"J9o":{"weight":1.0,"played":[1.0,0.0,0.0],"evs":[0.0,-2.57591,-2.61383]},"Q9o":{"weight":1.0,"played":[1.0,0.0,0.0],"evs":[0.0,-2.39221,-2.42349]},"K9o":{"weight":1.0,"played":[1.0,0.0,0.0],"evs":[0.0,-2.01896,-2.05862]},"A9o":{"weight":1.0,"played":[0.278,0.7215,5.0E-4],"evs":[0.0,0.00607,-0.01794]},"T2s":{"weight":1.0,"played":[1.0,0.0,0.0],