{"player":1,"street":0,"children":3,"sequence":[{"player":0,"type":"R","amount":10259600,"street":0}],"actions":[{"type":"F","amount":0,"node":32},{"type":"C","amount":10259600,"node":65},{"type":"R","amount":14620700,"node":121}],"hands":{"22":{"weight":1.0,"played":[1.0,0.0,0.0],"evs":[0.0,-0.54317,-0.54088]},"32o":{"weight":1.0,"played":[1.0,0.0,0.0],"evs":[0.0,-4.19894,-4.20588]},"42o":{"weight":1.0,"played":[1.0,0.0,0.0],"evs":[0.0,-4.02392,-4.02984]},"52o":{"weight":1.0,"played":[1.0,0.0,0.0],"evs":[0.0,-3.90181,-3.90719]},"62o":{"weight":1.0,"played":[1.0,0.0,0.0],"evs":[0.0,-4.17511,-4.18175]},"72o":{"weight":1.0,"played":[1.0,0.0,0.0],"evs":[0.0,-4.4185,-4.4268]},"82o":{"weight":1.0,"played":[1.0,0.0,0.0],"evs":[0.0,-4.19646,-4.20096]},"92o":{"weight":1.0,"played":[1.0,0.0,0.0],"evs":[0.0,-4.1617,-4.16502]},"T2o":{"weight":1.0,"played":[1.0,0.0,0.0],"evs":[0.0,-4.0469,-4.04853]},"J2o":{"weight":1.0,"played":[1.0,0.0,0.0],"evs":[0.0,-3.88902,-3.89072]},"Q2o":{"weight":1.0,"played":[1.0,0.0,0.0],"evs":[0.0,-3.59405,-3.59639]},"K2o":{"weight":1.0,"played":[1.0,0.0,0.0],"evs":[0.0,-3.08012,-3.08047]},"A2o":{"weight":1.0,"played":[1.0,0.0,0.0],"evs":[0.0,-1.75026,-1.75066]},"32s":{"weight":1.0,"played":[1.0,0.0,0.0],"evs":[0.0,-3.05769,-3.06303]},"33":{"weight":1.0,"played":[1.0,0.0,0.0],"evs":[0.0,-0.08375,-0.08211]},"43o":{"weight":1.0,"played":[1.0,0.0,0.0],"evs":[0.0,-3.52077,-3.52518]},"53o":{"weight":1.0,"played":[1.0,0.0,0.0],"evs":[0.0,-3.38625,-3.38999]},"63o":{"weight":1.0,"played":[1.0,0.0,0.0],"evs":[0.0,-3.66586,-3.67164]},"73o":{"weight":1.0,"played":[1.0,0.0,0.0],"evs":[0.0,-3.91908,-3.92364]},"83o":{"weight":1.0,"played":[1.0,0.0,0.0],"evs":[0.0,-4.10769,-4.11278]},"93o":{"weight":1.0,"played":[1.0,0.0,0.0],"evs":[0.0,-3.98744,-3.9907]},"T3o":{"weight":1.0,"played":[1.0,0.0,0.0],"evs":[0.0,-3.86681,-3.86898]},"J3o":{"weight":1.0,"played":[1.0,0.0,0.0],"evs":[0.0,-3.72032,-3.72256]},"Q3o":{"weight":1.0,"played":[1.0,0.0,0.0],"evs":[0.0,-3.4327,-3.43475]},"K3o":{"weight":1.0,"played":[1.0,0.0,0.0],"evs":[0.0,-2.91091,-2.91153]},"A3o":{"weight":1.0,"played":[1.0,0.0,0.0],"evs":[0.0,-1.56577,-1.56691]},"42s":{"weight":1.0,"played":[1.0,0.0,0.0],"evs":[0.0,-2.9016,-2.90508]},"43s":{"weight":1.0,"played":[1.0,0.0,0.0],"evs":[0.0,-2.43413,-2.43537]},"44":{"weight":1.0,"played":[0.0,0.8847,0.1153],"evs":[0.0,0.39232,0.39302]},"54o":{"weight":1.0,"played":[1.0,0.0,0.0],"evs":[0.0,-2.90607,-2.90761]},"64o":{"weight":1.0,"played":[1.0,0.0,0.0],"evs":[0.0,-3.17363,-3.17724]},"74o":{"weight":1.0,"played":[1.0,0.0,0.0],"evs":[0.0,-3.41699,-3.42038]},"84o":{"weight":1.0,"played":[1.0,0.0,0.0],"evs":[0.0,-3.62207,-3.62462]},"94o":{"weight":1.0,"played":[1.0,0.0,0.0],"evs":[0.0,-3.89876,-3.90129]},"T4o":{"weight":1.0,"played":[1.0,0.0,0.0],"evs":[0.0,-3.70339,-3.70505]},"J4o":{"weight":1.0,"played":[1.0,0.0,0.0],"evs":[0.0,-3.54014,-3.54138]},"Q4o":{"weight":1.0,"played":[1.0,0.0,0.0],"evs":[0.0,-3.24575,-3.24751]},"K4o":{"weight":1.0,"played":[1.0,0.0,0.0],"evs":[0.0,-2.74568,-2.74541]},"A4o":{"weight":1.0,"played":[1.0,0.0,0.0],"evs":[0.0,-1.39448,-1.39427]},"52s":{"weight":1.0,"played":[1.0,0.0,0.0],"evs":[0.0,-2.78468,-2.78777]},"53s":{"weight":1.0,"played":[1.0,0.0,0.0],"evs":[0.0,-2.29772,-2.29966]},"54s":{"weight":1.0,"played":[1.0,0.0,0.0],"evs":[0.0,-1.85621,-1.85652]},"55":{"weight":1.0,"played":[0.0,0.3928,0.6072],"evs":[0.0,0.8844,0.8865]},"65o":{"weight":1.0,"played":[1.0,0.0,0.0],"evs":[0.0,-2.75843,-2.76177]},"75o":{"weight":1.0,"played":[1.0,0.0,0.0],"evs":[0.0,-3.00641,-3.00893]},"85o":{"weight":1.0,"played":[1.0,0.0,0.0],"evs":[0.0,-3.20058,-3.20229]},"95o":{"weight":1.0,"played":[1.0,0.0,0.0],"evs":[0.0,-3.49389,-3.49496]},"T5o":{"weight":1.0,"played":[1.0,0.0,0.0],"evs":[0.0,-3.69856,-3.69958]},"J5o":{"weight":1.0,"played":[1.0,0.0,0.0],"evs":[0.0,-3.4696,-3.47069]},"Q5o":{"weight":1.0,"played":[1.0,0.0,0.0],"evs":[0.0,-3.16538,-3.16707]},"K5o":{"weight":1.0,"played":[1.0,0.0,0.0],"evs":[0.0,-2.64974,-2.64999]},"A5o":{"weight":1.0,"played":[1.0,0.0,0.0],"evs":[0.0,-1.16672,-1.16634]},"62s":{"weight":1.0,"played":[1.0,0.0,0.0],"evs":[0.0,-3.04525,-3.0479]},"63s":{"weight":1.0,"played":[1.0,0.0,0.0],"evs":[0.0,-2.56549,-2.5682]},"64s":{"weight":1.0,"played":[1.0,0.0,0.0],"evs":[0.0,-2.10728,-2.10863]},"65s":{"weight":1.0,"played":[1.0,0.0,0.0],"evs":[0.0,-1.7292,-1.72958]},"66":{"weight":1.0,"played":[0.0,0.3249,0.6751],"evs":[0.0,1.46589,1.4689]},"76o":{"weight":1.0,"played":[1.0,0.0,0.0],"evs":[0.0,-2.57769,-2.57977]},"86o":{"weight":1.0,"played":[1.0,0.0,0.0],"evs":[0.0,-2.73393,-2.73484]},"96o":{"weight":1.0,"played":[1.0,0.0,0.0],"evs":[0.0,-3.02694,-3.02853]},"T6o":{"weight":1.0,"played":[1.0,0.0,0.0],"evs":[0.0,-3.22405,-3.22489]},"J6o":{"weight":1.0,"played":[1.0,0.0,0.0],"evs":[0.0,-3.38083,-3.3824]},"Q6o":{"weight":1.0,"played":[1.0,0.0,0.0],"evs":[0.0,-3.01222,-3.01405]},"K6o":{"weight":1.0,"played":[1.0,0.0,0.0],"evs":[0.0,-2.49172,-2.49135]},"A6o":{"weight":1.0,"played":[1.0,0.0,0.0],"evs":[0.0,-1.24557,-1.24555]},"72s":{"weight":1.0,"played":[1.0,0.0,0.0],"evs":[0.0,-3.26866,-3.27399]},"73s":{"weight":1.0,"played":[1.0,0.0,0.0],"evs":[0.0,-2.79132,-2.79351]},"74s":{"weight":1.0,"played":[1.0,0.0,0.0],"evs":[0.0,-2.33493,-2.33542]},"75s":{"weight":1.0,"played":[1.0,0.0,0.0],"evs":[0.0,-1.94356,-1.94466]},"76s":{"weight":1.0,"played":[1.0,0.0,0.0],"evs":[0.0,-1.53665,-1.53739]},"77":{"weight":1.0,"played":[0.0,0.3565,0.6435],"evs":[0.0,2.03999,2.0418]},"87o":{"weight":1.0,"played":[1.0,0.0,0.0],"evs":[0.0,-2.37127,-2.37275]},"97o":{"weight":1.0,"played":[1.0,0.0,0.0],"evs":[0.0,-2.60604,-2.60681]},"T7o":{"weight":1.0,"played":[1.0,0.0,0.0],"evs":[0.0,-2.79852,-2.80001]},"J7o":{"weight":1.0,"played":[1.0,0.0,0.0],"evs":[0.0,-2.96134,-2.96298]},"Q7o":{"weight":1.0,"played":[1.0,0.0,0.0],"evs":[0.0,-2.96323,-2.96389]},"K7o":{"weight":1.0,"played":[1.0,0.0,0.0],"evs":[0.0,-2.37085,-2.37006]},"A7o":{"weight":1.0,"played":[1.0,0.0,0.0],"evs":[0.0,-0.75971,-0.76033]},"82s":{"weight":1.0,"played":[1.0,0.0,0.0],"evs":[0.0,-3.06772,-3.0702]},"83s":{"weight":1.0,"played":[1.0,0.0,0.0],"evs":[0.0,-2.97437,-2.97613]},"84s":{"weight":1.0,"played":[1.0,0.0,0.0],"evs":[0.0,-2.51379,-2.51515]},"85s":{"weight":1.0,"played":[1.0,0.0,0.0],"evs":[0.0,-2.12476,-2.12451]},"86s":{"weight":1.0,"played":[1.0,0.0,0.0],"evs":[0.0,-1.68876,-1.68894]},"87s":{"weight":1.0,"played":[1.0,0.0,0.0],"evs":[0.0,-1.35167,-1.35196]},"88":{"weight":1.0,"played":[0.0,0.5544,0.4456],"evs":[0.0,2.74083,2.74055]},"98o":{"weight":1.0,"played":[1.0,0.0,0.0],"evs":[0.0,-2.21359,-2.21434]},"T8o":{"weight":1.0,"played":[1.0,0.0,0.0],"evs":[0.0,-2.35204,-2.35248]},"J8o":{"weight":1.0,"played":[1.0,0.0,0.0],"evs":[0.0,-2.51296,-2.51466]},"Q8o":{"weight":1.0,"played":[1.0,0.0,0.0],"evs":[0.0,-2.52112,-2.5211]},"K8o":{"weight":1.0,"played":[1.0,0.0,0.0],"evs":[0.0,-2.26803,-2.26841]},"A8o":{"weight":1.0,"played":[1.0,0.0,0.0],"evs":[0.0,-0.22915,-0.22874]},"92s":{"weight":1.0,"played":[1.0,0.0,0.0],"evs":[0.0,-2.9904,-2.99219]},"93s":{"weight":1.0,"played":[1.0,0.0,0.0],"evs":[0.0,-2.84832,-2.84949]},"94s":{"weight":1.0,"played":[1.0,0.0,0.0],"evs":[0.0,-2.76716,-2.76862]},"95s":{"weight":1.0,"played":[1.0,0.0,0.0],"evs":[0.0,-2.38638,-2.38495]},"96s":{"weight":1.0,"played":[1.0,0.0,0.0],"evs":[0.0,-1.94621,-1.94581]},"97s":{"weight":1.0,"played":[1.0,0.0,0.0],"evs":[0.0,-1.56024,-1.56045]},"98s":{"weight":1.0,"played":[1.0,0.0,0.0],"evs":[0.0,-1.19109,-1.19093]},"99":{"weight":1.0,"played":[0.0,0.564,0.436],"evs":[0.0,3.56576,3.56434]},"T9o":{"weight":1.0,"played":[1.0,0.0,0.0],"evs":[0.0,-1.94123,-1.94208]},"J9o":{"weight":1.0,"played":[1.0,0.0,0.0],"evs":[0.0,-2.06664,-2.068]},"Q9o":{"weight":1.0,"played":[1.0,0.0,0.0],"evs":[0.0,-2.05924,-2.06006]},"K9o":{"weight":1.0,"played":[1.0,0.0,0.0],"evs":[0.0,-1.76973,-1.77043]},"A9o":{"weight":1.0,"played":[0.0,0.2834,0.7166],"evs":[0.0,0.45125,0.44785]},"T2s":{"weight":1.0,"played":[1.0,0.0,0.0],