{"player":2,"street":0,"children":3,"sequence":[{"player":0,"type":"R","amount":10259600,"street":0},{"player":1,"type":"F","amount":0,"street":0}],"actions":[{"type":"F","amount":0,"node":33},{"type":"C","amount":10259600,"node":45},{"type":"R","amount":12230900,"node":58}],"hands":{"22":{"weight":1.0,"played":[1.0,0.0,0.0],"evs":[0.0,-0.51817,-0.51928]},"32o":{"weight":1.0,"played":[1.0,0.0,0.0],"evs":[0.0,-4.33366,-4.33651]},"42o":{"weight":1.0,"played":[1.0,0.0,0.0],"evs":[0.0,-4.14751,-4.14973]},"52o":{"weight":1.0,"played":[1.0,0.0,0.0],"evs":[0.0,-4.01436,-4.0163]},"62o":{"weight":1.0,"played":[1.0,0.0,0.0],"evs":[0.0,-4.30434,-4.30679]},"72o":{"weight":1.0,"played":[1.0,0.0,0.0],"evs":[0.0,-4.53131,-4.53359]},"82o":{"weight":1.0,"played":[1.0,0.0,0.0],"evs":[0.0,-4.30103,-4.30194]},"92o":{"weight":1.0,"played":[1.0,0.0,0.0],"evs":[0.0,-4.27084,-4.27061]},"T2o":{"weight":1.0,"played":[1.0,0.0,0.0],"evs":[0.0,-4.15722,-4.15848]},"J2o":{"weight":1.0,"played":[1.0,0.0,0.0],"evs":[0.0,-3.99885,-3.99988]},"Q2o":{"weight":1.0,"played":[1.0,0.0,0.0],"evs":[0.0,-3.6801,-3.68133]},"K2o":{"weight":1.0,"played":[1.0,0.0,0.0],"evs":[0.0,-3.15092,-3.15195]},"A2o":{"weight":1.0,"played":[1.0,0.0,0.0],"evs":[0.0,-1.66962,-1.66754]},"32s":{"weight":1.0,"played":[1.0,0.0,0.0],"evs":[0.0,-3.19982,-3.20136]},"33":{"weight":1.0,"played":[0.9961,0.0021,0.0018],"evs":[0.0,-0.03374,-0.03424]},"43o":{"weight":1.0,"played":[1.0,0.0,0.0],"evs":[0.0,-3.64774,-3.64948]},"53o":{"weight":1.0,"played":[1.0,0.0,0.0],"evs":[0.0,-3.51426,-3.51603]},"63o":{"weight":1.0,"played":[1.0,0.0,0.0],"evs":[0.0,-3.79002,-3.79222]},"73o":{"weight":1.0,"played":[1.0,0.0,0.0],"evs":[0.0,-4.02738,-4.02868]},"83o":{"weight":1.0,"played":[1.0,0.0,0.0],"evs":[0.0,-4.2172,-4.2186]},"93o":{"weight":1.0,"played":[1.0,0.0,0.0],"evs":[0.0,-4.08838,-4.08843]},"T3o":{"weight":1.0,"played":[1.0,0.0,0.0],"evs":[0.0,-3.98099,-3.98181]},"J3o":{"weight":1.0,"played":[1.0,0.0,0.0],"evs":[0.0,-3.81342,-3.81447]},"Q3o":{"weight":1.0,"played":[1.0,0.0,0.0],"evs":[0.0,-3.4933,-3.49419]},"K3o":{"weight":1.0,"played":[1.0,0.0,0.0],"evs":[0.0,-2.9699,-2.97077]},"A3o":{"weight":1.0,"played":[1.0,0.0,0.0],"evs":[0.0,-1.48733,-1.48583]},"42s":{"weight":1.0,"played":[1.0,0.0,0.0],"evs":[0.0,-3.02638,-3.02809]},"43s":{"weight":1.0,"played":[1.0,0.0,0.0],"evs":[0.0,-2.56062,-2.56174]},"44":{"weight":1.0,"played":[0.0,0.4649,0.5351],"evs":[0.0,0.42619,0.4257]},"54o":{"weight":1.0,"played":[1.0,0.0,0.0],"evs":[0.0,-3.02709,-3.02829]},"64o":{"weight":1.0,"played":[1.0,0.0,0.0],"evs":[0.0,-3.29676,-3.29875]},"74o":{"weight":1.0,"played":[1.0,0.0,0.0],"evs":[0.0,-3.51859,-3.51993]},"84o":{"weight":1.0,"played":[1.0,0.0,0.0],"evs":[0.0,-3.71723,-3.71798]},"94o":{"weight":1.0,"played":[1.0,0.0,0.0],"evs":[0.0,-3.99422,-3.99426]},"T4o":{"weight":1.0,"played":[1.0,0.0,0.0],"evs":[0.0,-3.80045,-3.80093]},"J4o":{"weight":1.0,"played":[1.0,0.0,0.0],"evs":[0.0,-3.63526,-3.63624]},"Q4o":{"weight":1.0,"played":[1.0,0.0,0.0],"evs":[0.0,-3.32522,-3.32613]},"K4o":{"weight":1.0,"played":[1.0,0.0,0.0],"evs":[0.0,-2.79945,-2.80088]},"A4o":{"weight":1.0,"played":[1.0,0.0,0.0],"evs":[0.0,-1.3127,-1.31058]},"52s":{"weight":1.0,"played":[1.0,0.0,0.0],"evs":[0.0,-2.90644,-2.90849]},"53s":{"weight":1.0,"played":[1.0,0.0,0.0],"evs":[0.0,-2.42179,-2.42302]},"54s":{"weight":1.0,"played":[1.0,0.0,0.0],"evs":[0.0,-1.97737,-1.97846]},"55":{"weight":1.0,"played":[0.0,0.8999,0.1001],"evs":[0.0,0.96555,0.96501]},"65o":{"weight":1.0,"played":[1.0,0.0,0.0],"evs":[0.0,-2.88619,-2.88749]},"75o":{"weight":1.0,"played":[1.0,0.0,0.0],"evs":[0.0,-3.09924,-3.10057]},"85o":{"weight":1.0,"played":[1.0,0.0,0.0],"evs":[0.0,-3.30105,-3.30156]},"95o":{"weight":1.0,"played":[1.0,0.0,0.0],"evs":[0.0,-3.58939,-3.58974]},"T5o":{"weight":1.0,"played":[1.0,0.0,0.0],"evs":[0.0,-3.7932,-3.7939]},"J5o":{"weight":1.0,"played":[1.0,0.0,0.0],"evs":[0.0,-3.5542,-3.55509]},"Q5o":{"weight":1.0,"played":[1.0,0.0,0.0],"evs":[0.0,-3.23481,-3.23602]},"K5o":{"weight":1.0,"played":[1.0,0.0,0.0],"evs":[0.0,-2.71361,-2.71447]},"A5o":{"weight":1.0,"played":[1.0,0.0,0.0],"evs":[0.0,-1.0747,-1.07292]},"62s":{"weight":1.0,"played":[1.0,0.0,0.0],"evs":[0.0,-3.15072,-3.15256]},"63s":{"weight":1.0,"played":[1.0,0.0,0.0],"evs":[0.0,-2.68797,-2.68924]},"64s":{"weight":1.0,"played":[1.0,0.0,0.0],"evs":[0.0,-2.21241,-2.21327]},"65s":{"weight":1.0,"played":[1.0,0.0,0.0],"evs":[0.0,-1.83396,-1.83507]},"66":{"weight":1.0,"played":[0.0,0.3945,0.6055],"evs":[0.0,1.57076,1.571]},"76o":{"weight":1.0,"played":[1.0,0.0,0.0],"evs":[0.0,-2.66339,-2.66431]},"86o":{"weight":1.0,"played":[1.0,0.0,0.0],"evs":[0.0,-2.84345,-2.84405]},"96o":{"weight":1.0,"played":[1.0,0.0,0.0],"evs":[0.0,-3.11006,-3.10987]},"T6o":{"weight":1.0,"played":[1.0,0.0,0.0],"evs":[0.0,-3.31242,-3.31318]},"J6o":{"weight":1.0,"played":[1.0,0.0,0.0],"evs":[0.0,-3.4728,-3.47398]},"Q6o":{"weight":1.0,"played":[1.0,0.0,0.0],"evs":[0.0,-3.0749,-3.07565]},"K6o":{"weight":1.0,"played":[1.0,0.0,0.0],"evs":[0.0,-2.545,-2.54631]},"A6o":{"weight":1.0,"played":[1.0,0.0,0.0],"evs":[0.0,-1.12535,-1.12354]},"72s":{"weight":1.0,"played":[1.0,0.0,0.0],"evs":[0.0,-3.37647,-3.37791]},"73s":{"weight":1.0,"played":[1.0,0.0,0.0],"evs":[0.0,-2.90649,-2.90768]},"74s":{"weight":1.0,"played":[1.0,0.0,0.0],"evs":[0.0,-2.43285,-2.43346]},"75s":{"weight":1.0,"played":[1.0,0.0,0.0],"evs":[0.0,-2.03968,-2.04064]},"76s":{"weight":1.0,"played":[1.0,0.0,0.0],"evs":[0.0,-1.61288,-1.61337]},"77":{"weight":1.0,"played":[0.0,0.5582,0.4418],"evs":[0.0,2.20521,2.20538]},"87o":{"weight":1.0,"played":[1.0,0.0,0.0],"evs":[0.0,-2.44672,-2.44679]},"97o":{"weight":1.0,"played":[1.0,0.0,0.0],"evs":[0.0,-2.68186,-2.68165]},"T7o":{"weight":1.0,"played":[1.0,0.0,0.0],"evs":[0.0,-2.86586,-2.86673]},"J7o":{"weight":1.0,"played":[1.0,0.0,0.0],"evs":[0.0,-3.03676,-3.03747]},"Q7o":{"weight":1.0,"played":[1.0,0.0,0.0],"evs":[0.0,-3.01824,-3.0189]},"K7o":{"weight":1.0,"played":[1.0,0.0,0.0],"evs":[0.0,-2.41377,-2.41442]},"A7o":{"weight":1.0,"played":[1.0,0.0,0.0],"evs":[0.0,-0.61749,-0.61525]},"82s":{"weight":1.0,"played":[1.0,0.0,0.0],"evs":[0.0,-3.16126,-3.16188]},"83s":{"weight":1.0,"played":[1.0,0.0,0.0],"evs":[0.0,-3.08232,-3.0828]},"84s":{"weight":1.0,"played":[1.0,0.0,0.0],"evs":[0.0,-2.62186,-2.62249]},"85s":{"weight":1.0,"played":[1.0,0.0,0.0],"evs":[0.0,-2.20942,-2.2096]},"86s":{"weight":1.0,"played":[1.0,0.0,0.0],"evs":[0.0,-1.78648,-1.78748]},"87s":{"weight":1.0,"played":[1.0,0.0,0.0],"evs":[0.0,-1.43059,-1.43048]},"88":{"weight":1.0,"played":[0.0,0.0938,0.9062],"evs":[0.0,2.90942,2.91059]},"98o":{"weight":1.0,"played":[1.0,0.0,0.0],"evs":[0.0,-2.28045,-2.28031]},"T8o":{"weight":1.0,"played":[1.0,0.0,0.0],"evs":[0.0,-2.42431,-2.42474]},"J8o":{"weight":1.0,"played":[1.0,0.0,0.0],"evs":[0.0,-2.58425,-2.58458]},"Q8o":{"weight":1.0,"played":[1.0,0.0,0.0],"evs":[0.0,-2.57412,-2.57494]},"K8o":{"weight":1.0,"played":[1.0,0.0,0.0],"evs":[0.0,-2.31447,-2.31519]},"A8o":{"weight":1.0,"played":[1.0,0.0,0.0],"evs":[0.0,-0.05256,-0.05011]},"92s":{"weight":1.0,"played":[1.0,0.0,0.0],"evs":[0.0,-3.09862,-3.0989]},"93s":{"weight":1.0,"played":[1.0,0.0,0.0],"evs":[0.0,-2.9487,-2.94851]},"94s":{"weight":1.0,"played":[1.0,0.0,0.0],"evs":[0.0,-2.85269,-2.8529]},"95s":{"weight":1.0,"played":[1.0,0.0,0.0],"evs":[0.0,-2.47952,-2.47911]},"96s":{"weight":1.0,"played":[1.0,0.0,0.0],"evs":[0.0,-2.03264,-2.03264]},"97s":{"weight":1.0,"played":[1.0,0.0,0.0],"evs":[0.0,-1.63376,-1.63423]},"98s":{"weight":1.0,"played":[1.0,0.0,0.0],"evs":[0.0,-1.26736,-1.26707]},"99":{"weight":1.0,"played":[0.0,0.6936,0.3064],"evs":[0.0,3.71481,3.71417]},"T9o":{"weight":1.0,"played":[1.0,0.0,0.0],"evs":[0.0,-2.01058,-2.01018]},"J9o":{"weight":1.0,"played":[1.0,0.0,0.0],"evs":[0.0,-2.1405,-2.13985]},"Q9o":{"weight":1.0,"played":[1.0,0.0,0.0],"evs":[0.0,-2.10399,-2.10343]},"K9o":{"weight":1.0,"played":[1.0,0.0,0.0],"evs":[0.0,-1.80959,-1.80932]},"A9o":{"weight":1.0,"played":[0.0,0.3319,0.6681],"evs":[0.0,0.67015,0.67133]},