{"player":1,"street":0,"children":3,"sequence":[{"player":0,"type":"R","amount":14040000,"street":0}],"actions":[{"type":"F","amount":0,"node":129},{"type":"C","amount":14040000,"node":206},{"type":"R","amount":15240000,"node":265}],"hands":{"22":{"weight":1.0,"played":[1.0,0.0,0.0],"evs":[0.0,-1.36646,-1.36704]},"32o":{"weight":1.0,"played":[1.0,0.0,0.0],"evs":[0.0,-3.54316,-3.55337]},"42o":{"weight":1.0,"played":[1.0,0.0,0.0],"evs":[0.0,-3.50174,-3.51171]},"52o":{"weight":1.0,"played":[1.0,0.0,0.0],"evs":[0.0,-3.40202,-3.41081]},"62o":{"weight":1.0,"played":[1.0,0.0,0.0],"evs":[0.0,-3.56413,-3.57497]},"72o":{"weight":1.0,"played":[1.0,0.0,0.0],"evs":[0.0,-3.71378,-3.72588]},"82o":{"weight":1.0,"played":[1.0,0.0,0.0],"evs":[0.0,-3.5913,-3.60308]},"92o":{"weight":1.0,"played":[1.0,0.0,0.0],"evs":[0.0,-3.59736,-3.60777]},"T2o":{"weight":1.0,"played":[1.0,0.0,0.0],"evs":[0.0,-3.5279,-3.53588]},"J2o":{"weight":1.0,"played":[1.0,0.0,0.0],"evs":[0.0,-3.45801,-3.46486]},"Q2o":{"weight":1.0,"played":[1.0,0.0,0.0],"evs":[0.0,-3.30589,-3.31131]},"K2o":{"weight":1.0,"played":[1.0,0.0,0.0],"evs":[0.0,-3.09216,-3.09654]},"A2o":{"weight":1.0,"played":[1.0,0.0,0.0],"evs":[0.0,-2.15638,-2.15903]},"32s":{"weight":1.0,"played":[1.0,0.0,0.0],"evs":[0.0,-2.89102,-2.89828]},"33":{"weight":1.0,"played":[1.0,0.0,0.0],"evs":[0.0,-1.26109,-1.26163]},"43o":{"weight":1.0,"played":[1.0,0.0,0.0],"evs":[0.0,-3.25714,-3.26543]},"53o":{"weight":1.0,"played":[1.0,0.0,0.0],"evs":[0.0,-3.14772,-3.15509]},"63o":{"weight":1.0,"played":[1.0,0.0,0.0],"evs":[0.0,-3.3087,-3.31775]},"73o":{"weight":1.0,"played":[1.0,0.0,0.0],"evs":[0.0,-3.46168,-3.4716]},"83o":{"weight":1.0,"played":[1.0,0.0,0.0],"evs":[0.0,-3.58293,-3.59461]},"93o":{"weight":1.0,"played":[1.0,0.0,0.0],"evs":[0.0,-3.53479,-3.54476]},"T3o":{"weight":1.0,"played":[1.0,0.0,0.0],"evs":[0.0,-3.45916,-3.46659]},"J3o":{"weight":1.0,"played":[1.0,0.0,0.0],"evs":[0.0,-3.39229,-3.39871]},"Q3o":{"weight":1.0,"played":[1.0,0.0,0.0],"evs":[0.0,-3.24082,-3.24588]},"K3o":{"weight":1.0,"played":[1.0,0.0,0.0],"evs":[0.0,-3.02736,-3.03169]},"A3o":{"weight":1.0,"played":[1.0,0.0,0.0],"evs":[0.0,-2.09622,-2.09838]},"42s":{"weight":1.0,"played":[1.0,0.0,0.0],"evs":[0.0,-2.85327,-2.8601]},"43s":{"weight":1.0,"played":[1.0,0.0,0.0],"evs":[0.0,-2.62245,-2.62822]},"44":{"weight":1.0,"played":[1.0,0.0,0.0],"evs":[0.0,-1.17042,-1.1707]},"54o":{"weight":1.0,"played":[1.0,0.0,0.0],"evs":[0.0,-2.93615,-2.94205]},"64o":{"weight":1.0,"played":[1.0,0.0,0.0],"evs":[0.0,-3.08423,-3.09148]},"74o":{"weight":1.0,"played":[1.0,0.0,0.0],"evs":[0.0,-3.23794,-3.24609]},"84o":{"weight":1.0,"played":[1.0,0.0,0.0],"evs":[0.0,-3.3592,-3.3687]},"94o":{"weight":1.0,"played":[1.0,0.0,0.0],"evs":[0.0,-3.55453,-3.56457]},"T4o":{"weight":1.0,"played":[1.0,0.0,0.0],"evs":[0.0,-3.4295,-3.43645]},"J4o":{"weight":1.0,"played":[1.0,0.0,0.0],"evs":[0.0,-3.35861,-3.36462]},"Q4o":{"weight":1.0,"played":[1.0,0.0,0.0],"evs":[0.0,-3.20705,-3.21173]},"K4o":{"weight":1.0,"played":[1.0,0.0,0.0],"evs":[0.0,-2.99513,-2.99901]},"A4o":{"weight":1.0,"played":[1.0,0.0,0.0],"evs":[0.0,-2.04194,-2.04422]},"52s":{"weight":1.0,"played":[1.0,0.0,0.0],"evs":[0.0,-2.75612,-2.76223]},"53s":{"weight":1.0,"played":[1.0,0.0,0.0],"evs":[0.0,-2.51884,-2.52418]},"54s":{"weight":1.0,"played":[1.0,0.0,0.0],"evs":[0.0,-2.31423,-2.31818]},"55":{"weight":1.0,"played":[1.0,0.0,0.0],"evs":[0.0,-0.9213,-0.92119]},"65o":{"weight":1.0,"played":[1.0,0.0,0.0],"evs":[0.0,-2.83246,-2.83866]},"75o":{"weight":1.0,"played":[1.0,0.0,0.0],"evs":[0.0,-2.97756,-2.98425]},"85o":{"weight":1.0,"played":[1.0,0.0,0.0],"evs":[0.0,-3.1012,-3.1094]},"95o":{"weight":1.0,"played":[1.0,0.0,0.0],"evs":[0.0,-3.29965,-3.30731]},"T5o":{"weight":1.0,"played":[1.0,0.0,0.0],"evs":[0.0,-3.41246,-3.4192]},"J5o":{"weight":1.0,"played":[1.0,0.0,0.0],"evs":[0.0,-3.29466,-3.30031]},"Q5o":{"weight":1.0,"played":[1.0,0.0,0.0],"evs":[0.0,-3.13854,-3.14299]},"K5o":{"weight":1.0,"played":[1.0,0.0,0.0],"evs":[0.0,-2.92132,-2.92494]},"A5o":{"weight":1.0,"played":[1.0,0.0,0.0],"evs":[0.0,-1.94099,-1.94325]},"62s":{"weight":1.0,"played":[1.0,0.0,0.0],"evs":[0.0,-2.90708,-2.91446]},"63s":{"weight":1.0,"played":[1.0,0.0,0.0],"evs":[0.0,-2.66938,-2.67538]},"64s":{"weight":1.0,"played":[1.0,0.0,0.0],"evs":[0.0,-2.45582,-2.46099]},"65s":{"weight":1.0,"played":[1.0,0.0,0.0],"evs":[0.0,-2.21048,-2.2146]},"66":{"weight":1.0,"played":[1.0,0.0,0.0],"evs":[0.0,-0.55661,-0.55698]},"76o":{"weight":1.0,"played":[1.0,0.0,0.0],"evs":[0.0,-2.71631,-2.72299]},"86o":{"weight":1.0,"played":[1.0,0.0,0.0],"evs":[0.0,-2.82756,-2.83534]},"96o":{"weight":1.0,"played":[1.0,0.0,0.0],"evs":[0.0,-3.01676,-3.02421]},"T6o":{"weight":1.0,"played":[1.0,0.0,0.0],"evs":[0.0,-3.12836,-3.13452]},"J6o":{"weight":1.0,"played":[1.0,0.0,0.0],"evs":[0.0,-3.24811,-3.25437]},"Q6o":{"weight":1.0,"played":[1.0,0.0,0.0],"evs":[0.0,-3.04791,-3.05269]},"K6o":{"weight":1.0,"played":[1.0,0.0,0.0],"evs":[0.0,-2.82624,-2.83008]},"A6o":{"weight":1.0,"played":[1.0,0.0,0.0],"evs":[0.0,-2.04063,-2.0436]},"72s":{"weight":1.0,"played":[1.0,0.0,0.0],"evs":[0.0,-3.04908,-3.05769]},"73s":{"weight":1.0,"played":[1.0,0.0,0.0],"evs":[0.0,-2.80987,-2.81711]},"74s":{"weight":1.0,"played":[1.0,0.0,0.0],"evs":[0.0,-2.59877,-2.60426]},"75s":{"weight":1.0,"played":[1.0,0.0,0.0],"evs":[0.0,-2.34765,-2.35284]},"76s":{"weight":1.0,"played":[1.0,0.0,0.0],"evs":[0.0,-2.09971,-2.10429]},"77":{"weight":1.0,"played":[1.0,0.0,0.0],"evs":[0.0,-0.21314,-0.21279]},"87o":{"weight":1.0,"played":[1.0,0.0,0.0],"evs":[0.0,-2.61091,-2.61832]},"97o":{"weight":1.0,"played":[1.0,0.0,0.0],"evs":[0.0,-2.77848,-2.7858]},"T7o":{"weight":1.0,"played":[1.0,0.0,0.0],"evs":[0.0,-2.87815,-2.8842]},"J7o":{"weight":1.0,"played":[1.0,0.0,0.0],"evs":[0.0,-3.00078,-3.00599]},"Q7o":{"weight":1.0,"played":[1.0,0.0,0.0],"evs":[0.0,-3.02954,-3.03414]},"K7o":{"weight":1.0,"played":[1.0,0.0,0.0],"evs":[0.0,-2.76714,-2.77081]},"A7o":{"weight":1.0,"played":[1.0,0.0,0.0],"evs":[0.0,-1.85782,-1.8604]},"82s":{"weight":1.0,"played":[1.0,0.0,0.0],"evs":[0.0,-2.92624,-2.93482]},"83s":{"weight":1.0,"played":[1.0,0.0,0.0],"evs":[0.0,-2.92183,-2.93019]},"84s":{"weight":1.0,"played":[1.0,0.0,0.0],"evs":[0.0,-2.71003,-2.71722]},"85s":{"weight":1.0,"played":[1.0,0.0,0.0],"evs":[0.0,-2.46279,-2.46864]},"86s":{"weight":1.0,"played":[1.0,0.0,0.0],"evs":[0.0,-2.21186,-2.21724]},"87s":{"weight":1.0,"played":[1.0,0.0,0.0],"evs":[0.0,-2.00721,-2.01267]},"88":{"weight":1.0,"played":[0.0,0.7178,0.2822],"evs":[0.0,0.17061,0.16962]},"98o":{"weight":1.0,"played":[1.0,0.0,0.0],"evs":[0.0,-2.56069,-2.56789]},"T8o":{"weight":1.0,"played":[1.0,0.0,0.0],"evs":[0.0,-2.62668,-2.63261]},"J8o":{"weight":1.0,"played":[1.0,0.0,0.0],"evs":[0.0,-2.75477,-2.7599]},"Q8o":{"weight":1.0,"played":[1.0,0.0,0.0],"evs":[0.0,-2.79115,-2.79536]},"K8o":{"weight":1.0,"played":[1.0,0.0,0.0],"evs":[0.0,-2.72821,-2.73183]},"A8o":{"weight":1.0,"played":[1.0,0.0,0.0],"evs":[0.0,-1.68204,-1.6847]},"92s":{"weight":1.0,"played":[1.0,0.0,0.0],"evs":[0.0,-2.93857,-2.94618]},"93s":{"weight":1.0,"played":[1.0,0.0,0.0],"evs":[0.0,-2.87487,-2.88201]},"94s":{"weight":1.0,"played":[1.0,0.0,0.0],"evs":[0.0,-2.89153,-2.89858]},"95s":{"weight":1.0,"played":[1.0,0.0,0.0],"evs":[0.0,-2.65253,-2.65807]},"96s":{"weight":1.0,"played":[1.0,0.0,0.0],"evs":[0.0,-2.38381,-2.38948]},"97s":{"weight":1.0,"played":[1.0,0.0,0.0],"evs":[0.0,-2.15807,-2.1633]},"98s":{"weight":1.0,"played":[1.0,0.0,0.0],"evs":[0.0,-1.95256,-1.95776]},"99":{"weight":1.0,"played":[0.0,0.3691,0.6309],"evs":[0.0,0.64048,0.63957]},"T9o":{"weight":1.0,"played":[1.0,0.0,0.0],"evs":[0.0,-2.4683,-2.47312]},"J9o":{"weight":1.0,"played":[1.0,0.0,0.0],"evs":[0.0,-2.59127,-2.5955]},"Q9o":{"weight":1.0,"played":[1.0,0.0,0.0],"evs":[0.0,-2.63462,-2.63796]},"K9o":{"weight":1.0,"played":[1.0,0.0,0.0],"evs":[0.0,-2.58964,-2.59246]},"A9o":{"weight":1.0,"played":[1.0,0.0,0.0],"evs":[0.0,-1.31753,-1.31938]},"T2s":{"weight":1.0,"played":[1.0,0.0,0.0],"evs":[0.0,-2.86217,-2.86748]},