{"player":2,"street":0,"children":3,"sequence":[{"player":0,"type":"R","amount":7450000,"street":0},{"player":1,"type":"C","amount":7450000,"street":0}],"actions":[{"type":"F","amount":0,"node":16},{"type":"C","amount":6950000},{"type":"R","amount":11550000,"node":18}],"hands":{"22":{"weight":1.0,"played":[1.0,0.0,0.0],"evs":[0.0,-5.01865,-5.48461]},"32o":{"weight":1.0,"played":[1.0,0.0,0.0],"evs":[0.0,-6.67915,-9.36433]},"42o":{"weight":1.0,"played":[1.0,0.0,0.0],"evs":[0.0,-6.42686,-9.04992]},"52o":{"weight":1.0,"played":[1.0,0.0,0.0],"evs":[0.0,-6.33074,-8.8297]},"62o":{"weight":1.0,"played":[1.0,0.0,0.0],"evs":[0.0,-6.28598,-8.85814]},"72o":{"weight":1.0,"played":[1.0,0.0,0.0],"evs":[0.0,-6.45254,-9.1072]},"82o":{"weight":1.0,"played":[1.0,0.0,0.0],"evs":[0.0,-6.4568,-9.04123]},"92o":{"weight":1.0,"played":[1.0,0.0,0.0],"evs":[0.0,-6.25709,-8.78392]},"T2o":{"weight":1.0,"played":[1.0,0.0,0.0],"evs":[0.0,-6.17515,-8.64317]},"J2o":{"weight":1.0,"played":[1.0,0.0,0.0],"evs":[0.0,-6.32287,-8.91179]},"Q2o":{"weight":1.0,"played":[1.0,0.0,0.0],"evs":[0.0,-5.79162,-8.22185]},"K2o":{"weight":1.0,"played":[1.0,0.0,0.0],"evs":[0.0,-5.77805,-8.06114]},"A2o":{"weight":1.0,"played":[1.0,0.0,0.0],"evs":[0.0,-5.91309,-7.54715]},"32s":{"weight":1.0,"played":[1.0,0.0,0.0],"evs":[0.0,-5.52796,-7.75162]},"33":{"weight":1.0,"played":[1.0,0.0,0.0],"evs":[0.0,-4.49541,-4.79833]},"43o":{"weight":1.0,"played":[1.0,0.0,0.0],"evs":[0.0,-6.0616,-8.42767]},"53o":{"weight":1.0,"played":[1.0,0.0,0.0],"evs":[0.0,-5.7626,-8.02228]},"63o":{"weight":1.0,"played":[1.0,0.0,0.0],"evs":[0.0,-5.80085,-8.18387]},"73o":{"weight":1.0,"played":[1.0,0.0,0.0],"evs":[0.0,-6.07737,-8.52305]},"83o":{"weight":1.0,"played":[1.0,0.0,0.0],"evs":[0.0,-6.38718,-8.99165]},"93o":{"weight":1.0,"played":[1.0,0.0,0.0],"evs":[0.0,-6.27803,-8.72709]},"T3o":{"weight":1.0,"played":[1.0,0.0,0.0],"evs":[0.0,-6.06929,-8.50167]},"J3o":{"weight":1.0,"played":[1.0,0.0,0.0],"evs":[0.0,-6.29003,-8.73775]},"Q3o":{"weight":1.0,"played":[1.0,0.0,0.0],"evs":[0.0,-5.73808,-8.04159]},"K3o":{"weight":1.0,"played":[1.0,0.0,0.0],"evs":[0.0,-5.73418,-7.92274]},"A3o":{"weight":1.0,"played":[1.0,0.0,0.0],"evs":[0.0,-5.89618,-7.58448]},"42s":{"weight":1.0,"played":[1.0,0.0,0.0],"evs":[0.0,-5.38812,-7.64853]},"43s":{"weight":1.0,"played":[1.0,0.0,0.0],"evs":[0.0,-4.89983,-6.97187]},"44":{"weight":1.0,"played":[1.0,0.0,0.0],"evs":[0.0,-3.79415,-4.02366]},"54o":{"weight":1.0,"played":[1.0,0.0,0.0],"evs":[0.0,-5.19869,-7.28647]},"64o":{"weight":1.0,"played":[1.0,0.0,0.0],"evs":[0.0,-5.30226,-7.49725]},"74o":{"weight":1.0,"played":[1.0,0.0,0.0],"evs":[0.0,-5.51721,-7.68812]},"84o":{"weight":1.0,"played":[1.0,0.0,0.0],"evs":[0.0,-5.86947,-8.15749]},"94o":{"weight":1.0,"played":[1.0,0.0,0.0],"evs":[0.0,-6.10023,-8.56266]},"T4o":{"weight":1.0,"played":[1.0,0.0,0.0],"evs":[0.0,-6.02721,-8.2931]},"J4o":{"weight":1.0,"played":[1.0,0.0,0.0],"evs":[0.0,-6.0077,-8.32423]},"Q4o":{"weight":1.0,"played":[1.0,0.0,0.0],"evs":[0.0,-5.56289,-7.62972]},"K4o":{"weight":1.0,"played":[1.0,0.0,0.0],"evs":[0.0,-5.54166,-7.61454]},"A4o":{"weight":1.0,"played":[1.0,0.0,0.0],"evs":[0.0,-5.5368,-6.95318]},"52s":{"weight":1.0,"played":[1.0,0.0,0.0],"evs":[0.0,-5.04301,-7.00707]},"53s":{"weight":1.0,"played":[1.0,0.0,0.0],"evs":[0.0,-4.57527,-6.4473]},"54s":{"weight":1.0,"played":[1.0,0.0,0.0],"evs":[0.0,-4.13699,-5.73779]},"55":{"weight":1.0,"played":[0.9998,2.0E-4,0.0],"evs":[0.0,-2.7204,-2.79539]},"65o":{"weight":1.0,"played":[1.0,0.0,0.0],"evs":[0.0,-4.66728,-6.61756]},"75o":{"weight":1.0,"played":[1.0,0.0,0.0],"evs":[0.0,-4.99953,-6.99583]},"85o":{"weight":1.0,"played":[1.0,0.0,0.0],"evs":[0.0,-5.31693,-7.47919]},"95o":{"weight":1.0,"played":[1.0,0.0,0.0],"evs":[0.0,-5.73863,-7.87631]},"T5o":{"weight":1.0,"played":[1.0,0.0,0.0],"evs":[0.0,-5.85004,-8.10379]},"J5o":{"weight":1.0,"played":[1.0,0.0,0.0],"evs":[0.0,-6.12173,-8.42094]},"Q5o":{"weight":1.0,"played":[1.0,0.0,0.0],"evs":[0.0,-5.3704,-7.35801]},"K5o":{"weight":1.0,"played":[1.0,0.0,0.0],"evs":[0.0,-5.35061,-7.3044]},"A5o":{"weight":1.0,"played":[1.0,0.0,0.0],"evs":[0.0,-5.21131,-6.58732]},"62s":{"weight":1.0,"played":[1.0,0.0,0.0],"evs":[0.0,-5.06339,-7.14923]},"63s":{"weight":1.0,"played":[1.0,0.0,0.0],"evs":[0.0,-4.76191,-6.63427]},"64s":{"weight":1.0,"played":[1.0,0.0,0.0],"evs":[0.0,-4.10647,-5.81806]},"65s":{"weight":1.0,"played":[1.0,0.0,0.0],"evs":[0.0,-3.35455,-4.95142]},"66":{"weight":1.0,"played":[0.9995,4.0E-4,2.0E-4],"evs":[0.0,-1.30834,-1.30426]},"76o":{"weight":1.0,"played":[1.0,0.0,0.0],"evs":[0.0,-4.30969,-6.11645]},"86o":{"weight":1.0,"played":[1.0,0.0,0.0],"evs":[0.0,-4.75329,-6.59923]},"96o":{"weight":1.0,"played":[1.0,0.0,0.0],"evs":[0.0,-4.8617,-6.84895]},"T6o":{"weight":1.0,"played":[1.0,0.0,0.0],"evs":[0.0,-5.23651,-7.22981]},"J6o":{"weight":1.0,"played":[1.0,0.0,0.0],"evs":[0.0,-5.65763,-7.91515]},"Q6o":{"weight":1.0,"played":[1.0,0.0,0.0],"evs":[0.0,-4.99638,-6.93106]},"K6o":{"weight":1.0,"played":[1.0,0.0,0.0],"evs":[0.0,-4.93859,-6.84488]},"A6o":{"weight":1.0,"played":[1.0,0.0,0.0],"evs":[0.0,-5.34374,-6.76515]},"72s":{"weight":1.0,"played":[1.0,0.0,0.0],"evs":[0.0,-5.15085,-7.32325]},"73s":{"weight":1.0,"played":[1.0,0.0,0.0],"evs":[0.0,-4.63418,-6.57248]},"74s":{"weight":1.0,"played":[1.0,0.0,0.0],"evs":[0.0,-4.31155,-6.05009]},"75s":{"weight":1.0,"played":[1.0,0.0,0.0],"evs":[0.0,-3.84673,-5.67875]},"76s":{"weight":1.0,"played":[1.0,0.0,0.0],"evs":[0.0,-3.143,-4.58595]},"77":{"weight":1.0,"played":[0.9945,0.0026,0.0028],"evs":[0.0,-0.22707,-0.23588]},"87o":{"weight":1.0,"played":[1.0,0.0,0.0],"evs":[0.0,-4.20623,-5.82956]},"97o":{"weight":1.0,"played":[1.0,0.0,0.0],"evs":[0.0,-4.24403,-6.07004]},"T7o":{"weight":1.0,"played":[1.0,0.0,0.0],"evs":[0.0,-4.73906,-6.54337]},"J7o":{"weight":1.0,"played":[1.0,0.0,0.0],"evs":[0.0,-5.07451,-7.02887]},"Q7o":{"weight":1.0,"played":[1.0,0.0,0.0],"evs":[0.0,-4.87295,-6.84242]},"K7o":{"weight":1.0,"played":[1.0,0.0,0.0],"evs":[0.0,-4.84841,-6.61671]},"A7o":{"weight":1.0,"played":[1.0,0.0,0.0],"evs":[0.0,-4.96227,-6.1011]},"82s":{"weight":1.0,"played":[1.0,0.0,0.0],"evs":[0.0,-5.15989,-7.27364]},"83s":{"weight":1.0,"played":[1.0,0.0,0.0],"evs":[0.0,-5.22303,-7.23407]},"84s":{"weight":1.0,"played":[1.0,0.0,0.0],"evs":[0.0,-4.7891,-6.62857]},"85s":{"weight":1.0,"played":[1.0,0.0,0.0],"evs":[0.0,-4.23803,-5.93387]},"86s":{"weight":1.0,"played":[1.0,0.0,0.0],"evs":[0.0,-3.54994,-5.16192]},"87s":{"weight":1.0,"played":[1.0,0.0,0.0],"evs":[0.0,-3.07119,-4.32923]},"88":{"weight":1.0,"played":[0.0063,0.0049,0.9888],"evs":[0.0,0.72848,0.77712]},"98o":{"weight":1.0,"played":[1.0,0.0,0.0],"evs":[0.0,-4.10357,-5.74104]},"T8o":{"weight":1.0,"played":[1.0,0.0,0.0],"evs":[0.0,-4.23922,-5.93008]},"J8o":{"weight":1.0,"played":[1.0,0.0,0.0],"evs":[0.0,-4.77566,-6.60869]},"Q8o":{"weight":1.0,"played":[1.0,0.0,0.0],"evs":[0.0,-4.5246,-6.34379]},"K8o":{"weight":1.0,"played":[1.0,0.0,0.0],"evs":[0.0,-4.90632,-6.70121]},"A8o":{"weight":1.0,"played":[1.0,0.0,0.0],"evs":[0.0,-4.51012,-5.38534]},"92s":{"weight":1.0,"played":[1.0,0.0,0.0],"evs":[0.0,-5.11273,-7.12011]},"93s":{"weight":1.0,"played":[1.0,0.0,0.0],"evs":[0.0,-5.08964,-7.05259]},"94s":{"weight":1.0,"played":[1.0,0.0,0.0],"evs":[0.0,-5.0376,-6.98682]},"95s":{"weight":1.0,"played":[1.0,0.0,0.0],"evs":[0.0,-4.56124,-6.31559]},"96s":{"weight":1.0,"played":[1.0,0.0,0.0],"evs":[0.0,-3.67451,-5.25632]},"97s":{"weight":1.0,"played":[1.0,0.0,0.0],"evs":[0.0,-3.04843,-4.44151]},"98s":{"weight":1.0,"played":[1.0,0.0,0.0],"evs":[0.0,-2.92805,-4.2715]},"99":{"weight":1.0,"played":[0.0,0.0093,0.9907],"evs":[0.0,1.47936,1.58641]},"T9o":{"weight":1.0,"played":[1.0,0.0,0.0],"evs":[0.0,-3.70476,-5.21613]},"J9o":{"weight":1.0,"played":[1.0,0.0,0.0],"evs":[0.0,-4.1563,-5.79307]},"Q9o":{"weight":1.0,"played":[1.0,0.0,0.0],"evs":[0.0,-3.99906,-5.66839]},"K9o":{"weight":1.0,"played":[1.0,0.0,0.0],"evs":[0.0,-4.46003,-5.97125]},"A9o":{"weight":1.0,"played":[1.0,0.0,0.0],"evs":[0.0,-3.82159,-4.46357]},