{"equityUnit":"TABLE_EQUITY_PERCENT","conversionFactors":{"toUSD":46.52,"toRegularPrizePercent":0.87165076},"preHandEquity":[22.62051,45.94463,31.43485],"bubbleFactors":[[-1.0,1.156,1.025],[0.681,-1.0,0.999],[0.519,1.541,-1.0]]}