{"player":2,"street":0,"children":3,"sequence":[{"player":0,"type":"C","amount":1600000,"street":0},{"player":1,"type":"C","amount":1600000,"street":0}],"actions":[{"type":"F","amount":0,"node":131},{"type":"C","amount":1600000,"node":192},{"type":"R","amount":5885000,"node":240}],"hands":{"22":{"weight":1.0,"played":[1.0,0.0,0.0],"evs":[0.0,-0.79291,-2.35095]},"32o":{"weight":1.0,"played":[1.0,0.0,0.0],"evs":[0.0,-1.51433,-4.90416]},"42o":{"weight":1.0,"played":[1.0,0.0,0.0],"evs":[0.0,-1.48788,-4.75247]},"52o":{"weight":1.0,"played":[1.0,0.0,0.0],"evs":[0.0,-1.43118,-4.5136]},"62o":{"weight":1.0,"played":[1.0,0.0,0.0],"evs":[0.0,-1.4829,-4.74177]},"72o":{"weight":1.0,"played":[1.0,0.0,0.0],"evs":[0.0,-1.52009,-4.94858]},"82o":{"weight":1.0,"played":[1.0,0.0,0.0],"evs":[0.0,-1.47543,-4.7883]},"92o":{"weight":1.0,"played":[1.0,0.0,0.0],"evs":[0.0,-1.52321,-4.82771]},"T2o":{"weight":1.0,"played":[1.0,0.0,0.0],"evs":[0.0,-1.53237,-4.70371]},"J2o":{"weight":1.0,"played":[1.0,0.0,0.0],"evs":[0.0,-1.49478,-4.52312]},"Q2o":{"weight":1.0,"played":[1.0,0.0,0.0],"evs":[0.0,-1.47944,-4.27659]},"K2o":{"weight":1.0,"played":[1.0,0.0,0.0],"evs":[0.0,-1.43274,-3.92726]},"A2o":{"weight":1.0,"played":[1.0,0.0,0.0],"evs":[0.0,-1.08735,-2.26792]},"32s":{"weight":1.0,"played":[1.0,0.0,0.0],"evs":[0.0,-1.38047,-4.01226]},"33":{"weight":1.0,"played":[1.0,0.0,0.0],"evs":[0.0,-0.66707,-1.92143]},"43o":{"weight":1.0,"played":[1.0,0.0,0.0],"evs":[0.0,-1.39665,-4.30946]},"53o":{"weight":1.0,"played":[1.0,0.0,0.0],"evs":[0.0,-1.35244,-4.13302]},"63o":{"weight":1.0,"played":[1.0,0.0,0.0],"evs":[0.0,-1.37643,-4.24751]},"73o":{"weight":1.0,"played":[1.0,0.0,0.0],"evs":[0.0,-1.43265,-4.53692]},"83o":{"weight":1.0,"played":[1.0,0.0,0.0],"evs":[0.0,-1.45785,-4.66191]},"93o":{"weight":1.0,"played":[1.0,0.0,0.0],"evs":[0.0,-1.50121,-4.6489]},"T3o":{"weight":1.0,"played":[1.0,0.0,0.0],"evs":[0.0,-1.50283,-4.53921]},"J3o":{"weight":1.0,"played":[1.0,0.0,0.0],"evs":[0.0,-1.44964,-4.39791]},"Q3o":{"weight":1.0,"played":[1.0,0.0,0.0],"evs":[0.0,-1.44068,-4.08642]},"K3o":{"weight":1.0,"played":[1.0,0.0,0.0],"evs":[0.0,-1.41152,-3.79763]},"A3o":{"weight":1.0,"played":[1.0,0.0,0.0],"evs":[0.0,-1.02111,-2.08215]},"42s":{"weight":1.0,"played":[1.0,0.0,0.0],"evs":[0.0,-1.35929,-3.90235]},"43s":{"weight":1.0,"played":[1.0,0.0,0.0],"evs":[0.0,-1.22029,-3.45864]},"44":{"weight":1.0,"played":[1.0,0.0,0.0],"evs":[0.0,-0.56477,-1.5331]},"54o":{"weight":1.0,"played":[1.0,0.0,0.0],"evs":[0.0,-1.2882,-3.7734]},"64o":{"weight":1.0,"played":[1.0,0.0,0.0],"evs":[0.0,-1.28694,-3.83027]},"74o":{"weight":1.0,"played":[1.0,0.0,0.0],"evs":[0.0,-1.35826,-4.09499]},"84o":{"weight":1.0,"played":[1.0,0.0,0.0],"evs":[0.0,-1.38215,-4.2926]},"94o":{"weight":1.0,"played":[1.0,0.0,0.0],"evs":[0.0,-1.47022,-4.59977]},"T4o":{"weight":1.0,"played":[1.0,0.0,0.0],"evs":[0.0,-1.46119,-4.37263]},"J4o":{"weight":1.0,"played":[1.0,0.0,0.0],"evs":[0.0,-1.40591,-4.20569]},"Q4o":{"weight":1.0,"played":[1.0,0.0,0.0],"evs":[0.0,-1.39687,-3.96119]},"K4o":{"weight":1.0,"played":[1.0,0.0,0.0],"evs":[0.0,-1.36107,-3.59359]},"A4o":{"weight":1.0,"played":[1.0,0.0,0.0],"evs":[0.0,-0.95869,-1.95917]},"52s":{"weight":1.0,"played":[1.0,0.0,0.0],"evs":[0.0,-1.30818,-3.6862]},"53s":{"weight":1.0,"played":[1.0,0.0,0.0],"evs":[0.0,-1.20602,-3.31596]},"54s":{"weight":1.0,"played":[1.0,0.0,0.0],"evs":[0.0,-1.04893,-2.99124]},"55":{"weight":1.0,"played":[1.0,0.0,0.0],"evs":[0.0,-0.36381,-1.1328]},"65o":{"weight":1.0,"played":[1.0,0.0,0.0],"evs":[0.0,-1.17925,-3.41086]},"75o":{"weight":1.0,"played":[1.0,0.0,0.0],"evs":[0.0,-1.23769,-3.68062]},"85o":{"weight":1.0,"played":[1.0,0.0,0.0],"evs":[0.0,-1.29043,-3.85958]},"95o":{"weight":1.0,"played":[1.0,0.0,0.0],"evs":[0.0,-1.36847,-4.087]},"T5o":{"weight":1.0,"played":[1.0,0.0,0.0],"evs":[0.0,-1.43245,-4.24722]},"J5o":{"weight":1.0,"played":[1.0,0.0,0.0],"evs":[0.0,-1.35747,-4.02874]},"Q5o":{"weight":1.0,"played":[1.0,0.0,0.0],"evs":[0.0,-1.36094,-3.72265]},"K5o":{"weight":1.0,"played":[1.0,0.0,0.0],"evs":[0.0,-1.31893,-3.45047]},"A5o":{"weight":1.0,"played":[1.0,0.0,0.0],"evs":[0.0,-0.84391,-1.71725]},"62s":{"weight":1.0,"played":[1.0,0.0,0.0],"evs":[0.0,-1.35745,-3.914]},"63s":{"weight":1.0,"played":[1.0,0.0,0.0],"evs":[0.0,-1.23672,-3.43618]},"64s":{"weight":1.0,"played":[1.0,0.0,0.0],"evs":[0.0,-1.09619,-3.12348]},"65s":{"weight":1.0,"played":[1.0,0.0,0.0],"evs":[0.0,-0.91947,-2.62753]},"66":{"weight":1.0,"played":[0.765,0.235,0.0],"evs":[0.0,0.04754,-0.18039]},"76o":{"weight":1.0,"played":[1.0,0.0,0.0],"evs":[0.0,-1.11908,-3.26854]},"86o":{"weight":1.0,"played":[1.0,0.0,0.0],"evs":[0.0,-1.15718,-3.41401]},"96o":{"weight":1.0,"played":[1.0,0.0,0.0],"evs":[0.0,-1.26696,-3.71498]},"T6o":{"weight":1.0,"played":[1.0,0.0,0.0],"evs":[0.0,-1.33823,-3.8405]},"J6o":{"weight":1.0,"played":[1.0,0.0,0.0],"evs":[0.0,-1.31242,-3.90518]},"Q6o":{"weight":1.0,"played":[1.0,0.0,0.0],"evs":[0.0,-1.34233,-3.58703]},"K6o":{"weight":1.0,"played":[1.0,0.0,0.0],"evs":[0.0,-1.26038,-3.26314]},"A6o":{"weight":1.0,"played":[1.0,0.0,0.0],"evs":[0.0,-0.90851,-1.74295]},"72s":{"weight":1.0,"played":[1.0,0.0,0.0],"evs":[0.0,-1.40472,-4.04317]},"73s":{"weight":1.0,"played":[1.0,0.0,0.0],"evs":[0.0,-1.27645,-3.61909]},"74s":{"weight":1.0,"played":[1.0,0.0,0.0],"evs":[0.0,-1.12313,-3.28132]},"75s":{"weight":1.0,"played":[1.0,0.0,0.0],"evs":[0.0,-1.05524,-2.87785]},"76s":{"weight":1.0,"played":[1.0,0.0,0.0],"evs":[0.0,-0.87395,-2.52339]},"77":{"weight":1.0,"played":[0.0,0.3421,0.6579],"evs":[0.0,0.31115,0.35133]},"87o":{"weight":1.0,"played":[1.0,0.0,0.0],"evs":[0.0,-1.11519,-3.17934]},"97o":{"weight":1.0,"played":[1.0,0.0,0.0],"evs":[0.0,-1.15192,-3.35752]},"T7o":{"weight":1.0,"played":[1.0,0.0,0.0],"evs":[0.0,-1.20036,-3.45297]},"J7o":{"weight":1.0,"played":[1.0,0.0,0.0],"evs":[0.0,-1.2196,-3.47397]},"Q7o":{"weight":1.0,"played":[1.0,0.0,0.0],"evs":[0.0,-1.2666,-3.49558]},"K7o":{"weight":1.0,"played":[1.0,0.0,0.0],"evs":[0.0,-1.15015,-2.93781]},"A7o":{"weight":1.0,"played":[1.0,0.0,0.0],"evs":[0.0,-0.77335,-1.32486]},"82s":{"weight":1.0,"played":[1.0,0.0,0.0],"evs":[0.0,-1.32166,-3.88431]},"83s":{"weight":1.0,"played":[1.0,0.0,0.0],"evs":[0.0,-1.32111,-3.83102]},"84s":{"weight":1.0,"played":[1.0,0.0,0.0],"evs":[0.0,-1.16058,-3.37542]},"85s":{"weight":1.0,"played":[1.0,0.0,0.0],"evs":[0.0,-1.04361,-3.12154]},"86s":{"weight":1.0,"played":[1.0,0.0,0.0],"evs":[0.0,-0.86982,-2.6064]},"87s":{"weight":1.0,"played":[1.0,0.0,0.0],"evs":[0.0,-0.83366,-2.39393]},"88":{"weight":1.0,"played":[0.0,8.0E-4,0.9992],"evs":[0.0,0.5903,0.89305]},"98o":{"weight":1.0,"played":[1.0,0.0,0.0],"evs":[0.0,-1.05073,-3.01546]},"T8o":{"weight":1.0,"played":[1.0,0.0,0.0],"evs":[0.0,-1.11821,-3.1538]},"J8o":{"weight":1.0,"played":[1.0,0.0,0.0],"evs":[0.0,-1.05985,-3.12965]},"Q8o":{"weight":1.0,"played":[1.0,0.0,0.0],"evs":[0.0,-1.17714,-3.12698]},"K8o":{"weight":1.0,"played":[1.0,0.0,0.0],"evs":[0.0,-1.12249,-2.83564]},"A8o":{"weight":1.0,"played":[1.0,0.0,0.0],"evs":[0.0,-0.64353,-1.06503]},"92s":{"weight":1.0,"played":[1.0,0.0,0.0],"evs":[0.0,-1.37565,-3.9455]},"93s":{"weight":1.0,"played":[1.0,0.0,0.0],"evs":[0.0,-1.29805,-3.6904]},"94s":{"weight":1.0,"played":[1.0,0.0,0.0],"evs":[0.0,-1.29474,-3.68053]},"95s":{"weight":1.0,"played":[1.0,0.0,0.0],"evs":[0.0,-1.15072,-3.20733]},"96s":{"weight":1.0,"played":[1.0,0.0,0.0],"evs":[0.0,-1.01118,-2.83087]},"97s":{"weight":1.0,"played":[1.0,0.0,0.0],"evs":[0.0,-0.81074,-2.46077]},"98s":{"weight":1.0,"played":[1.0,0.0,0.0],"evs":[0.0,-0.74104,-2.32643]},"99":{"weight":1.0,"played":[0.0,0.0,1.0],"evs":[0.0,1.10098,1.62904]},"T9o":{"weight":1.0,"played":[1.0,0.0,0.0],"evs":[0.0,-1.04964,-2.78722]},"J9o":{"weight":1.0,"played":[1.0,0.0,0.0],"evs":[0.0,-1.03234,-2.82174]},"Q9o":{"weight":1.0,"played":[1.0,0.0,0.0],"evs":[0.0,-1.08211,-2.70886]},"K9o":{"weight":1.0,"played":[1.0,0.0,0.0],"evs":[0.0,-1.08931,-2.41473]},"A9o":{"weight":1.0,"played":[1.0,0.0,0.0],"evs":[0.0,-0.50316,-0.73045]},"T2s":{"weight":1.0,