{"player":2,"street":0,"children":3,"sequence":[{"player":0,"type":"R","amount":3200000,"street":0},{"player":1,"type":"F","amount":0,"street":0}],"actions":[{"type":"F","amount":0,"node":293},{"type":"C","amount":3200000},{"type":"R","amount":5885000,"node":312}],"hands":{"22":{"weight":1.0,"played":[1.0,0.0,0.0],"evs":[0.0,-1.87517,-2.26889]},"32o":{"weight":1.0,"played":[1.0,0.0,0.0],"evs":[0.0,-2.66823,-4.98931]},"42o":{"weight":1.0,"played":[1.0,0.0,0.0],"evs":[0.0,-2.64531,-4.89895]},"52o":{"weight":1.0,"played":[1.0,0.0,0.0],"evs":[0.0,-2.66553,-4.86545]},"62o":{"weight":1.0,"played":[1.0,0.0,0.0],"evs":[0.0,-2.69589,-4.99528]},"72o":{"weight":1.0,"played":[1.0,0.0,0.0],"evs":[0.0,-2.71046,-5.13107]},"82o":{"weight":1.0,"played":[1.0,0.0,0.0],"evs":[0.0,-2.5931,-4.87537]},"92o":{"weight":1.0,"played":[1.0,0.0,0.0],"evs":[0.0,-2.63475,-4.94977]},"T2o":{"weight":1.0,"played":[1.0,0.0,0.0],"evs":[0.0,-2.59631,-4.8896]},"J2o":{"weight":1.0,"played":[1.0,0.0,0.0],"evs":[0.0,-2.38073,-4.51982]},"Q2o":{"weight":1.0,"played":[1.0,0.0,0.0],"evs":[0.0,-2.33609,-4.48387]},"K2o":{"weight":1.0,"played":[1.0,0.0,0.0],"evs":[0.0,-2.20185,-3.87963]},"A2o":{"weight":1.0,"played":[1.0,0.0,0.0],"evs":[0.0,-1.73427,-2.43438]},"32s":{"weight":1.0,"played":[1.0,0.0,0.0],"evs":[0.0,-2.29023,-4.16796]},"33":{"weight":1.0,"played":[1.0,0.0,0.0],"evs":[0.0,-1.535,-1.91768]},"43o":{"weight":1.0,"played":[1.0,0.0,0.0],"evs":[0.0,-2.47393,-4.51579]},"53o":{"weight":1.0,"played":[1.0,0.0,0.0],"evs":[0.0,-2.47471,-4.48945]},"63o":{"weight":1.0,"played":[1.0,0.0,0.0],"evs":[0.0,-2.52592,-4.61255]},"73o":{"weight":1.0,"played":[1.0,0.0,0.0],"evs":[0.0,-2.56856,-4.7584]},"83o":{"weight":1.0,"played":[1.0,0.0,0.0],"evs":[0.0,-2.56372,-4.81352]},"93o":{"weight":1.0,"played":[1.0,0.0,0.0],"evs":[0.0,-2.57427,-4.79938]},"T3o":{"weight":1.0,"played":[1.0,0.0,0.0],"evs":[0.0,-2.55499,-4.75965]},"J3o":{"weight":1.0,"played":[1.0,0.0,0.0],"evs":[0.0,-2.32102,-4.38352]},"Q3o":{"weight":1.0,"played":[1.0,0.0,0.0],"evs":[0.0,-2.2602,-4.32296]},"K3o":{"weight":1.0,"played":[1.0,0.0,0.0],"evs":[0.0,-2.12059,-3.73816]},"A3o":{"weight":1.0,"played":[1.0,0.0,0.0],"evs":[0.0,-1.64455,-2.30791]},"42s":{"weight":1.0,"played":[1.0,0.0,0.0],"evs":[0.0,-2.25765,-4.08084]},"43s":{"weight":1.0,"played":[1.0,0.0,0.0],"evs":[0.0,-2.04123,-3.72979]},"44":{"weight":1.0,"played":[1.0,0.0,0.0],"evs":[0.0,-1.20589,-1.56512]},"54o":{"weight":1.0,"played":[1.0,0.0,0.0],"evs":[0.0,-2.32714,-4.19431]},"64o":{"weight":1.0,"played":[1.0,0.0,0.0],"evs":[0.0,-2.38097,-4.31563]},"74o":{"weight":1.0,"played":[1.0,0.0,0.0],"evs":[0.0,-2.45009,-4.45615]},"84o":{"weight":1.0,"played":[1.0,0.0,0.0],"evs":[0.0,-2.4598,-4.50505]},"94o":{"weight":1.0,"played":[1.0,0.0,0.0],"evs":[0.0,-2.58118,-4.8245]},"T4o":{"weight":1.0,"played":[1.0,0.0,0.0],"evs":[0.0,-2.54141,-4.71338]},"J4o":{"weight":1.0,"played":[1.0,0.0,0.0],"evs":[0.0,-2.30393,-4.33238]},"Q4o":{"weight":1.0,"played":[1.0,0.0,0.0],"evs":[0.0,-2.25171,-4.27003]},"K4o":{"weight":1.0,"played":[1.0,0.0,0.0],"evs":[0.0,-2.07264,-3.62485]},"A4o":{"weight":1.0,"played":[1.0,0.0,0.0],"evs":[0.0,-1.55051,-2.15472]},"52s":{"weight":1.0,"played":[1.0,0.0,0.0],"evs":[0.0,-2.24345,-4.05121]},"53s":{"weight":1.0,"played":[1.0,0.0,0.0],"evs":[0.0,-2.02135,-3.68902]},"54s":{"weight":1.0,"played":[1.0,0.0,0.0],"evs":[0.0,-1.87078,-3.43304]},"55":{"weight":1.0,"played":[1.0,0.0,0.0],"evs":[0.0,-0.85243,-1.16883]},"65o":{"weight":1.0,"played":[1.0,0.0,0.0],"evs":[0.0,-2.23924,-4.05222]},"75o":{"weight":1.0,"played":[1.0,0.0,0.0],"evs":[0.0,-2.30461,-4.18305]},"85o":{"weight":1.0,"played":[1.0,0.0,0.0],"evs":[0.0,-2.32801,-4.24104]},"95o":{"weight":1.0,"played":[1.0,0.0,0.0],"evs":[0.0,-2.49936,-4.53917]},"T5o":{"weight":1.0,"played":[1.0,0.0,0.0],"evs":[0.0,-2.5763,-4.75037]},"J5o":{"weight":1.0,"played":[1.0,0.0,0.0],"evs":[0.0,-2.30168,-4.30262]},"Q5o":{"weight":1.0,"played":[1.0,0.0,0.0],"evs":[0.0,-2.28178,-4.28101]},"K5o":{"weight":1.0,"played":[1.0,0.0,0.0],"evs":[0.0,-2.09814,-3.63932]},"A5o":{"weight":1.0,"played":[1.0,0.0,0.0],"evs":[0.0,-1.43075,-1.94143]},"62s":{"weight":1.0,"played":[1.0,0.0,0.0],"evs":[0.0,-2.297,-4.16142]},"63s":{"weight":1.0,"played":[1.0,0.0,0.0],"evs":[0.0,-2.0843,-3.78664]},"64s":{"weight":1.0,"played":[1.0,0.0,0.0],"evs":[0.0,-1.92794,-3.53512]},"65s":{"weight":1.0,"played":[1.0,0.0,0.0],"evs":[0.0,-1.78151,-3.29101]},"66":{"weight":1.0,"played":[1.0,0.0,0.0],"evs":[0.0,-0.49078,-0.67794]},"76o":{"weight":1.0,"played":[1.0,0.0,0.0],"evs":[0.0,-2.05213,-3.76083]},"86o":{"weight":1.0,"played":[1.0,0.0,0.0],"evs":[0.0,-2.08133,-3.82679]},"96o":{"weight":1.0,"played":[1.0,0.0,0.0],"evs":[0.0,-2.26741,-4.13673]},"T6o":{"weight":1.0,"played":[1.0,0.0,0.0],"evs":[0.0,-2.35293,-4.29608]},"J6o":{"weight":1.0,"played":[1.0,0.0,0.0],"evs":[0.0,-2.21085,-4.17004]},"Q6o":{"weight":1.0,"played":[1.0,0.0,0.0],"evs":[0.0,-2.13922,-4.0495]},"K6o":{"weight":1.0,"played":[1.0,0.0,0.0],"evs":[0.0,-1.94403,-3.33524]},"A6o":{"weight":1.0,"played":[1.0,0.0,0.0],"evs":[0.0,-1.48907,-1.93512]},"72s":{"weight":1.0,"played":[1.0,0.0,0.0],"evs":[0.0,-2.35527,-4.2971]},"73s":{"weight":1.0,"played":[1.0,0.0,0.0],"evs":[0.0,-2.15648,-3.93191]},"74s":{"weight":1.0,"played":[1.0,0.0,0.0],"evs":[0.0,-1.98142,-3.64775]},"75s":{"weight":1.0,"played":[1.0,0.0,0.0],"evs":[0.0,-1.85995,-3.41355]},"76s":{"weight":1.0,"played":[1.0,0.0,0.0],"evs":[0.0,-1.61407,-3.03213]},"77":{"weight":1.0,"played":[1.0,0.0,0.0],"evs":[0.0,-0.11323,-0.12216]},"87o":{"weight":1.0,"played":[1.0,0.0,0.0],"evs":[0.0,-1.92128,-3.52601]},"97o":{"weight":1.0,"played":[1.0,0.0,0.0],"evs":[0.0,-2.06996,-3.80437]},"T7o":{"weight":1.0,"played":[1.0,0.0,0.0],"evs":[0.0,-2.13895,-3.93293]},"J7o":{"weight":1.0,"played":[1.0,0.0,0.0],"evs":[0.0,-2.02041,-3.81739]},"Q7o":{"weight":1.0,"played":[1.0,0.0,0.0],"evs":[0.0,-2.03748,-3.89459]},"K7o":{"weight":1.0,"played":[1.0,0.0,0.0],"evs":[0.0,-1.80276,-3.04399]},"A7o":{"weight":1.0,"played":[1.0,0.0,0.0],"evs":[0.0,-1.27833,-1.61288]},"82s":{"weight":1.0,"played":[1.0,0.0,0.0],"evs":[0.0,-2.20343,-4.05402]},"83s":{"weight":1.0,"played":[1.0,0.0,0.0],"evs":[0.0,-2.16435,-3.99037]},"84s":{"weight":1.0,"played":[1.0,0.0,0.0],"evs":[0.0,-2.01818,-3.71048]},"85s":{"weight":1.0,"played":[1.0,0.0,0.0],"evs":[0.0,-1.88733,-3.47879]},"86s":{"weight":1.0,"played":[1.0,0.0,0.0],"evs":[0.0,-1.62897,-3.07827]},"87s":{"weight":1.0,"played":[1.0,0.0,0.0],"evs":[0.0,-1.45852,-2.78505]},"88":{"weight":1.0,"played":[0.0,0.0096,0.9904],"evs":[0.0,0.39368,0.41053]},"98o":{"weight":1.0,"played":[1.0,0.0,0.0],"evs":[0.0,-1.82657,-3.39206]},"T8o":{"weight":1.0,"played":[1.0,0.0,0.0],"evs":[0.0,-1.88238,-3.48224]},"J8o":{"weight":1.0,"played":[1.0,0.0,0.0],"evs":[0.0,-1.76204,-3.38967]},"Q8o":{"weight":1.0,"played":[1.0,0.0,0.0],"evs":[0.0,-1.7737,-3.37624]},"K8o":{"weight":1.0,"played":[1.0,0.0,0.0],"evs":[0.0,-1.70792,-2.87745]},"A8o":{"weight":1.0,"played":[1.0,0.0,0.0],"evs":[0.0,-1.17763,-1.48288]},"92s":{"weight":1.0,"played":[1.0,0.0,0.0],"evs":[0.0,-2.24739,-4.11069]},"93s":{"weight":1.0,"played":[1.0,0.0,0.0],"evs":[0.0,-2.19671,-4.01499]},"94s":{"weight":1.0,"played":[1.0,0.0,0.0],"evs":[0.0,-2.16703,-3.98547]},"95s":{"weight":1.0,"played":[1.0,0.0,0.0],"evs":[0.0,-2.06762,-3.76579]},"96s":{"weight":1.0,"played":[1.0,0.0,0.0],"evs":[0.0,-1.80012,-3.3412]},"97s":{"weight":1.0,"played":[1.0,0.0,0.0],"evs":[0.0,-1.62926,-3.0519]},"98s":{"weight":1.0,"played":[1.0,0.0,0.0],"evs":[0.0,-1.37477,-2.6529]},"99":{"weight":1.0,"played":[0.0,0.0013,0.9987],"evs":[0.0,0.76597,0.81419]},"T9o":{"weight":1.0,"played":[1.0,0.0,0.0],"evs":[0.0,-1.78627,-3.30144]},"J9o":{"weight":1.0,"played":[1.0,0.0,0.0],"evs":[0.0,-1.67604,-3.22107]},"Q9o":{"weight":1.0,"played":[1.0,0.0,0.0],"evs":[0.0,-1.69616,-3.18212]},"K9o":{"weight":1.0,"played":[1.0,0.0,0.0],"evs":[0.0,-1.6454,-2.70955]},"A9o":{"weight":1.0,"played":[1.0,0.0,0.0],"evs":[0.0,-0.92267,-1.07815]},"T2s":{"weight":1.0,"played":[1.0,0.0,0.0],