{"player":3,"street":0,"children":2,"sequence":[{"player":0,"type":"R","amount":3200000,"street":0},{"player":1,"type":"C","amount":3200000,"street":0},{"player":2,"type":"C","amount":3200000,"street":0}],"actions":[{"type":"F","amount":0,"node":338},{"type":"R","amount":23645000,"node":340}],"hands":{"22":{"weight":1.0,"played":[0.4152,0.5848],"evs":[0.0,0.84669]},"32o":{"weight":1.0,"played":[0.998,0.002],"evs":[0.0,-3.58252]},"42o":{"weight":1.0,"played":[1.0,0.0],"evs":[0.0,-4.46854]},"52o":{"weight":1.0,"played":[0.9896,0.0104],"evs":[0.0,-4.18935]},"62o":{"weight":1.0,"played":[0.997,0.003],"evs":[0.0,-5.31864]},"72o":{"weight":1.0,"played":[0.9992,8.0E-4],"evs":[0.0,-4.63078]},"82o":{"weight":1.0,"played":[0.9998,2.0E-4],"evs":[0.0,-3.29946]},"92o":{"weight":1.0,"played":[0.9994,6.0E-4],"evs":[0.0,-5.92365]},"T2o":{"weight":1.0,"played":[0.9869,0.0131],"evs":[0.0,-4.09535]},"J2o":{"weight":1.0,"played":[0.9803,0.0197],"evs":[0.0,-3.20078]},"Q2o":{"weight":1.0,"played":[0.9985,0.0015],"evs":[0.0,-3.05624]},"K2o":{"weight":1.0,"played":[0.9974,0.0026],"evs":[0.0,-2.62927]},"A2o":{"weight":1.0,"played":[0.9998,2.0E-4],"evs":[0.0,-1.14196]},"32s":{"weight":1.0,"played":[0.8169,0.1831],"evs":[0.0,-1.12879]},"33":{"weight":1.0,"played":[0.1156,0.8844],"evs":[0.0,3.19199]},"43o":{"weight":1.0,"played":[0.9998,2.0E-4],"evs":[0.0,-1.83651]},"53o":{"weight":1.0,"played":[0.9999,1.0E-4],"evs":[0.0,-2.45689]},"63o":{"weight":1.0,"played":[0.9806,0.0194],"evs":[0.0,-1.79605]},"73o":{"weight":1.0,"played":[0.9989,0.0011],"evs":[0.0,-4.54448]},"83o":{"weight":1.0,"played":[1.0,0.0],"evs":[0.0,-3.88365]},"93o":{"weight":1.0,"played":[0.9997,3.0E-4],"evs":[0.0,-2.45651]},"T3o":{"weight":1.0,"played":[0.9999,1.0E-4],"evs":[0.0,-4.12599]},"J3o":{"weight":1.0,"played":[0.9984,0.0016],"evs":[0.0,-3.22384]},"Q3o":{"weight":1.0,"played":[0.9999,1.0E-4],"evs":[0.0,-4.85705]},"K3o":{"weight":1.0,"played":[0.9939,0.0061],"evs":[0.0,-3.76622]},"A3o":{"weight":1.0,"played":[0.9822,0.0178],"evs":[0.0,-1.30716]},"42s":{"weight":1.0,"played":[0.2892,0.7108],"evs":[0.0,0.32698]},"43s":{"weight":1.0,"played":[0.8013,0.1987],"evs":[0.0,0.94005]},"44":{"weight":1.0,"played":[0.3619,0.6381],"evs":[0.0,0.78613]},"54o":{"weight":1.0,"played":[0.9969,0.0031],"evs":[0.0,-1.57895]},"64o":{"weight":1.0,"played":[0.9928,0.0072],"evs":[0.0,-2.24414]},"74o":{"weight":1.0,"played":[0.9999,1.0E-4],"evs":[0.0,-3.67689]},"84o":{"weight":1.0,"played":[0.9954,0.0046],"evs":[0.0,-2.43797]},"94o":{"weight":1.0,"played":[0.9999,1.0E-4],"evs":[0.0,-3.94959]},"T4o":{"weight":1.0,"played":[0.9986,0.0014],"evs":[0.0,-4.84047]},"J4o":{"weight":1.0,"played":[0.9944,0.0056],"evs":[0.0,-1.59531]},"Q4o":{"weight":1.0,"played":[0.9945,0.0055],"evs":[0.0,-2.90665]},"K4o":{"weight":1.0,"played":[0.9491,0.0509],"evs":[0.0,-3.51423]},"A4o":{"weight":1.0,"played":[0.9519,0.0481],"evs":[0.0,-0.68906]},"52s":{"weight":1.0,"played":[0.5505,0.4495],"evs":[0.0,0.68379]},"53s":{"weight":1.0,"played":[0.9836,0.0164],"evs":[0.0,-1.75002]},"54s":{"weight":1.0,"played":[0.8661,0.1339],"evs":[0.0,-1.22476]},"55":{"weight":1.0,"played":[0.0117,0.9883],"evs":[0.0,1.05579]},"65o":{"weight":1.0,"played":[0.9695,0.0305],"evs":[0.0,-2.38421]},"75o":{"weight":1.0,"played":[1.0,0.0],"evs":[0.0,-2.99433]},"85o":{"weight":1.0,"played":[0.9982,0.0018],"evs":[0.0,-3.34981]},"95o":{"weight":1.0,"played":[0.9513,0.0487],"evs":[0.0,-1.39913]},"T5o":{"weight":1.0,"played":[0.9977,0.0023],"evs":[0.0,-4.32765]},"J5o":{"weight":1.0,"played":[1.0,0.0],"evs":[0.0,-1.65749]},"Q5o":{"weight":1.0,"played":[0.9975,0.0025],"evs":[0.0,-5.50795]},"K5o":{"weight":1.0,"played":[0.9897,0.0103],"evs":[0.0,-3.74177]},"A5o":{"weight":1.0,"played":[0.9995,5.0E-4],"evs":[0.0,-2.8298]},"62s":{"weight":1.0,"played":[0.9425,0.0575],"evs":[0.0,-1.66594]},"63s":{"weight":1.0,"played":[0.9495,0.0505],"evs":[0.0,-4.50629]},"64s":{"weight":1.0,"played":[0.9916,0.0084],"evs":[0.0,-4.92193]},"65s":{"weight":1.0,"played":[0.9726,0.0274],"evs":[0.0,-4.71202]},"66":{"weight":1.0,"played":[0.4911,0.5089],"evs":[0.0,0.93087]},"76o":{"weight":1.0,"played":[0.9958,0.0042],"evs":[0.0,-3.16694]},"86o":{"weight":1.0,"played":[0.9994,6.0E-4],"evs":[0.0,-3.94748]},"96o":{"weight":1.0,"played":[0.9823,0.0177],"evs":[0.0,-2.44433]},"T6o":{"weight":1.0,"played":[0.9998,2.0E-4],"evs":[0.0,-2.10417]},"J6o":{"weight":1.0,"played":[0.8717,0.1283],"evs":[0.0,-3.16469]},"Q6o":{"weight":1.0,"played":[0.9983,0.0017],"evs":[0.0,-1.50526]},"K6o":{"weight":1.0,"played":[0.9791,0.0209],"evs":[0.0,-0.80205]},"A6o":{"weight":1.0,"played":[0.9729,0.0271],"evs":[0.0,-3.32022]},"72s":{"weight":1.0,"played":[0.8704,0.1296],"evs":[0.0,-2.37623]},"73s":{"weight":1.0,"played":[0.982,0.018],"evs":[0.0,-3.06468]},"74s":{"weight":1.0,"played":[0.7419,0.2581],"evs":[0.0,-1.54454]},"75s":{"weight":1.0,"played":[0.9855,0.0145],"evs":[0.0,-2.05668]},"76s":{"weight":1.0,"played":[0.9924,0.0076],"evs":[0.0,-1.00559]},"77":{"weight":1.0,"played":[0.0215,0.9785],"evs":[0.0,1.72026]},"87o":{"weight":1.0,"played":[0.9988,0.0012],"evs":[0.0,-1.40193]},"97o":{"weight":1.0,"played":[0.9977,0.0023],"evs":[0.0,-1.55339]},"T7o":{"weight":1.0,"played":[0.9816,0.0184],"evs":[0.0,-3.48005]},"J7o":{"weight":1.0,"played":[0.9999,1.0E-4],"evs":[0.0,-3.22068]},"Q7o":{"weight":1.0,"played":[0.9786,0.0214],"evs":[0.0,-3.09609]},"K7o":{"weight":1.0,"played":[0.9966,0.0034],"evs":[0.0,-2.52191]},"A7o":{"weight":1.0,"played":[0.9909,0.0091],"evs":[0.0,-1.84254]},"82s":{"weight":1.0,"played":[0.8549,0.1451],"evs":[0.0,-1.31642]},"83s":{"weight":1.0,"played":[0.9912,0.0088],"evs":[0.0,-4.02819]},"84s":{"weight":1.0,"played":[0.6354,0.3646],"evs":[0.0,-3.34226]},"85s":{"weight":1.0,"played":[0.4812,0.5188],"evs":[0.0,1.62204]},"86s":{"weight":1.0,"played":[0.7997,0.2003],"evs":[0.0,0.57055]},"87s":{"weight":1.0,"played":[0.7307,0.2693],"evs":[0.0,-1.02237]},"88":{"weight":1.0,"played":[0.2877,0.7123],"evs":[0.0,0.10272]},"98o":{"weight":1.0,"played":[1.0,0.0],"evs":[0.0,-1.38313]},"T8o":{"weight":1.0,"played":[0.9983,0.0017],"evs":[0.0,-3.31225]},"J8o":{"weight":1.0,"played":[0.9994,6.0E-4],"evs":[0.0,-2.22459]},"Q8o":{"weight":1.0,"played":[0.9983,0.0017],"evs":[0.0,-1.20691]},"K8o":{"weight":1.0,"played":[0.9589,0.0411],"evs":[0.0,-3.99805]},"A8o":{"weight":1.0,"played":[0.9761,0.0239],"evs":[0.0,-0.24578]},"92s":{"weight":1.0,"played":[0.9941,0.0059],"evs":[0.0,-4.81498]},"93s":{"weight":1.0,"played":[0.9488,0.0512],"evs":[0.0,-6.24006]},"94s":{"weight":1.0,"played":[0.9939,0.0061],"evs":[0.0,-4.28373]},"95s":{"weight":1.0,"played":[0.3365,0.6635],"evs":[0.0,3.96496]},"96s":{"weight":1.0,"played":[0.8178,0.1822],"evs":[0.0,-0.76252]},"97s":{"weight":1.0,"played":[0.9756,0.0244],"evs":[0.0,-3.8874]},"98s":{"weight":1.0,"played":[0.0,1.0],"evs":[0.0,5.09982]},"99":{"weight":1.0,"played":[0.0184,0.9816],"evs":[0.0,4.43435]},"T9o":{"weight":1.0,"played":[0.1652,0.8348],"evs":[0.0,1.55748]},"J9o":{"weight":1.0,"played":[0.991,0.009],"evs":[0.0,-3.70038]},"Q9o":{"weight":1.0,"played":[0.9998,2.0E-4],"evs":[0.0,-3.93137]},"K9o":{"weight":1.0,"played":[0.9074,0.0926],"evs":[0.0,-1.95599]},"A9o":{"weight":1.0,"played":[0.9998,2.0E-4],"evs":[0.0,-1.46003]},"T2s":{"weight":1.0,"played":[1.0,0.0],"evs":[0.0,-2.63856]},"T3s":{"weight":1.0,"played":[0.993,0.007],"evs":[0.0,-5.70536]},"T4s":{"weight":1.0,"played":[0.5321,0.4679],"evs":[0.0,-1.93542]},"T5s":{"weight":1.0,"played":[0.9856,0.0144],"evs":[0.0,-4.12547]},"T6s":{"weight":1.0,"played":[0.5844,0.4156],"evs":[0.0,-0.19133]},"T7s":{"weight":1.0,"played":[0.8167,0.1833],"evs":[0.0,-2.2049]},"T8s":{"weight":1.0,"played":[0.2786,0.7214],"evs":[0.0,-0.78355]},"T9s":{"weight":1.0,"played":[0.6203,0.3797],"evs":[0.0,-1.49494]},"TT":{"weight":1.0,"played":[0.0042,0.9958],"evs":[0.0,7.7409]},"JTo":{"weight":1.0,"played":[0.0849,0.9151],"evs":[0.0,1.00144]},"QTo":{"weight":1.0,"played":[0.3688,0.6312],"evs":[0.0,0.68555]},"KTo":{"weight":1.0,"played":[0.9103,0.0897],"evs":[0.0,-2.71115]},